facility_id,institution_id,source_facility_id,crms_credit_id,facility_type,product_code,currency,approved_limit,original_principal,amount_disbursed,origination_date,first_disbursement_date,maturity_date,original_tenor_days,interest_rate,rate_type,repayment_frequency,scheduled_payment_amount,purpose_code,sector_code,funding_source_code,secured_flag,facility_status,snapshot_date,outstanding_principal,total_exposure,days_past_due,delinquency_bucket,default_flag,default_date,restructure_flag,writeoff_flag,writeoff_amount,recovery_amount,party_id,borrower_external_id,party_type,data_classification,wcds_version
FAC-LENDER_C-00000001,LENDER_C,LENDER_C-100001,,TERM_LOAN,STAFF_LOAN,NGN,50000,50000,50000,2026-06-24,2026-06-24,2027-06-24,365,0.173362,FIXED,MONTHLY,4889.01,PERSONAL,MICROFINANCE,DEPOSITS_AND_EQUITY,False,ACTIVE,2026-08-21,42054.79,42054.79,0,CURRENT,False,,False,False,0,0,PTY-LENDER_C-00000001,ANON-LENDER_C-00000001,PERSON,synthetic,WCDS-0.1
FAC-LENDER_C-00000002,LENDER_C,LENDER_C-100002,,TERM_LOAN,SME_MICRO,NGN,50000,50000,50000,2025-05-05,2025-05-05,2026-01-30,270,0.349701,FIXED,MONTHLY,6992.68,MICRO_ENTERPRISE,MICROFINANCE,DEPOSITS_AND_EQUITY,False,DEFAULTED,2026-08-21,7500.0,7715.57,180,DPD_90_PLUS,True,2026-05-23,False,False,0,0,PTY-LENDER_C-00000002,ANON-LENDER_C-00000002,ORGANISATION,synthetic,WCDS-0.1
FAC-LENDER_C-00000003,LENDER_C,LENDER_C-100003,,TERM_LOAN,STAFF_LOAN,NGN,3500000,3500000,3500000,2025-10-12,2025-10-12,2026-10-12,365,0.170077,FIXED,MONTHLY,341272.46,PERSONAL,MICROFINANCE,DEPOSITS_AND_EQUITY,False,ACTIVE,2026-08-21,586130.14,590226.87,15,DPD_1_30,False,,False,False,0,0,PTY-LENDER_C-00000003,ANON-LENDER_C-00000003,PERSON,synthetic,WCDS-0.1
FAC-LENDER_C-00000004,LENDER_C,LENDER_C-100004,,TERM_LOAN,STAFF_LOAN,NGN,75000,75000,75000,2025-02-23,2025-02-23,2026-02-23,365,0.174073,FIXED,MONTHLY,7337.95,PERSONAL,MICROFINANCE,DEPOSITS_AND_EQUITY,False,CLOSED,2026-08-21,0,0.0,0,CURRENT,False,,False,False,0,0,PTY-LENDER_C-00000004,ANON-LENDER_C-00000004,PERSON,synthetic,WCDS-0.1
FAC-LENDER_C-00000005,LENDER_C,LENDER_C-100005,,TERM_LOAN,SME_MICRO,NGN,100000,100000,100000,2026-04-28,2026-04-28,2027-01-23,270,0.323942,FIXED,MONTHLY,13773.65,MICRO_ENTERPRISE,MICROFINANCE,DEPOSITS_AND_EQUITY,False,ACTIVE,2026-08-21,57407.41,57407.41,0,CURRENT,False,,False,False,0,0,PTY-LENDER_C-00000005,ANON-LENDER_C-00000005,ORGANISATION,synthetic,WCDS-0.1
FAC-LENDER_C-00000006,LENDER_C,LENDER_C-100006,,TERM_LOAN,SME_MICRO,NGN,100000,100000,100000,2026-04-23,2026-04-23,2027-01-18,270,0.386481,FIXED,MONTHLY,14287.66,MICRO_ENTERPRISE,MICROFINANCE,DEPOSITS_AND_EQUITY,False,ACTIVE,2026-08-21,55555.56,55555.56,0,CURRENT,False,,False,False,0,0,PTY-LENDER_C-00000006,ANON-LENDER_C-00000006,ORGANISATION,synthetic,WCDS-0.1
FAC-LENDER_C-00000007,LENDER_C,LENDER_C-100007,,TERM_LOAN,STAFF_LOAN,NGN,500000,500000,500000,2025-01-11,2025-01-11,2026-01-11,365,0.131303,FIXED,MONTHLY,47137.64,PERSONAL,MICROFINANCE,DEPOSITS_AND_EQUITY,False,CLOSED,2026-08-21,0,0.0,0,CURRENT,False,,False,False,0,0,PTY-LENDER_C-00000007,ANON-LENDER_C-00000007,PERSON,synthetic,WCDS-0.1
FAC-LENDER_C-00000008,LENDER_C,LENDER_C-100008,,TERM_LOAN,STAFF_LOAN,NGN,100000,100000,100000,2025-06-30,2025-06-30,2026-06-30,365,0.199202,FIXED,MONTHLY,9993.35,PERSONAL,MICROFINANCE,DEPOSITS_AND_EQUITY,False,CLOSED,2026-08-21,0,0.0,0,CURRENT,False,,False,False,0,0,PTY-LENDER_C-00000008,ANON-LENDER_C-00000008,PERSON,synthetic,WCDS-0.1
FAC-LENDER_C-00000009,LENDER_C,LENDER_C-100009,,TERM_LOAN,SME_MICRO,NGN,150000,150000,150000,2025-12-21,2025-12-21,2026-09-17,270,0.330124,FIXED,MONTHLY,20736.69,MICRO_ENTERPRISE,MICROFINANCE,DEPOSITS_AND_EQUITY,False,ACTIVE,2026-08-21,15000.0,15000.0,0,CURRENT,False,,False,False,0,0,PTY-LENDER_C-00000009,ANON-LENDER_C-00000009,ORGANISATION,synthetic,WCDS-0.1
FAC-LENDER_C-00000010,LENDER_C,LENDER_C-100010,,TERM_LOAN,SME_MICRO,NGN,1000000,1000000,1000000,2025-01-14,2025-01-14,2025-10-11,270,0.360418,FIXED,MONTHLY,140734.47,MICRO_ENTERPRISE,MICROFINANCE,DEPOSITS_AND_EQUITY,True,ACTIVE,2026-08-21,11666.67,11747.31,7,DPD_1_30,False,,False,False,0,0,PTY-LENDER_C-00000010,ANON-LENDER_C-00000010,ORGANISATION,synthetic,WCDS-0.1
FAC-LENDER_C-00000011,LENDER_C,LENDER_C-100011,,TERM_LOAN,STAFF_LOAN,NGN,3500000,3500000,3500000,2026-04-13,2026-04-13,2027-04-13,365,0.19178,FIXED,MONTHLY,347602.52,PERSONAL,MICROFINANCE,DEPOSITS_AND_EQUITY,False,DEFAULTED,2026-08-21,2778424.66,2822220.26,180,DPD_90_PLUS,True,2026-05-23,False,False,0,0,PTY-LENDER_C-00000011,ANON-LENDER_C-00000011,PERSON,synthetic,WCDS-0.1
FAC-LENDER_C-00000012,LENDER_C,LENDER_C-100012,,TERM_LOAN,STAFF_LOAN,NGN,2000000,2000000,2000000,2025-08-09,2025-08-09,2026-08-09,365,0.182726,FIXED,MONTHLY,197121.01,PERSONAL,MICROFINANCE,DEPOSITS_AND_EQUITY,False,CLOSED,2026-08-21,0,0.0,0,CURRENT,False,,False,False,0,0,PTY-LENDER_C-00000012,ANON-LENDER_C-00000012,PERSON,synthetic,WCDS-0.1
FAC-LENDER_C-00000013,LENDER_C,LENDER_C-100013,,TERM_LOAN,STAFF_LOAN,NGN,300000,300000,300000,2025-06-21,2025-06-21,2026-06-21,365,0.164049,FIXED,MONTHLY,29101.23,PERSONAL,MICROFINANCE,DEPOSITS_AND_EQUITY,False,CLOSED,2026-08-21,0,0.0,0,CURRENT,False,,False,False,0,0,PTY-LENDER_C-00000013,ANON-LENDER_C-00000013,PERSON,synthetic,WCDS-0.1
FAC-LENDER_C-00000014,LENDER_C,LENDER_C-100014,,TERM_LOAN,GROUP_MICRO,NGN,3500000,3500000,3500000,2026-03-15,2026-03-15,2026-09-11,180,0.438519,FIXED,WEEKLY,163726.78,MICRO_ENTERPRISE,MICROFINANCE,DEPOSITS_AND_EQUITY,False,ACTIVE,2026-08-21,449166.67,452944.14,7,DPD_1_30,False,,False,False,0,0,PTY-LENDER_C-00000014,ANON-LENDER_C-00000014,PERSON,synthetic,WCDS-0.1
FAC-LENDER_C-00000015,LENDER_C,LENDER_C-100015,,TERM_LOAN,GROUP_MICRO,NGN,200000,200000,200000,2026-01-27,2026-01-27,2026-07-26,180,0.421085,FIXED,WEEKLY,9289.68,MICRO_ENTERPRISE,MICROFINANCE,DEPOSITS_AND_EQUITY,False,ACTIVE,2026-08-21,2333.33,2352.18,7,DPD_1_30,False,,False,False,0,0,PTY-LENDER_C-00000015,ANON-LENDER_C-00000015,PERSON,synthetic,WCDS-0.1
FAC-LENDER_C-00000016,LENDER_C,LENDER_C-100016,,TERM_LOAN,ASSET_FINANCE,NGN,3500000,3500000,3500000,2026-07-01,2026-07-01,2027-07-01,365,0.270513,FIXED,MONTHLY,370566.39,MICRO_ENTERPRISE,MICROFINANCE,DEPOSITS_AND_EQUITY,True,ACTIVE,2026-08-21,3215125.57,3286610.59,35,DPD_31_60,False,,False,False,0,0,PTY-LENDER_C-00000016,ANON-LENDER_C-00000016,ORGANISATION,synthetic,WCDS-0.1
FAC-LENDER_C-00000017,LENDER_C,LENDER_C-100017,,TERM_LOAN,STAFF_LOAN,NGN,2000000,2000000,2000000,2025-07-07,2025-07-07,2026-07-07,365,0.173417,FIXED,MONTHLY,195569.55,PERSONAL,MICROFINANCE,DEPOSITS_AND_EQUITY,False,ACTIVE,2026-08-21,216666.67,219754.92,65,DPD_61_90,False,,False,False,0,0,PTY-LENDER_C-00000017,ANON-LENDER_C-00000017,PERSON,synthetic,WCDS-0.1
FAC-LENDER_C-00000018,LENDER_C,LENDER_C-100018,,TERM_LOAN,SME_MICRO,NGN,75000,75000,75000,2026-01-26,2026-01-26,2026-10-23,270,0.294014,FIXED,MONTHLY,10145.75,MICRO_ENTERPRISE,MICROFINANCE,DEPOSITS_AND_EQUITY,True,ACTIVE,2026-08-21,19375.0,19609.1,15,DPD_1_30,False,,False,False,0,0,PTY-LENDER_C-00000018,ANON-LENDER_C-00000018,ORGANISATION,synthetic,WCDS-0.1
FAC-LENDER_C-00000019,LENDER_C,LENDER_C-100019,,TERM_LOAN,GROUP_MICRO,NGN,500000,500000,500000,2025-02-17,2025-02-17,2025-08-16,180,0.350226,FIXED,WEEKLY,22552.2,MICRO_ENTERPRISE,MICROFINANCE,DEPOSITS_AND_EQUITY,False,CLOSED,2026-08-21,0,0.0,0,CURRENT,False,,False,False,0,0,PTY-LENDER_C-00000019,ANON-LENDER_C-00000019,PERSON,synthetic,WCDS-0.1
FAC-LENDER_C-00000020,LENDER_C,LENDER_C-100020,,TERM_LOAN,ASSET_FINANCE,NGN,50000,50000,50000,2025-05-04,2025-05-04,2026-05-04,365,0.275583,FIXED,MONTHLY,5314.93,MICRO_ENTERPRISE,MICROFINANCE,DEPOSITS_AND_EQUITY,True,CLOSED,2026-08-21,0,0.0,0,CURRENT,False,,False,False,0,0,PTY-LENDER_C-00000020,ANON-LENDER_C-00000020,ORGANISATION,synthetic,WCDS-0.1
FAC-LENDER_C-00000021,LENDER_C,LENDER_C-100021,,TERM_LOAN,STAFF_LOAN,NGN,3500000,3500000,3500000,2025-06-16,2025-06-16,2026-06-16,365,0.166597,FIXED,MONTHLY,340257.46,PERSONAL,MICROFINANCE,DEPOSITS_AND_EQUITY,False,CLOSED,2026-08-21,0,0.0,0,CURRENT,False,,False,False,0,0,PTY-LENDER_C-00000021,ANON-LENDER_C-00000021,PERSON,synthetic,WCDS-0.1
FAC-LENDER_C-00000022,LENDER_C,LENDER_C-100022,,TERM_LOAN,STAFF_LOAN,NGN,750000,750000,750000,2025-05-15,2025-05-15,2026-05-15,365,0.14161,FIXED,MONTHLY,71350.61,PERSONAL,MICROFINANCE,DEPOSITS_AND_EQUITY,False,CLOSED,2026-08-21,0,0.0,0,CURRENT,False,,False,False,0,0,PTY-LENDER_C-00000022,ANON-LENDER_C-00000022,PERSON,synthetic,WCDS-0.1
FAC-LENDER_C-00000023,LENDER_C,LENDER_C-100023,,TERM_LOAN,STAFF_LOAN,NGN,500000,500000,500000,2026-03-31,2026-03-31,2027-03-31,365,0.190835,FIXED,MONTHLY,49618.12,PERSONAL,MICROFINANCE,DEPOSITS_AND_EQUITY,False,ACTIVE,2026-08-21,304109.59,304109.59,0,CURRENT,False,,False,False,0,0,PTY-LENDER_C-00000023,ANON-LENDER_C-00000023,PERSON,synthetic,WCDS-0.1
FAC-LENDER_C-00000024,LENDER_C,LENDER_C-100024,,TERM_LOAN,STAFF_LOAN,NGN,500000,500000,500000,2026-06-24,2026-06-24,2027-06-24,365,0.189796,FIXED,MONTHLY,49574.83,PERSONAL,MICROFINANCE,DEPOSITS_AND_EQUITY,False,DEFAULTED,2026-08-21,495547.95,503278.32,180,DPD_90_PLUS,True,2026-05-23,False,False,0,0,PTY-LENDER_C-00000024,ANON-LENDER_C-00000024,PERSON,synthetic,WCDS-0.1
FAC-LENDER_C-00000025,LENDER_C,LENDER_C-100025,,TERM_LOAN,ASSET_FINANCE,NGN,75000,75000,75000,2026-01-24,2026-01-24,2027-01-24,365,0.202728,FIXED,MONTHLY,7517.05,MICRO_ENTERPRISE,MICROFINANCE,DEPOSITS_AND_EQUITY,True,ACTIVE,2026-08-21,32054.79,32054.79,0,CURRENT,False,,False,False,0,0,PTY-LENDER_C-00000025,ANON-LENDER_C-00000025,ORGANISATION,synthetic,WCDS-0.1
FAC-LENDER_C-00000026,LENDER_C,LENDER_C-100026,,TERM_LOAN,ASSET_FINANCE,NGN,100000,100000,100000,2026-01-16,2026-01-16,2027-01-16,365,0.21592,FIXED,MONTHLY,10132.67,MICRO_ENTERPRISE,MICROFINANCE,DEPOSITS_AND_EQUITY,True,ACTIVE,2026-08-21,40547.95,40547.95,0,CURRENT,False,,False,False,0,0,PTY-LENDER_C-00000026,ANON-LENDER_C-00000026,ORGANISATION,synthetic,WCDS-0.1
FAC-LENDER_C-00000027,LENDER_C,LENDER_C-100027,,TERM_LOAN,GROUP_MICRO,NGN,150000,150000,150000,2026-02-24,2026-02-24,2026-08-23,180,0.444152,FIXED,WEEKLY,7032.89,MICRO_ENTERPRISE,MICROFINANCE,DEPOSITS_AND_EQUITY,False,ACTIVE,2026-08-21,1666.67,1666.67,0,CURRENT,False,,False,False,0,0,PTY-LENDER_C-00000027,ANON-LENDER_C-00000027,PERSON,synthetic,WCDS-0.1
FAC-LENDER_C-00000028,LENDER_C,LENDER_C-100028,,TERM_LOAN,STAFF_LOAN,NGN,150000,150000,150000,2025-03-04,2025-03-04,2026-03-04,365,0.13751,FIXED,MONTHLY,14218.87,PERSONAL,MICROFINANCE,DEPOSITS_AND_EQUITY,False,DEFAULTED,2026-08-21,22500.0,22754.3,130,DPD_90_PLUS,True,2026-07-12,False,False,0,0,PTY-LENDER_C-00000028,ANON-LENDER_C-00000028,PERSON,synthetic,WCDS-0.1
FAC-LENDER_C-00000029,LENDER_C,LENDER_C-100029,,TERM_LOAN,STAFF_LOAN,NGN,75000,75000,75000,2025-01-30,2025-01-30,2026-01-30,365,0.135231,FIXED,MONTHLY,7095.19,PERSONAL,MICROFINANCE,DEPOSITS_AND_EQUITY,False,CLOSED,2026-08-21,0,0.0,0,CURRENT,False,,False,False,0,0,PTY-LENDER_C-00000029,ANON-LENDER_C-00000029,PERSON,synthetic,WCDS-0.1
FAC-LENDER_C-00000030,LENDER_C,LENDER_C-100030,,TERM_LOAN,ASSET_FINANCE,NGN,50000,50000,50000,2026-03-20,2026-03-20,2027-03-20,365,0.315349,FIXED,MONTHLY,5480.62,MICRO_ENTERPRISE,MICROFINANCE,DEPOSITS_AND_EQUITY,True,ACTIVE,2026-08-21,31820.78,32645.54,35,DPD_31_60,False,,False,False,0,0,PTY-LENDER_C-00000030,ANON-LENDER_C-00000030,ORGANISATION,synthetic,WCDS-0.1
FAC-LENDER_C-00000031,LENDER_C,LENDER_C-100031,,TERM_LOAN,GROUP_MICRO,NGN,150000,150000,150000,2025-05-06,2025-05-06,2025-11-02,180,0.30645,FIXED,WEEKLY,6641.11,MICRO_ENTERPRISE,MICROFINANCE,DEPOSITS_AND_EQUITY,False,CLOSED,2026-08-21,0,0.0,0,CURRENT,False,,False,False,0,0,PTY-LENDER_C-00000031,ANON-LENDER_C-00000031,PERSON,synthetic,WCDS-0.1
FAC-LENDER_C-00000032,LENDER_C,LENDER_C-100032,,TERM_LOAN,SME_MICRO,NGN,750000,750000,750000,2025-03-18,2025-03-18,2025-12-13,270,0.292194,FIXED,MONTHLY,101345.28,MICRO_ENTERPRISE,MICROFINANCE,DEPOSITS_AND_EQUITY,False,CLOSED,2026-08-21,0,0.0,0,CURRENT,False,,False,False,0,0,PTY-LENDER_C-00000032,ANON-LENDER_C-00000032,ORGANISATION,synthetic,WCDS-0.1
FAC-LENDER_C-00000033,LENDER_C,LENDER_C-100033,,TERM_LOAN,GROUP_MICRO,NGN,750000,750000,750000,2024-12-16,2024-12-16,2025-06-14,180,0.325548,FIXED,WEEKLY,33477.23,MICRO_ENTERPRISE,MICROFINANCE,DEPOSITS_AND_EQUITY,False,CLOSED,2026-08-21,0,0.0,0,CURRENT,False,,False,False,0,0,PTY-LENDER_C-00000033,ANON-LENDER_C-00000033,PERSON,synthetic,WCDS-0.1
FAC-LENDER_C-00000034,LENDER_C,LENDER_C-100034,,TERM_LOAN,STAFF_LOAN,NGN,100000,100000,100000,2025-01-02,2025-01-02,2026-01-02,365,0.194447,FIXED,MONTHLY,9953.72,PERSONAL,MICROFINANCE,DEPOSITS_AND_EQUITY,False,CLOSED,2026-08-21,0,0.0,0,CURRENT,False,,False,False,0,0,PTY-LENDER_C-00000034,ANON-LENDER_C-00000034,PERSON,synthetic,WCDS-0.1
FAC-LENDER_C-00000035,LENDER_C,LENDER_C-100035,,TERM_LOAN,SME_MICRO,NGN,500000,500000,500000,2025-12-17,2025-12-17,2026-09-13,270,0.338957,FIXED,MONTHLY,69485.28,MICRO_ENTERPRISE,MICROFINANCE,DEPOSITS_AND_EQUITY,False,ACTIVE,2026-08-21,71759.26,73758.43,35,DPD_31_60,False,,False,False,0,0,PTY-LENDER_C-00000035,ANON-LENDER_C-00000035,ORGANISATION,synthetic,WCDS-0.1
FAC-LENDER_C-00000036,LENDER_C,LENDER_C-100036,,TERM_LOAN,ASSET_FINANCE,NGN,500000,500000,500000,2026-07-13,2026-07-13,2027-07-13,365,0.221266,FIXED,MONTHLY,50886.08,MICRO_ENTERPRISE,MICROFINANCE,DEPOSITS_AND_EQUITY,True,ACTIVE,2026-08-21,446575.34,446575.34,0,CURRENT,False,,False,False,0,0,PTY-LENDER_C-00000036,ANON-LENDER_C-00000036,ORGANISATION,synthetic,WCDS-0.1
FAC-LENDER_C-00000037,LENDER_C,LENDER_C-100037,,TERM_LOAN,STAFF_LOAN,NGN,500000,500000,500000,2026-04-12,2026-04-12,2027-04-12,365,0.159426,FIXED,MONTHLY,48309.42,PERSONAL,MICROFINANCE,DEPOSITS_AND_EQUITY,False,ACTIVE,2026-08-21,320547.95,320547.95,0,CURRENT,False,,False,False,0,0,PTY-LENDER_C-00000037,ANON-LENDER_C-00000037,PERSON,synthetic,WCDS-0.1
FAC-LENDER_C-00000038,LENDER_C,LENDER_C-100038,,TERM_LOAN,STAFF_LOAN,NGN,1000000,1000000,1000000,2026-03-14,2026-03-14,2027-03-14,365,0.138876,FIXED,MONTHLY,94906.33,PERSONAL,MICROFINANCE,DEPOSITS_AND_EQUITY,False,ACTIVE,2026-08-21,619977.17,627053.88,35,DPD_31_60,False,,True,False,0,0,PTY-LENDER_C-00000038,ANON-LENDER_C-00000038,PERSON,synthetic,WCDS-0.1
FAC-LENDER_C-00000039,LENDER_C,LENDER_C-100039,,TERM_LOAN,SME_MICRO,NGN,100000,100000,100000,2025-08-19,2025-08-19,2026-05-16,270,0.325134,FIXED,MONTHLY,13783.45,MICRO_ENTERPRISE,MICROFINANCE,DEPOSITS_AND_EQUITY,True,CLOSED,2026-08-21,0,0.0,0,CURRENT,False,,False,False,0,0,PTY-LENDER_C-00000039,ANON-LENDER_C-00000039,ORGANISATION,synthetic,WCDS-0.1
FAC-LENDER_C-00000040,LENDER_C,LENDER_C-100040,,TERM_LOAN,GROUP_MICRO,NGN,300000,300000,300000,2025-02-05,2025-02-05,2025-08-04,180,0.323883,FIXED,WEEKLY,13381.42,MICRO_ENTERPRISE,MICROFINANCE,DEPOSITS_AND_EQUITY,False,DEFAULTED,2026-08-21,45000.0,46197.92,180,DPD_90_PLUS,True,2026-05-23,False,False,0,0,PTY-LENDER_C-00000040,ANON-LENDER_C-00000040,PERSON,synthetic,WCDS-0.1
FAC-LENDER_C-00000041,LENDER_C,LENDER_C-100041,,TERM_LOAN,SME_MICRO,NGN,75000,75000,75000,2026-03-22,2026-03-22,2026-12-17,270,0.298041,FIXED,MONTHLY,10170.57,MICRO_ENTERPRISE,MICROFINANCE,DEPOSITS_AND_EQUITY,False,ACTIVE,2026-08-21,32777.78,32777.78,0,CURRENT,False,,False,False,0,0,PTY-LENDER_C-00000041,ANON-LENDER_C-00000041,ORGANISATION,synthetic,WCDS-0.1
FAC-LENDER_C-00000042,LENDER_C,LENDER_C-100042,,TERM_LOAN,ASSET_FINANCE,NGN,150000,150000,150000,2025-05-28,2025-05-28,2026-05-28,365,0.271301,FIXED,MONTHLY,15891.26,MICRO_ENTERPRISE,MICROFINANCE,DEPOSITS_AND_EQUITY,True,CLOSED,2026-08-21,0,0.0,0,CURRENT,False,,False,False,0,0,PTY-LENDER_C-00000042,ANON-LENDER_C-00000042,ORGANISATION,synthetic,WCDS-0.1
FAC-LENDER_C-00000043,LENDER_C,LENDER_C-100043,,TERM_LOAN,SME_MICRO,NGN,50000,50000,50000,2026-07-08,2026-07-08,2027-04-04,270,0.374002,FIXED,MONTHLY,7092.55,MICRO_ENTERPRISE,MICROFINANCE,DEPOSITS_AND_EQUITY,False,DEFAULTED,2026-08-21,49351.85,50868.92,95,DPD_90_PLUS,True,2026-08-16,False,False,0,0,PTY-LENDER_C-00000043,ANON-LENDER_C-00000043,ORGANISATION,synthetic,WCDS-0.1
FAC-LENDER_C-00000044,LENDER_C,LENDER_C-100044,,TERM_LOAN,ASSET_FINANCE,NGN,1000000,1000000,1000000,2025-10-17,2025-10-17,2026-10-17,365,0.251978,FIXED,MONTHLY,104331.51,MICRO_ENTERPRISE,MICROFINANCE,DEPOSITS_AND_EQUITY,True,ACTIVE,2026-08-21,156164.38,156164.38,0,CURRENT,False,,False,False,0,0,PTY-LENDER_C-00000044,ANON-LENDER_C-00000044,ORGANISATION,synthetic,WCDS-0.1
FAC-LENDER_C-00000045,LENDER_C,LENDER_C-100045,,TERM_LOAN,GROUP_MICRO,NGN,3500000,3500000,3500000,2026-05-17,2026-05-17,2026-11-13,180,0.344721,FIXED,WEEKLY,157499.89,MICRO_ENTERPRISE,MICROFINANCE,DEPOSITS_AND_EQUITY,False,ACTIVE,2026-08-21,1633333.33,1633333.33,0,CURRENT,False,,False,False,0,0,PTY-LENDER_C-00000045,ANON-LENDER_C-00000045,PERSON,synthetic,WCDS-0.1
FAC-LENDER_C-00000046,LENDER_C,LENDER_C-100046,,TERM_LOAN,GROUP_MICRO,NGN,3500000,3500000,3500000,2025-05-17,2025-05-17,2025-11-13,180,0.36778,FIXED,WEEKLY,159030.68,MICRO_ENTERPRISE,MICROFINANCE,DEPOSITS_AND_EQUITY,False,CLOSED,2026-08-21,0,0.0,0,CURRENT,False,,False,False,0,0,PTY-LENDER_C-00000046,ANON-LENDER_C-00000046,PERSON,synthetic,WCDS-0.1
FAC-LENDER_C-00000047,LENDER_C,LENDER_C-100047,,TERM_LOAN,STAFF_LOAN,NGN,150000,150000,150000,2025-02-05,2025-02-05,2026-02-05,365,0.155806,FIXED,MONTHLY,14447.58,PERSONAL,MICROFINANCE,DEPOSITS_AND_EQUITY,False,ACTIVE,2026-08-21,1750.0,1755.23,7,DPD_1_30,False,,False,False,0,0,PTY-LENDER_C-00000047,ANON-LENDER_C-00000047,PERSON,synthetic,WCDS-0.1
FAC-LENDER_C-00000048,LENDER_C,LENDER_C-100048,,TERM_LOAN,GROUP_MICRO,NGN,2000000,2000000,2000000,2026-06-07,2026-06-07,2026-12-04,180,0.398509,FIXED,WEEKLY,92040.38,MICRO_ENTERPRISE,MICROFINANCE,DEPOSITS_AND_EQUITY,False,ACTIVE,2026-08-21,1190000.0,1199094.74,7,DPD_1_30,False,,False,False,0,0,PTY-LENDER_C-00000048,ANON-LENDER_C-00000048,PERSON,synthetic,WCDS-0.1
FAC-LENDER_C-00000049,LENDER_C,LENDER_C-100049,,TERM_LOAN,SME_MICRO,NGN,2000000,2000000,2000000,2025-05-22,2025-05-22,2026-02-16,270,0.335369,FIXED,MONTHLY,277351.33,MICRO_ENTERPRISE,MICROFINANCE,DEPOSITS_AND_EQUITY,False,CLOSED,2026-08-21,0,0.0,0,CURRENT,False,,False,False,0,0,PTY-LENDER_C-00000049,ANON-LENDER_C-00000049,ORGANISATION,synthetic,WCDS-0.1
FAC-LENDER_C-00000050,LENDER_C,LENDER_C-100050,,TERM_LOAN,SME_MICRO,NGN,750000,750000,750000,2026-07-03,2026-07-03,2027-03-30,270,0.29847,FIXED,MONTHLY,101732.16,MICRO_ENTERPRISE,MICROFINANCE,DEPOSITS_AND_EQUITY,False,ACTIVE,2026-08-21,632638.89,640398.76,15,DPD_1_30,False,,False,False,0,0,PTY-LENDER_C-00000050,ANON-LENDER_C-00000050,ORGANISATION,synthetic,WCDS-0.1
FAC-LENDER_C-00000051,LENDER_C,LENDER_C-100051,,TERM_LOAN,SME_MICRO,NGN,300000,300000,300000,2025-11-09,2025-11-09,2026-08-06,270,0.361788,FIXED,MONTHLY,42254.12,MICRO_ENTERPRISE,MICROFINANCE,DEPOSITS_AND_EQUITY,True,ACTIVE,2026-08-21,17500.0,18020.38,35,DPD_31_60,False,,False,False,0,0,PTY-LENDER_C-00000051,ANON-LENDER_C-00000051,ORGANISATION,synthetic,WCDS-0.1
FAC-LENDER_C-00000052,LENDER_C,LENDER_C-100052,,TERM_LOAN,ASSET_FINANCE,NGN,3500000,3500000,3500000,2025-05-01,2025-05-01,2026-05-01,365,0.246819,FIXED,MONTHLY,363655.41,MICRO_ENTERPRISE,MICROFINANCE,DEPOSITS_AND_EQUITY,True,CLOSED,2026-08-21,0,0.0,0,CURRENT,False,,False,False,0,0,PTY-LENDER_C-00000052,ANON-LENDER_C-00000052,ORGANISATION,synthetic,WCDS-0.1
FAC-LENDER_C-00000053,LENDER_C,LENDER_C-100053,,TERM_LOAN,ASSET_FINANCE,NGN,300000,300000,300000,2025-11-10,2025-11-10,2026-11-10,365,0.233552,FIXED,MONTHLY,30838.79,MICRO_ENTERPRISE,MICROFINANCE,DEPOSITS_AND_EQUITY,True,ACTIVE,2026-08-21,66575.34,66575.34,0,CURRENT,False,,False,False,0,0,PTY-LENDER_C-00000053,ANON-LENDER_C-00000053,ORGANISATION,synthetic,WCDS-0.1
FAC-LENDER_C-00000054,LENDER_C,LENDER_C-100054,,TERM_LOAN,ASSET_FINANCE,NGN,2000000,2000000,2000000,2025-10-14,2025-10-14,2026-10-14,365,0.271231,FIXED,MONTHLY,211871.9,MICRO_ENTERPRISE,MICROFINANCE,DEPOSITS_AND_EQUITY,True,ACTIVE,2026-08-21,295890.41,295890.41,0,CURRENT,False,,False,False,0,0,PTY-LENDER_C-00000054,ANON-LENDER_C-00000054,ORGANISATION,synthetic,WCDS-0.1
FAC-LENDER_C-00000055,LENDER_C,LENDER_C-100055,,TERM_LOAN,ASSET_FINANCE,NGN,500000,500000,500000,2025-12-27,2025-12-27,2026-12-27,365,0.282023,FIXED,MONTHLY,53417.63,MICRO_ENTERPRISE,MICROFINANCE,DEPOSITS_AND_EQUITY,True,ACTIVE,2026-08-21,204509.13,209249.65,35,DPD_31_60,False,,False,False,0,0,PTY-LENDER_C-00000055,ANON-LENDER_C-00000055,ORGANISATION,synthetic,WCDS-0.1
FAC-LENDER_C-00000056,LENDER_C,LENDER_C-100056,,TERM_LOAN,SME_MICRO,NGN,200000,200000,200000,2025-09-10,2025-09-10,2026-06-07,270,0.390853,FIXED,MONTHLY,28647.2,MICRO_ENTERPRISE,MICROFINANCE,DEPOSITS_AND_EQUITY,True,CLOSED,2026-08-21,0,0.0,0,CURRENT,False,,False,False,0,0,PTY-LENDER_C-00000056,ANON-LENDER_C-00000056,ORGANISATION,synthetic,WCDS-0.1
FAC-LENDER_C-00000057,LENDER_C,LENDER_C-100057,,TERM_LOAN,ASSET_FINANCE,NGN,500000,500000,500000,2026-02-21,2026-02-21,2027-02-21,365,0.311859,FIXED,MONTHLY,54660.81,MICRO_ENTERPRISE,MICROFINANCE,DEPOSITS_AND_EQUITY,True,WRITTEN_OFF,2026-08-21,7249.24,7435.05,130,DPD_90_PLUS,True,2026-07-12,False,True,327054.79,56792.88,PTY-LENDER_C-00000057,ANON-LENDER_C-00000057,ORGANISATION,synthetic,WCDS-0.1
FAC-LENDER_C-00000058,LENDER_C,LENDER_C-100058,,TERM_LOAN,GROUP_MICRO,NGN,1000000,1000000,1000000,2025-07-07,2025-07-07,2026-01-03,180,0.351499,FIXED,WEEKLY,45128.53,MICRO_ENTERPRISE,MICROFINANCE,DEPOSITS_AND_EQUITY,False,CLOSED,2026-08-21,0,0.0,0,CURRENT,False,,False,False,0,0,PTY-LENDER_C-00000058,ANON-LENDER_C-00000058,PERSON,synthetic,WCDS-0.1
FAC-LENDER_C-00000059,LENDER_C,LENDER_C-100059,,TERM_LOAN,ASSET_FINANCE,NGN,50000,50000,50000,2025-09-17,2025-09-17,2026-09-17,365,0.262272,FIXED,MONTHLY,5259.47,MICRO_ENTERPRISE,MICROFINANCE,DEPOSITS_AND_EQUITY,True,ACTIVE,2026-08-21,4281.96,4303.5,7,DPD_1_30,False,,False,False,0,0,PTY-LENDER_C-00000059,ANON-LENDER_C-00000059,ORGANISATION,synthetic,WCDS-0.1
FAC-LENDER_C-00000060,LENDER_C,LENDER_C-100060,,TERM_LOAN,ASSET_FINANCE,NGN,3500000,3500000,3500000,2026-04-11,2026-04-11,2027-04-11,365,0.231405,FIXED,MONTHLY,359159.75,MICRO_ENTERPRISE,MICROFINANCE,DEPOSITS_AND_EQUITY,True,ACTIVE,2026-08-21,2438413.24,2484790.83,35,DPD_31_60,False,,False,False,0,0,PTY-LENDER_C-00000060,ANON-LENDER_C-00000060,ORGANISATION,synthetic,WCDS-0.1
FAC-LENDER_C-00000061,LENDER_C,LENDER_C-100061,,TERM_LOAN,STAFF_LOAN,NGN,100000,100000,100000,2026-06-24,2026-06-24,2027-06-24,365,0.19311,FIXED,MONTHLY,9942.59,PERSONAL,MICROFINANCE,DEPOSITS_AND_EQUITY,False,ACTIVE,2026-08-21,84109.59,84109.59,0,CURRENT,False,,False,False,0,0,PTY-LENDER_C-00000061,ANON-LENDER_C-00000061,PERSON,synthetic,WCDS-0.1
FAC-LENDER_C-00000062,LENDER_C,LENDER_C-100062,,TERM_LOAN,GROUP_MICRO,NGN,300000,300000,300000,2026-01-08,2026-01-08,2026-07-07,180,0.424954,FIXED,WEEKLY,13956.53,MICRO_ENTERPRISE,MICROFINANCE,DEPOSITS_AND_EQUITY,False,CLOSED,2026-08-21,0,0.0,0,CURRENT,False,,False,False,0,0,PTY-LENDER_C-00000062,ANON-LENDER_C-00000062,PERSON,synthetic,WCDS-0.1
FAC-LENDER_C-00000063,LENDER_C,LENDER_C-100063,,TERM_LOAN,SME_MICRO,NGN,75000,75000,75000,2026-02-15,2026-02-15,2026-11-12,270,0.315238,FIXED,MONTHLY,10276.58,MICRO_ENTERPRISE,MICROFINANCE,DEPOSITS_AND_EQUITY,True,ACTIVE,2026-08-21,23055.56,23055.56,0,CURRENT,False,,False,False,0,0,PTY-LENDER_C-00000063,ANON-LENDER_C-00000063,ORGANISATION,synthetic,WCDS-0.1
FAC-LENDER_C-00000064,LENDER_C,LENDER_C-100064,,TERM_LOAN,GROUP_MICRO,NGN,150000,150000,150000,2025-06-01,2025-06-01,2025-11-28,180,0.432915,FIXED,WEEKLY,7000.92,MICRO_ENTERPRISE,MICROFINANCE,DEPOSITS_AND_EQUITY,False,CLOSED,2026-08-21,0,0.0,0,CURRENT,False,,False,False,0,0,PTY-LENDER_C-00000064,ANON-LENDER_C-00000064,PERSON,synthetic,WCDS-0.1
FAC-LENDER_C-00000065,LENDER_C,LENDER_C-100065,,TERM_LOAN,SME_MICRO,NGN,3500000,3500000,3500000,2025-10-25,2025-10-25,2026-07-22,270,0.281927,FIXED,MONTHLY,469991.12,MICRO_ENTERPRISE,MICROFINANCE,DEPOSITS_AND_EQUITY,False,DEFAULTED,2026-08-21,525000.0,537165.34,95,DPD_90_PLUS,True,2026-08-16,False,False,0,0,PTY-LENDER_C-00000065,ANON-LENDER_C-00000065,ORGANISATION,synthetic,WCDS-0.1
FAC-LENDER_C-00000066,LENDER_C,LENDER_C-100066,,TERM_LOAN,GROUP_MICRO,NGN,2000000,2000000,2000000,2025-02-21,2025-02-21,2025-08-20,180,0.305279,FIXED,WEEKLY,88503.73,MICRO_ENTERPRISE,MICROFINANCE,DEPOSITS_AND_EQUITY,False,CLOSED,2026-08-21,0,0.0,0,CURRENT,False,,False,False,0,0,PTY-LENDER_C-00000066,ANON-LENDER_C-00000066,PERSON,synthetic,WCDS-0.1
FAC-LENDER_C-00000067,LENDER_C,LENDER_C-100067,,TERM_LOAN,ASSET_FINANCE,NGN,300000,300000,300000,2026-04-01,2026-04-01,2027-04-01,365,0.215796,FIXED,MONTHLY,30394.9,MICRO_ENTERPRISE,MICROFINANCE,DEPOSITS_AND_EQUITY,True,ACTIVE,2026-08-21,183287.67,183287.67,0,CURRENT,False,,False,False,0,0,PTY-LENDER_C-00000067,ANON-LENDER_C-00000067,ORGANISATION,synthetic,WCDS-0.1
FAC-LENDER_C-00000068,LENDER_C,LENDER_C-100068,,TERM_LOAN,SME_MICRO,NGN,300000,300000,300000,2025-05-30,2025-05-30,2026-02-24,270,0.346937,FIXED,MONTHLY,41887.93,MICRO_ENTERPRISE,MICROFINANCE,DEPOSITS_AND_EQUITY,False,CLOSED,2026-08-21,0,0.0,0,CURRENT,False,,False,False,0,0,PTY-LENDER_C-00000068,ANON-LENDER_C-00000068,ORGANISATION,synthetic,WCDS-0.1
FAC-LENDER_C-00000069,LENDER_C,LENDER_C-100069,,TERM_LOAN,STAFF_LOAN,NGN,1000000,1000000,1000000,2025-05-16,2025-05-16,2026-05-16,365,0.153241,FIXED,MONTHLY,96103.42,PERSONAL,MICROFINANCE,DEPOSITS_AND_EQUITY,False,CLOSED,2026-08-21,0,0.0,0,CURRENT,False,,False,False,0,0,PTY-LENDER_C-00000069,ANON-LENDER_C-00000069,PERSON,synthetic,WCDS-0.1
FAC-LENDER_C-00000070,LENDER_C,LENDER_C-100070,,TERM_LOAN,ASSET_FINANCE,NGN,1000000,1000000,1000000,2025-08-29,2025-08-29,2026-08-29,365,0.284732,FIXED,MONTHLY,107061.02,MICRO_ENTERPRISE,MICROFINANCE,DEPOSITS_AND_EQUITY,True,ACTIVE,2026-08-21,33584.47,33767.87,7,DPD_1_30,False,,False,False,0,0,PTY-LENDER_C-00000070,ANON-LENDER_C-00000070,ORGANISATION,synthetic,WCDS-0.1
FAC-LENDER_C-00000071,LENDER_C,LENDER_C-100071,,TERM_LOAN,ASSET_FINANCE,NGN,100000,100000,100000,2025-03-15,2025-03-15,2026-03-15,365,0.304015,FIXED,MONTHLY,10866.79,MICRO_ENTERPRISE,MICROFINANCE,DEPOSITS_AND_EQUITY,True,CLOSED,2026-08-21,0,0.0,0,CURRENT,False,,False,False,0,0,PTY-LENDER_C-00000071,ANON-LENDER_C-00000071,ORGANISATION,synthetic,WCDS-0.1
FAC-LENDER_C-00000072,LENDER_C,LENDER_C-100072,,TERM_LOAN,STAFF_LOAN,NGN,300000,300000,300000,2026-07-16,2026-07-16,2027-07-16,365,0.184993,FIXED,MONTHLY,29624.84,PERSONAL,MICROFINANCE,DEPOSITS_AND_EQUITY,False,ACTIVE,2026-08-21,270410.96,270410.96,0,CURRENT,False,,False,False,0,0,PTY-LENDER_C-00000072,ANON-LENDER_C-00000072,PERSON,synthetic,WCDS-0.1
FAC-LENDER_C-00000073,LENDER_C,LENDER_C-100073,,TERM_LOAN,ASSET_FINANCE,NGN,3500000,3500000,3500000,2025-12-19,2025-12-19,2026-12-19,365,0.205145,FIXED,MONTHLY,351500.62,MICRO_ENTERPRISE,MICROFINANCE,DEPOSITS_AND_EQUITY,True,ACTIVE,2026-08-21,1150684.93,1150684.93,0,CURRENT,False,,False,False,0,0,PTY-LENDER_C-00000073,ANON-LENDER_C-00000073,ORGANISATION,synthetic,WCDS-0.1
FAC-LENDER_C-00000074,LENDER_C,LENDER_C-100074,,TERM_LOAN,GROUP_MICRO,NGN,300000,300000,300000,2025-09-21,2025-09-21,2026-03-20,180,0.431761,FIXED,WEEKLY,13995.27,MICRO_ENTERPRISE,MICROFINANCE,DEPOSITS_AND_EQUITY,False,CLOSED,2026-08-21,0,0.0,0,CURRENT,False,,False,False,0,0,PTY-LENDER_C-00000074,ANON-LENDER_C-00000074,PERSON,synthetic,WCDS-0.1
FAC-LENDER_C-00000075,LENDER_C,LENDER_C-100075,,TERM_LOAN,STAFF_LOAN,NGN,1000000,1000000,1000000,2026-02-06,2026-02-06,2027-02-06,365,0.136327,FIXED,MONTHLY,94693.94,PERSONAL,MICROFINANCE,DEPOSITS_AND_EQUITY,False,ACTIVE,2026-08-21,463013.7,463013.7,0,CURRENT,False,,False,False,0,0,PTY-LENDER_C-00000075,ANON-LENDER_C-00000075,PERSON,synthetic,WCDS-0.1
FAC-LENDER_C-00000076,LENDER_C,LENDER_C-100076,,TERM_LOAN,STAFF_LOAN,NGN,2000000,2000000,2000000,2025-03-27,2025-03-27,2026-03-27,365,0.169353,FIXED,MONTHLY,194892.11,PERSONAL,MICROFINANCE,DEPOSITS_AND_EQUITY,False,CLOSED,2026-08-21,0,0.0,0,CURRENT,False,,False,False,0,0,PTY-LENDER_C-00000076,ANON-LENDER_C-00000076,PERSON,synthetic,WCDS-0.1
FAC-LENDER_C-00000077,LENDER_C,LENDER_C-100077,,TERM_LOAN,STAFF_LOAN,NGN,200000,200000,200000,2025-06-14,2025-06-14,2026-06-14,365,0.153846,FIXED,MONTHLY,19230.76,PERSONAL,MICROFINANCE,DEPOSITS_AND_EQUITY,False,CLOSED,2026-08-21,0,0.0,0,CURRENT,False,,False,False,0,0,PTY-LENDER_C-00000077,ANON-LENDER_C-00000077,PERSON,synthetic,WCDS-0.1
FAC-LENDER_C-00000078,LENDER_C,LENDER_C-100078,,TERM_LOAN,SME_MICRO,NGN,300000,300000,300000,2026-06-01,2026-06-01,2027-02-26,270,0.323955,FIXED,MONTHLY,41321.27,MICRO_ENTERPRISE,MICROFINANCE,DEPOSITS_AND_EQUITY,False,ACTIVE,2026-08-21,210000.0,210000.0,0,CURRENT,False,,False,False,0,0,PTY-LENDER_C-00000078,ANON-LENDER_C-00000078,ORGANISATION,synthetic,WCDS-0.1
FAC-LENDER_C-00000079,LENDER_C,LENDER_C-100079,,TERM_LOAN,SME_MICRO,NGN,150000,150000,150000,2026-04-04,2026-04-04,2026-12-30,270,0.300745,FIXED,MONTHLY,20374.48,MICRO_ENTERPRISE,MICROFINANCE,DEPOSITS_AND_EQUITY,False,ACTIVE,2026-08-21,72777.78,72777.78,0,CURRENT,False,,False,False,0,0,PTY-LENDER_C-00000079,ANON-LENDER_C-00000079,ORGANISATION,synthetic,WCDS-0.1
FAC-LENDER_C-00000080,LENDER_C,LENDER_C-100080,,TERM_LOAN,GROUP_MICRO,NGN,50000,50000,50000,2025-07-21,2025-07-21,2026-01-17,180,0.321482,FIXED,WEEKLY,2227.96,MICRO_ENTERPRISE,MICROFINANCE,DEPOSITS_AND_EQUITY,False,CLOSED,2026-08-21,0,0.0,7,DPD_1_30,False,,False,False,0,0,PTY-LENDER_C-00000080,ANON-LENDER_C-00000080,PERSON,synthetic,WCDS-0.1
FAC-LENDER_C-00000081,LENDER_C,LENDER_C-100081,,TERM_LOAN,SME_MICRO,NGN,1000000,1000000,1000000,2026-07-18,2026-07-18,2027-04-14,270,0.342351,FIXED,MONTHLY,139249.54,MICRO_ENTERPRISE,MICROFINANCE,DEPOSITS_AND_EQUITY,False,ACTIVE,2026-08-21,874074.07,874074.07,0,CURRENT,False,,False,False,0,0,PTY-LENDER_C-00000081,ANON-LENDER_C-00000081,ORGANISATION,synthetic,WCDS-0.1
FAC-LENDER_C-00000082,LENDER_C,LENDER_C-100082,,TERM_LOAN,SME_MICRO,NGN,100000,100000,100000,2025-04-07,2025-04-07,2026-01-02,270,0.328483,FIXED,MONTHLY,13810.97,MICRO_ENTERPRISE,MICROFINANCE,DEPOSITS_AND_EQUITY,False,CLOSED,2026-08-21,0,0.0,0,CURRENT,False,,False,False,0,0,PTY-LENDER_C-00000082,ANON-LENDER_C-00000082,ORGANISATION,synthetic,WCDS-0.1
FAC-LENDER_C-00000083,LENDER_C,LENDER_C-100083,,TERM_LOAN,SME_MICRO,NGN,500000,500000,500000,2025-01-04,2025-01-04,2025-10-01,270,0.396796,FIXED,MONTHLY,71862.22,MICRO_ENTERPRISE,MICROFINANCE,DEPOSITS_AND_EQUITY,True,DEFAULTED,2026-08-21,75000.0,77446.0,95,DPD_90_PLUS,True,2026-08-16,False,False,0,0,PTY-LENDER_C-00000083,ANON-LENDER_C-00000083,ORGANISATION,synthetic,WCDS-0.1
FAC-LENDER_C-00000084,LENDER_C,LENDER_C-100084,,TERM_LOAN,STAFF_LOAN,NGN,500000,500000,500000,2025-01-21,2025-01-21,2026-01-21,365,0.173583,FIXED,MONTHLY,48899.28,PERSONAL,MICROFINANCE,DEPOSITS_AND_EQUITY,False,CLOSED,2026-08-21,0,0.0,0,CURRENT,False,,False,False,0,0,PTY-LENDER_C-00000084,ANON-LENDER_C-00000084,PERSON,synthetic,WCDS-0.1
FAC-LENDER_C-00000085,LENDER_C,LENDER_C-100085,,TERM_LOAN,GROUP_MICRO,NGN,3500000,3500000,3500000,2025-04-18,2025-04-18,2025-10-15,180,0.315337,FIXED,WEEKLY,155549.28,MICRO_ENTERPRISE,MICROFINANCE,DEPOSITS_AND_EQUITY,False,CLOSED,2026-08-21,0,0.0,0,CURRENT,False,,False,False,0,0,PTY-LENDER_C-00000085,ANON-LENDER_C-00000085,PERSON,synthetic,WCDS-0.1
FAC-LENDER_C-00000086,LENDER_C,LENDER_C-100086,,TERM_LOAN,SME_MICRO,NGN,2000000,2000000,2000000,2026-02-02,2026-02-02,2026-10-30,270,0.305808,FIXED,MONTHLY,272492.07,MICRO_ENTERPRISE,MICROFINANCE,DEPOSITS_AND_EQUITY,False,DEFAULTED,2026-08-21,818518.52,839091.92,95,DPD_90_PLUS,True,2026-08-16,False,False,0,0,PTY-LENDER_C-00000086,ANON-LENDER_C-00000086,ORGANISATION,synthetic,WCDS-0.1
FAC-LENDER_C-00000087,LENDER_C,LENDER_C-100087,,TERM_LOAN,SME_MICRO,NGN,500000,500000,500000,2026-04-30,2026-04-30,2027-01-25,270,0.300705,FIXED,MONTHLY,67913.31,MICRO_ENTERPRISE,MICROFINANCE,DEPOSITS_AND_EQUITY,False,ACTIVE,2026-08-21,296574.07,298284.4,7,DPD_1_30,False,,False,False,0,0,PTY-LENDER_C-00000087,ANON-LENDER_C-00000087,ORGANISATION,synthetic,WCDS-0.1
FAC-LENDER_C-00000088,LENDER_C,LENDER_C-100088,,TERM_LOAN,SME_MICRO,NGN,1000000,1000000,1000000,2025-12-12,2025-12-12,2026-09-08,270,0.35887,FIXED,MONTHLY,140607.25,MICRO_ENTERPRISE,MICROFINANCE,DEPOSITS_AND_EQUITY,False,ACTIVE,2026-08-21,175000.0,180161.82,65,DPD_61_90,False,,False,False,0,0,PTY-LENDER_C-00000088,ANON-LENDER_C-00000088,ORGANISATION,synthetic,WCDS-0.1
FAC-LENDER_C-00000089,LENDER_C,LENDER_C-100089,CRMS-DUP-001,TERM_LOAN,SME_MICRO,NGN,300000,300000,300000,2025-09-30,2025-09-30,2026-06-27,270,0.395698,FIXED,MONTHLY,43090.27,MICRO_ENTERPRISE,MICROFINANCE,DEPOSITS_AND_EQUITY,False,CLOSED,2026-08-21,0,0.0,0,CURRENT,False,,False,False,0,0,PTY-LENDER_C-00000089,ANON-LENDER_C-00000089,ORGANISATION,synthetic,WCDS-0.1
FAC-LENDER_C-00000090,LENDER_C,LENDER_C-100090,CRMS-DUP-001,TERM_LOAN,STAFF_LOAN,NGN,150000,150000,150000,2026-02-27,2026-02-27,2027-02-27,365,0.179493,FIXED,MONTHLY,14743.66,PERSONAL,MICROFINANCE,DEPOSITS_AND_EQUITY,False,ACTIVE,2026-08-21,81832.19,82435.82,15,DPD_1_30,False,,False,False,0,0,PTY-LENDER_C-00000090,ANON-LENDER_C-00000090,PERSON,synthetic,WCDS-0.1
FAC-LENDER_C-00000091,LENDER_C,LENDER_C-100091,,TERM_LOAN,ASSET_FINANCE,NGN,2000000,2000000,2000000,2025-03-19,2025-03-19,2026-03-19,365,0.268525,FIXED,MONTHLY,211420.87,MICRO_ENTERPRISE,MICROFINANCE,DEPOSITS_AND_EQUITY,True,CLOSED,2026-08-21,0,0.0,0,CURRENT,False,,False,False,0,0,PTY-LENDER_C-00000091,ANON-LENDER_C-00000091,ORGANISATION,synthetic,WCDS-0.1
FAC-LENDER_C-00000092,LENDER_C,LENDER_C-100092,,TERM_LOAN,STAFF_LOAN,NGN,50000,50000,50000,2026-02-01,2026-02-01,2027-02-01,365,0.18599,FIXED,MONTHLY,4941.62,PERSONAL,MICROFINANCE,DEPOSITS_AND_EQUITY,False,ACTIVE,2026-08-21,22465.75,22465.75,0,CURRENT,False,,False,False,0,0,PTY-LENDER_C-00000092,ANON-LENDER_C-00000092,PERSON,synthetic,WCDS-0.1
FAC-LENDER_C-00000093,LENDER_C,LENDER_C-100093,,TERM_LOAN,STAFF_LOAN,NGN,1000000,1000000,1000000,2025-03-20,2025-03-20,2026-03-20,365,0.173338,FIXED,MONTHLY,97778.14,PERSONAL,MICROFINANCE,DEPOSITS_AND_EQUITY,False,ACTIVE,2026-08-21,11666.67,11705.45,7,DPD_1_30,False,,False,False,0,0,PTY-LENDER_C-00000093,ANON-LENDER_C-00000093,PERSON,synthetic,WCDS-0.1
FAC-LENDER_C-00000094,LENDER_C,LENDER_C-100094,,TERM_LOAN,SME_MICRO,NGN,100000,100000,100000,2026-05-03,2026-05-03,2027-01-28,270,0.36495,FIXED,MONTHLY,14110.7,MICRO_ENTERPRISE,MICROFINANCE,DEPOSITS_AND_EQUITY,True,ACTIVE,2026-08-21,59259.26,59259.26,0,CURRENT,False,,False,False,0,0,PTY-LENDER_C-00000094,ANON-LENDER_C-00000094,ORGANISATION,synthetic,WCDS-0.1
FAC-LENDER_C-00000095,LENDER_C,LENDER_C-100095,,TERM_LOAN,SME_MICRO,NGN,100000,100000,100000,2026-06-27,2026-06-27,2027-03-24,270,0.367504,FIXED,MONTHLY,14131.69,MICRO_ENTERPRISE,MICROFINANCE,DEPOSITS_AND_EQUITY,True,ACTIVE,2026-08-21,79629.63,79629.63,0,CURRENT,False,,False,False,0,0,PTY-LENDER_C-00000095,ANON-LENDER_C-00000095,ORGANISATION,synthetic,WCDS-0.1
FAC-LENDER_C-00000096,LENDER_C,LENDER_C-100096,,TERM_LOAN,STAFF_LOAN,NGN,300000,300000,300000,2026-01-08,2026-01-08,2027-01-08,365,0.190786,FIXED,MONTHLY,29769.65,PERSONAL,MICROFINANCE,DEPOSITS_AND_EQUITY,False,ACTIVE,2026-08-21,115068.49,115068.49,0,CURRENT,False,,False,False,0,0,PTY-LENDER_C-00000096,ANON-LENDER_C-00000096,PERSON,synthetic,WCDS-0.1
FAC-LENDER_C-00000097,LENDER_C,LENDER_C-100097,,TERM_LOAN,SME_MICRO,NGN,3500000,3500000,3500000,2026-06-10,2026-06-10,2027-03-07,270,0.385422,FIXED,MONTHLY,499763.66,MICRO_ENTERPRISE,MICROFINANCE,DEPOSITS_AND_EQUITY,False,ACTIVE,2026-08-21,2654166.67,2696206.69,15,DPD_1_30,False,,False,False,0,0,PTY-LENDER_C-00000097,ANON-LENDER_C-00000097,ORGANISATION,synthetic,WCDS-0.1
FAC-LENDER_C-00000098,LENDER_C,LENDER_C-100098,,TERM_LOAN,GROUP_MICRO,NGN,200000,200000,200000,2025-10-06,2025-10-06,2026-04-04,180,0.438382,FIXED,WEEKLY,9355.3,MICRO_ENTERPRISE,MICROFINANCE,DEPOSITS_AND_EQUITY,False,CLOSED,2026-08-21,0,0.0,0,CURRENT,False,,False,False,0,0,PTY-LENDER_C-00000098,ANON-LENDER_C-00000098,PERSON,synthetic,WCDS-0.1
FAC-LENDER_C-00000099,LENDER_C,LENDER_C-100099,,TERM_LOAN,ASSET_FINANCE,NGN,75000,75000,75000,2025-04-27,2025-04-27,2026-04-27,365,0.26872,FIXED,MONTHLY,7929.5,MICRO_ENTERPRISE,MICROFINANCE,DEPOSITS_AND_EQUITY,True,CLOSED,2026-08-21,0,0.0,0,CURRENT,False,,False,False,0,0,PTY-LENDER_C-00000099,ANON-LENDER_C-00000099,ORGANISATION,synthetic,WCDS-0.1
FAC-LENDER_C-00000100,LENDER_C,LENDER_C-100100,,TERM_LOAN,GROUP_MICRO,NGN,50000,50000,50000,2026-03-12,2026-03-12,2026-09-08,180,0.425278,FIXED,WEEKLY,2326.4,MICRO_ENTERPRISE,MICROFINANCE,DEPOSITS_AND_EQUITY,False,ACTIVE,2026-08-21,5000.0,5000.0,0,CURRENT,False,,False,False,0,0,PTY-LENDER_C-00000100,ANON-LENDER_C-00000100,PERSON,synthetic,WCDS-0.1
FAC-LENDER_C-00000101,LENDER_C,LENDER_C-100101,,TERM_LOAN,GROUP_MICRO,NGN,75000,75000,75000,2025-10-05,2025-10-05,2026-04-03,180,0.325122,FIXED,WEEKLY,3347.12,MICRO_ENTERPRISE,MICROFINANCE,DEPOSITS_AND_EQUITY,False,CLOSED,2026-08-21,0,0.0,0,CURRENT,False,,False,False,0,0,PTY-LENDER_C-00000101,ANON-LENDER_C-00000101,PERSON,synthetic,WCDS-0.1
FAC-LENDER_C-00000102,LENDER_C,LENDER_C-100102,,TERM_LOAN,SME_MICRO,NGN,50000,50000,50000,2025-04-17,2025-04-17,2026-01-12,270,0.384143,FIXED,MONTHLY,7134.22,MICRO_ENTERPRISE,MICROFINANCE,DEPOSITS_AND_EQUITY,False,CLOSED,2026-08-21,0,0.0,0,CURRENT,False,,False,False,0,0,PTY-LENDER_C-00000102,ANON-LENDER_C-00000102,ORGANISATION,synthetic,WCDS-0.1
FAC-LENDER_C-00000103,LENDER_C,LENDER_C-100103,,TERM_LOAN,STAFF_LOAN,NGN,50000,50000,50000,2026-03-10,2026-03-10,2027-03-10,365,0.129214,FIXED,MONTHLY,4705.06,PERSONAL,MICROFINANCE,DEPOSITS_AND_EQUITY,False,ACTIVE,2026-08-21,28117.58,28187.26,7,DPD_1_30,False,,False,False,0,0,PTY-LENDER_C-00000103,ANON-LENDER_C-00000103,PERSON,synthetic,WCDS-0.1
FAC-LENDER_C-00000104,LENDER_C,LENDER_C-100104,,TERM_LOAN,STAFF_LOAN,NGN,500000,500000,500000,2025-04-21,2025-04-21,2026-04-21,365,0.193919,FIXED,MONTHLY,49746.63,PERSONAL,MICROFINANCE,DEPOSITS_AND_EQUITY,False,ACTIVE,2026-08-21,5833.33,5855.03,7,DPD_1_30,False,,False,False,0,0,PTY-LENDER_C-00000104,ANON-LENDER_C-00000104,PERSON,synthetic,WCDS-0.1
FAC-LENDER_C-00000105,LENDER_C,LENDER_C-100105,,TERM_LOAN,GROUP_MICRO,NGN,75000,75000,75000,2025-07-16,2025-07-16,2026-01-12,180,0.320945,FIXED,WEEKLY,3341.18,MICRO_ENTERPRISE,MICROFINANCE,DEPOSITS_AND_EQUITY,False,CLOSED,2026-08-21,0,0.0,0,CURRENT,False,,False,False,0,0,PTY-LENDER_C-00000105,ANON-LENDER_C-00000105,PERSON,synthetic,WCDS-0.1
FAC-LENDER_C-00000106,LENDER_C,LENDER_C-100106,,TERM_LOAN,STAFF_LOAN,NGN,100000,100000,100000,2025-08-25,2025-08-25,2026-08-25,365,0.177734,FIXED,MONTHLY,9814.45,PERSONAL,MICROFINANCE,DEPOSITS_AND_EQUITY,False,ACTIVE,2026-08-21,1095.89,1095.89,0,CURRENT,False,,False,False,0,0,PTY-LENDER_C-00000106,ANON-LENDER_C-00000106,PERSON,synthetic,WCDS-0.1
FAC-LENDER_C-00000107,LENDER_C,LENDER_C-100107,,TERM_LOAN,SME_MICRO,NGN,50000,50000,50000,2026-01-26,2026-01-26,2026-10-23,270,0.371194,FIXED,MONTHLY,7081.01,MICRO_ENTERPRISE,MICROFINANCE,DEPOSITS_AND_EQUITY,False,ACTIVE,2026-08-21,11666.67,11666.67,0,CURRENT,False,,False,False,0,0,PTY-LENDER_C-00000107,ANON-LENDER_C-00000107,ORGANISATION,synthetic,WCDS-0.1
FAC-LENDER_C-00000108,LENDER_C,LENDER_C-100108,,TERM_LOAN,ASSET_FINANCE,NGN,1000000,1000000,1000000,2026-04-27,2026-04-27,2027-04-27,365,0.27924,FIXED,MONTHLY,106603.37,MICRO_ENTERPRISE,MICROFINANCE,DEPOSITS_AND_EQUITY,True,ACTIVE,2026-08-21,682191.78,682191.78,0,CURRENT,False,,False,False,0,0,PTY-LENDER_C-00000108,ANON-LENDER_C-00000108,ORGANISATION,synthetic,WCDS-0.1
FAC-LENDER_C-00000109,LENDER_C,LENDER_C-100109,,TERM_LOAN,STAFF_LOAN,NGN,3500000,3500000,3500000,2025-02-20,2025-02-20,2026-02-20,365,0.121817,FIXED,MONTHLY,327196.55,PERSONAL,MICROFINANCE,DEPOSITS_AND_EQUITY,False,CLOSED,2026-08-21,0,0.0,0,CURRENT,False,,False,False,0,0,PTY-LENDER_C-00000109,ANON-LENDER_C-00000109,PERSON,synthetic,WCDS-0.1
FAC-LENDER_C-00000110,LENDER_C,LENDER_C-100110,,TERM_LOAN,SME_MICRO,NGN,2000000,2000000,2000000,2026-04-02,2026-04-02,2026-12-28,270,0.281049,FIXED,MONTHLY,268422.07,MICRO_ENTERPRISE,MICROFINANCE,DEPOSITS_AND_EQUITY,False,ACTIVE,2026-08-21,955555.56,955555.56,0,CURRENT,False,,False,False,0,0,PTY-LENDER_C-00000110,ANON-LENDER_C-00000110,ORGANISATION,synthetic,WCDS-0.1
FAC-LENDER_C-00000111,LENDER_C,LENDER_C-100111,,TERM_LOAN,ASSET_FINANCE,NGN,500000,500000,500000,2026-06-05,2026-06-05,2027-06-05,365,0.301625,FIXED,MONTHLY,54234.37,MICRO_ENTERPRISE,MICROFINANCE,DEPOSITS_AND_EQUITY,True,ACTIVE,2026-08-21,407020.55,412065.79,15,DPD_1_30,False,,False,False,0,0,PTY-LENDER_C-00000111,ANON-LENDER_C-00000111,ORGANISATION,synthetic,WCDS-0.1
FAC-LENDER_C-00000112,LENDER_C,LENDER_C-100112,,TERM_LOAN,ASSET_FINANCE,NGN,100000,100000,100000,2024-12-22,2024-12-22,2025-12-22,365,0.311684,FIXED,MONTHLY,10930.7,MICRO_ENTERPRISE,MICROFINANCE,DEPOSITS_AND_EQUITY,True,CLOSED,2026-08-21,0,0.0,0,CURRENT,False,,False,False,0,0,PTY-LENDER_C-00000112,ANON-LENDER_C-00000112,ORGANISATION,synthetic,WCDS-0.1
FAC-LENDER_C-00000113,LENDER_C,LENDER_C-100113,,TERM_LOAN,ASSET_FINANCE,NGN,150000,150000,150000,2025-06-03,2025-06-03,2026-06-03,365,0.316266,FIXED,MONTHLY,16453.33,MICRO_ENTERPRISE,MICROFINANCE,DEPOSITS_AND_EQUITY,True,DEFAULTED,2026-08-21,22500.0,23084.88,95,DPD_90_PLUS,True,2026-08-16,False,False,0,0,PTY-LENDER_C-00000113,ANON-LENDER_C-00000113,ORGANISATION,synthetic,WCDS-0.1
FAC-LENDER_C-00000114,LENDER_C,LENDER_C-100114,,TERM_LOAN,GROUP_MICRO,NGN,200000,200000,200000,2026-05-27,2026-05-27,2026-11-23,180,0.380946,FIXED,WEEKLY,9137.41,MICRO_ENTERPRISE,MICROFINANCE,DEPOSITS_AND_EQUITY,False,ACTIVE,2026-08-21,116111.11,119746.62,35,DPD_31_60,False,,False,False,0,0,PTY-LENDER_C-00000114,ANON-LENDER_C-00000114,PERSON,synthetic,WCDS-0.1
FAC-LENDER_C-00000115,LENDER_C,LENDER_C-100115,,TERM_LOAN,ASSET_FINANCE,NGN,2000000,2000000,2000000,2026-02-27,2026-02-27,2027-02-27,365,0.311622,FIXED,MONTHLY,218603.7,MICRO_ENTERPRISE,MICROFINANCE,DEPOSITS_AND_EQUITY,True,ACTIVE,2026-08-21,1041095.89,1041095.89,0,CURRENT,False,,False,False,0,0,PTY-LENDER_C-00000115,ANON-LENDER_C-00000115,ORGANISATION,synthetic,WCDS-0.1
FAC-LENDER_C-00000116,LENDER_C,LENDER_C-100116,,TERM_LOAN,STAFF_LOAN,NGN,75000,75000,75000,2025-05-27,2025-05-27,2026-05-27,365,0.169554,FIXED,MONTHLY,7309.71,PERSONAL,MICROFINANCE,DEPOSITS_AND_EQUITY,False,CLOSED,2026-08-21,0,0.0,0,CURRENT,False,,False,False,0,0,PTY-LENDER_C-00000116,ANON-LENDER_C-00000116,PERSON,synthetic,WCDS-0.1
FAC-LENDER_C-00000117,LENDER_C,LENDER_C-100117,,TERM_LOAN,GROUP_MICRO,NGN,300000,300000,300000,2025-09-18,2025-09-18,2026-03-17,180,0.388622,FIXED,WEEKLY,13749.8,MICRO_ENTERPRISE,MICROFINANCE,DEPOSITS_AND_EQUITY,False,CLOSED,2026-08-21,0,0.0,0,CURRENT,False,,False,False,0,0,PTY-LENDER_C-00000117,ANON-LENDER_C-00000117,PERSON,synthetic,WCDS-0.1
FAC-LENDER_C-00000118,LENDER_C,LENDER_C-100118,,TERM_LOAN,SME_MICRO,NGN,200000,200000,200000,2026-06-12,2026-06-12,2027-03-09,270,0.379332,FIXED,MONTHLY,28457.82,MICRO_ENTERPRISE,MICROFINANCE,DEPOSITS_AND_EQUITY,True,ACTIVE,2026-08-21,148148.15,148148.15,0,CURRENT,False,,False,False,0,0,PTY-LENDER_C-00000118,ANON-LENDER_C-00000118,ORGANISATION,synthetic,WCDS-0.1
FAC-LENDER_C-00000119,LENDER_C,LENDER_C-100119,,TERM_LOAN,STAFF_LOAN,NGN,300000,300000,300000,2025-06-04,2025-06-04,2026-06-04,365,0.159711,FIXED,MONTHLY,28992.77,PERSONAL,MICROFINANCE,DEPOSITS_AND_EQUITY,False,ACTIVE,2026-08-21,32500.0,32926.63,65,DPD_61_90,False,,False,False,0,0,PTY-LENDER_C-00000119,ANON-LENDER_C-00000119,PERSON,synthetic,WCDS-0.1
FAC-LENDER_C-00000120,LENDER_C,LENDER_C-100120,,TERM_LOAN,ASSET_FINANCE,NGN,200000,200000,200000,2025-06-02,2025-06-02,2026-06-02,365,0.281248,FIXED,MONTHLY,21354.14,MICRO_ENTERPRISE,MICROFINANCE,DEPOSITS_AND_EQUITY,True,ACTIVE,2026-08-21,11666.67,11936.36,35,DPD_31_60,False,,False,False,0,0,PTY-LENDER_C-00000120,ANON-LENDER_C-00000120,ORGANISATION,synthetic,WCDS-0.1
FAC-LENDER_C-00000121,LENDER_C,LENDER_C-100121,,TERM_LOAN,STAFF_LOAN,NGN,500000,500000,500000,2026-08-09,2026-08-09,2027-08-09,365,0.184807,FIXED,MONTHLY,49366.96,PERSONAL,MICROFINANCE,DEPOSITS_AND_EQUITY,False,ACTIVE,2026-08-21,483561.64,483561.64,0,CURRENT,False,,False,False,0,0,PTY-LENDER_C-00000121,ANON-LENDER_C-00000121,PERSON,synthetic,WCDS-0.1
FAC-LENDER_C-00000122,LENDER_C,LENDER_C-100122,,TERM_LOAN,GROUP_MICRO,NGN,150000,150000,150000,2026-07-15,2026-07-15,2027-01-11,180,0.383241,FIXED,WEEKLY,6859.59,MICRO_ENTERPRISE,MICROFINANCE,DEPOSITS_AND_EQUITY,False,ACTIVE,2026-08-21,122916.67,124852.56,15,DPD_1_30,False,,False,False,0,0,PTY-LENDER_C-00000122,ANON-LENDER_C-00000122,PERSON,synthetic,WCDS-0.1
FAC-LENDER_C-00000123,LENDER_C,LENDER_C-100123,,TERM_LOAN,ASSET_FINANCE,NGN,75000,75000,75000,2025-03-29,2025-03-29,2026-03-29,365,0.227582,FIXED,MONTHLY,7672.39,MICRO_ENTERPRISE,MICROFINANCE,DEPOSITS_AND_EQUITY,True,CLOSED,2026-08-21,0,0.0,0,CURRENT,False,,False,False,0,0,PTY-LENDER_C-00000123,ANON-LENDER_C-00000123,ORGANISATION,synthetic,WCDS-0.1
FAC-LENDER_C-00000124,LENDER_C,LENDER_C-100124,,TERM_LOAN,ASSET_FINANCE,NGN,750000,750000,750000,2026-04-24,2026-04-24,2027-04-24,365,0.262022,FIXED,MONTHLY,78876.39,MICRO_ENTERPRISE,MICROFINANCE,DEPOSITS_AND_EQUITY,True,ACTIVE,2026-08-21,505479.45,505479.45,0,CURRENT,False,,False,False,0,0,PTY-LENDER_C-00000124,ANON-LENDER_C-00000124,ORGANISATION,synthetic,WCDS-0.1
FAC-LENDER_C-00000125,LENDER_C,LENDER_C-100125,,TERM_LOAN,STAFF_LOAN,NGN,75000,75000,75000,2026-01-23,2026-01-23,2027-01-23,365,0.176344,FIXED,MONTHLY,7352.15,PERSONAL,MICROFINANCE,DEPOSITS_AND_EQUITY,False,ACTIVE,2026-08-21,31849.32,31849.32,0,CURRENT,False,,False,False,0,0,PTY-LENDER_C-00000125,ANON-LENDER_C-00000125,PERSON,synthetic,WCDS-0.1
FAC-LENDER_C-00000126,LENDER_C,LENDER_C-100126,,TERM_LOAN,ASSET_FINANCE,NGN,75000,75000,75000,2026-06-24,2026-06-24,2027-06-24,365,0.206466,FIXED,MONTHLY,7540.41,MICRO_ENTERPRISE,MICROFINANCE,DEPOSITS_AND_EQUITY,True,ACTIVE,2026-08-21,64957.19,65508.35,15,DPD_1_30,False,,False,False,0,0,PTY-LENDER_C-00000126,ANON-LENDER_C-00000126,ORGANISATION,synthetic,WCDS-0.1
FAC-LENDER_C-00000127,LENDER_C,LENDER_C-100127,,TERM_LOAN,SME_MICRO,NGN,500000,500000,500000,2026-01-22,2026-01-22,2026-10-19,270,0.396396,FIXED,MONTHLY,71845.81,MICRO_ENTERPRISE,MICROFINANCE,DEPOSITS_AND_EQUITY,True,ACTIVE,2026-08-21,109259.26,109259.26,0,CURRENT,False,,False,False,0,0,PTY-LENDER_C-00000127,ANON-LENDER_C-00000127,ORGANISATION,synthetic,WCDS-0.1
FAC-LENDER_C-00000128,LENDER_C,LENDER_C-100128,,TERM_LOAN,ASSET_FINANCE,NGN,750000,750000,750000,2025-06-01,2025-06-01,2026-06-01,365,0.263803,FIXED,MONTHLY,78987.69,MICRO_ENTERPRISE,MICROFINANCE,DEPOSITS_AND_EQUITY,True,ACTIVE,2026-08-21,8750.0,8794.27,7,DPD_1_30,False,,False,False,0,0,PTY-LENDER_C-00000128,ANON-LENDER_C-00000128,ORGANISATION,synthetic,WCDS-0.1
FAC-LENDER_C-00000129,LENDER_C,LENDER_C-100129,,TERM_LOAN,ASSET_FINANCE,NGN,150000,150000,150000,2026-01-18,2026-01-18,2027-01-18,365,0.224547,FIXED,MONTHLY,15306.84,MICRO_ENTERPRISE,MICROFINANCE,DEPOSITS_AND_EQUITY,True,ACTIVE,2026-08-21,61643.84,61643.84,0,CURRENT,False,,False,False,0,0,PTY-LENDER_C-00000129,ANON-LENDER_C-00000129,ORGANISATION,synthetic,WCDS-0.1
FAC-LENDER_C-00000130,LENDER_C,LENDER_C-100130,,TERM_LOAN,STAFF_LOAN,NGN,500000,500000,500000,2025-05-21,2025-05-21,2026-05-21,365,0.193758,FIXED,MONTHLY,49739.9,PERSONAL,MICROFINANCE,DEPOSITS_AND_EQUITY,False,ACTIVE,2026-08-21,12500.0,12599.53,15,DPD_1_30,False,,False,False,0,0,PTY-LENDER_C-00000130,ANON-LENDER_C-00000130,PERSON,synthetic,WCDS-0.1
FAC-LENDER_C-00000131,LENDER_C,LENDER_C-100131,,TERM_LOAN,STAFF_LOAN,NGN,50000,50000,50000,2026-07-10,2026-07-10,2027-07-10,365,0.186455,FIXED,MONTHLY,4943.56,PERSONAL,MICROFINANCE,DEPOSITS_AND_EQUITY,False,ACTIVE,2026-08-21,44246.58,44246.58,0,CURRENT,False,,False,False,0,0,PTY-LENDER_C-00000131,ANON-LENDER_C-00000131,PERSON,synthetic,WCDS-0.1
FAC-LENDER_C-00000132,LENDER_C,LENDER_C-100132,,TERM_LOAN,GROUP_MICRO,NGN,75000,75000,75000,2026-04-14,2026-04-14,2026-10-11,180,0.339901,FIXED,WEEKLY,3368.14,MICRO_ENTERPRISE,MICROFINANCE,DEPOSITS_AND_EQUITY,False,ACTIVE,2026-08-21,21250.0,21250.0,0,CURRENT,False,,False,False,0,0,PTY-LENDER_C-00000132,ANON-LENDER_C-00000132,PERSON,synthetic,WCDS-0.1
FAC-LENDER_C-00000133,LENDER_C,LENDER_C-100133,,TERM_LOAN,GROUP_MICRO,NGN,3500000,3500000,3500000,2025-11-16,2025-11-16,2026-05-15,180,0.388277,FIXED,WEEKLY,160391.42,MICRO_ENTERPRISE,MICROFINANCE,DEPOSITS_AND_EQUITY,False,CLOSED,2026-08-21,0,0.0,0,CURRENT,False,,False,False,0,0,PTY-LENDER_C-00000133,ANON-LENDER_C-00000133,PERSON,synthetic,WCDS-0.1
FAC-LENDER_C-00000134,LENDER_C,LENDER_C-100134,,TERM_LOAN,ASSET_FINANCE,NGN,2000000,2000000,2000000,2026-08-08,2026-08-08,2027-08-08,365,0.208153,FIXED,MONTHLY,201358.89,MICRO_ENTERPRISE,MICROFINANCE,DEPOSITS_AND_EQUITY,True,ACTIVE,2026-08-21,1928767.12,1928767.12,0,CURRENT,False,,False,False,0,0,PTY-LENDER_C-00000134,ANON-LENDER_C-00000134,ORGANISATION,synthetic,WCDS-0.1
FAC-LENDER_C-00000135,LENDER_C,LENDER_C-100135,,TERM_LOAN,ASSET_FINANCE,NGN,2000000,2000000,2000000,2025-03-16,2025-03-16,2026-03-16,365,0.238,FIXED,MONTHLY,206333.32,MICRO_ENTERPRISE,MICROFINANCE,DEPOSITS_AND_EQUITY,True,CLOSED,2026-08-21,0,0.0,0,CURRENT,False,,False,False,0,0,PTY-LENDER_C-00000135,ANON-LENDER_C-00000135,ORGANISATION,synthetic,WCDS-0.1
FAC-LENDER_C-00000136,LENDER_C,LENDER_C-100136,,TERM_LOAN,STAFF_LOAN,NGN,2000000,2000000,2000000,2025-02-16,2025-02-16,2026-02-16,365,0.159752,FIXED,MONTHLY,193292.08,PERSONAL,MICROFINANCE,DEPOSITS_AND_EQUITY,False,DEFAULTED,2026-08-21,300000.0,303939.1,180,DPD_90_PLUS,True,2026-05-23,False,False,0,0,PTY-LENDER_C-00000136,ANON-LENDER_C-00000136,PERSON,synthetic,WCDS-0.1
FAC-LENDER_C-00000137,LENDER_C,LENDER_C-100137,,TERM_LOAN,STAFF_LOAN,NGN,2000000,2000000,2000000,2025-01-19,2025-01-19,2026-01-19,365,0.185093,FIXED,MONTHLY,197515.54,PERSONAL,MICROFINANCE,DEPOSITS_AND_EQUITY,False,ACTIVE,2026-08-21,23333.33,23416.16,7,DPD_1_30,False,,False,False,0,0,PTY-LENDER_C-00000137,ANON-LENDER_C-00000137,PERSON,synthetic,WCDS-0.1
FAC-LENDER_C-00000138,LENDER_C,LENDER_C-100138,,TERM_LOAN,STAFF_LOAN,NGN,200000,200000,200000,2026-06-22,2026-06-22,2027-06-22,365,0.131875,FIXED,MONTHLY,18864.59,PERSONAL,MICROFINANCE,DEPOSITS_AND_EQUITY,False,ACTIVE,2026-08-21,167123.29,167123.29,0,CURRENT,False,,False,False,0,0,PTY-LENDER_C-00000138,ANON-LENDER_C-00000138,PERSON,synthetic,WCDS-0.1
FAC-LENDER_C-00000139,LENDER_C,LENDER_C-100139,,TERM_LOAN,STAFF_LOAN,NGN,100000,100000,100000,2026-01-08,2026-01-08,2027-01-08,365,0.180976,FIXED,MONTHLY,9841.46,PERSONAL,MICROFINANCE,DEPOSITS_AND_EQUITY,False,ACTIVE,2026-08-21,39522.83,39660.01,7,DPD_1_30,False,,False,False,0,0,PTY-LENDER_C-00000139,ANON-LENDER_C-00000139,PERSON,synthetic,WCDS-0.1
FAC-LENDER_C-00000140,LENDER_C,LENDER_C-100140,,TERM_LOAN,GROUP_MICRO,NGN,2000000,2000000,2000000,2025-05-12,2025-05-12,2025-11-08,180,0.445056,FIXED,WEEKLY,93806.13,MICRO_ENTERPRISE,MICROFINANCE,DEPOSITS_AND_EQUITY,False,ACTIVE,2026-08-21,50000.0,50914.5,15,DPD_1_30,False,,False,False,0,0,PTY-LENDER_C-00000140,ANON-LENDER_C-00000140,PERSON,synthetic,WCDS-0.1
FAC-LENDER_C-00000141,LENDER_C,LENDER_C-100141,,TERM_LOAN,SME_MICRO,NGN,50000,50000,50000,2026-06-20,2026-06-20,2027-03-17,270,0.378706,FIXED,MONTHLY,7111.88,MICRO_ENTERPRISE,MICROFINANCE,DEPOSITS_AND_EQUITY,True,ACTIVE,2026-08-21,38518.52,38518.52,0,CURRENT,False,,False,False,0,0,PTY-LENDER_C-00000141,ANON-LENDER_C-00000141,ORGANISATION,synthetic,WCDS-0.1
FAC-LENDER_C-00000142,LENDER_C,LENDER_C-100142,,TERM_LOAN,GROUP_MICRO,NGN,100000,100000,100000,2026-07-14,2026-07-14,2027-01-10,180,0.422972,FIXED,WEEKLY,4648.42,MICRO_ENTERPRISE,MICROFINANCE,DEPOSITS_AND_EQUITY,False,ACTIVE,2026-08-21,78888.89,78888.89,0,CURRENT,False,,False,False,0,0,PTY-LENDER_C-00000142,ANON-LENDER_C-00000142,PERSON,synthetic,WCDS-0.1
FAC-LENDER_C-00000143,LENDER_C,LENDER_C-100143,,TERM_LOAN,GROUP_MICRO,NGN,150000,150000,150000,2025-07-29,2025-07-29,2026-01-25,180,0.399066,FIXED,WEEKLY,6904.61,MICRO_ENTERPRISE,MICROFINANCE,DEPOSITS_AND_EQUITY,False,CLOSED,2026-08-21,0,0.0,0,CURRENT,False,,False,False,0,0,PTY-LENDER_C-00000143,ANON-LENDER_C-00000143,PERSON,synthetic,WCDS-0.1
FAC-LENDER_C-00000144,LENDER_C,LENDER_C-100144,,TERM_LOAN,STAFF_LOAN,NGN,100000,100000,100000,2026-04-19,2026-04-19,2027-04-19,365,0.190796,FIXED,MONTHLY,9923.3,PERSONAL,MICROFINANCE,DEPOSITS_AND_EQUITY,False,ACTIVE,2026-08-21,66027.4,66027.4,0,CURRENT,False,,False,False,0,0,PTY-LENDER_C-00000144,ANON-LENDER_C-00000144,PERSON,synthetic,WCDS-0.1
FAC-LENDER_C-00000145,LENDER_C,LENDER_C-100145,,TERM_LOAN,ASSET_FINANCE,NGN,3500000,3500000,3500000,2025-03-09,2025-03-09,2026-03-09,365,0.300354,FIXED,MONTHLY,379269.81,MICRO_ENTERPRISE,MICROFINANCE,DEPOSITS_AND_EQUITY,True,CLOSED,2026-08-21,0,0.0,0,CURRENT,False,,False,False,0,0,PTY-LENDER_C-00000145,ANON-LENDER_C-00000145,ORGANISATION,synthetic,WCDS-0.1
FAC-LENDER_C-00000146,LENDER_C,LENDER_C-100146,,TERM_LOAN,ASSET_FINANCE,NGN,200000,200000,200000,2025-02-10,2025-02-10,2026-02-10,365,0.265594,FIXED,MONTHLY,21093.24,MICRO_ENTERPRISE,MICROFINANCE,DEPOSITS_AND_EQUITY,True,CLOSED,2026-08-21,0,0.0,0,CURRENT,False,,False,False,0,0,PTY-LENDER_C-00000146,ANON-LENDER_C-00000146,ORGANISATION,synthetic,WCDS-0.1
FAC-LENDER_C-00000147,LENDER_C,LENDER_C-100147,,TERM_LOAN,SME_MICRO,NGN,2000000,2000000,2000000,2025-03-10,2025-03-10,2025-12-05,270,0.334155,FIXED,MONTHLY,277151.8,MICRO_ENTERPRISE,MICROFINANCE,DEPOSITS_AND_EQUITY,False,CLOSED,2026-08-21,0,0.0,0,CURRENT,False,,False,False,0,0,PTY-LENDER_C-00000147,ANON-LENDER_C-00000147,ORGANISATION,synthetic,WCDS-0.1
FAC-LENDER_C-00000148,LENDER_C,LENDER_C-100148,,TERM_LOAN,GROUP_MICRO,NGN,500000,500000,500000,2025-04-13,2025-04-13,2025-10-10,180,0.439876,FIXED,WEEKLY,23402.41,MICRO_ENTERPRISE,MICROFINANCE,DEPOSITS_AND_EQUITY,False,CLOSED,2026-08-21,0,0.0,0,CURRENT,False,,False,False,0,0,PTY-LENDER_C-00000148,ANON-LENDER_C-00000148,PERSON,synthetic,WCDS-0.1
FAC-LENDER_C-00000149,LENDER_C,LENDER_C-100149,,TERM_LOAN,GROUP_MICRO,NGN,200000,200000,200000,2024-12-10,2024-12-10,2025-06-08,180,0.399988,FIXED,WEEKLY,9209.65,MICRO_ENTERPRISE,MICROFINANCE,DEPOSITS_AND_EQUITY,False,CLOSED,2026-08-21,0,0.0,0,CURRENT,False,,False,False,0,0,PTY-LENDER_C-00000149,ANON-LENDER_C-00000149,PERSON,synthetic,WCDS-0.1
FAC-LENDER_C-00000150,LENDER_C,LENDER_C-100150,,TERM_LOAN,STAFF_LOAN,NGN,3500000,3500000,3500000,2024-12-15,2024-12-15,2025-12-15,365,0.160872,FIXED,MONTHLY,338587.63,PERSONAL,MICROFINANCE,DEPOSITS_AND_EQUITY,False,CLOSED,2026-08-21,0,0.0,0,CURRENT,False,,False,False,0,0,PTY-LENDER_C-00000150,ANON-LENDER_C-00000150,PERSON,synthetic,WCDS-0.1
FAC-LENDER_C-00000151,LENDER_C,LENDER_C-100151,,TERM_LOAN,STAFF_LOAN,NGN,500000,500000,500000,2024-12-27,2024-12-27,2025-12-27,365,0.160375,FIXED,MONTHLY,48348.96,PERSONAL,MICROFINANCE,DEPOSITS_AND_EQUITY,False,DEFAULTED,2026-08-21,75000.0,75988.61,95,DPD_90_PLUS,True,2026-08-16,False,False,0,0,PTY-LENDER_C-00000151,ANON-LENDER_C-00000151,PERSON,synthetic,WCDS-0.1
FAC-LENDER_C-00000152,LENDER_C,LENDER_C-100152,,TERM_LOAN,ASSET_FINANCE,NGN,150000,150000,150000,2026-04-13,2026-04-13,2027-04-13,365,0.206003,FIXED,MONTHLY,15075.04,MICRO_ENTERPRISE,MICROFINANCE,DEPOSITS_AND_EQUITY,True,ACTIVE,2026-08-21,96575.34,96575.34,0,CURRENT,False,,False,False,0,0,PTY-LENDER_C-00000152,ANON-LENDER_C-00000152,ORGANISATION,synthetic,WCDS-0.1
FAC-LENDER_C-00000153,LENDER_C,LENDER_C-100153,,TERM_LOAN,GROUP_MICRO,NGN,750000,750000,750000,2025-01-23,2025-01-23,2025-07-22,180,0.418571,FIXED,WEEKLY,34800.53,MICRO_ENTERPRISE,MICROFINANCE,DEPOSITS_AND_EQUITY,False,CLOSED,2026-08-21,0,0.0,0,CURRENT,False,,False,False,0,0,PTY-LENDER_C-00000153,ANON-LENDER_C-00000153,PERSON,synthetic,WCDS-0.1
FAC-LENDER_C-00000154,LENDER_C,LENDER_C-100154,,TERM_LOAN,SME_MICRO,NGN,300000,300000,300000,2025-08-14,2025-08-14,2026-05-11,270,0.314094,FIXED,MONTHLY,41078.12,MICRO_ENTERPRISE,MICROFINANCE,DEPOSITS_AND_EQUITY,False,CLOSED,2026-08-21,0,0.0,0,CURRENT,False,,False,False,0,0,PTY-LENDER_C-00000154,ANON-LENDER_C-00000154,ORGANISATION,synthetic,WCDS-0.1
FAC-LENDER_C-00000155,LENDER_C,LENDER_C-100155,,TERM_LOAN,STAFF_LOAN,NGN,100000,100000,100000,2025-10-16,2025-10-16,2026-10-16,365,0.17269,FIXED,MONTHLY,9772.42,PERSONAL,MICROFINANCE,DEPOSITS_AND_EQUITY,False,ACTIVE,2026-08-21,15342.47,15342.47,0,CURRENT,False,,False,False,0,0,PTY-LENDER_C-00000155,ANON-LENDER_C-00000155,PERSON,synthetic,WCDS-0.1
FAC-LENDER_C-00000156,LENDER_C,LENDER_C-100156,,TERM_LOAN,STAFF_LOAN,NGN,500000,500000,500000,2025-01-29,2025-01-29,2026-01-29,365,0.142643,FIXED,MONTHLY,47610.13,PERSONAL,MICROFINANCE,DEPOSITS_AND_EQUITY,False,CLOSED,2026-08-21,0,0.0,0,CURRENT,False,,False,False,0,0,PTY-LENDER_C-00000156,ANON-LENDER_C-00000156,PERSON,synthetic,WCDS-0.1
FAC-LENDER_C-00000157,LENDER_C,LENDER_C-100157,,TERM_LOAN,ASSET_FINANCE,NGN,100000,100000,100000,2026-06-06,2026-06-06,2027-06-06,365,0.203075,FIXED,MONTHLY,10025.62,MICRO_ENTERPRISE,MICROFINANCE,DEPOSITS_AND_EQUITY,True,ACTIVE,2026-08-21,79178.08,79178.08,0,CURRENT,False,,False,False,0,0,PTY-LENDER_C-00000157,ANON-LENDER_C-00000157,ORGANISATION,synthetic,WCDS-0.1
FAC-LENDER_C-00000158,LENDER_C,LENDER_C-100158,,TERM_LOAN,ASSET_FINANCE,NGN,2000000,2000000,2000000,2025-12-06,2025-12-06,2026-12-06,365,0.246312,FIXED,MONTHLY,207718.7,MICRO_ENTERPRISE,MICROFINANCE,DEPOSITS_AND_EQUITY,True,ACTIVE,2026-08-21,636301.37,642742.28,15,DPD_1_30,False,,False,False,0,0,PTY-LENDER_C-00000158,ANON-LENDER_C-00000158,ORGANISATION,synthetic,WCDS-0.1
FAC-LENDER_C-00000159,LENDER_C,LENDER_C-100159,,TERM_LOAN,SME_MICRO,NGN,200000,200000,200000,2025-02-12,2025-02-12,2025-11-09,270,0.345114,FIXED,MONTHLY,27895.33,MICRO_ENTERPRISE,MICROFINANCE,DEPOSITS_AND_EQUITY,False,CLOSED,2026-08-21,0,0.0,0,CURRENT,False,,False,False,0,0,PTY-LENDER_C-00000159,ANON-LENDER_C-00000159,ORGANISATION,synthetic,WCDS-0.1
FAC-LENDER_C-00000160,LENDER_C,LENDER_C-100160,,TERM_LOAN,STAFF_LOAN,NGN,750000,750000,750000,2026-03-10,2026-03-10,2027-03-10,365,0.198801,FIXED,MONTHLY,74925.06,PERSONAL,MICROFINANCE,DEPOSITS_AND_EQUITY,False,DEFAULTED,2026-08-21,525513.7,534100.49,180,DPD_90_PLUS,True,2026-05-23,False,False,0,0,PTY-LENDER_C-00000160,ANON-LENDER_C-00000160,PERSON,synthetic,WCDS-0.1
FAC-LENDER_C-00000161,LENDER_C,LENDER_C-100161,,TERM_LOAN,ASSET_FINANCE,NGN,75000,75000,75000,2026-01-04,2026-01-04,2027-01-04,365,0.274789,FIXED,MONTHLY,7967.43,MICRO_ENTERPRISE,MICROFINANCE,DEPOSITS_AND_EQUITY,True,WRITTEN_OFF,2026-08-21,3896.87,3984.88,180,DPD_90_PLUS,True,2026-05-23,False,True,39195.21,2432.9,PTY-LENDER_C-00000161,ANON-LENDER_C-00000161,ORGANISATION,synthetic,WCDS-0.1
FAC-LENDER_C-00000162,LENDER_C,LENDER_C-100162,,TERM_LOAN,SME_MICRO,NGN,500000,500000,500000,2026-01-05,2026-01-05,2026-10-02,270,0.398456,FIXED,MONTHLY,71930.47,MICRO_ENTERPRISE,MICROFINANCE,DEPOSITS_AND_EQUITY,True,ACTIVE,2026-08-21,77777.78,77777.78,0,CURRENT,False,,False,False,0,0,PTY-LENDER_C-00000162,ANON-LENDER_C-00000162,ORGANISATION,synthetic,WCDS-0.1
FAC-LENDER_C-00000163,LENDER_C,LENDER_C-100163,,TERM_LOAN,ASSET_FINANCE,NGN,300000,300000,300000,2025-01-19,2025-01-19,2026-01-19,365,0.22239,FIXED,MONTHLY,30559.74,MICRO_ENTERPRISE,MICROFINANCE,DEPOSITS_AND_EQUITY,True,CLOSED,2026-08-21,0,0.0,0,CURRENT,False,,False,False,0,0,PTY-LENDER_C-00000163,ANON-LENDER_C-00000163,ORGANISATION,synthetic,WCDS-0.1
FAC-LENDER_C-00000164,LENDER_C,LENDER_C-100164,,TERM_LOAN,ASSET_FINANCE,NGN,200000,200000,200000,2025-10-06,2025-10-06,2026-10-06,365,0.28404,FIXED,MONTHLY,21400.66,MICRO_ENTERPRISE,MICROFINANCE,DEPOSITS_AND_EQUITY,True,ACTIVE,2026-08-21,25205.48,25205.48,0,CURRENT,False,,False,False,0,0,PTY-LENDER_C-00000164,ANON-LENDER_C-00000164,ORGANISATION,synthetic,WCDS-0.1
FAC-LENDER_C-00000165,LENDER_C,LENDER_C-100165,,TERM_LOAN,SME_MICRO,NGN,200000,200000,200000,2025-01-08,2025-01-08,2025-10-05,270,0.353954,FIXED,MONTHLY,28040.64,MICRO_ENTERPRISE,MICROFINANCE,DEPOSITS_AND_EQUITY,False,CLOSED,2026-08-21,0,0.0,0,CURRENT,False,,False,False,0,0,PTY-LENDER_C-00000165,ANON-LENDER_C-00000165,ORGANISATION,synthetic,WCDS-0.1
FAC-LENDER_C-00000166,LENDER_C,LENDER_C-100166,,TERM_LOAN,GROUP_MICRO,NGN,1000000,1000000,1000000,2026-04-04,2026-04-04,2026-10-01,180,0.426769,FIXED,WEEKLY,46556.21,MICRO_ENTERPRISE,MICROFINANCE,DEPOSITS_AND_EQUITY,False,ACTIVE,2026-08-21,239444.44,241404.2,7,DPD_1_30,False,,False,False,0,0,PTY-LENDER_C-00000166,ANON-LENDER_C-00000166,PERSON,synthetic,WCDS-0.1
FAC-LENDER_C-00000167,LENDER_C,LENDER_C-100167,,TERM_LOAN,GROUP_MICRO,NGN,500000,500000,500000,2025-04-26,2025-04-26,2025-10-23,180,0.389182,FIXED,WEEKLY,22921.64,MICRO_ENTERPRISE,MICROFINANCE,DEPOSITS_AND_EQUITY,False,ACTIVE,2026-08-21,12500.0,12699.92,15,DPD_1_30,False,,False,False,0,0,PTY-LENDER_C-00000167,ANON-LENDER_C-00000167,PERSON,synthetic,WCDS-0.1
FAC-LENDER_C-00000168,LENDER_C,LENDER_C-100168,,TERM_LOAN,GROUP_MICRO,NGN,150000,150000,150000,2025-09-11,2025-09-11,2026-03-10,180,0.321819,FIXED,WEEKLY,6684.84,MICRO_ENTERPRISE,MICROFINANCE,DEPOSITS_AND_EQUITY,False,CLOSED,2026-08-21,0,0.0,0,CURRENT,False,,False,False,0,0,PTY-LENDER_C-00000168,ANON-LENDER_C-00000168,PERSON,synthetic,WCDS-0.1
FAC-LENDER_C-00000169,LENDER_C,LENDER_C-100169,,TERM_LOAN,SME_MICRO,NGN,2000000,2000000,2000000,2025-01-26,2025-01-26,2025-10-23,270,0.355191,FIXED,MONTHLY,280609.75,MICRO_ENTERPRISE,MICROFINANCE,DEPOSITS_AND_EQUITY,False,CLOSED,2026-08-21,0,0.0,0,CURRENT,False,,False,False,0,0,PTY-LENDER_C-00000169,ANON-LENDER_C-00000169,ORGANISATION,synthetic,WCDS-0.1
FAC-LENDER_C-00000170,LENDER_C,LENDER_C-100170,,TERM_LOAN,GROUP_MICRO,NGN,300000,300000,300000,2025-08-28,2025-08-28,2026-02-24,180,0.439546,FIXED,WEEKLY,14039.57,MICRO_ENTERPRISE,MICROFINANCE,DEPOSITS_AND_EQUITY,False,CLOSED,2026-08-21,0,0.0,0,CURRENT,False,,False,False,0,0,PTY-LENDER_C-00000170,ANON-LENDER_C-00000170,PERSON,synthetic,WCDS-0.1
FAC-LENDER_C-00000171,LENDER_C,LENDER_C-100171,,TERM_LOAN,SME_MICRO,NGN,2000000,2000000,2000000,2026-06-13,2026-06-13,2027-03-10,270,0.37643,FIXED,MONTHLY,284101.05,MICRO_ENTERPRISE,MICROFINANCE,DEPOSITS_AND_EQUITY,False,ACTIVE,2026-08-21,1605555.56,1655230.5,35,DPD_31_60,False,,False,False,0,0,PTY-LENDER_C-00000171,ANON-LENDER_C-00000171,ORGANISATION,synthetic,WCDS-0.1
FAC-LENDER_C-00000172,LENDER_C,LENDER_C-100172,,TERM_LOAN,GROUP_MICRO,NGN,300000,300000,300000,2026-04-17,2026-04-17,2026-10-14,180,0.449203,FIXED,WEEKLY,14094.51,MICRO_ENTERPRISE,MICROFINANCE,DEPOSITS_AND_EQUITY,False,ACTIVE,2026-08-21,90000.0,90000.0,0,CURRENT,False,,False,False,0,0,PTY-LENDER_C-00000172,ANON-LENDER_C-00000172,PERSON,synthetic,WCDS-0.1
FAC-LENDER_C-00000173,LENDER_C,LENDER_C-100173,,TERM_LOAN,STAFF_LOAN,NGN,150000,150000,150000,2025-06-06,2025-06-06,2026-06-06,365,0.186602,FIXED,MONTHLY,14832.52,PERSONAL,MICROFINANCE,DEPOSITS_AND_EQUITY,False,CLOSED,2026-08-21,0,0.0,0,CURRENT,False,,False,False,0,0,PTY-LENDER_C-00000173,ANON-LENDER_C-00000173,PERSON,synthetic,WCDS-0.1
FAC-LENDER_C-00000174,LENDER_C,LENDER_C-100174,,TERM_LOAN,ASSET_FINANCE,NGN,300000,300000,300000,2025-07-26,2025-07-26,2026-07-26,365,0.215092,FIXED,MONTHLY,30377.29,MICRO_ENTERPRISE,MICROFINANCE,DEPOSITS_AND_EQUITY,True,CLOSED,2026-08-21,0,0.0,0,CURRENT,False,,False,False,0,0,PTY-LENDER_C-00000174,ANON-LENDER_C-00000174,ORGANISATION,synthetic,WCDS-0.1
FAC-LENDER_C-00000175,LENDER_C,LENDER_C-100175,,TERM_LOAN,ASSET_FINANCE,NGN,100000,100000,100000,2025-10-10,2025-10-10,2026-10-10,365,0.202973,FIXED,MONTHLY,10024.77,MICRO_ENTERPRISE,MICROFINANCE,DEPOSITS_AND_EQUITY,True,ACTIVE,2026-08-21,13698.63,13698.63,0,CURRENT,False,,False,False,0,0,PTY-LENDER_C-00000175,ANON-LENDER_C-00000175,ORGANISATION,synthetic,WCDS-0.1
FAC-LENDER_C-00000176,LENDER_C,LENDER_C-100176,,TERM_LOAN,STAFF_LOAN,NGN,3500000,3500000,3500000,2025-11-04,2025-11-04,2026-11-04,365,0.150107,FIXED,MONTHLY,335447.83,PERSONAL,MICROFINANCE,DEPOSITS_AND_EQUITY,False,ACTIVE,2026-08-21,806678.08,811654.3,15,DPD_1_30,False,,False,False,0,0,PTY-LENDER_C-00000176,ANON-LENDER_C-00000176,PERSON,synthetic,WCDS-0.1
FAC-LENDER_C-00000177,LENDER_C,LENDER_C-100177,,TERM_LOAN,GROUP_MICRO,NGN,300000,300000,300000,2025-05-22,2025-05-22,2025-11-18,180,0.411084,FIXED,WEEKLY,13877.61,MICRO_ENTERPRISE,MICROFINANCE,DEPOSITS_AND_EQUITY,False,CLOSED,2026-08-21,0,0.0,0,CURRENT,False,,False,False,0,0,PTY-LENDER_C-00000177,ANON-LENDER_C-00000177,PERSON,synthetic,WCDS-0.1
FAC-LENDER_C-00000178,LENDER_C,LENDER_C-100178,,TERM_LOAN,ASSET_FINANCE,NGN,750000,750000,750000,2025-05-15,2025-05-15,2026-05-15,365,0.237289,FIXED,MONTHLY,77330.57,MICRO_ENTERPRISE,MICROFINANCE,DEPOSITS_AND_EQUITY,True,CLOSED,2026-08-21,0,0.0,0,CURRENT,False,,False,False,0,0,PTY-LENDER_C-00000178,ANON-LENDER_C-00000178,ORGANISATION,synthetic,WCDS-0.1
FAC-LENDER_C-00000179,LENDER_C,LENDER_C-100179,,TERM_LOAN,ASSET_FINANCE,NGN,150000,150000,150000,2026-01-27,2026-01-27,2027-01-27,365,0.293902,FIXED,MONTHLY,16173.78,MICRO_ENTERPRISE,MICROFINANCE,DEPOSITS_AND_EQUITY,True,ACTIVE,2026-08-21,69092.47,69926.98,15,DPD_1_30,False,,False,False,0,0,PTY-LENDER_C-00000179,ANON-LENDER_C-00000179,ORGANISATION,synthetic,WCDS-0.1
FAC-LENDER_C-00000180,LENDER_C,LENDER_C-100180,,TERM_LOAN,ASSET_FINANCE,NGN,200000,200000,200000,2025-06-23,2025-06-23,2026-06-23,365,0.215703,FIXED,MONTHLY,20261.71,MICRO_ENTERPRISE,MICROFINANCE,DEPOSITS_AND_EQUITY,True,ACTIVE,2026-08-21,11666.67,11873.5,35,DPD_31_60,False,,False,False,0,0,PTY-LENDER_C-00000180,ANON-LENDER_C-00000180,ORGANISATION,synthetic,WCDS-0.1
FAC-LENDER_C-00000181,LENDER_C,LENDER_C-100181,,TERM_LOAN,GROUP_MICRO,NGN,75000,75000,75000,2025-07-01,2025-07-01,2025-12-28,180,0.428143,FIXED,WEEKLY,3493.67,MICRO_ENTERPRISE,MICROFINANCE,DEPOSITS_AND_EQUITY,False,CLOSED,2026-08-21,0,0.0,0,CURRENT,False,,False,False,0,0,PTY-LENDER_C-00000181,ANON-LENDER_C-00000181,PERSON,synthetic,WCDS-0.1
FAC-LENDER_C-00000182,LENDER_C,LENDER_C-100182,,TERM_LOAN,STAFF_LOAN,NGN,100000,100000,100000,2026-02-01,2026-02-01,2027-02-01,365,0.120732,FIXED,MONTHLY,9339.44,PERSONAL,MICROFINANCE,DEPOSITS_AND_EQUITY,False,ACTIVE,2026-08-21,44931.51,44931.51,0,CURRENT,False,,False,False,0,0,PTY-LENDER_C-00000182,ANON-LENDER_C-00000182,PERSON,synthetic,WCDS-0.1
FAC-LENDER_C-00000183,LENDER_C,LENDER_C-100183,,TERM_LOAN,STAFF_LOAN,NGN,3500000,3500000,3500000,2025-04-13,2025-04-13,2026-04-13,365,0.156154,FIXED,MONTHLY,337211.61,PERSONAL,MICROFINANCE,DEPOSITS_AND_EQUITY,False,CLOSED,2026-08-21,0,0.0,0,CURRENT,False,,False,False,0,0,PTY-LENDER_C-00000183,ANON-LENDER_C-00000183,PERSON,synthetic,WCDS-0.1
FAC-LENDER_C-00000184,LENDER_C,LENDER_C-100184,,TERM_LOAN,GROUP_MICRO,NGN,100000,100000,100000,2025-10-28,2025-10-28,2026-04-26,180,0.32015,FIXED,WEEKLY,4453.39,MICRO_ENTERPRISE,MICROFINANCE,DEPOSITS_AND_EQUITY,False,ACTIVE,2026-08-21,1166.67,1173.83,7,DPD_1_30,False,,False,False,0,0,PTY-LENDER_C-00000184,ANON-LENDER_C-00000184,PERSON,synthetic,WCDS-0.1
FAC-LENDER_C-00000185,LENDER_C,LENDER_C-100185,,TERM_LOAN,ASSET_FINANCE,NGN,1000000,1000000,1000000,2025-02-28,2025-02-28,2026-02-28,365,0.316689,FIXED,MONTHLY,109724.12,MICRO_ENTERPRISE,MICROFINANCE,DEPOSITS_AND_EQUITY,True,CLOSED,2026-08-21,0,0.0,0,CURRENT,False,,False,False,0,0,PTY-LENDER_C-00000185,ANON-LENDER_C-00000185,ORGANISATION,synthetic,WCDS-0.1
FAC-LENDER_C-00000186,LENDER_C,LENDER_C-100186,,TERM_LOAN,GROUP_MICRO,NGN,750000,750000,750000,2024-12-17,2024-12-17,2025-06-15,180,0.449006,FIXED,WEEKLY,35233.49,MICRO_ENTERPRISE,MICROFINANCE,DEPOSITS_AND_EQUITY,False,CLOSED,2026-08-21,0,0.0,0,CURRENT,False,,False,False,0,0,PTY-LENDER_C-00000186,ANON-LENDER_C-00000186,PERSON,synthetic,WCDS-0.1
FAC-LENDER_C-00000187,LENDER_C,LENDER_C-100187,,TERM_LOAN,GROUP_MICRO,NGN,100000,100000,100000,2024-12-28,2024-12-28,2025-06-26,180,0.359412,FIXED,WEEKLY,4527.86,MICRO_ENTERPRISE,MICROFINANCE,DEPOSITS_AND_EQUITY,False,CLOSED,2026-08-21,0,0.0,0,CURRENT,False,,False,False,0,0,PTY-LENDER_C-00000187,ANON-LENDER_C-00000187,PERSON,synthetic,WCDS-0.1
FAC-LENDER_C-00000188,LENDER_C,LENDER_C-100188,,TERM_LOAN,ASSET_FINANCE,NGN,750000,750000,750000,2026-03-26,2026-03-26,2027-03-26,365,0.294271,FIXED,MONTHLY,80891.95,MICRO_ENTERPRISE,MICROFINANCE,DEPOSITS_AND_EQUITY,True,DEFAULTED,2026-08-21,558390.41,571896.02,180,DPD_90_PLUS,True,2026-05-23,False,False,0,0,PTY-LENDER_C-00000188,ANON-LENDER_C-00000188,ORGANISATION,synthetic,WCDS-0.1
FAC-LENDER_C-00000189,LENDER_C,LENDER_C-100189,,TERM_LOAN,SME_MICRO,NGN,50000,50000,50000,2025-11-27,2025-11-27,2026-08-24,270,0.377439,FIXED,MONTHLY,7106.67,MICRO_ENTERPRISE,MICROFINANCE,DEPOSITS_AND_EQUITY,True,CLOSED,2026-08-21,0,0.0,0,CURRENT,False,,False,False,0,0,PTY-LENDER_C-00000189,ANON-LENDER_C-00000189,ORGANISATION,synthetic,WCDS-0.1
FAC-LENDER_C-00000190,LENDER_C,LENDER_C-100190,,TERM_LOAN,STAFF_LOAN,NGN,1000000,1000000,1000000,2026-06-23,2026-06-23,2027-06-23,365,0.147658,FIXED,MONTHLY,95638.13,PERSONAL,MICROFINANCE,DEPOSITS_AND_EQUITY,False,ACTIVE,2026-08-21,838356.16,838356.16,0,CURRENT,False,,False,False,0,0,PTY-LENDER_C-00000190,ANON-LENDER_C-00000190,PERSON,synthetic,WCDS-0.1
FAC-LENDER_C-00000191,LENDER_C,LENDER_C-100191,,TERM_LOAN,SME_MICRO,NGN,200000,200000,200000,2025-01-18,2025-01-18,2025-10-15,270,0.37828,FIXED,MONTHLY,28440.53,MICRO_ENTERPRISE,MICROFINANCE,DEPOSITS_AND_EQUITY,True,CLOSED,2026-08-21,0,0.0,0,CURRENT,False,,False,False,0,0,PTY-LENDER_C-00000191,ANON-LENDER_C-00000191,ORGANISATION,synthetic,WCDS-0.1
FAC-LENDER_C-00000192,LENDER_C,LENDER_C-100192,,TERM_LOAN,ASSET_FINANCE,NGN,50000,50000,50000,2026-07-10,2026-07-10,2027-07-10,365,0.230386,FIXED,MONTHLY,5126.61,MICRO_ENTERPRISE,MICROFINANCE,DEPOSITS_AND_EQUITY,True,ACTIVE,2026-08-21,44246.58,44246.58,0,CURRENT,False,,False,False,0,0,PTY-LENDER_C-00000192,ANON-LENDER_C-00000192,ORGANISATION,synthetic,WCDS-0.1
FAC-LENDER_C-00000193,LENDER_C,LENDER_C-100193,,TERM_LOAN,ASSET_FINANCE,NGN,100000,100000,100000,2026-01-22,2026-01-22,2027-01-22,365,0.244091,FIXED,MONTHLY,10367.43,MICRO_ENTERPRISE,MICROFINANCE,DEPOSITS_AND_EQUITY,True,ACTIVE,2026-08-21,48025.11,48988.61,35,DPD_31_60,False,,True,False,0,0,PTY-LENDER_C-00000193,ANON-LENDER_C-00000193,ORGANISATION,synthetic,WCDS-0.1
FAC-LENDER_C-00000194,LENDER_C,LENDER_C-100194,,TERM_LOAN,ASSET_FINANCE,NGN,1000000,1000000,1000000,2025-03-26,2025-03-26,2026-03-26,365,0.312159,FIXED,MONTHLY,109346.55,MICRO_ENTERPRISE,MICROFINANCE,DEPOSITS_AND_EQUITY,True,CLOSED,2026-08-21,0,0.0,0,CURRENT,False,,False,False,0,0,PTY-LENDER_C-00000194,ANON-LENDER_C-00000194,ORGANISATION,synthetic,WCDS-0.1
FAC-LENDER_C-00000195,LENDER_C,LENDER_C-100195,,TERM_LOAN,STAFF_LOAN,NGN,150000,150000,150000,2025-12-06,2025-12-06,2026-12-06,365,0.155071,FIXED,MONTHLY,14438.39,PERSONAL,MICROFINANCE,DEPOSITS_AND_EQUITY,False,ACTIVE,2026-08-21,43972.6,43972.6,0,CURRENT,False,,False,False,0,0,PTY-LENDER_C-00000195,ANON-LENDER_C-00000195,PERSON,synthetic,WCDS-0.1
FAC-LENDER_C-00000196,LENDER_C,LENDER_C-100196,,TERM_LOAN,SME_MICRO,NGN,1000000,1000000,1000000,2026-02-19,2026-02-19,2026-11-16,270,0.361422,FIXED,MONTHLY,140817.04,MICRO_ENTERPRISE,MICROFINANCE,DEPOSITS_AND_EQUITY,False,ACTIVE,2026-08-21,347222.22,352379.5,15,DPD_1_30,False,,False,False,0,0,PTY-LENDER_C-00000196,ANON-LENDER_C-00000196,ORGANISATION,synthetic,WCDS-0.1
FAC-LENDER_C-00000197,LENDER_C,LENDER_C-100197,,TERM_LOAN,GROUP_MICRO,NGN,2000000,2000000,2000000,2025-07-11,2025-07-11,2026-01-07,180,0.434661,FIXED,WEEKLY,93411.79,MICRO_ENTERPRISE,MICROFINANCE,DEPOSITS_AND_EQUITY,False,DEFAULTED,2026-08-21,300000.0,310717.67,130,DPD_90_PLUS,True,2026-07-12,False,False,0,0,PTY-LENDER_C-00000197,ANON-LENDER_C-00000197,PERSON,synthetic,WCDS-0.1
FAC-LENDER_C-00000198,LENDER_C,LENDER_C-100198,,TERM_LOAN,SME_MICRO,NGN,300000,300000,300000,2025-03-14,2025-03-14,2025-12-09,270,0.303323,FIXED,MONTHLY,40812.54,MICRO_ENTERPRISE,MICROFINANCE,DEPOSITS_AND_EQUITY,False,ACTIVE,2026-08-21,7500.0,7593.49,15,DPD_1_30,False,,False,False,0,0,PTY-LENDER_C-00000198,ANON-LENDER_C-00000198,ORGANISATION,synthetic,WCDS-0.1
FAC-LENDER_C-00000199,LENDER_C,LENDER_C-100199,,TERM_LOAN,ASSET_FINANCE,NGN,50000,50000,50000,2026-07-06,2026-07-06,2027-07-06,365,0.239723,FIXED,MONTHLY,5165.51,MICRO_ENTERPRISE,MICROFINANCE,DEPOSITS_AND_EQUITY,True,ACTIVE,2026-08-21,46615.3,47533.77,35,DPD_31_60,False,,False,False,0,0,PTY-LENDER_C-00000199,ANON-LENDER_C-00000199,ORGANISATION,synthetic,WCDS-0.1
FAC-LENDER_C-00000200,LENDER_C,LENDER_C-100200,,TERM_LOAN,STAFF_LOAN,NGN,,750000,750000,2025-04-13,2025-04-13,2026-04-13,365,0.177212,FIXED,MONTHLY,73575.78,PERSONAL,MICROFINANCE,DEPOSITS_AND_EQUITY,False,CLOSED,2026-08-21,0,0.0,0,CURRENT,False,,False,False,0,0,PTY-LENDER_C-00000200,ANON-LENDER_C-00000200,PERSON,synthetic,WCDS-0.1
FAC-LENDER_C-00000201,LENDER_C,LENDER_C-100201,,TERM_LOAN,ASSET_FINANCE,NGN,200000,200000,200000,2025-11-24,2025-11-24,2026-11-24,365,0.250998,FIXED,MONTHLY,20849.97,MICRO_ENTERPRISE,MICROFINANCE,DEPOSITS_AND_EQUITY,True,ACTIVE,2026-08-21,73721.46,75242.33,65,DPD_61_90,False,,False,False,0,0,PTY-LENDER_C-00000201,ANON-LENDER_C-00000201,ORGANISATION,synthetic,WCDS-0.1
FAC-LENDER_C-00000202,LENDER_C,LENDER_C-100202,,TERM_LOAN,ASSET_FINANCE,NGN,75000,75000,75000,2025-04-12,2025-04-12,2026-04-12,365,0.299102,FIXED,MONTHLY,8119.39,MICRO_ENTERPRISE,MICROFINANCE,DEPOSITS_AND_EQUITY,True,CLOSED,2026-08-21,0,0.0,0,CURRENT,False,,False,False,0,0,PTY-LENDER_C-00000202,ANON-LENDER_C-00000202,ORGANISATION,synthetic,WCDS-0.1
FAC-LENDER_C-00000203,LENDER_C,LENDER_C-100203,,TERM_LOAN,ASSET_FINANCE,NGN,150000,150000,150000,2024-12-09,2024-12-09,2025-12-09,365,0.266297,FIXED,MONTHLY,15828.71,MICRO_ENTERPRISE,MICROFINANCE,DEPOSITS_AND_EQUITY,True,CLOSED,2026-08-21,0,0.0,0,CURRENT,False,,False,False,0,0,PTY-LENDER_C-00000203,ANON-LENDER_C-00000203,ORGANISATION,synthetic,WCDS-0.1
FAC-LENDER_C-00000204,LENDER_C,LENDER_C-100204,,TERM_LOAN,STAFF_LOAN,NGN,2000000,2000000,2000000,2025-01-07,2025-01-07,2026-01-07,365,0.140437,FIXED,MONTHLY,190072.76,PERSONAL,MICROFINANCE,DEPOSITS_AND_EQUITY,False,CLOSED,2026-08-21,0,0.0,0,CURRENT,False,,False,False,0,0,PTY-LENDER_C-00000204,ANON-LENDER_C-00000204,PERSON,synthetic,WCDS-0.1
FAC-LENDER_C-00000205,LENDER_C,LENDER_C-100205,,TERM_LOAN,GROUP_MICRO,NGN,200000,200000,200000,2025-09-23,2025-09-23,2026-03-22,180,0.448226,FIXED,WEEKLY,9392.64,MICRO_ENTERPRISE,MICROFINANCE,DEPOSITS_AND_EQUITY,False,CLOSED,2026-08-21,0,0.0,0,CURRENT,False,,False,False,0,0,PTY-LENDER_C-00000205,ANON-LENDER_C-00000205,PERSON,synthetic,WCDS-0.1
FAC-LENDER_C-00000206,LENDER_C,LENDER_C-100206,,TERM_LOAN,SME_MICRO,NGN,200000,200000,200000,2026-07-05,2026-07-05,2027-04-01,270,0.380501,FIXED,MONTHLY,28477.04,MICRO_ENTERPRISE,MICROFINANCE,DEPOSITS_AND_EQUITY,False,ACTIVE,2026-08-21,170185.19,172846.38,15,DPD_1_30,False,,False,False,0,0,PTY-LENDER_C-00000206,ANON-LENDER_C-00000206,ORGANISATION,synthetic,WCDS-0.1
FAC-LENDER_C-00000207,LENDER_C,LENDER_C-100207,,TERM_LOAN,ASSET_FINANCE,NGN,100000,100000,100000,2025-11-10,2025-11-10,2026-11-10,365,0.264854,FIXED,MONTHLY,10540.45,MICRO_ENTERPRISE,MICROFINANCE,DEPOSITS_AND_EQUITY,True,ACTIVE,2026-08-21,22191.78,22191.78,0,CURRENT,False,,False,False,0,0,PTY-LENDER_C-00000207,ANON-LENDER_C-00000207,ORGANISATION,synthetic,WCDS-0.1
FAC-LENDER_C-00000208,LENDER_C,LENDER_C-100208,,TERM_LOAN,SME_MICRO,NGN,150000,150000,150000,2026-04-28,2026-04-28,2027-01-23,270,0.34681,FIXED,MONTHLY,20942.4,MICRO_ENTERPRISE,MICROFINANCE,DEPOSITS_AND_EQUITY,False,ACTIVE,2026-08-21,86111.11,86111.11,0,CURRENT,False,,False,False,0,0,PTY-LENDER_C-00000208,ANON-LENDER_C-00000208,ORGANISATION,synthetic,WCDS-0.1
FAC-LENDER_C-00000209,LENDER_C,LENDER_C-100209,,TERM_LOAN,SME_MICRO,NGN,2000000,2000000,2000000,2026-02-16,2026-02-16,2026-11-13,270,0.357529,FIXED,MONTHLY,280994.04,MICRO_ENTERPRISE,MICROFINANCE,DEPOSITS_AND_EQUITY,True,ACTIVE,2026-08-21,622222.22,622222.22,0,CURRENT,False,,False,False,0,0,PTY-LENDER_C-00000209,ANON-LENDER_C-00000209,ORGANISATION,synthetic,WCDS-0.1
FAC-LENDER_C-00000210,LENDER_C,LENDER_C-100210,,TERM_LOAN,SME_MICRO,NGN,100000,100000,100000,2026-04-14,2026-04-14,2027-01-09,270,0.285925,FIXED,MONTHLY,13461.18,MICRO_ENTERPRISE,MICROFINANCE,DEPOSITS_AND_EQUITY,True,ACTIVE,2026-08-21,52222.22,52222.22,0,CURRENT,False,,False,False,0,0,PTY-LENDER_C-00000210,ANON-LENDER_C-00000210,ORGANISATION,synthetic,WCDS-0.1
FAC-LENDER_C-00000211,LENDER_C,LENDER_C-100211,,TERM_LOAN,STAFF_LOAN,NGN,750000,750000,750000,2025-05-24,2025-05-24,2026-05-24,365,0.175333,FIXED,MONTHLY,73458.32,PERSONAL,MICROFINANCE,DEPOSITS_AND_EQUITY,False,CLOSED,2026-08-21,0,0.0,0,CURRENT,False,,False,False,0,0,PTY-LENDER_C-00000211,ANON-LENDER_C-00000211,PERSON,synthetic,WCDS-0.1
FAC-LENDER_C-00000212,LENDER_C,LENDER_C-100212,,TERM_LOAN,STAFF_LOAN,NGN,500000,500000,500000,2026-04-09,2026-04-09,2027-04-09,365,0.167749,FIXED,MONTHLY,48656.22,PERSONAL,MICROFINANCE,DEPOSITS_AND_EQUITY,False,ACTIVE,2026-08-21,316438.36,316438.36,0,CURRENT,False,,False,False,0,0,PTY-LENDER_C-00000212,ANON-LENDER_C-00000212,PERSON,synthetic,WCDS-0.1
FAC-LENDER_C-00000213,LENDER_C,LENDER_C-100213,,TERM_LOAN,ASSET_FINANCE,NGN,50000,50000,50000,2025-12-14,2025-12-14,2026-12-14,365,0.244721,FIXED,MONTHLY,5186.34,MICRO_ENTERPRISE,MICROFINANCE,DEPOSITS_AND_EQUITY,True,ACTIVE,2026-08-21,21170.09,21595.91,65,DPD_61_90,False,,False,False,0,0,PTY-LENDER_C-00000213,ANON-LENDER_C-00000213,ORGANISATION,synthetic,WCDS-0.1
FAC-LENDER_C-00000214,LENDER_C,LENDER_C-100214,,TERM_LOAN,GROUP_MICRO,NGN,750000,750000,750000,2025-11-02,2025-11-02,2026-05-01,180,0.347899,FIXED,WEEKLY,33795.19,MICRO_ENTERPRISE,MICROFINANCE,DEPOSITS_AND_EQUITY,False,CLOSED,2026-08-21,0,0.0,0,CURRENT,False,,False,False,0,0,PTY-LENDER_C-00000214,ANON-LENDER_C-00000214,PERSON,synthetic,WCDS-0.1
FAC-LENDER_C-00000215,LENDER_C,LENDER_C-100215,,TERM_LOAN,ASSET_FINANCE,NGN,500000,500000,500000,2024-12-17,2024-12-17,2025-12-17,365,0.276982,FIXED,MONTHLY,53207.57,MICRO_ENTERPRISE,MICROFINANCE,DEPOSITS_AND_EQUITY,True,CLOSED,2026-08-21,0,0.0,0,CURRENT,False,,False,False,0,0,PTY-LENDER_C-00000215,ANON-LENDER_C-00000215,ORGANISATION,synthetic,WCDS-0.1
FAC-LENDER_C-00000216,LENDER_C,LENDER_C-100216,,TERM_LOAN,GROUP_MICRO,NGN,750000,750000,750000,2025-06-24,2025-06-24,2025-12-21,180,0.401442,FIXED,WEEKLY,34556.87,MICRO_ENTERPRISE,MICROFINANCE,DEPOSITS_AND_EQUITY,False,ACTIVE,2026-08-21,81250.0,83930.86,65,DPD_61_90,False,,True,False,0,0,PTY-LENDER_C-00000216,ANON-LENDER_C-00000216,PERSON,synthetic,WCDS-0.1
FAC-LENDER_C-00000217,LENDER_C,LENDER_C-100217,,TERM_LOAN,STAFF_LOAN,NGN,750000,750000,750000,2026-05-27,2026-05-27,2027-05-27,365,0.179376,FIXED,MONTHLY,73710.97,PERSONAL,MICROFINANCE,DEPOSITS_AND_EQUITY,False,ACTIVE,2026-08-21,573287.67,573287.67,0,CURRENT,False,,False,False,0,0,PTY-LENDER_C-00000217,ANON-LENDER_C-00000217,PERSON,synthetic,WCDS-0.1
FAC-LENDER_C-00000218,LENDER_C,LENDER_C-100218,,TERM_LOAN,STAFF_LOAN,NGN,500000,500000,500000,2025-11-09,2025-11-09,2026-11-09,365,0.191751,FIXED,MONTHLY,49656.29,PERSONAL,MICROFINANCE,DEPOSITS_AND_EQUITY,False,ACTIVE,2026-08-21,109589.04,109589.04,0,CURRENT,False,,False,False,0,0,PTY-LENDER_C-00000218,ANON-LENDER_C-00000218,PERSON,synthetic,WCDS-0.1
FAC-LENDER_C-00000219,LENDER_C,LENDER_C-100219,,TERM_LOAN,GROUP_MICRO,NGN,75000,75000,75000,2025-12-24,2025-12-24,2026-06-22,180,0.301956,FIXED,WEEKLY,3314.16,MICRO_ENTERPRISE,MICROFINANCE,DEPOSITS_AND_EQUITY,False,WRITTEN_OFF,2026-08-21,364.42,373.47,180,DPD_90_PLUS,True,2026-05-23,False,True,11250.0,1121.69,PTY-LENDER_C-00000219,ANON-LENDER_C-00000219,PERSON,synthetic,WCDS-0.1
FAC-LENDER_C-00000220,LENDER_C,LENDER_C-100220,,TERM_LOAN,GROUP_MICRO,NGN,1000000,1000000,1000000,2026-07-27,2026-07-27,2027-01-23,180,0.422692,FIXED,WEEKLY,46478.87,MICRO_ENTERPRISE,MICROFINANCE,DEPOSITS_AND_EQUITY,False,ACTIVE,2026-08-21,861111.11,861111.11,0,CURRENT,False,,False,False,0,0,PTY-LENDER_C-00000220,ANON-LENDER_C-00000220,PERSON,synthetic,WCDS-0.1
FAC-LENDER_C-00000221,LENDER_C,LENDER_C-100221,,TERM_LOAN,SME_MICRO,NGN,500000,500000,500000,2025-01-07,2025-01-07,2025-10-04,270,0.303358,FIXED,MONTHLY,68022.31,MICRO_ENTERPRISE,MICROFINANCE,DEPOSITS_AND_EQUITY,False,CLOSED,2026-08-21,0,0.0,0,CURRENT,False,,False,False,0,0,PTY-LENDER_C-00000221,ANON-LENDER_C-00000221,ORGANISATION,synthetic,WCDS-0.1
FAC-LENDER_C-00000222,LENDER_C,LENDER_C-100222,,TERM_LOAN,SME_MICRO,NGN,1000000,1000000,1000000,2025-01-20,2025-01-20,2025-10-17,270,0.32661,FIXED,MONTHLY,137955.75,MICRO_ENTERPRISE,MICROFINANCE,DEPOSITS_AND_EQUITY,False,CLOSED,2026-08-21,0,0.0,0,CURRENT,False,,False,False,0,0,PTY-LENDER_C-00000222,ANON-LENDER_C-00000222,ORGANISATION,synthetic,WCDS-0.1
FAC-LENDER_C-00000223,LENDER_C,LENDER_C-100223,,TERM_LOAN,STAFF_LOAN,NGN,2000000,2000000,2000000,2026-05-29,2026-05-29,2027-05-29,365,0.17457,FIXED,MONTHLY,195761.71,PERSONAL,MICROFINANCE,DEPOSITS_AND_EQUITY,False,ACTIVE,2026-08-21,1539726.03,1539726.03,0,CURRENT,False,,False,False,0,0,PTY-LENDER_C-00000223,ANON-LENDER_C-00000223,PERSON,synthetic,WCDS-0.1
FAC-LENDER_C-00000224,LENDER_C,LENDER_C-100224,,TERM_LOAN,GROUP_MICRO,NGN,2000000,2000000,2000000,2025-05-03,2025-05-03,2025-10-30,180,0.355649,FIXED,WEEKLY,90414.52,MICRO_ENTERPRISE,MICROFINANCE,DEPOSITS_AND_EQUITY,False,ACTIVE,2026-08-21,216666.67,223000.15,65,DPD_61_90,False,,True,False,0,0,PTY-LENDER_C-00000224,ANON-LENDER_C-00000224,PERSON,synthetic,WCDS-0.1
FAC-LENDER_C-00000225,LENDER_C,LENDER_C-100225,,TERM_LOAN,ASSET_FINANCE,NGN,750000,750000,750000,2025-02-23,2025-02-23,2026-02-23,365,0.313192,FIXED,MONTHLY,82074.51,MICRO_ENTERPRISE,MICROFINANCE,DEPOSITS_AND_EQUITY,True,CLOSED,2026-08-21,0,0.0,0,CURRENT,False,,False,False,0,0,PTY-LENDER_C-00000225,ANON-LENDER_C-00000225,ORGANISATION,synthetic,WCDS-0.1
FAC-LENDER_C-00000226,LENDER_C,LENDER_C-100226,,TERM_LOAN,GROUP_MICRO,NGN,2000000,2000000,2000000,2025-07-30,2025-07-30,2026-01-26,180,0.424656,FIXED,WEEKLY,93032.24,MICRO_ENTERPRISE,MICROFINANCE,DEPOSITS_AND_EQUITY,False,DEFAULTED,2026-08-21,300000.0,310470.96,95,DPD_90_PLUS,True,2026-08-16,False,False,0,0,PTY-LENDER_C-00000226,ANON-LENDER_C-00000226,PERSON,synthetic,WCDS-0.1
FAC-LENDER_C-00000227,LENDER_C,LENDER_C-100227,,TERM_LOAN,GROUP_MICRO,NGN,750000,750000,750000,2025-03-31,2025-03-31,2025-09-27,180,0.417595,FIXED,WEEKLY,34786.65,MICRO_ENTERPRISE,MICROFINANCE,DEPOSITS_AND_EQUITY,False,CLOSED,2026-08-21,0,0.0,0,CURRENT,False,,False,False,0,0,PTY-LENDER_C-00000227,ANON-LENDER_C-00000227,PERSON,synthetic,WCDS-0.1
FAC-LENDER_C-00000228,LENDER_C,LENDER_C-100228,,TERM_LOAN,SME_MICRO,NGN,75000,75000,75000,2025-01-24,2025-01-24,2025-10-21,270,0.360516,FIXED,MONTHLY,10555.69,MICRO_ENTERPRISE,MICROFINANCE,DEPOSITS_AND_EQUITY,True,CLOSED,2026-08-21,0,0.0,0,CURRENT,False,,False,False,0,0,PTY-LENDER_C-00000228,ANON-LENDER_C-00000228,ORGANISATION,synthetic,WCDS-0.1
FAC-LENDER_C-00000229,LENDER_C,LENDER_C-100229,,TERM_LOAN,ASSET_FINANCE,NGN,100000,100000,100000,2026-02-26,2026-02-26,2027-02-26,365,0.248338,FIXED,MONTHLY,10402.81,MICRO_ENTERPRISE,MICROFINANCE,DEPOSITS_AND_EQUITY,True,ACTIVE,2026-08-21,51780.82,51780.82,0,CURRENT,False,,False,False,0,0,PTY-LENDER_C-00000229,ANON-LENDER_C-00000229,ORGANISATION,synthetic,WCDS-0.1
FAC-LENDER_C-00000230,LENDER_C,LENDER_C-100230,,TERM_LOAN,ASSET_FINANCE,NGN,300000,300000,300000,2025-11-12,2025-11-12,2026-11-12,365,0.270516,FIXED,MONTHLY,31762.9,MICRO_ENTERPRISE,MICROFINANCE,DEPOSITS_AND_EQUITY,True,ACTIVE,2026-08-21,100719.18,102958.59,65,DPD_61_90,False,,True,False,0,0,PTY-LENDER_C-00000230,ANON-LENDER_C-00000230,ORGANISATION,synthetic,WCDS-0.1
FAC-LENDER_C-00000231,LENDER_C,LENDER_C-100231,,TERM_LOAN,GROUP_MICRO,NGN,300000,300000,300000,2025-05-23,2025-05-23,2025-11-19,180,0.383033,FIXED,WEEKLY,13717.99,MICRO_ENTERPRISE,MICROFINANCE,DEPOSITS_AND_EQUITY,False,ACTIVE,2026-08-21,3500.0,3525.71,7,DPD_1_30,False,,False,False,0,0,PTY-LENDER_C-00000231,ANON-LENDER_C-00000231,PERSON,synthetic,WCDS-0.1
FAC-LENDER_C-00000232,LENDER_C,LENDER_C-100232,,TERM_LOAN,ASSET_FINANCE,NGN,750000,750000,750000,2026-08-11,2026-08-11,2027-08-11,365,0.216984,FIXED,MONTHLY,76061.52,MICRO_ENTERPRISE,MICROFINANCE,DEPOSITS_AND_EQUITY,True,ACTIVE,2026-08-21,738202.05,741273.97,7,DPD_1_30,False,,False,False,0,0,PTY-LENDER_C-00000232,ANON-LENDER_C-00000232,ORGANISATION,synthetic,WCDS-0.1
FAC-LENDER_C-00000233,LENDER_C,LENDER_C-100233,,TERM_LOAN,ASSET_FINANCE,NGN,500000,500000,500000,2025-11-03,2025-11-03,2026-11-03,365,0.207604,FIXED,MONTHLY,50316.85,MICRO_ENTERPRISE,MICROFINANCE,DEPOSITS_AND_EQUITY,True,DEFAULTED,2026-08-21,176369.86,179379.33,95,DPD_90_PLUS,True,2026-08-16,False,False,0,0,PTY-LENDER_C-00000233,ANON-LENDER_C-00000233,ORGANISATION,synthetic,WCDS-0.1
FAC-LENDER_C-00000234,LENDER_C,LENDER_C-100234,,TERM_LOAN,SME_MICRO,NGN,1000000,1000000,1000000,2025-01-15,2025-01-15,2025-10-12,270,0.296321,FIXED,MONTHLY,135466.3,MICRO_ENTERPRISE,MICROFINANCE,DEPOSITS_AND_EQUITY,True,CLOSED,2026-08-21,0,0.0,0,CURRENT,False,,False,False,0,0,PTY-LENDER_C-00000234,ANON-LENDER_C-00000234,ORGANISATION,synthetic,WCDS-0.1
FAC-LENDER_C-00000235,LENDER_C,LENDER_C-100235,,TERM_LOAN,STAFF_LOAN,NGN,1000000,1000000,1000000,2025-02-28,2025-02-28,2026-02-28,365,0.124673,FIXED,MONTHLY,93722.74,PERSONAL,MICROFINANCE,DEPOSITS_AND_EQUITY,False,CLOSED,2026-08-21,0,0.0,0,CURRENT,False,,False,False,0,0,PTY-LENDER_C-00000235,ANON-LENDER_C-00000235,PERSON,synthetic,WCDS-0.1
FAC-LENDER_C-00000236,LENDER_C,LENDER_C-100236,,TERM_LOAN,STAFF_LOAN,NGN,75000,75000,75000,2025-07-09,2025-07-09,2026-07-09,365,0.1309,FIXED,MONTHLY,7068.12,PERSONAL,MICROFINANCE,DEPOSITS_AND_EQUITY,False,DEFAULTED,2026-08-21,11250.0,11371.04,95,DPD_90_PLUS,True,2026-08-16,False,False,0,0,PTY-LENDER_C-00000236,ANON-LENDER_C-00000236,PERSON,synthetic,WCDS-0.1
FAC-LENDER_C-00000237,LENDER_C,LENDER_C-100237,,TERM_LOAN,ASSET_FINANCE,NGN,1000000,1000000,1000000,2026-06-12,2026-06-12,2027-06-12,365,0.20075,FIXED,MONTHLY,100062.47,MICRO_ENTERPRISE,MICROFINANCE,DEPOSITS_AND_EQUITY,True,ACTIVE,2026-08-21,808219.18,808219.18,0,CURRENT,False,,False,False,0,0,PTY-LENDER_C-00000237,ANON-LENDER_C-00000237,ORGANISATION,synthetic,WCDS-0.1
FAC-LENDER_C-00000238,LENDER_C,LENDER_C-100238,,TERM_LOAN,GROUP_MICRO,NGN,3500000,3500000,3500000,2026-05-15,2026-05-15,2026-11-11,180,0.386154,FIXED,WEEKLY,160250.49,MICRO_ENTERPRISE,MICROFINANCE,DEPOSITS_AND_EQUITY,False,ACTIVE,2026-08-21,1594444.44,1594444.44,0,CURRENT,False,,False,False,0,0,PTY-LENDER_C-00000238,ANON-LENDER_C-00000238,PERSON,synthetic,WCDS-0.1
FAC-LENDER_C-00000239,LENDER_C,LENDER_C-100239,,TERM_LOAN,STAFF_LOAN,NGN,50000,50000,50000,2025-01-05,2025-01-05,2026-01-05,365,0.149018,FIXED,MONTHLY,4787.58,PERSONAL,MICROFINANCE,DEPOSITS_AND_EQUITY,False,CLOSED,2026-08-21,0,0.0,0,CURRENT,False,,False,False,0,0,PTY-LENDER_C-00000239,ANON-LENDER_C-00000239,PERSON,synthetic,WCDS-0.1
FAC-LENDER_C-00000240,LENDER_C,LENDER_C-100240,,TERM_LOAN,GROUP_MICRO,NGN,50000,50000,50000,2025-04-03,2025-04-03,2025-09-30,180,0.306578,FIXED,WEEKLY,2213.82,MICRO_ENTERPRISE,MICROFINANCE,DEPOSITS_AND_EQUITY,False,CLOSED,2026-08-21,0,0.0,0,CURRENT,False,,False,False,0,0,PTY-LENDER_C-00000240,ANON-LENDER_C-00000240,PERSON,synthetic,WCDS-0.1
FAC-LENDER_C-00000241,LENDER_C,LENDER_C-100241,,TERM_LOAN,ASSET_FINANCE,NGN,1000000,1000000,1000000,2025-09-10,2025-09-10,2026-09-10,365,0.210395,FIXED,MONTHLY,100866.24,MICRO_ENTERPRISE,MICROFINANCE,DEPOSITS_AND_EQUITY,True,ACTIVE,2026-08-21,54794.52,54794.52,0,CURRENT,False,,False,False,0,0,PTY-LENDER_C-00000241,ANON-LENDER_C-00000241,ORGANISATION,synthetic,WCDS-0.1
FAC-LENDER_C-00000242,LENDER_C,LENDER_C-100242,,TERM_LOAN,STAFF_LOAN,NGN,2000000,2000000,2000000,2025-01-20,2025-01-20,2026-01-20,365,0.161752,FIXED,MONTHLY,193625.37,PERSONAL,MICROFINANCE,DEPOSITS_AND_EQUITY,False,CLOSED,2026-08-21,0,0.0,0,CURRENT,False,,False,False,0,0,PTY-LENDER_C-00000242,ANON-LENDER_C-00000242,PERSON,synthetic,WCDS-0.1
FAC-LENDER_C-00000243,LENDER_C,LENDER_C-100243,,TERM_LOAN,STAFF_LOAN,NGN,75000,75000,75000,2025-06-14,2025-06-14,2026-06-14,365,0.140567,FIXED,MONTHLY,7128.55,PERSONAL,MICROFINANCE,DEPOSITS_AND_EQUITY,False,ACTIVE,2026-08-21,1875.0,1885.83,15,DPD_1_30,False,,False,False,0,0,PTY-LENDER_C-00000243,ANON-LENDER_C-00000243,PERSON,synthetic,WCDS-0.1
FAC-LENDER_C-00000244,LENDER_C,LENDER_C-100244,,TERM_LOAN,STAFF_LOAN,NGN,150000,150000,150000,2025-09-27,2025-09-27,2026-09-27,365,0.194056,FIXED,MONTHLY,14925.7,PERSONAL,MICROFINANCE,DEPOSITS_AND_EQUITY,False,ACTIVE,2026-08-21,18955.48,19106.65,15,DPD_1_30,False,,False,False,0,0,PTY-LENDER_C-00000244,ANON-LENDER_C-00000244,PERSON,synthetic,WCDS-0.1
FAC-LENDER_C-00000245,LENDER_C,LENDER_C-100245,,TERM_LOAN,ASSET_FINANCE,NGN,300000,300000,300000,2026-06-26,2026-06-26,2027-06-26,365,0.287042,FIXED,MONTHLY,32176.06,MICRO_ENTERPRISE,MICROFINANCE,DEPOSITS_AND_EQUITY,True,ACTIVE,2026-08-21,253972.6,253972.6,0,CURRENT,False,,False,False,0,0,PTY-LENDER_C-00000245,ANON-LENDER_C-00000245,ORGANISATION,synthetic,WCDS-0.1
FAC-LENDER_C-00000246,LENDER_C,LENDER_C-100246,,TERM_LOAN,GROUP_MICRO,NGN,750000,750000,750000,2025-10-12,2025-10-12,2026-04-10,180,0.416202,FIXED,WEEKLY,34766.84,MICRO_ENTERPRISE,MICROFINANCE,DEPOSITS_AND_EQUITY,False,CLOSED,2026-08-21,0,0.0,0,CURRENT,False,,False,False,0,0,PTY-LENDER_C-00000246,ANON-LENDER_C-00000246,PERSON,synthetic,WCDS-0.1
FAC-LENDER_C-00000247,LENDER_C,LENDER_C-100247,,TERM_LOAN,SME_MICRO,NGN,300000,300000,300000,2026-03-09,2026-03-09,2026-12-04,270,0.37488,FIXED,MONTHLY,42576.95,MICRO_ENTERPRISE,MICROFINANCE,DEPOSITS_AND_EQUITY,False,ACTIVE,2026-08-21,116666.67,116666.67,0,CURRENT,False,,False,False,0,0,PTY-LENDER_C-00000247,ANON-LENDER_C-00000247,ORGANISATION,synthetic,WCDS-0.1
FAC-LENDER_C-00000248,LENDER_C,LENDER_C-100248,,TERM_LOAN,STAFF_LOAN,NGN,750000,750000,750000,2026-01-25,2026-01-25,2027-01-25,365,0.154834,FIXED,MONTHLY,72177.11,PERSONAL,MICROFINANCE,DEPOSITS_AND_EQUITY,False,ACTIVE,2026-08-21,322602.74,322602.74,0,CURRENT,False,,False,False,0,0,PTY-LENDER_C-00000248,ANON-LENDER_C-00000248,PERSON,synthetic,WCDS-0.1
FAC-LENDER_C-00000249,LENDER_C,LENDER_C-100249,,TERM_LOAN,SME_MICRO,NGN,1000000,1000000,1000000,2026-02-11,2026-02-11,2026-11-08,270,0.36613,FIXED,MONTHLY,141203.97,MICRO_ENTERPRISE,MICROFINANCE,DEPOSITS_AND_EQUITY,False,ACTIVE,2026-08-21,292592.59,292592.59,0,CURRENT,False,,False,False,0,0,PTY-LENDER_C-00000249,ANON-LENDER_C-00000249,ORGANISATION,synthetic,WCDS-0.1
FAC-LENDER_C-00000250,LENDER_C,LENDER_C-100250,,TERM_LOAN,ASSET_FINANCE,NGN,500000,500000,500000,2026-03-23,2026-03-23,2027-03-23,365,0.295735,FIXED,MONTHLY,53988.97,MICRO_ENTERPRISE,MICROFINANCE,DEPOSITS_AND_EQUITY,True,ACTIVE,2026-08-21,293150.68,293150.68,0,CURRENT,False,,False,False,0,0,PTY-LENDER_C-00000250,ANON-LENDER_C-00000250,ORGANISATION,synthetic,WCDS-0.1
FAC-LENDER_C-00000251,LENDER_C,LENDER_C-100251,,TERM_LOAN,GROUP_MICRO,NGN,500000,500000,500000,2025-08-08,2025-08-08,2026-02-04,180,0.349627,FIXED,WEEKLY,22546.52,MICRO_ENTERPRISE,MICROFINANCE,DEPOSITS_AND_EQUITY,False,CLOSED,2026-08-21,0,0.0,0,CURRENT,False,,False,False,0,0,PTY-LENDER_C-00000251,ANON-LENDER_C-00000251,PERSON,synthetic,WCDS-0.1
FAC-LENDER_C-00000252,LENDER_C,LENDER_C-100252,,TERM_LOAN,SME_MICRO,NGN,50000,50000,50000,2025-02-04,2025-02-04,2025-11-01,270,0.289607,FIXED,MONTHLY,6745.72,MICRO_ENTERPRISE,MICROFINANCE,DEPOSITS_AND_EQUITY,False,DEFAULTED,2026-08-21,7500.0,7678.53,95,DPD_90_PLUS,True,2026-08-16,False,False,0,0,PTY-LENDER_C-00000252,ANON-LENDER_C-00000252,ORGANISATION,synthetic,WCDS-0.1
FAC-LENDER_C-00000253,LENDER_C,LENDER_C-100253,,TERM_LOAN,GROUP_MICRO,NGN,3500000,3500000,3500000,2026-04-29,2026-04-29,2026-10-26,180,0.348683,FIXED,WEEKLY,157762.93,MICRO_ENTERPRISE,MICROFINANCE,DEPOSITS_AND_EQUITY,False,ACTIVE,2026-08-21,1487500.0,1530130.06,35,DPD_31_60,False,,True,False,0,0,PTY-LENDER_C-00000253,ANON-LENDER_C-00000253,PERSON,synthetic,WCDS-0.1
FAC-LENDER_C-00000254,LENDER_C,LENDER_C-100254,,TERM_LOAN,GROUP_MICRO,NGN,2000000,2000000,2000000,2026-07-23,2026-07-23,2027-01-19,180,0.3125,FIXED,WEEKLY,88777.67,MICRO_ENTERPRISE,MICROFINANCE,DEPOSITS_AND_EQUITY,False,ACTIVE,2026-08-21,1677777.78,1677777.78,0,CURRENT,False,,False,False,0,0,PTY-LENDER_C-00000254,ANON-LENDER_C-00000254,PERSON,synthetic,WCDS-0.1
FAC-LENDER_C-00000255,LENDER_C,LENDER_C-100255,,TERM_LOAN,SME_MICRO,NGN,100000,100000,100000,2025-06-22,2025-06-22,2026-03-19,270,0.364499,FIXED,MONTHLY,14106.99,MICRO_ENTERPRISE,MICROFINANCE,DEPOSITS_AND_EQUITY,False,ACTIVE,2026-08-21,1166.67,1174.82,7,DPD_1_30,False,,False,False,0,0,PTY-LENDER_C-00000255,ANON-LENDER_C-00000255,ORGANISATION,synthetic,WCDS-0.1
FAC-LENDER_C-00000256,LENDER_C,LENDER_C-100256,,TERM_LOAN,GROUP_MICRO,NGN,3500000,3500000,3500000,2026-02-11,2026-02-11,2026-08-10,180,0.355642,FIXED,WEEKLY,158224.94,MICRO_ENTERPRISE,MICROFINANCE,DEPOSITS_AND_EQUITY,False,DEFAULTED,2026-08-21,525000.0,540346.21,180,DPD_90_PLUS,True,2026-05-23,False,False,0,0,PTY-LENDER_C-00000256,ANON-LENDER_C-00000256,PERSON,synthetic,WCDS-0.1
FAC-LENDER_C-00000257,LENDER_C,LENDER_C-100257,,TERM_LOAN,ASSET_FINANCE,NGN,50000,50000,50000,2026-08-01,2026-08-01,2027-08-01,365,0.294192,FIXED,MONTHLY,5392.47,MICRO_ENTERPRISE,MICROFINANCE,DEPOSITS_AND_EQUITY,True,ACTIVE,2026-08-21,47260.27,47260.27,0,CURRENT,False,,False,False,0,0,PTY-LENDER_C-00000257,ANON-LENDER_C-00000257,ORGANISATION,synthetic,WCDS-0.1
FAC-LENDER_C-00000258,LENDER_C,LENDER_C-100258,,TERM_LOAN,GROUP_MICRO,NGN,300000,300000,300000,2026-01-04,2026-01-04,2026-07-03,180,0.362652,FIXED,WEEKLY,13602.02,MICRO_ENTERPRISE,MICROFINANCE,DEPOSITS_AND_EQUITY,False,ACTIVE,2026-08-21,17500.0,18021.62,35,DPD_31_60,False,,False,False,0,0,PTY-LENDER_C-00000258,ANON-LENDER_C-00000258,PERSON,synthetic,WCDS-0.1
FAC-LENDER_C-00000259,LENDER_C,LENDER_C-100259,,TERM_LOAN,ASSET_FINANCE,NGN,750000,750000,750000,2025-08-29,2025-08-29,2026-08-29,365,0.295754,FIXED,MONTHLY,80984.61,MICRO_ENTERPRISE,MICROFINANCE,DEPOSITS_AND_EQUITY,True,ACTIVE,2026-08-21,16438.36,16438.36,0,CURRENT,False,,False,False,0,0,PTY-LENDER_C-00000259,ANON-LENDER_C-00000259,ORGANISATION,synthetic,WCDS-0.1
FAC-LENDER_C-00000260,LENDER_C,LENDER_C-100260,,TERM_LOAN,SME_MICRO,NGN,100000,100000,100000,2025-01-25,2025-01-25,2025-10-22,270,0.394703,FIXED,MONTHLY,14355.25,MICRO_ENTERPRISE,MICROFINANCE,DEPOSITS_AND_EQUITY,False,CLOSED,2026-08-21,0,0.0,0,CURRENT,False,,False,False,0,0,PTY-LENDER_C-00000260,ANON-LENDER_C-00000260,ORGANISATION,synthetic,WCDS-0.1
FAC-LENDER_C-00000261,LENDER_C,LENDER_C-100261,,TERM_LOAN,SME_MICRO,NGN,3500000,3500000,3500000,2026-06-05,2026-06-05,2027-03-02,270,0.36918,FIXED,MONTHLY,495091.25,MICRO_ENTERPRISE,MICROFINANCE,DEPOSITS_AND_EQUITY,False,ACTIVE,2026-08-21,2501851.85,2501851.85,0,CURRENT,False,,False,False,0,0,PTY-LENDER_C-00000261,ANON-LENDER_C-00000261,ORGANISATION,synthetic,WCDS-0.1
FAC-LENDER_C-00000262,LENDER_C,LENDER_C-100262,,TERM_LOAN,ASSET_FINANCE,NGN,50000,50000,50000,2026-01-15,2026-01-15,2027-01-15,365,0.281305,FIXED,MONTHLY,5338.77,MICRO_ENTERPRISE,MICROFINANCE,DEPOSITS_AND_EQUITY,True,ACTIVE,2026-08-21,20136.99,20136.99,0,CURRENT,False,,False,False,0,0,PTY-LENDER_C-00000262,ANON-LENDER_C-00000262,ORGANISATION,synthetic,WCDS-0.1
FAC-LENDER_C-00000263,LENDER_C,LENDER_C-100263,,TERM_LOAN,SME_MICRO,NGN,500000,500000,500000,2025-10-24,2025-10-24,2026-07-21,270,0.280361,FIXED,MONTHLY,67077.22,MICRO_ENTERPRISE,MICROFINANCE,DEPOSITS_AND_EQUITY,True,CLOSED,2026-08-21,0,0.0,0,CURRENT,False,,False,False,0,0,PTY-LENDER_C-00000263,ANON-LENDER_C-00000263,ORGANISATION,synthetic,WCDS-0.1
FAC-LENDER_C-00000264,LENDER_C,LENDER_C-100264,,TERM_LOAN,ASSET_FINANCE,NGN,2000000,2000000,2000000,2026-02-14,2026-02-14,2027-02-14,365,0.309183,FIXED,MONTHLY,218197.15,MICRO_ENTERPRISE,MICROFINANCE,DEPOSITS_AND_EQUITY,True,DEFAULTED,2026-08-21,1269863.01,1302133.14,95,DPD_90_PLUS,True,2026-08-16,False,False,0,0,PTY-LENDER_C-00000264,ANON-LENDER_C-00000264,ORGANISATION,synthetic,WCDS-0.1
FAC-LENDER_C-00000265,LENDER_C,LENDER_C-100265,,TERM_LOAN,SME_MICRO,NGN,50000,50000,50000,2026-05-31,2026-05-31,2027-02-25,270,0.309236,FIXED,MONTHLY,6826.39,MICRO_ENTERPRISE,MICROFINANCE,DEPOSITS_AND_EQUITY,False,ACTIVE,2026-08-21,34814.81,34814.81,0,CURRENT,False,,False,False,0,0,PTY-LENDER_C-00000265,ANON-LENDER_C-00000265,ORGANISATION,synthetic,WCDS-0.1
FAC-LENDER_C-00000266,LENDER_C,LENDER_C-100266,,TERM_LOAN,GROUP_MICRO,NGN,500000,500000,500000,2025-01-04,2025-01-04,2025-07-03,180,0.361134,FIXED,WEEKLY,22655.64,MICRO_ENTERPRISE,MICROFINANCE,DEPOSITS_AND_EQUITY,False,CLOSED,2026-08-21,0,0.0,0,CURRENT,False,,False,False,0,0,PTY-LENDER_C-00000266,ANON-LENDER_C-00000266,PERSON,synthetic,WCDS-0.1
FAC-LENDER_C-00000267,LENDER_C,LENDER_C-100267,,TERM_LOAN,STAFF_LOAN,NGN,750000,750000,750000,2025-11-15,2025-11-15,2026-11-15,365,0.163739,FIXED,MONTHLY,72733.68,PERSONAL,MICROFINANCE,DEPOSITS_AND_EQUITY,False,ACTIVE,2026-08-21,176712.33,176712.33,0,CURRENT,False,,False,False,0,0,PTY-LENDER_C-00000267,ANON-LENDER_C-00000267,PERSON,synthetic,WCDS-0.1
FAC-LENDER_C-00000268,LENDER_C,LENDER_C-100268,,TERM_LOAN,SME_MICRO,NGN,150000,150000,150000,2025-01-05,2025-01-05,2025-10-02,270,0.308996,FIXED,MONTHLY,20476.21,MICRO_ENTERPRISE,MICROFINANCE,DEPOSITS_AND_EQUITY,False,ACTIVE,2026-08-21,8750.0,8972.22,35,DPD_31_60,False,,False,False,0,0,PTY-LENDER_C-00000268,ANON-LENDER_C-00000268,ORGANISATION,synthetic,WCDS-0.1
FAC-LENDER_C-00000269,LENDER_C,LENDER_C-100269,,TERM_LOAN,STAFF_LOAN,NGN,750000,750000,750000,2025-04-29,2025-04-29,2026-04-29,365,0.121641,FIXED,MONTHLY,70102.56,PERSONAL,MICROFINANCE,DEPOSITS_AND_EQUITY,False,CLOSED,2026-08-21,0,0.0,0,CURRENT,False,,False,False,0,0,PTY-LENDER_C-00000269,ANON-LENDER_C-00000269,PERSON,synthetic,WCDS-0.1
FAC-LENDER_C-00000270,LENDER_C,LENDER_C-100270,,TERM_LOAN,ASSET_FINANCE,NGN,50000,50000,50000,2026-05-29,2026-05-29,2027-05-29,365,0.239371,FIXED,MONTHLY,5164.05,MICRO_ENTERPRISE,MICROFINANCE,DEPOSITS_AND_EQUITY,True,ACTIVE,2026-08-21,38493.15,38493.15,0,CURRENT,False,,False,False,0,0,PTY-LENDER_C-00000270,ANON-LENDER_C-00000270,ORGANISATION,synthetic,WCDS-0.1
FAC-LENDER_C-00000271,LENDER_C,LENDER_C-100271,,TERM_LOAN,ASSET_FINANCE,NGN,75000,75000,75000,2025-04-28,2025-04-28,2026-04-28,365,0.215601,FIXED,MONTHLY,7597.51,MICRO_ENTERPRISE,MICROFINANCE,DEPOSITS_AND_EQUITY,True,CLOSED,2026-08-21,0,0.0,0,CURRENT,False,,False,False,0,0,PTY-LENDER_C-00000271,ANON-LENDER_C-00000271,ORGANISATION,synthetic,WCDS-0.1
FAC-LENDER_C-00000272,LENDER_C,LENDER_C-100272,,TERM_LOAN,SME_MICRO,NGN,150000,150000,150000,2025-09-30,2025-09-30,2026-06-27,270,0.287338,FIXED,MONTHLY,20209.19,MICRO_ENTERPRISE,MICROFINANCE,DEPOSITS_AND_EQUITY,False,CLOSED,2026-08-21,0,0.0,0,CURRENT,False,,False,False,0,0,PTY-LENDER_C-00000272,ANON-LENDER_C-00000272,ORGANISATION,synthetic,WCDS-0.1
FAC-LENDER_C-00000273,LENDER_C,LENDER_C-100273,,TERM_LOAN,STAFF_LOAN,NGN,3500000,3500000,3500000,2026-06-25,2026-06-25,2027-06-25,365,0.165705,FIXED,MONTHLY,339997.41,PERSONAL,MICROFINANCE,DEPOSITS_AND_EQUITY,False,ACTIVE,2026-08-21,2953424.66,2953424.66,0,CURRENT,False,,False,False,0,0,PTY-LENDER_C-00000273,ANON-LENDER_C-00000273,PERSON,synthetic,WCDS-0.1
FAC-LENDER_C-00000274,LENDER_C,LENDER_C-100274,,TERM_LOAN,ASSET_FINANCE,NGN,150000,150000,150000,2026-07-28,2026-07-28,2027-07-28,365,0.264922,FIXED,MONTHLY,15811.52,MICRO_ENTERPRISE,MICROFINANCE,DEPOSITS_AND_EQUITY,True,ACTIVE,2026-08-21,140136.99,140136.99,0,CURRENT,False,,False,False,0,0,PTY-LENDER_C-00000274,ANON-LENDER_C-00000274,ORGANISATION,synthetic,WCDS-0.1
FAC-LENDER_C-00000275,LENDER_C,LENDER_C-100275,,TERM_LOAN,SME_MICRO,NGN,2000000,2000000,2000000,2025-10-27,2025-10-27,2026-07-24,270,0.290606,FIXED,MONTHLY,269993.13,MICRO_ENTERPRISE,MICROFINANCE,DEPOSITS_AND_EQUITY,False,ACTIVE,2026-08-21,216666.67,221841.85,65,DPD_61_90,False,,False,False,0,0,PTY-LENDER_C-00000275,ANON-LENDER_C-00000275,ORGANISATION,synthetic,WCDS-0.1
FAC-LENDER_C-00000276,LENDER_C,LENDER_C-100276,,TERM_LOAN,STAFF_LOAN,NGN,300000,300000,300000,2025-01-09,2025-01-09,2026-01-09,365,0.190117,FIXED,MONTHLY,29752.91,PERSONAL,MICROFINANCE,DEPOSITS_AND_EQUITY,False,ACTIVE,2026-08-21,17500.0,17773.46,35,DPD_31_60,False,,True,False,0,0,PTY-LENDER_C-00000276,ANON-LENDER_C-00000276,PERSON,synthetic,WCDS-0.1
FAC-LENDER_C-00000277,LENDER_C,LENDER_C-100277,,TERM_LOAN,GROUP_MICRO,NGN,150000,150000,150000,2025-12-08,2025-12-08,2026-06-06,180,0.389013,FIXED,WEEKLY,6876.01,MICRO_ENTERPRISE,MICROFINANCE,DEPOSITS_AND_EQUITY,False,CLOSED,2026-08-21,0,0.0,0,CURRENT,False,,False,False,0,0,PTY-LENDER_C-00000277,ANON-LENDER_C-00000277,PERSON,synthetic,WCDS-0.1
FAC-LENDER_C-00000278,LENDER_C,LENDER_C-100278,,TERM_LOAN,STAFF_LOAN,NGN,300000,300000,300000,2025-08-14,2025-08-14,2026-08-14,365,0.175537,FIXED,MONTHLY,29388.43,PERSONAL,MICROFINANCE,DEPOSITS_AND_EQUITY,False,CLOSED,2026-08-21,0,0.0,0,CURRENT,False,,False,False,0,0,PTY-LENDER_C-00000278,ANON-LENDER_C-00000278,PERSON,synthetic,WCDS-0.1
FAC-LENDER_C-00000279,LENDER_C,LENDER_C-100279,,TERM_LOAN,SME_MICRO,NGN,50000,50000,50000,2026-04-16,2026-04-16,2027-01-11,270,0.335433,FIXED,MONTHLY,6934.05,MICRO_ENTERPRISE,MICROFINANCE,DEPOSITS_AND_EQUITY,False,ACTIVE,2026-08-21,26481.48,26481.48,0,CURRENT,False,,False,False,0,0,PTY-LENDER_C-00000279,ANON-LENDER_C-00000279,ORGANISATION,synthetic,WCDS-0.1
FAC-LENDER_C-00000280,LENDER_C,LENDER_C-100280,,TERM_LOAN,SME_MICRO,NGN,150000,150000,150000,2026-02-20,2026-02-20,2026-11-17,270,0.299452,FIXED,MONTHLY,20358.54,MICRO_ENTERPRISE,MICROFINANCE,DEPOSITS_AND_EQUITY,False,ACTIVE,2026-08-21,48888.89,48888.89,0,CURRENT,False,,False,False,0,0,PTY-LENDER_C-00000280,ANON-LENDER_C-00000280,ORGANISATION,synthetic,WCDS-0.1
FAC-LENDER_C-00000281,LENDER_C,LENDER_C-100281,,TERM_LOAN,GROUP_MICRO,NGN,1000000,1000000,1000000,2025-01-02,2025-01-02,2025-07-01,180,0.419289,FIXED,WEEKLY,46414.34,MICRO_ENTERPRISE,MICROFINANCE,DEPOSITS_AND_EQUITY,False,ACTIVE,2026-08-21,108333.33,112066.73,65,DPD_61_90,False,,False,False,0,0,PTY-LENDER_C-00000281,ANON-LENDER_C-00000281,PERSON,synthetic,WCDS-0.1
FAC-LENDER_C-00000282,LENDER_C,LENDER_C-100282,,TERM_LOAN,STAFF_LOAN,NGN,150000,150000,150000,2025-02-09,2025-02-09,2026-02-09,365,0.181824,FIXED,MONTHLY,14772.8,PERSONAL,MICROFINANCE,DEPOSITS_AND_EQUITY,False,CLOSED,2026-08-21,0,0.0,0,CURRENT,False,,False,False,0,0,PTY-LENDER_C-00000282,ANON-LENDER_C-00000282,PERSON,synthetic,WCDS-0.1
FAC-LENDER_C-00000283,LENDER_C,LENDER_C-100283,,TERM_LOAN,STAFF_LOAN,NGN,750000,750000,750000,2026-02-21,2026-02-21,2027-02-21,365,0.145036,FIXED,MONTHLY,71564.74,PERSONAL,MICROFINANCE,DEPOSITS_AND_EQUITY,False,ACTIVE,2026-08-21,386832.19,387908.17,7,DPD_1_30,False,,False,False,0,0,PTY-LENDER_C-00000283,ANON-LENDER_C-00000283,PERSON,synthetic,WCDS-0.1
FAC-LENDER_C-00000284,LENDER_C,LENDER_C-100284,,TERM_LOAN,ASSET_FINANCE,NGN,150000,150000,150000,2025-04-08,2025-04-08,2026-04-08,365,0.205335,FIXED,MONTHLY,15066.69,MICRO_ENTERPRISE,MICROFINANCE,DEPOSITS_AND_EQUITY,True,CLOSED,2026-08-21,0,0.0,0,CURRENT,False,,False,False,0,0,PTY-LENDER_C-00000284,ANON-LENDER_C-00000284,ORGANISATION,synthetic,WCDS-0.1
FAC-LENDER_C-00000285,LENDER_C,LENDER_C-100285,,TERM_LOAN,STAFF_LOAN,NGN,2000000,2000000,2000000,2026-03-06,2026-03-06,2027-03-06,365,0.163799,FIXED,MONTHLY,193966.52,PERSONAL,MICROFINANCE,DEPOSITS_AND_EQUITY,False,ACTIVE,2026-08-21,1079452.05,1079452.05,0,CURRENT,False,,False,False,0,0,PTY-LENDER_C-00000285,ANON-LENDER_C-00000285,PERSON,synthetic,WCDS-0.1
FAC-LENDER_C-00000286,LENDER_C,LENDER_C-100286,,TERM_LOAN,ASSET_FINANCE,NGN,50000,50000,50000,2026-05-05,2026-05-05,2027-05-05,365,0.296445,FIXED,MONTHLY,5401.85,MICRO_ENTERPRISE,MICROFINANCE,DEPOSITS_AND_EQUITY,True,WRITTEN_OFF,2026-08-21,2036.08,2085.69,180,DPD_90_PLUS,True,2026-05-23,False,True,42705.48,13.02,PTY-LENDER_C-00000286,ANON-LENDER_C-00000286,ORGANISATION,synthetic,WCDS-0.1
FAC-LENDER_C-00000287,LENDER_C,LENDER_C-100287,,TERM_LOAN,SME_MICRO,NGN,100000,100000,100000,2026-03-05,2026-03-05,2026-11-30,270,0.30565,FIXED,MONTHLY,13623.3,MICRO_ENTERPRISE,MICROFINANCE,DEPOSITS_AND_EQUITY,False,ACTIVE,2026-08-21,37407.41,37407.41,0,CURRENT,False,,False,False,0,0,PTY-LENDER_C-00000287,ANON-LENDER_C-00000287,ORGANISATION,synthetic,WCDS-0.1
FAC-LENDER_C-00000288,LENDER_C,LENDER_C-100288,,TERM_LOAN,SME_MICRO,NGN,1000000,1000000,1000000,2026-06-05,2026-06-05,2027-03-02,270,0.313449,FIXED,MONTHLY,136874.07,MICRO_ENTERPRISE,MICROFINANCE,DEPOSITS_AND_EQUITY,False,ACTIVE,2026-08-21,714814.81,714814.81,0,CURRENT,False,,False,False,0,0,PTY-LENDER_C-00000288,ANON-LENDER_C-00000288,ORGANISATION,synthetic,WCDS-0.1
FAC-LENDER_C-00000289,LENDER_C,LENDER_C-100289,,TERM_LOAN,GROUP_MICRO,NGN,3500000,3500000,3500000,2026-04-04,2026-04-04,2026-10-01,180,0.443023,FIXED,WEEKLY,164025.76,MICRO_ENTERPRISE,MICROFINANCE,DEPOSITS_AND_EQUITY,False,ACTIVE,2026-08-21,838055.56,845175.95,7,DPD_1_30,False,,False,False,0,0,PTY-LENDER_C-00000289,ANON-LENDER_C-00000289,PERSON,synthetic,WCDS-0.1
FAC-LENDER_C-00000290,LENDER_C,LENDER_C-100290,,TERM_LOAN,ASSET_FINANCE,NGN,100000,100000,100000,2025-12-30,2025-12-30,2026-12-30,365,0.276085,FIXED,MONTHLY,10634.04,MICRO_ENTERPRISE,MICROFINANCE,DEPOSITS_AND_EQUITY,True,ACTIVE,2026-08-21,41723.74,42670.54,35,DPD_31_60,False,,True,False,0,0,PTY-LENDER_C-00000290,ANON-LENDER_C-00000290,ORGANISATION,synthetic,WCDS-0.1
FAC-LENDER_C-00000291,LENDER_C,LENDER_C-100291,,TERM_LOAN,GROUP_MICRO,NGN,150000,150000,150000,2025-07-26,2025-07-26,2026-01-22,180,0.365836,FIXED,WEEKLY,6810.07,MICRO_ENTERPRISE,MICROFINANCE,DEPOSITS_AND_EQUITY,False,ACTIVE,2026-08-21,1750.0,1762.28,7,DPD_1_30,False,,False,False,0,0,PTY-LENDER_C-00000291,ANON-LENDER_C-00000291,PERSON,synthetic,WCDS-0.1
FAC-LENDER_C-00000292,LENDER_C,LENDER_C-100292,,TERM_LOAN,ASSET_FINANCE,NGN,50000,50000,50000,2025-06-21,2025-06-21,2026-06-21,365,0.215677,FIXED,MONTHLY,5065.32,MICRO_ENTERPRISE,MICROFINANCE,DEPOSITS_AND_EQUITY,True,CLOSED,2026-08-21,0,0.0,0,CURRENT,False,,False,False,0,0,PTY-LENDER_C-00000292,ANON-LENDER_C-00000292,ORGANISATION,synthetic,WCDS-0.1
FAC-LENDER_C-00000293,LENDER_C,LENDER_C-100293,,TERM_LOAN,SME_MICRO,NGN,750000,750000,750000,2025-08-12,2025-08-12,2026-05-09,270,0.361862,FIXED,MONTHLY,105639.88,MICRO_ENTERPRISE,MICROFINANCE,DEPOSITS_AND_EQUITY,False,CLOSED,2026-08-21,0,0.0,0,CURRENT,False,,False,False,0,0,PTY-LENDER_C-00000293,ANON-LENDER_C-00000293,ORGANISATION,synthetic,WCDS-0.1
FAC-LENDER_C-00000294,LENDER_C,LENDER_C-100294,,TERM_LOAN,GROUP_MICRO,NGN,3500000,3500000,3500000,2026-02-27,2026-02-27,2026-08-26,180,0.387684,FIXED,WEEKLY,160352.07,MICRO_ENTERPRISE,MICROFINANCE,DEPOSITS_AND_EQUITY,False,WRITTEN_OFF,2026-08-21,50583.85,52195.67,180,DPD_90_PLUS,True,2026-05-23,False,True,622222.22,152176.92,PTY-LENDER_C-00000294,ANON-LENDER_C-00000294,PERSON,synthetic,WCDS-0.1
FAC-LENDER_C-00000295,LENDER_C,LENDER_C-100295,,TERM_LOAN,SME_MICRO,NGN,2000000,2000000,2000000,2025-02-14,2025-02-14,2025-11-11,270,0.315825,FIXED,MONTHLY,274138.59,MICRO_ENTERPRISE,MICROFINANCE,DEPOSITS_AND_EQUITY,False,CLOSED,2026-08-21,0,0.0,0,CURRENT,False,,False,False,0,0,PTY-LENDER_C-00000295,ANON-LENDER_C-00000295,ORGANISATION,synthetic,WCDS-0.1
FAC-LENDER_C-00000296,LENDER_C,LENDER_C-100296,,TERM_LOAN,ASSET_FINANCE,NGN,75000,75000,75000,2025-07-11,2025-07-11,2026-07-11,365,0.229753,FIXED,MONTHLY,7685.96,MICRO_ENTERPRISE,MICROFINANCE,DEPOSITS_AND_EQUITY,True,CLOSED,2026-08-21,0,0.0,0,CURRENT,False,,False,False,0,0,PTY-LENDER_C-00000296,ANON-LENDER_C-00000296,ORGANISATION,synthetic,WCDS-0.1
FAC-LENDER_C-00000297,LENDER_C,LENDER_C-100297,,TERM_LOAN,STAFF_LOAN,NGN,750000,750000,750000,2026-07-28,2026-07-28,2027-07-28,365,0.195111,FIXED,MONTHLY,74694.43,PERSONAL,MICROFINANCE,DEPOSITS_AND_EQUITY,False,ACTIVE,2026-08-21,700684.93,700684.93,0,CURRENT,False,,False,False,0,0,PTY-LENDER_C-00000297,ANON-LENDER_C-00000297,PERSON,synthetic,WCDS-0.1
FAC-LENDER_C-00000298,LENDER_C,LENDER_C-100298,,TERM_LOAN,STAFF_LOAN,NGN,750000,750000,750000,2026-07-01,2026-07-01,2027-07-01,365,0.187299,FIXED,MONTHLY,74206.19,PERSONAL,MICROFINANCE,DEPOSITS_AND_EQUITY,False,ACTIVE,2026-08-21,645205.48,645205.48,0,CURRENT,False,,False,False,0,0,PTY-LENDER_C-00000298,ANON-LENDER_C-00000298,PERSON,synthetic,WCDS-0.1
FAC-LENDER_C-00000299,LENDER_C,LENDER_C-100299,,TERM_LOAN,STAFF_LOAN,NGN,300000,300000,300000,2025-08-06,2025-08-06,2026-08-06,365,0.160972,FIXED,MONTHLY,29024.29,PERSONAL,MICROFINANCE,DEPOSITS_AND_EQUITY,False,CLOSED,2026-08-21,0,0.0,0,CURRENT,False,,False,False,0,0,PTY-LENDER_C-00000299,ANON-LENDER_C-00000299,PERSON,synthetic,WCDS-0.1
FAC-LENDER_C-00000300,LENDER_C,LENDER_C-100300,,TERM_LOAN,GROUP_MICRO,NGN,750000,750000,750000,2025-05-27,2025-05-27,2025-11-23,180,0.387182,FIXED,WEEKLY,34354.01,MICRO_ENTERPRISE,MICROFINANCE,DEPOSITS_AND_EQUITY,False,CLOSED,2026-08-21,0,0.0,0,CURRENT,False,,False,False,0,0,PTY-LENDER_C-00000300,ANON-LENDER_C-00000300,PERSON,synthetic,WCDS-0.1
FAC-LENDER_C-00000301,LENDER_C,LENDER_C-100301,,TERM_LOAN,STAFF_LOAN,NGN,300000,300000,300000,2026-08-03,2026-08-03,2027-08-03,365,0.177382,FIXED,MONTHLY,29434.56,PERSONAL,MICROFINANCE,DEPOSITS_AND_EQUITY,False,ACTIVE,2026-08-21,285205.48,285205.48,0,CURRENT,False,,False,False,0,0,PTY-LENDER_C-00000301,ANON-LENDER_C-00000301,PERSON,synthetic,WCDS-0.1
FAC-LENDER_C-00000302,LENDER_C,LENDER_C-100302,,TERM_LOAN,STAFF_LOAN,NGN,100000,100000,100000,2025-05-24,2025-05-24,2026-05-24,365,0.187721,FIXED,MONTHLY,9897.67,PERSONAL,MICROFINANCE,DEPOSITS_AND_EQUITY,False,ACTIVE,2026-08-21,5833.33,5923.34,35,DPD_31_60,False,,True,False,0,0,PTY-LENDER_C-00000302,ANON-LENDER_C-00000302,PERSON,synthetic,WCDS-0.1
FAC-LENDER_C-00000303,LENDER_C,LENDER_C-100303,,TERM_LOAN,SME_MICRO,NGN,300000,300000,300000,2025-01-20,2025-01-20,2025-10-17,270,0.297623,FIXED,MONTHLY,40671.98,MICRO_ENTERPRISE,MICROFINANCE,DEPOSITS_AND_EQUITY,False,CLOSED,2026-08-21,0,0.0,0,CURRENT,False,,False,False,0,0,PTY-LENDER_C-00000303,ANON-LENDER_C-00000303,ORGANISATION,synthetic,WCDS-0.1
FAC-LENDER_C-00000304,LENDER_C,LENDER_C-100304,,TERM_LOAN,GROUP_MICRO,NGN,1000000,1000000,1000000,2025-03-25,2025-03-25,2025-09-21,180,0.339983,FIXED,WEEKLY,44910.11,MICRO_ENTERPRISE,MICROFINANCE,DEPOSITS_AND_EQUITY,False,DEFAULTED,2026-08-21,150000.0,154191.57,95,DPD_90_PLUS,True,2026-08-16,False,False,0,0,PTY-LENDER_C-00000304,ANON-LENDER_C-00000304,PERSON,synthetic,WCDS-0.1
FAC-LENDER_C-00000305,LENDER_C,LENDER_C-100305,,TERM_LOAN,SME_MICRO,NGN,200000,200000,200000,2026-05-17,2026-05-17,2027-02-11,270,0.29177,FIXED,MONTHLY,27018.45,MICRO_ENTERPRISE,MICROFINANCE,DEPOSITS_AND_EQUITY,False,ACTIVE,2026-08-21,128888.89,128888.89,0,CURRENT,False,,False,False,0,0,PTY-LENDER_C-00000305,ANON-LENDER_C-00000305,ORGANISATION,synthetic,WCDS-0.1
FAC-LENDER_C-00000306,LENDER_C,LENDER_C-100306,,TERM_LOAN,SME_MICRO,NGN,100000,100000,100000,2025-10-27,2025-10-27,2026-07-24,270,0.325632,FIXED,MONTHLY,13787.54,MICRO_ENTERPRISE,MICROFINANCE,DEPOSITS_AND_EQUITY,False,DEFAULTED,2026-08-21,15000.0,15401.46,95,DPD_90_PLUS,True,2026-08-16,False,False,0,0,PTY-LENDER_C-00000306,ANON-LENDER_C-00000306,ORGANISATION,synthetic,WCDS-0.1
FAC-LENDER_C-00000307,LENDER_C,LENDER_C-100307,,TERM_LOAN,SME_MICRO,NGN,150000,150000,150000,2026-01-16,2026-01-16,2026-10-13,270,0.323876,FIXED,MONTHLY,20659.66,MICRO_ENTERPRISE,MICROFINANCE,DEPOSITS_AND_EQUITY,False,DEFAULTED,2026-08-21,51944.44,53327.2,95,DPD_90_PLUS,True,2026-08-16,True,False,0,0,PTY-LENDER_C-00000307,ANON-LENDER_C-00000307,ORGANISATION,synthetic,WCDS-0.1
FAC-LENDER_C-00000308,LENDER_C,LENDER_C-100308,,TERM_LOAN,STAFF_LOAN,NGN,500000,500000,500000,2026-07-14,2026-07-14,2027-07-14,365,0.149268,FIXED,MONTHLY,47886.15,PERSONAL,MICROFINANCE,DEPOSITS_AND_EQUITY,False,ACTIVE,2026-08-21,447945.21,447945.21,0,CURRENT,False,,False,False,0,0,PTY-LENDER_C-00000308,ANON-LENDER_C-00000308,PERSON,synthetic,WCDS-0.1
FAC-LENDER_C-00000309,LENDER_C,LENDER_C-100309,,TERM_LOAN,ASSET_FINANCE,NGN,750000,750000,750000,2025-09-07,2025-09-07,2026-09-07,365,0.256029,FIXED,MONTHLY,78501.78,MICRO_ENTERPRISE,MICROFINANCE,DEPOSITS_AND_EQUITY,True,ACTIVE,2026-08-21,53681.51,54246.33,15,DPD_1_30,False,,False,False,0,0,PTY-LENDER_C-00000309,ANON-LENDER_C-00000309,ORGANISATION,synthetic,WCDS-0.1
FAC-LENDER_C-00000310,LENDER_C,LENDER_C-100310,,TERM_LOAN,ASSET_FINANCE,NGN,150000,150000,150000,2025-08-07,2025-08-07,2026-08-07,365,0.286466,FIXED,MONTHLY,16080.83,MICRO_ENTERPRISE,MICROFINANCE,DEPOSITS_AND_EQUITY,True,DEFAULTED,2026-08-21,22500.0,23029.77,130,DPD_90_PLUS,True,2026-07-12,False,False,0,0,PTY-LENDER_C-00000310,ANON-LENDER_C-00000310,ORGANISATION,synthetic,WCDS-0.1
FAC-LENDER_C-00000311,LENDER_C,LENDER_C-100311,,TERM_LOAN,STAFF_LOAN,NGN,75000,75000,75000,2025-05-27,2025-05-27,2026-05-27,365,0.178251,FIXED,MONTHLY,7364.07,PERSONAL,MICROFINANCE,DEPOSITS_AND_EQUITY,False,CLOSED,2026-08-21,0,0.0,0,CURRENT,False,,False,False,0,0,PTY-LENDER_C-00000311,ANON-LENDER_C-00000311,PERSON,synthetic,WCDS-0.1
FAC-LENDER_C-00000312,LENDER_C,LENDER_C-100312,,TERM_LOAN,GROUP_MICRO,NGN,2000000,2000000,2000000,2025-09-05,2025-09-05,2026-03-04,180,0.342054,FIXED,WEEKLY,89898.77,MICRO_ENTERPRISE,MICROFINANCE,DEPOSITS_AND_EQUITY,False,ACTIVE,2026-08-21,216666.67,222758.03,65,DPD_61_90,False,,False,False,0,0,PTY-LENDER_C-00000312,ANON-LENDER_C-00000312,PERSON,synthetic,WCDS-0.1
FAC-LENDER_C-00000313,LENDER_C,LENDER_C-100313,,TERM_LOAN,STAFF_LOAN,NGN,2000000,2000000,2000000,2026-03-18,2026-03-18,2027-03-18,365,0.147335,FIXED,MONTHLY,191222.54,PERSONAL,MICROFINANCE,DEPOSITS_AND_EQUITY,False,ACTIVE,2026-08-21,1145205.48,1145205.48,0,CURRENT,False,,False,False,0,0,PTY-LENDER_C-00000313,ANON-LENDER_C-00000313,PERSON,synthetic,WCDS-0.1
FAC-LENDER_C-00000314,LENDER_C,LENDER_C-100314,,TERM_LOAN,SME_MICRO,NGN,75000,75000,75000,2025-12-09,2025-12-09,2026-09-05,270,0.349086,FIXED,MONTHLY,10485.23,MICRO_ENTERPRISE,MICROFINANCE,DEPOSITS_AND_EQUITY,False,ACTIVE,2026-08-21,4166.67,4166.67,0,CURRENT,False,,False,False,0,0,PTY-LENDER_C-00000314,ANON-LENDER_C-00000314,ORGANISATION,synthetic,WCDS-0.1
FAC-LENDER_C-00000315,LENDER_C,LENDER_C-100315,,TERM_LOAN,GROUP_MICRO,NGN,200000,200000,200000,2026-02-07,2026-02-07,2026-08-06,180,0.430517,FIXED,WEEKLY,9325.46,MICRO_ENTERPRISE,MICROFINANCE,DEPOSITS_AND_EQUITY,False,CLOSED,2026-08-21,0,0.0,0,CURRENT,False,,False,False,0,0,PTY-LENDER_C-00000315,ANON-LENDER_C-00000315,PERSON,synthetic,WCDS-0.1
FAC-LENDER_C-00000316,LENDER_C,LENDER_C-100316,,TERM_LOAN,SME_MICRO,NGN,150000,150000,150000,2026-03-03,2026-03-03,2026-11-28,270,0.31431,FIXED,MONTHLY,20541.72,MICRO_ENTERPRISE,MICROFINANCE,DEPOSITS_AND_EQUITY,False,DEFAULTED,2026-08-21,77500.0,79502.11,95,DPD_90_PLUS,True,2026-08-16,False,False,0,0,PTY-LENDER_C-00000316,ANON-LENDER_C-00000316,ORGANISATION,synthetic,WCDS-0.1
FAC-LENDER_C-00000317,LENDER_C,LENDER_C-100317,,TERM_LOAN,GROUP_MICRO,NGN,750000,750000,750000,2025-01-08,2025-01-08,2025-07-07,180,0.34515,FIXED,WEEKLY,33756.08,MICRO_ENTERPRISE,MICROFINANCE,DEPOSITS_AND_EQUITY,False,CLOSED,2026-08-21,0,0.0,0,CURRENT,False,,False,False,0,0,PTY-LENDER_C-00000317,ANON-LENDER_C-00000317,PERSON,synthetic,WCDS-0.1
FAC-LENDER_C-00000318,LENDER_C,LENDER_C-100318,,TERM_LOAN,GROUP_MICRO,NGN,50000,50000,50000,2025-02-11,2025-02-11,2025-08-10,180,0.398668,FIXED,WEEKLY,2301.16,MICRO_ENTERPRISE,MICROFINANCE,DEPOSITS_AND_EQUITY,False,CLOSED,2026-08-21,0,0.0,0,CURRENT,False,,False,False,0,0,PTY-LENDER_C-00000318,ANON-LENDER_C-00000318,PERSON,synthetic,WCDS-0.1
FAC-LENDER_C-00000319,LENDER_C,LENDER_C-100319,,TERM_LOAN,SME_MICRO,NGN,100000,100000,100000,2026-05-22,2026-05-22,2027-02-16,270,0.339482,FIXED,MONTHLY,13901.37,MICRO_ENTERPRISE,MICROFINANCE,DEPOSITS_AND_EQUITY,False,ACTIVE,2026-08-21,66296.3,66296.3,0,CURRENT,False,,False,False,0,0,PTY-LENDER_C-00000319,ANON-LENDER_C-00000319,ORGANISATION,synthetic,WCDS-0.1
FAC-LENDER_C-00000320,LENDER_C,LENDER_C-100320,,TERM_LOAN,SME_MICRO,NGN,150000,150000,150000,2025-10-29,2025-10-29,2026-07-26,270,0.291085,FIXED,MONTHLY,20255.39,MICRO_ENTERPRISE,MICROFINANCE,DEPOSITS_AND_EQUITY,False,ACTIVE,2026-08-21,1750.0,1759.77,7,DPD_1_30,False,,False,False,0,0,PTY-LENDER_C-00000320,ANON-LENDER_C-00000320,ORGANISATION,synthetic,WCDS-0.1
FAC-LENDER_C-00000321,LENDER_C,LENDER_C-100321,,TERM_LOAN,ASSET_FINANCE,NGN,3500000,3500000,3500000,2025-03-19,2025-03-19,2026-03-19,365,0.260658,FIXED,MONTHLY,367692.01,MICRO_ENTERPRISE,MICROFINANCE,DEPOSITS_AND_EQUITY,True,CLOSED,2026-08-21,0,0.0,0,CURRENT,False,,False,False,0,0,PTY-LENDER_C-00000321,ANON-LENDER_C-00000321,ORGANISATION,synthetic,WCDS-0.1
FAC-LENDER_C-00000322,LENDER_C,LENDER_C-100322,,TERM_LOAN,GROUP_MICRO,NGN,1000000,1000000,1000000,2025-06-17,2025-06-17,2025-12-14,180,0.374583,FIXED,WEEKLY,45566.38,MICRO_ENTERPRISE,MICROFINANCE,DEPOSITS_AND_EQUITY,False,ACTIVE,2026-08-21,25000.0,25384.85,15,DPD_1_30,False,,False,False,0,0,PTY-LENDER_C-00000322,ANON-LENDER_C-00000322,PERSON,synthetic,WCDS-0.1
FAC-LENDER_C-00000323,LENDER_C,LENDER_C-100323,,TERM_LOAN,STAFF_LOAN,NGN,100000,100000,100000,2024-12-28,2024-12-28,2025-12-28,365,0.155577,FIXED,MONTHLY,9629.81,PERSONAL,MICROFINANCE,DEPOSITS_AND_EQUITY,False,CLOSED,2026-08-21,0,0.0,0,CURRENT,False,,False,False,0,0,PTY-LENDER_C-00000323,ANON-LENDER_C-00000323,PERSON,synthetic,WCDS-0.1
FAC-LENDER_C-00000324,LENDER_C,LENDER_C-100324,,TERM_LOAN,ASSET_FINANCE,NGN,50000,50000,50000,2026-06-25,2026-06-25,2027-06-25,365,0.223398,FIXED,MONTHLY,5097.49,MICRO_ENTERPRISE,MICROFINANCE,DEPOSITS_AND_EQUITY,True,ACTIVE,2026-08-21,47608.45,48482.61,65,DPD_61_90,False,,False,False,0,0,PTY-LENDER_C-00000324,ANON-LENDER_C-00000324,ORGANISATION,synthetic,WCDS-0.1
FAC-LENDER_C-00000325,LENDER_C,LENDER_C-100325,,TERM_LOAN,GROUP_MICRO,NGN,300000,300000,300000,2025-09-12,2025-09-12,2026-03-11,180,0.353566,FIXED,WEEKLY,13550.33,MICRO_ENTERPRISE,MICROFINANCE,DEPOSITS_AND_EQUITY,False,CLOSED,2026-08-21,0,0.0,0,CURRENT,False,,False,False,0,0,PTY-LENDER_C-00000325,ANON-LENDER_C-00000325,PERSON,synthetic,WCDS-0.1
FAC-LENDER_C-00000326,LENDER_C,LENDER_C-100326,,TERM_LOAN,SME_MICRO,NGN,100000,100000,100000,2026-02-02,2026-02-02,2026-10-30,270,0.285476,FIXED,MONTHLY,13457.49,MICRO_ENTERPRISE,MICROFINANCE,DEPOSITS_AND_EQUITY,True,ACTIVE,2026-08-21,25925.93,25925.93,0,CURRENT,False,,False,False,0,0,PTY-LENDER_C-00000326,ANON-LENDER_C-00000326,ORGANISATION,synthetic,WCDS-0.1
FAC-LENDER_C-00000327,LENDER_C,LENDER_C-100327,,TERM_LOAN,ASSET_FINANCE,NGN,150000,150000,150000,2025-01-01,2025-01-01,2026-01-01,365,0.21439,FIXED,MONTHLY,15179.87,MICRO_ENTERPRISE,MICROFINANCE,DEPOSITS_AND_EQUITY,True,CLOSED,2026-08-21,0,0.0,0,CURRENT,False,,False,False,0,0,PTY-LENDER_C-00000327,ANON-LENDER_C-00000327,ORGANISATION,synthetic,WCDS-0.1
FAC-LENDER_C-00000328,LENDER_C,LENDER_C-100328,,TERM_LOAN,GROUP_MICRO,NGN,750000,750000,750000,2026-02-24,2026-02-24,2026-08-23,180,0.318513,FIXED,WEEKLY,33377.16,MICRO_ENTERPRISE,MICROFINANCE,DEPOSITS_AND_EQUITY,False,ACTIVE,2026-08-21,89583.33,91928.55,65,DPD_61_90,False,,False,False,0,0,PTY-LENDER_C-00000328,ANON-LENDER_C-00000328,PERSON,synthetic,WCDS-0.1
FAC-LENDER_C-00000329,LENDER_C,LENDER_C-100329,,TERM_LOAN,STAFF_LOAN,NGN,100000,100000,100000,2026-07-15,2026-07-15,2027-07-15,365,0.132334,FIXED,MONTHLY,9436.12,PERSONAL,MICROFINANCE,DEPOSITS_AND_EQUITY,False,ACTIVE,2026-08-21,89863.01,89863.01,0,CURRENT,False,,False,False,0,0,PTY-LENDER_C-00000329,ANON-LENDER_C-00000329,PERSON,synthetic,WCDS-0.1
FAC-LENDER_C-00000330,LENDER_C,LENDER_C-100330,,TERM_LOAN,ASSET_FINANCE,NGN,100000,100000,100000,2025-07-25,2025-07-25,2026-07-25,365,0.302713,FIXED,MONTHLY,10855.95,MICRO_ENTERPRISE,MICROFINANCE,DEPOSITS_AND_EQUITY,True,DEFAULTED,2026-08-21,15000.0,15373.21,130,DPD_90_PLUS,True,2026-07-12,False,False,0,0,PTY-LENDER_C-00000330,ANON-LENDER_C-00000330,ORGANISATION,synthetic,WCDS-0.1
FAC-LENDER_C-00000331,LENDER_C,LENDER_C-100331,,TERM_LOAN,STAFF_LOAN,NGN,150000,150000,150000,2026-01-29,2026-01-29,2027-01-29,365,0.133518,FIXED,MONTHLY,14168.98,PERSONAL,MICROFINANCE,DEPOSITS_AND_EQUITY,False,ACTIVE,2026-08-21,82414.38,83318.81,65,DPD_61_90,False,,False,False,0,0,PTY-LENDER_C-00000331,ANON-LENDER_C-00000331,PERSON,synthetic,WCDS-0.1
FAC-LENDER_C-00000332,LENDER_C,LENDER_C-100332,,TERM_LOAN,SME_MICRO,NGN,300000,300000,300000,2025-12-22,2025-12-22,2026-09-18,270,0.31448,FIXED,MONTHLY,41087.62,MICRO_ENTERPRISE,MICROFINANCE,DEPOSITS_AND_EQUITY,True,ACTIVE,2026-08-21,31111.11,31111.11,0,CURRENT,False,,False,False,0,0,PTY-LENDER_C-00000332,ANON-LENDER_C-00000332,ORGANISATION,synthetic,WCDS-0.1
FAC-LENDER_C-00000333,LENDER_C,LENDER_C-100333,,TERM_LOAN,GROUP_MICRO,NGN,1000000,1000000,1000000,2025-04-28,2025-04-28,2025-10-25,180,0.313066,FIXED,WEEKLY,44399.57,MICRO_ENTERPRISE,MICROFINANCE,DEPOSITS_AND_EQUITY,False,CLOSED,2026-08-21,0,0.0,0,CURRENT,False,,False,False,0,0,PTY-LENDER_C-00000333,ANON-LENDER_C-00000333,PERSON,synthetic,WCDS-0.1
FAC-LENDER_C-00000334,LENDER_C,LENDER_C-100334,,TERM_LOAN,SME_MICRO,NGN,150000,150000,150000,2026-05-02,2026-05-02,2027-01-27,270,0.352856,FIXED,MONTHLY,21016.95,MICRO_ENTERPRISE,MICROFINANCE,DEPOSITS_AND_EQUITY,False,ACTIVE,2026-08-21,88333.33,88333.33,0,CURRENT,False,,False,False,0,0,PTY-LENDER_C-00000334,ANON-LENDER_C-00000334,ORGANISATION,synthetic,WCDS-0.1
FAC-LENDER_C-00000335,LENDER_C,LENDER_C-100335,,TERM_LOAN,SME_MICRO,NGN,1000000,1000000,1000000,2026-02-05,2026-02-05,2026-11-02,270,0.327571,FIXED,MONTHLY,138034.76,MICRO_ENTERPRISE,MICROFINANCE,DEPOSITS_AND_EQUITY,False,ACTIVE,2026-08-21,282037.04,283808.85,7,DPD_1_30,False,,False,False,0,0,PTY-LENDER_C-00000335,ANON-LENDER_C-00000335,ORGANISATION,synthetic,WCDS-0.1
FAC-LENDER_C-00000336,LENDER_C,LENDER_C-100336,,TERM_LOAN,ASSET_FINANCE,NGN,1000000,1000000,1000000,2025-11-20,2025-11-20,2026-11-20,365,0.295251,FIXED,MONTHLY,107937.56,MICRO_ENTERPRISE,MICROFINANCE,DEPOSITS_AND_EQUITY,True,ACTIVE,2026-08-21,260981.74,262459.5,7,DPD_1_30,False,,False,False,0,0,PTY-LENDER_C-00000336,ANON-LENDER_C-00000336,ORGANISATION,synthetic,WCDS-0.1
FAC-LENDER_C-00000337,LENDER_C,LENDER_C-100337,,TERM_LOAN,SME_MICRO,NGN,150000,150000,150000,2026-03-08,2026-03-08,2026-12-03,270,0.318917,FIXED,MONTHLY,20598.53,MICRO_ENTERPRISE,MICROFINANCE,DEPOSITS_AND_EQUITY,False,ACTIVE,2026-08-21,57777.78,57777.78,0,CURRENT,False,,False,False,0,0,PTY-LENDER_C-00000337,ANON-LENDER_C-00000337,ORGANISATION,synthetic,WCDS-0.1
FAC-LENDER_C-00000338,LENDER_C,LENDER_C-100338,,TERM_LOAN,ASSET_FINANCE,NGN,200000,200000,200000,2026-03-07,2026-03-07,2027-03-07,365,0.202026,FIXED,MONTHLY,20033.77,MICRO_ENTERPRISE,MICROFINANCE,DEPOSITS_AND_EQUITY,True,ACTIVE,2026-08-21,108493.15,108493.15,0,CURRENT,False,,False,False,0,0,PTY-LENDER_C-00000338,ANON-LENDER_C-00000338,ORGANISATION,synthetic,WCDS-0.1
FAC-LENDER_C-00000339,LENDER_C,LENDER_C-100339,,TERM_LOAN,SME_MICRO,NGN,100000,100000,100000,2025-08-14,2025-08-14,2026-05-11,270,0.382968,FIXED,MONTHLY,14258.79,MICRO_ENTERPRISE,MICROFINANCE,DEPOSITS_AND_EQUITY,False,CLOSED,2026-08-21,0,0.0,0,CURRENT,False,,False,False,0,0,PTY-LENDER_C-00000339,ANON-LENDER_C-00000339,ORGANISATION,synthetic,WCDS-0.1
FAC-LENDER_C-00000340,LENDER_C,LENDER_C-100340,,TERM_LOAN,SME_MICRO,NGN,300000,300000,300000,2025-07-09,2025-07-09,2026-04-05,270,0.378526,FIXED,MONTHLY,42666.86,MICRO_ENTERPRISE,MICROFINANCE,DEPOSITS_AND_EQUITY,False,CLOSED,2026-08-21,0,0.0,0,CURRENT,False,,False,False,0,0,PTY-LENDER_C-00000340,ANON-LENDER_C-00000340,ORGANISATION,synthetic,WCDS-0.1
FAC-LENDER_C-00000341,LENDER_C,LENDER_C-100341,,TERM_LOAN,GROUP_MICRO,NGN,3500000,3500000,3500000,2026-04-16,2026-04-16,2026-10-13,180,0.434563,FIXED,WEEKLY,163464.16,MICRO_ENTERPRISE,MICROFINANCE,DEPOSITS_AND_EQUITY,False,ACTIVE,2026-08-21,1030555.56,1030555.56,0,CURRENT,False,,False,False,0,0,PTY-LENDER_C-00000341,ANON-LENDER_C-00000341,PERSON,synthetic,WCDS-0.1
FAC-LENDER_C-00000342,LENDER_C,LENDER_C-100342,,TERM_LOAN,SME_MICRO,NGN,50000,50000,50000,2025-09-23,2025-09-23,2026-06-20,270,0.362041,FIXED,MONTHLY,7043.39,MICRO_ENTERPRISE,MICROFINANCE,DEPOSITS_AND_EQUITY,False,CLOSED,2026-08-21,0,0.0,0,CURRENT,False,,False,False,0,0,PTY-LENDER_C-00000342,ANON-LENDER_C-00000342,ORGANISATION,synthetic,WCDS-0.1
FAC-LENDER_C-00000343,LENDER_C,LENDER_C-100343,,TERM_LOAN,SME_MICRO,NGN,50000,50000,50000,2026-05-30,2026-05-30,2027-02-24,270,0.316587,FIXED,MONTHLY,6856.6,MICRO_ENTERPRISE,MICROFINANCE,DEPOSITS_AND_EQUITY,False,ACTIVE,2026-08-21,34629.63,34629.63,0,CURRENT,False,,False,False,0,0,PTY-LENDER_C-00000343,ANON-LENDER_C-00000343,ORGANISATION,synthetic,WCDS-0.1
FAC-LENDER_C-00000344,LENDER_C,LENDER_C-100344,,TERM_LOAN,STAFF_LOAN,NGN,150000,150000,150000,2025-01-04,2025-01-04,2026-01-04,365,0.182764,FIXED,MONTHLY,14784.55,PERSONAL,MICROFINANCE,DEPOSITS_AND_EQUITY,False,ACTIVE,2026-08-21,3750.0,3778.17,15,DPD_1_30,False,,False,False,0,0,PTY-LENDER_C-00000344,ANON-LENDER_C-00000344,PERSON,synthetic,WCDS-0.1
FAC-LENDER_C-00000345,LENDER_C,LENDER_C-100345,,TERM_LOAN,STAFF_LOAN,NGN,50000,50000,50000,2025-08-06,2025-08-06,2026-08-06,365,0.17844,FIXED,MONTHLY,4910.17,PERSONAL,MICROFINANCE,DEPOSITS_AND_EQUITY,False,CLOSED,2026-08-21,0,0.0,0,CURRENT,False,,False,False,0,0,PTY-LENDER_C-00000345,ANON-LENDER_C-00000345,PERSON,synthetic,WCDS-0.1
FAC-LENDER_C-00000346,LENDER_C,LENDER_C-100346,,TERM_LOAN,ASSET_FINANCE,NGN,75000,75000,75000,2025-05-30,2025-05-30,2026-05-30,365,0.312414,FIXED,MONTHLY,8202.59,MICRO_ENTERPRISE,MICROFINANCE,DEPOSITS_AND_EQUITY,True,WRITTEN_OFF,2026-08-21,862.23,884.37,130,DPD_90_PLUS,True,2026-07-12,True,True,11250.0,1893.46,PTY-LENDER_C-00000346,ANON-LENDER_C-00000346,ORGANISATION,synthetic,WCDS-0.1
FAC-LENDER_C-00000347,LENDER_C,LENDER_C-100347,,TERM_LOAN,STAFF_LOAN,NGN,2000000,2000000,2000000,2026-01-07,2026-01-07,2027-01-07,365,0.173642,FIXED,MONTHLY,195607.0,PERSONAL,MICROFINANCE,DEPOSITS_AND_EQUITY,False,ACTIVE,2026-08-21,761643.84,761643.84,0,CURRENT,False,,False,False,0,0,PTY-LENDER_C-00000347,ANON-LENDER_C-00000347,PERSON,synthetic,WCDS-0.1
FAC-LENDER_C-00000348,LENDER_C,LENDER_C-100348,,TERM_LOAN,GROUP_MICRO,NGN,100000,100000,100000,2026-07-24,2026-07-24,2027-01-20,180,0.367629,FIXED,WEEKLY,4543.45,MICRO_ENTERPRISE,MICROFINANCE,DEPOSITS_AND_EQUITY,False,ACTIVE,2026-08-21,84444.44,84444.44,0,CURRENT,False,,False,False,0,0,PTY-LENDER_C-00000348,ANON-LENDER_C-00000348,PERSON,synthetic,WCDS-0.1
FAC-LENDER_C-00000349,LENDER_C,LENDER_C-100349,,TERM_LOAN,STAFF_LOAN,NGN,75000,75000,75000,2026-03-25,2026-03-25,2027-03-25,365,0.16982,FIXED,MONTHLY,7311.37,PERSONAL,MICROFINANCE,DEPOSITS_AND_EQUITY,False,ACTIVE,2026-08-21,45258.56,45405.96,7,DPD_1_30,False,,False,False,0,0,PTY-LENDER_C-00000349,ANON-LENDER_C-00000349,PERSON,synthetic,WCDS-0.1
FAC-LENDER_C-00000350,LENDER_C,LENDER_C-100350,,TERM_LOAN,STAFF_LOAN,NGN,2000000,2000000,2000000,2025-06-24,2025-06-24,2026-06-24,365,0.165726,FIXED,MONTHLY,194287.65,PERSONAL,MICROFINANCE,DEPOSITS_AND_EQUITY,False,CLOSED,2026-08-21,0,0.0,0,CURRENT,False,,False,False,0,0,PTY-LENDER_C-00000350,ANON-LENDER_C-00000350,PERSON,synthetic,WCDS-0.1
FAC-LENDER_C-00000351,LENDER_C,LENDER_C-100351,,TERM_LOAN,STAFF_LOAN,NGN,150000,150000,150000,2026-05-28,2026-05-28,2027-05-28,365,0.196391,FIXED,MONTHLY,14954.89,PERSONAL,MICROFINANCE,DEPOSITS_AND_EQUITY,False,ACTIVE,2026-08-21,115068.49,115068.49,0,CURRENT,False,,False,False,0,0,PTY-LENDER_C-00000351,ANON-LENDER_C-00000351,PERSON,synthetic,WCDS-0.1
FAC-LENDER_C-00000352,LENDER_C,LENDER_C-100352,,TERM_LOAN,SME_MICRO,NGN,100000,100000,100000,2025-07-09,2025-07-09,2026-04-05,270,0.338065,FIXED,MONTHLY,13889.73,MICRO_ENTERPRISE,MICROFINANCE,DEPOSITS_AND_EQUITY,False,CLOSED,2026-08-21,0,0.0,0,CURRENT,False,,False,False,0,0,PTY-LENDER_C-00000352,ANON-LENDER_C-00000352,ORGANISATION,synthetic,WCDS-0.1
FAC-LENDER_C-00000353,LENDER_C,LENDER_C-100353,,TERM_LOAN,STAFF_LOAN,NGN,3500000,3500000,3500000,2025-01-31,2025-01-31,2026-01-31,365,0.197107,FIXED,MONTHLY,349156.14,PERSONAL,MICROFINANCE,DEPOSITS_AND_EQUITY,False,CLOSED,2026-08-21,0,0.0,0,CURRENT,False,,False,False,0,0,PTY-LENDER_C-00000353,ANON-LENDER_C-00000353,PERSON,synthetic,WCDS-0.1
FAC-LENDER_C-00000354,LENDER_C,LENDER_C-100354,,TERM_LOAN,ASSET_FINANCE,NGN,150000,150000,150000,2026-04-15,2026-04-15,2027-04-15,365,0.224961,FIXED,MONTHLY,15312.01,MICRO_ENTERPRISE,MICROFINANCE,DEPOSITS_AND_EQUITY,True,ACTIVE,2026-08-21,97397.26,97397.26,0,CURRENT,False,,False,False,0,0,PTY-LENDER_C-00000354,ANON-LENDER_C-00000354,ORGANISATION,synthetic,WCDS-0.1
FAC-LENDER_C-00000355,LENDER_C,LENDER_C-100355,,TERM_LOAN,ASSET_FINANCE,NGN,100000,100000,100000,2025-12-16,2025-12-16,2026-12-16,365,0.237052,FIXED,MONTHLY,10308.77,MICRO_ENTERPRISE,MICROFINANCE,DEPOSITS_AND_EQUITY,True,ACTIVE,2026-08-21,32054.79,32054.79,0,CURRENT,False,,False,False,0,0,PTY-LENDER_C-00000355,ANON-LENDER_C-00000355,ORGANISATION,synthetic,WCDS-0.1
FAC-LENDER_C-00000356,LENDER_C,LENDER_C-100356,,TERM_LOAN,ASSET_FINANCE,NGN,750000,750000,750000,2025-07-20,2025-07-20,2026-07-20,365,0.20831,FIXED,MONTHLY,75519.4,MICRO_ENTERPRISE,MICROFINANCE,DEPOSITS_AND_EQUITY,True,CLOSED,2026-08-21,0,0.0,0,CURRENT,False,,False,False,0,0,PTY-LENDER_C-00000356,ANON-LENDER_C-00000356,ORGANISATION,synthetic,WCDS-0.1
FAC-LENDER_C-00000357,LENDER_C,LENDER_C-100357,,TERM_LOAN,GROUP_MICRO,NGN,50000,50000,50000,2026-08-10,2026-08-10,2027-02-06,180,0.342418,FIXED,WEEKLY,2247.81,MICRO_ENTERPRISE,MICROFINANCE,DEPOSITS_AND_EQUITY,False,ACTIVE,2026-08-21,46944.44,46944.44,0,CURRENT,False,,False,False,0,0,PTY-LENDER_C-00000357,ANON-LENDER_C-00000357,PERSON,synthetic,WCDS-0.1
FAC-LENDER_C-00000358,LENDER_C,LENDER_C-100358,,TERM_LOAN,STAFF_LOAN,NGN,750000,750000,750000,2025-06-27,2025-06-27,2026-06-27,365,0.16358,FIXED,MONTHLY,72723.78,PERSONAL,MICROFINANCE,DEPOSITS_AND_EQUITY,False,CLOSED,2026-08-21,0,0.0,0,CURRENT,False,,False,False,0,0,PTY-LENDER_C-00000358,ANON-LENDER_C-00000358,PERSON,synthetic,WCDS-0.1
FAC-LENDER_C-00000359,LENDER_C,LENDER_C-100359,,TERM_LOAN,STAFF_LOAN,NGN,150000,150000,150000,2025-07-13,2025-07-13,2026-07-13,365,0.19528,FIXED,MONTHLY,14941.0,PERSONAL,MICROFINANCE,DEPOSITS_AND_EQUITY,False,ACTIVE,2026-08-21,16250.0,16510.82,65,DPD_61_90,False,,False,False,0,0,PTY-LENDER_C-00000359,ANON-LENDER_C-00000359,PERSON,synthetic,WCDS-0.1
FAC-LENDER_C-00000360,LENDER_C,LENDER_C-100360,,TERM_LOAN,SME_MICRO,NGN,300000,300000,300000,2025-12-29,2025-12-29,2026-09-25,270,0.310832,FIXED,MONTHLY,40997.68,MICRO_ENTERPRISE,MICROFINANCE,DEPOSITS_AND_EQUITY,False,ACTIVE,2026-08-21,38888.89,38888.89,0,CURRENT,False,,False,False,0,0,PTY-LENDER_C-00000360,ANON-LENDER_C-00000360,ORGANISATION,synthetic,WCDS-0.1
FAC-LENDER_C-00000361,LENDER_C,LENDER_C-100361,,TERM_LOAN,SME_MICRO,NGN,750000,750000,750000,2026-04-21,2026-04-21,2027-01-16,270,0.368694,FIXED,MONTHLY,106061.03,MICRO_ENTERPRISE,MICROFINANCE,DEPOSITS_AND_EQUITY,False,ACTIVE,2026-08-21,454861.11,468645.04,35,DPD_31_60,False,,False,False,0,0,PTY-LENDER_C-00000361,ANON-LENDER_C-00000361,ORGANISATION,synthetic,WCDS-0.1
FAC-LENDER_C-00000362,LENDER_C,LENDER_C-100362,,TERM_LOAN,GROUP_MICRO,NGN,300000,300000,300000,2024-12-12,2024-12-12,2025-06-10,180,0.353714,FIXED,WEEKLY,13551.17,MICRO_ENTERPRISE,MICROFINANCE,DEPOSITS_AND_EQUITY,False,CLOSED,2026-08-21,0,0.0,0,CURRENT,False,,False,False,0,0,PTY-LENDER_C-00000362,ANON-LENDER_C-00000362,PERSON,synthetic,WCDS-0.1
FAC-LENDER_C-00000363,LENDER_C,LENDER_C-100363,,TERM_LOAN,STAFF_LOAN,NGN,500000,500000,500000,2026-01-12,2026-01-12,2027-01-12,365,0.162321,FIXED,MONTHLY,48430.05,PERSONAL,MICROFINANCE,DEPOSITS_AND_EQUITY,False,ACTIVE,2026-08-21,197260.27,197260.27,0,CURRENT,False,,False,False,0,0,PTY-LENDER_C-00000363,ANON-LENDER_C-00000363,PERSON,synthetic,WCDS-0.1
FAC-LENDER_C-00000364,LENDER_C,LENDER_C-100364,,TERM_LOAN,ASSET_FINANCE,NGN,2000000,2000000,2000000,2025-07-05,2025-07-05,2026-07-05,365,0.237682,FIXED,MONTHLY,206280.27,MICRO_ENTERPRISE,MICROFINANCE,DEPOSITS_AND_EQUITY,True,CLOSED,2026-08-21,0,0.0,0,CURRENT,False,,False,False,0,0,PTY-LENDER_C-00000364,ANON-LENDER_C-00000364,ORGANISATION,synthetic,WCDS-0.1
FAC-LENDER_C-00000365,LENDER_C,LENDER_C-100365,,TERM_LOAN,ASSET_FINANCE,NGN,200000,200000,200000,2025-12-28,2025-12-28,2026-12-28,365,0.229762,FIXED,MONTHLY,20496.03,MICRO_ENTERPRISE,MICROFINANCE,DEPOSITS_AND_EQUITY,True,ACTIVE,2026-08-21,70684.93,70684.93,0,CURRENT,False,,False,False,0,0,PTY-LENDER_C-00000365,ANON-LENDER_C-00000365,ORGANISATION,synthetic,WCDS-0.1
FAC-LENDER_C-00000366,LENDER_C,LENDER_C-100366,,TERM_LOAN,STAFF_LOAN,NGN,2000000,2000000,2000000,2024-12-16,2024-12-16,2025-12-16,365,0.168959,FIXED,MONTHLY,194826.49,PERSONAL,MICROFINANCE,DEPOSITS_AND_EQUITY,False,CLOSED,2026-08-21,0,0.0,0,CURRENT,False,,False,False,0,0,PTY-LENDER_C-00000366,ANON-LENDER_C-00000366,PERSON,synthetic,WCDS-0.1
FAC-LENDER_C-00000367,LENDER_C,LENDER_C-100367,,TERM_LOAN,STAFF_LOAN,NGN,200000,200000,200000,2025-12-23,2025-12-23,2026-12-23,365,0.140678,FIXED,MONTHLY,19011.3,PERSONAL,MICROFINANCE,DEPOSITS_AND_EQUITY,False,ACTIVE,2026-08-21,67945.21,67945.21,0,CURRENT,False,,False,False,0,0,PTY-LENDER_C-00000367,ANON-LENDER_C-00000367,PERSON,synthetic,WCDS-0.1
FAC-LENDER_C-00000368,LENDER_C,LENDER_C-100368,,TERM_LOAN,SME_MICRO,NGN,100000,100000,100000,2024-12-12,2024-12-12,2025-09-08,270,0.32919,FIXED,MONTHLY,13816.78,MICRO_ENTERPRISE,MICROFINANCE,DEPOSITS_AND_EQUITY,True,CLOSED,2026-08-21,0,0.0,0,CURRENT,False,,False,False,0,0,PTY-LENDER_C-00000368,ANON-LENDER_C-00000368,ORGANISATION,synthetic,WCDS-0.1
FAC-LENDER_C-00000369,LENDER_C,LENDER_C-100369,,TERM_LOAN,ASSET_FINANCE,NGN,75000,75000,75000,2025-11-29,2025-11-29,2026-11-29,365,0.257243,FIXED,MONTHLY,7857.77,MICRO_ENTERPRISE,MICROFINANCE,DEPOSITS_AND_EQUITY,True,ACTIVE,2026-08-21,20547.95,20547.95,0,CURRENT,False,,False,False,0,0,PTY-LENDER_C-00000369,ANON-LENDER_C-00000369,ORGANISATION,synthetic,WCDS-0.1
FAC-LENDER_C-00000370,LENDER_C,LENDER_C-100370,,TERM_LOAN,GROUP_MICRO,NGN,100000,100000,100000,2026-04-16,2026-04-16,2026-10-13,180,0.445101,FIXED,WEEKLY,4690.39,MICRO_ENTERPRISE,MICROFINANCE,DEPOSITS_AND_EQUITY,False,ACTIVE,2026-08-21,35277.78,36568.37,35,DPD_31_60,False,,False,False,0,0,PTY-LENDER_C-00000370,ANON-LENDER_C-00000370,PERSON,synthetic,WCDS-0.1
FAC-LENDER_C-00000371,LENDER_C,LENDER_C-100371,,TERM_LOAN,ASSET_FINANCE,NGN,3500000,3500000,3500000,2025-06-15,2025-06-15,2026-06-15,365,0.302195,FIXED,MONTHLY,379806.9,MICRO_ENTERPRISE,MICROFINANCE,DEPOSITS_AND_EQUITY,True,CLOSED,2026-08-21,0,0.0,0,CURRENT,False,,False,False,0,0,PTY-LENDER_C-00000371,ANON-LENDER_C-00000371,ORGANISATION,synthetic,WCDS-0.1
FAC-LENDER_C-00000372,LENDER_C,LENDER_C-100372,,TERM_LOAN,SME_MICRO,NGN,50000,50000,50000,2025-10-31,2025-10-31,2026-07-28,270,0.350273,FIXED,MONTHLY,6995.03,MICRO_ENTERPRISE,MICROFINANCE,DEPOSITS_AND_EQUITY,True,CLOSED,2026-08-21,0,0.0,0,CURRENT,False,,False,False,0,0,PTY-LENDER_C-00000372,ANON-LENDER_C-00000372,ORGANISATION,synthetic,WCDS-0.1
FAC-LENDER_C-00000373,LENDER_C,LENDER_C-100373,,TERM_LOAN,SME_MICRO,NGN,2000000,2000000,2000000,2026-07-14,2026-07-14,2027-04-10,270,0.32578,FIXED,MONTHLY,275775.13,MICRO_ENTERPRISE,MICROFINANCE,DEPOSITS_AND_EQUITY,True,ACTIVE,2026-08-21,1718518.52,1718518.52,0,CURRENT,False,,False,False,0,0,PTY-LENDER_C-00000373,ANON-LENDER_C-00000373,ORGANISATION,synthetic,WCDS-0.1
FAC-LENDER_C-00000374,LENDER_C,LENDER_C-100374,,TERM_LOAN,STAFF_LOAN,NGN,300000,300000,300000,2025-07-05,2025-07-05,2026-07-05,365,0.129184,FIXED,MONTHLY,28229.6,PERSONAL,MICROFINANCE,DEPOSITS_AND_EQUITY,False,ACTIVE,2026-08-21,17500.0,17685.81,35,DPD_31_60,False,,False,False,0,0,PTY-LENDER_C-00000374,ANON-LENDER_C-00000374,PERSON,synthetic,WCDS-0.1
FAC-LENDER_C-00000375,LENDER_C,LENDER_C-100375,,TERM_LOAN,STAFF_LOAN,NGN,50000,50000,50000,2025-01-20,2025-01-20,2026-01-20,365,0.17024,FIXED,MONTHLY,4876.0,PERSONAL,MICROFINANCE,DEPOSITS_AND_EQUITY,False,DEFAULTED,2026-08-21,7500.0,7604.94,95,DPD_90_PLUS,True,2026-08-16,False,False,0,0,PTY-LENDER_C-00000375,ANON-LENDER_C-00000375,PERSON,synthetic,WCDS-0.1
FAC-LENDER_C-00000376,LENDER_C,LENDER_C-100376,,TERM_LOAN,ASSET_FINANCE,NGN,1000000,1000000,1000000,2025-10-10,2025-10-10,2026-10-10,365,0.226208,FIXED,MONTHLY,102184.01,MICRO_ENTERPRISE,MICROFINANCE,DEPOSITS_AND_EQUITY,True,ACTIVE,2026-08-21,136986.3,136986.3,0,CURRENT,False,,False,False,0,0,PTY-LENDER_C-00000376,ANON-LENDER_C-00000376,ORGANISATION,synthetic,WCDS-0.1
FAC-LENDER_C-00000377,LENDER_C,LENDER_C-100377,,TERM_LOAN,ASSET_FINANCE,NGN,50000,50000,50000,2026-01-14,2026-01-14,2027-01-14,365,0.226554,FIXED,MONTHLY,5110.64,MICRO_ENTERPRISE,MICROFINANCE,DEPOSITS_AND_EQUITY,True,ACTIVE,2026-08-21,20000.0,20000.0,0,CURRENT,False,,False,False,0,0,PTY-LENDER_C-00000377,ANON-LENDER_C-00000377,ORGANISATION,synthetic,WCDS-0.1
FAC-LENDER_C-00000378,LENDER_C,LENDER_C-100378,,TERM_LOAN,SME_MICRO,NGN,50000,50000,50000,2026-01-24,2026-01-24,2026-10-21,270,0.379458,FIXED,MONTHLY,7114.97,MICRO_ENTERPRISE,MICROFINANCE,DEPOSITS_AND_EQUITY,False,ACTIVE,2026-08-21,11296.3,11296.3,0,CURRENT,False,,False,False,0,0,PTY-LENDER_C-00000378,ANON-LENDER_C-00000378,ORGANISATION,synthetic,WCDS-0.1
FAC-LENDER_C-00000379,LENDER_C,LENDER_C-100379,,TERM_LOAN,ASSET_FINANCE,NGN,150000,150000,150000,2025-05-07,2025-05-07,2026-05-07,365,0.224949,FIXED,MONTHLY,15311.87,MICRO_ENTERPRISE,MICROFINANCE,DEPOSITS_AND_EQUITY,True,ACTIVE,2026-08-21,1750.0,1757.55,7,DPD_1_30,False,,False,False,0,0,PTY-LENDER_C-00000379,ANON-LENDER_C-00000379,ORGANISATION,synthetic,WCDS-0.1
FAC-LENDER_C-00000380,LENDER_C,LENDER_C-100380,,TERM_LOAN,GROUP_MICRO,NGN,50000,50000,50000,2025-01-23,2025-01-23,2025-07-22,180,0.362353,FIXED,WEEKLY,2266.72,MICRO_ENTERPRISE,MICROFINANCE,DEPOSITS_AND_EQUITY,False,ACTIVE,2026-08-21,1250.0,1268.61,15,DPD_1_30,False,,False,False,0,0,PTY-LENDER_C-00000380,ANON-LENDER_C-00000380,PERSON,synthetic,WCDS-0.1
FAC-LENDER_C-00000381,LENDER_C,LENDER_C-100381,,TERM_LOAN,ASSET_FINANCE,NGN,500000,500000,500000,2024-12-23,2024-12-23,2025-12-23,365,0.285291,FIXED,MONTHLY,53553.78,MICRO_ENTERPRISE,MICROFINANCE,DEPOSITS_AND_EQUITY,True,DEFAULTED,2026-08-21,75000.0,76758.64,95,DPD_90_PLUS,True,2026-08-16,False,False,0,0,PTY-LENDER_C-00000381,ANON-LENDER_C-00000381,ORGANISATION,synthetic,WCDS-0.1
FAC-LENDER_C-00000382,LENDER_C,LENDER_C-100382,,TERM_LOAN,ASSET_FINANCE,NGN,75000,75000,75000,2025-04-22,2025-04-22,2026-04-22,365,0.27952,FIXED,MONTHLY,7997.0,MICRO_ENTERPRISE,MICROFINANCE,DEPOSITS_AND_EQUITY,True,CLOSED,2026-08-21,0,0.0,0,CURRENT,False,,False,False,0,0,PTY-LENDER_C-00000382,ANON-LENDER_C-00000382,ORGANISATION,synthetic,WCDS-0.1
FAC-LENDER_C-00000383,LENDER_C,LENDER_C-100383,,TERM_LOAN,SME_MICRO,NGN,1000000,1000000,1000000,2025-08-01,2025-08-01,2026-04-28,270,0.316252,FIXED,MONTHLY,137104.41,MICRO_ENTERPRISE,MICROFINANCE,DEPOSITS_AND_EQUITY,False,DEFAULTED,2026-08-21,150000.0,153898.99,95,DPD_90_PLUS,True,2026-08-16,False,False,0,0,PTY-LENDER_C-00000383,ANON-LENDER_C-00000383,ORGANISATION,synthetic,WCDS-0.1
FAC-LENDER_C-00000384,LENDER_C,LENDER_C-100384,,TERM_LOAN,SME_MICRO,NGN,750000,750000,750000,2026-03-01,2026-03-01,2026-11-26,270,0.35314,FIXED,MONTHLY,105102.25,MICRO_ENTERPRISE,MICROFINANCE,DEPOSITS_AND_EQUITY,False,ACTIVE,2026-08-21,269444.44,269444.44,0,CURRENT,False,,False,False,0,0,PTY-LENDER_C-00000384,ANON-LENDER_C-00000384,ORGANISATION,synthetic,WCDS-0.1
FAC-LENDER_C-00000385,LENDER_C,LENDER_C-100385,,TERM_LOAN,SME_MICRO,NGN,50000,50000,50000,2025-06-27,2025-06-27,2026-03-24,270,0.399282,FIXED,MONTHLY,7196.44,MICRO_ENTERPRISE,MICROFINANCE,DEPOSITS_AND_EQUITY,True,CLOSED,2026-08-21,0,0.0,0,CURRENT,False,,False,False,0,0,PTY-LENDER_C-00000385,ANON-LENDER_C-00000385,ORGANISATION,synthetic,WCDS-0.1
FAC-LENDER_C-00000386,LENDER_C,LENDER_C-100386,,TERM_LOAN,SME_MICRO,NGN,200000,200000,200000,2025-05-17,2025-05-17,2026-02-11,270,0.304529,FIXED,MONTHLY,27228.18,MICRO_ENTERPRISE,MICROFINANCE,DEPOSITS_AND_EQUITY,False,CLOSED,2026-08-21,0,0.0,0,CURRENT,False,,False,False,0,0,PTY-LENDER_C-00000386,ANON-LENDER_C-00000386,ORGANISATION,synthetic,WCDS-0.1
FAC-LENDER_C-00000387,LENDER_C,LENDER_C-100387,,TERM_LOAN,GROUP_MICRO,NGN,750000,750000,750000,2025-05-31,2025-05-31,2025-11-27,180,0.403839,FIXED,WEEKLY,34590.96,MICRO_ENTERPRISE,MICROFINANCE,DEPOSITS_AND_EQUITY,False,CLOSED,2026-08-21,0,0.0,0,CURRENT,False,,False,False,0,0,PTY-LENDER_C-00000387,ANON-LENDER_C-00000387,PERSON,synthetic,WCDS-0.1
FAC-LENDER_C-00000388,LENDER_C,LENDER_C-100388,,TERM_LOAN,GROUP_MICRO,NGN,100000,100000,100000,2025-10-31,2025-10-31,2026-04-29,180,0.371758,FIXED,WEEKLY,4551.28,MICRO_ENTERPRISE,MICROFINANCE,DEPOSITS_AND_EQUITY,False,CLOSED,2026-08-21,0,0.0,0,CURRENT,False,,False,False,0,0,PTY-LENDER_C-00000388,ANON-LENDER_C-00000388,PERSON,synthetic,WCDS-0.1
FAC-LENDER_C-00000389,LENDER_C,LENDER_C-100389,,TERM_LOAN,ASSET_FINANCE,NGN,750000,750000,750000,2026-02-18,2026-02-18,2027-02-18,365,0.308421,FIXED,MONTHLY,81776.34,MICRO_ENTERPRISE,MICROFINANCE,DEPOSITS_AND_EQUITY,True,ACTIVE,2026-08-21,371917.81,371917.81,0,CURRENT,False,,True,False,0,0,PTY-LENDER_C-00000389,ANON-LENDER_C-00000389,ORGANISATION,synthetic,WCDS-0.1
FAC-LENDER_C-00000390,LENDER_C,LENDER_C-100390,,TERM_LOAN,SME_MICRO,NGN,1000000,1000000,1000000,2026-06-03,2026-06-03,2027-02-28,270,0.366009,FIXED,MONTHLY,141194.02,MICRO_ENTERPRISE,MICROFINANCE,DEPOSITS_AND_EQUITY,False,DEFAULTED,2026-08-21,857407.41,883200.71,95,DPD_90_PLUS,True,2026-08-16,False,False,0,0,PTY-LENDER_C-00000390,ANON-LENDER_C-00000390,ORGANISATION,synthetic,WCDS-0.1
FAC-LENDER_C-00000391,LENDER_C,LENDER_C-100391,,TERM_LOAN,STAFF_LOAN,NGN,100000,100000,100000,2026-02-25,2026-02-25,2027-02-25,365,0.121311,FIXED,MONTHLY,9344.26,PERSONAL,MICROFINANCE,DEPOSITS_AND_EQUITY,False,ACTIVE,2026-08-21,51506.85,51506.85,0,CURRENT,False,,False,False,0,0,PTY-LENDER_C-00000391,ANON-LENDER_C-00000391,PERSON,synthetic,WCDS-0.1
FAC-LENDER_C-00000392,LENDER_C,LENDER_C-100392,,TERM_LOAN,STAFF_LOAN,NGN,200000,200000,200000,2025-01-29,2025-01-29,2026-01-29,365,0.155148,FIXED,MONTHLY,19252.46,PERSONAL,MICROFINANCE,DEPOSITS_AND_EQUITY,False,CLOSED,2026-08-21,0,0.0,0,CURRENT,False,,False,False,0,0,PTY-LENDER_C-00000392,ANON-LENDER_C-00000392,PERSON,synthetic,WCDS-0.1
FAC-LENDER_C-00000393,LENDER_C,LENDER_C-100393,,TERM_LOAN,STAFF_LOAN,NGN,300000,300000,300000,2025-11-18,2025-11-18,2026-11-18,365,0.171375,FIXED,MONTHLY,29284.39,PERSONAL,MICROFINANCE,DEPOSITS_AND_EQUITY,False,ACTIVE,2026-08-21,73150.68,73150.68,0,CURRENT,False,,False,False,0,0,PTY-LENDER_C-00000393,ANON-LENDER_C-00000393,PERSON,synthetic,WCDS-0.1
FAC-LENDER_C-00000394,LENDER_C,LENDER_C-100394,,TERM_LOAN,ASSET_FINANCE,NGN,50000,50000,50000,2025-07-12,2025-07-12,2026-07-12,365,0.312286,FIXED,MONTHLY,5467.86,MICRO_ENTERPRISE,MICROFINANCE,DEPOSITS_AND_EQUITY,True,CLOSED,2026-08-21,0,0.0,0,CURRENT,False,,False,False,0,0,PTY-LENDER_C-00000394,ANON-LENDER_C-00000394,ORGANISATION,synthetic,WCDS-0.1
FAC-LENDER_C-00000395,LENDER_C,LENDER_C-100395,,TERM_LOAN,STAFF_LOAN,NGN,3500000,3500000,3500000,2026-03-13,2026-03-13,2027-03-13,365,0.132327,FIXED,MONTHLY,330262.01,PERSONAL,MICROFINANCE,DEPOSITS_AND_EQUITY,False,ACTIVE,2026-08-21,1956164.38,1956164.38,0,CURRENT,False,,False,False,0,0,PTY-LENDER_C-00000395,ANON-LENDER_C-00000395,PERSON,synthetic,WCDS-0.1
FAC-LENDER_C-00000396,LENDER_C,LENDER_C-100396,,TERM_LOAN,ASSET_FINANCE,NGN,500000,500000,500000,2025-07-04,2025-07-04,2026-07-04,365,0.218666,FIXED,MONTHLY,50777.76,MICRO_ENTERPRISE,MICROFINANCE,DEPOSITS_AND_EQUITY,True,ACTIVE,2026-08-21,5833.33,5857.8,7,DPD_1_30,False,,False,False,0,0,PTY-LENDER_C-00000396,ANON-LENDER_C-00000396,ORGANISATION,synthetic,WCDS-0.1
FAC-LENDER_C-00000397,LENDER_C,LENDER_C-100397,,TERM_LOAN,SME_MICRO,NGN,750000,750000,750000,2026-01-31,2026-01-31,2026-10-28,270,0.310567,FIXED,MONTHLY,102477.86,MICRO_ENTERPRISE,MICROFINANCE,DEPOSITS_AND_EQUITY,True,ACTIVE,2026-08-21,188888.89,188888.89,0,CURRENT,False,,False,False,0,0,PTY-LENDER_C-00000397,ANON-LENDER_C-00000397,ORGANISATION,synthetic,WCDS-0.1
FAC-LENDER_C-00000398,LENDER_C,LENDER_C-100398,,TERM_LOAN,GROUP_MICRO,NGN,50000,50000,50000,2026-04-11,2026-04-11,2026-10-08,180,0.415413,FIXED,WEEKLY,2317.04,MICRO_ENTERPRISE,MICROFINANCE,DEPOSITS_AND_EQUITY,False,ACTIVE,2026-08-21,13333.33,13333.33,0,CURRENT,False,,False,False,0,0,PTY-LENDER_C-00000398,ANON-LENDER_C-00000398,PERSON,synthetic,WCDS-0.1
FAC-LENDER_C-00000399,LENDER_C,LENDER_C-100399,,TERM_LOAN,STAFF_LOAN,NGN,2000000,2000000,2000000,2026-06-21,2026-06-21,2027-06-21,365,0.198602,FIXED,MONTHLY,199766.94,PERSONAL,MICROFINANCE,DEPOSITS_AND_EQUITY,False,ACTIVE,2026-08-21,1665753.42,1665753.42,0,CURRENT,False,,False,False,0,0,PTY-LENDER_C-00000399,ANON-LENDER_C-00000399,PERSON,synthetic,WCDS-0.1
FAC-LENDER_C-00000400,LENDER_C,LENDER_C-100400,,TERM_LOAN,STAFF_LOAN,NGN,200000,200000,200000,2026-07-06,2026-07-06,2027-07-06,365,0.123959,FIXED,MONTHLY,18732.65,PERSONAL,MICROFINANCE,DEPOSITS_AND_EQUITY,False,ACTIVE,2026-08-21,179794.52,180710.43,15,DPD_1_30,False,,False,False,0,0,PTY-LENDER_C-00000400,ANON-LENDER_C-00000400,PERSON,synthetic,WCDS-0.1
FAC-LENDER_C-00000401,LENDER_C,LENDER_C-100401,,TERM_LOAN,ASSET_FINANCE,NGN,300000,300000,300000,2026-02-10,2026-02-10,2027-02-10,365,0.242303,FIXED,MONTHLY,31057.57,MICRO_ENTERPRISE,MICROFINANCE,DEPOSITS_AND_EQUITY,True,ACTIVE,2026-08-21,142191.78,142191.78,0,CURRENT,False,,False,False,0,0,PTY-LENDER_C-00000401,ANON-LENDER_C-00000401,ORGANISATION,synthetic,WCDS-0.1
FAC-LENDER_C-00000402,LENDER_C,LENDER_C-100402,,TERM_LOAN,SME_MICRO,NGN,100000,100000,100000,2025-07-10,2025-07-10,2026-04-06,270,0.387688,FIXED,MONTHLY,14297.59,MICRO_ENTERPRISE,MICROFINANCE,DEPOSITS_AND_EQUITY,False,ACTIVE,2026-08-21,1166.67,1175.34,7,DPD_1_30,False,,False,False,0,0,PTY-LENDER_C-00000402,ANON-LENDER_C-00000402,ORGANISATION,synthetic,WCDS-0.1
FAC-LENDER_C-00000403,LENDER_C,LENDER_C-100403,,TERM_LOAN,ASSET_FINANCE,NGN,100000,100000,100000,2026-03-17,2026-03-17,2027-03-17,365,0.221815,FIXED,MONTHLY,10181.79,MICRO_ENTERPRISE,MICROFINANCE,DEPOSITS_AND_EQUITY,True,ACTIVE,2026-08-21,56986.3,56986.3,0,CURRENT,False,,False,False,0,0,PTY-LENDER_C-00000403,ANON-LENDER_C-00000403,ORGANISATION,synthetic,WCDS-0.1
FAC-LENDER_C-00000404,LENDER_C,LENDER_C-100404,,TERM_LOAN,STAFF_LOAN,NGN,150000,150000,150000,2026-01-24,2026-01-24,2027-01-24,365,0.140854,FIXED,MONTHLY,14260.67,PERSONAL,MICROFINANCE,DEPOSITS_AND_EQUITY,False,ACTIVE,2026-08-21,65859.59,66037.5,7,DPD_1_30,False,,False,False,0,0,PTY-LENDER_C-00000404,ANON-LENDER_C-00000404,PERSON,synthetic,WCDS-0.1
FAC-LENDER_C-00000405,LENDER_C,LENDER_C-100405,,TERM_LOAN,ASSET_FINANCE,NGN,200000,200000,200000,2025-05-15,2025-05-15,2026-05-15,365,0.22346,FIXED,MONTHLY,20391.0,MICRO_ENTERPRISE,MICROFINANCE,DEPOSITS_AND_EQUITY,True,ACTIVE,2026-08-21,11666.67,11880.94,35,DPD_31_60,False,,False,False,0,0,PTY-LENDER_C-00000405,ANON-LENDER_C-00000405,ORGANISATION,synthetic,WCDS-0.1
FAC-LENDER_C-00000406,LENDER_C,LENDER_C-100406,,TERM_LOAN,ASSET_FINANCE,NGN,50000,50000,50000,2025-11-07,2025-11-07,2026-11-07,365,0.259891,FIXED,MONTHLY,5249.55,MICRO_ENTERPRISE,MICROFINANCE,DEPOSITS_AND_EQUITY,True,ACTIVE,2026-08-21,10684.93,10684.93,0,CURRENT,False,,False,False,0,0,PTY-LENDER_C-00000406,ANON-LENDER_C-00000406,ORGANISATION,synthetic,WCDS-0.1
FAC-LENDER_C-00000407,LENDER_C,LENDER_C-100407,,TERM_LOAN,ASSET_FINANCE,NGN,75000,75000,75000,2025-09-25,2025-09-25,2026-09-25,365,0.244903,FIXED,MONTHLY,7780.64,MICRO_ENTERPRISE,MICROFINANCE,DEPOSITS_AND_EQUITY,True,ACTIVE,2026-08-21,7191.78,7191.78,0,CURRENT,False,,False,False,0,0,PTY-LENDER_C-00000407,ANON-LENDER_C-00000407,ORGANISATION,synthetic,WCDS-0.1
FAC-LENDER_C-00000408,LENDER_C,LENDER_C-100408,,TERM_LOAN,STAFF_LOAN,NGN,500000,500000,500000,2026-01-09,2026-01-09,2027-01-09,365,0.192302,FIXED,MONTHLY,49679.25,PERSONAL,MICROFINANCE,DEPOSITS_AND_EQUITY,False,ACTIVE,2026-08-21,193150.68,193150.68,0,CURRENT,False,,False,False,0,0,PTY-LENDER_C-00000408,ANON-LENDER_C-00000408,PERSON,synthetic,WCDS-0.1
FAC-LENDER_C-00000409,LENDER_C,LENDER_C-100409,,TERM_LOAN,STAFF_LOAN,NGN,750000,750000,750000,2025-04-13,2025-04-13,2026-04-13,365,0.141441,FIXED,MONTHLY,71340.04,PERSONAL,MICROFINANCE,DEPOSITS_AND_EQUITY,False,CLOSED,2026-08-21,0,0.0,0,CURRENT,False,,False,False,0,0,PTY-LENDER_C-00000409,ANON-LENDER_C-00000409,PERSON,synthetic,WCDS-0.1
FAC-LENDER_C-00000410,LENDER_C,LENDER_C-100410,,TERM_LOAN,GROUP_MICRO,NGN,500000,500000,500000,2025-08-19,2025-08-19,2026-02-15,180,0.325574,FIXED,WEEKLY,22318.41,MICRO_ENTERPRISE,MICROFINANCE,DEPOSITS_AND_EQUITY,False,CLOSED,2026-08-21,0,0.0,0,CURRENT,False,,False,False,0,0,PTY-LENDER_C-00000410,ANON-LENDER_C-00000410,PERSON,synthetic,WCDS-0.1
FAC-LENDER_C-00000411,LENDER_C,LENDER_C-100411,,TERM_LOAN,SME_MICRO,NGN,100000,100000,100000,2026-04-14,2026-04-14,2027-01-09,270,0.35255,FIXED,MONTHLY,14008.79,MICRO_ENTERPRISE,MICROFINANCE,DEPOSITS_AND_EQUITY,False,ACTIVE,2026-08-21,52222.22,52222.22,0,CURRENT,False,,False,False,0,0,PTY-LENDER_C-00000411,ANON-LENDER_C-00000411,ORGANISATION,synthetic,WCDS-0.1
FAC-LENDER_C-00000412,LENDER_C,LENDER_C-100412,,TERM_LOAN,SME_MICRO,NGN,2000000,2000000,2000000,2024-12-24,2024-12-24,2025-09-20,270,0.394606,FIXED,MONTHLY,287088.97,MICRO_ENTERPRISE,MICROFINANCE,DEPOSITS_AND_EQUITY,False,CLOSED,2026-08-21,0,0.0,0,CURRENT,False,,False,False,0,0,PTY-LENDER_C-00000412,ANON-LENDER_C-00000412,ORGANISATION,synthetic,WCDS-0.1
FAC-LENDER_C-00000413,LENDER_C,LENDER_C-100413,,TERM_LOAN,STAFF_LOAN,NGN,100000,100000,100000,2025-10-12,2025-10-12,2026-10-12,365,0.132334,FIXED,MONTHLY,9436.11,PERSONAL,MICROFINANCE,DEPOSITS_AND_EQUITY,False,ACTIVE,2026-08-21,14246.58,14246.58,0,CURRENT,False,,False,False,0,0,PTY-LENDER_C-00000413,ANON-LENDER_C-00000413,PERSON,synthetic,WCDS-0.1
FAC-LENDER_C-00000414,LENDER_C,LENDER_C-100414,,TERM_LOAN,ASSET_FINANCE,NGN,2000000,2000000,2000000,2025-03-03,2025-03-03,2026-03-03,365,0.245238,FIXED,MONTHLY,207539.66,MICRO_ENTERPRISE,MICROFINANCE,DEPOSITS_AND_EQUITY,True,CLOSED,2026-08-21,0,0.0,0,CURRENT,False,,False,False,0,0,PTY-LENDER_C-00000414,ANON-LENDER_C-00000414,ORGANISATION,synthetic,WCDS-0.1
FAC-LENDER_C-00000415,LENDER_C,LENDER_C-100415,,TERM_LOAN,SME_MICRO,NGN,3500000,3500000,3500000,2026-07-01,2026-07-01,2027-03-28,270,0.320757,FIXED,MONTHLY,481161.48,MICRO_ENTERPRISE,MICROFINANCE,DEPOSITS_AND_EQUITY,False,ACTIVE,2026-08-21,2838888.89,2838888.89,0,CURRENT,False,,False,False,0,0,PTY-LENDER_C-00000415,ANON-LENDER_C-00000415,ORGANISATION,synthetic,WCDS-0.1
FAC-LENDER_C-00000416,LENDER_C,LENDER_C-100416,,TERM_LOAN,GROUP_MICRO,NGN,3500000,3500000,3500000,2026-05-18,2026-05-18,2026-11-14,180,0.386084,FIXED,WEEKLY,160245.86,MICRO_ENTERPRISE,MICROFINANCE,DEPOSITS_AND_EQUITY,False,ACTIVE,2026-08-21,1652777.78,1652777.78,0,CURRENT,False,,False,False,0,0,PTY-LENDER_C-00000416,ANON-LENDER_C-00000416,PERSON,synthetic,WCDS-0.1
FAC-LENDER_C-00000417,LENDER_C,LENDER_C-100417,,TERM_LOAN,ASSET_FINANCE,NGN,1000000,1000000,1000000,2026-04-18,2026-04-18,2027-04-18,365,0.220747,FIXED,MONTHLY,101728.96,MICRO_ENTERPRISE,MICROFINANCE,DEPOSITS_AND_EQUITY,True,ACTIVE,2026-08-21,669200.91,672033.98,7,DPD_1_30,False,,False,False,0,0,PTY-LENDER_C-00000417,ANON-LENDER_C-00000417,ORGANISATION,synthetic,WCDS-0.1
FAC-LENDER_C-00000418,LENDER_C,LENDER_C-100418,,TERM_LOAN,STAFF_LOAN,NGN,200000,200000,200000,2026-08-03,2026-08-03,2027-08-03,365,0.162863,FIXED,MONTHLY,19381.05,PERSONAL,MICROFINANCE,DEPOSITS_AND_EQUITY,False,ACTIVE,2026-08-21,190136.99,190136.99,0,CURRENT,False,,False,False,0,0,PTY-LENDER_C-00000418,ANON-LENDER_C-00000418,PERSON,synthetic,WCDS-0.1
FAC-LENDER_C-00000419,LENDER_C,LENDER_C-100419,,TERM_LOAN,STAFF_LOAN,NGN,200000,200000,200000,2025-10-03,2025-10-03,2026-10-03,365,0.162979,FIXED,MONTHLY,19382.98,PERSONAL,MICROFINANCE,DEPOSITS_AND_EQUITY,False,ACTIVE,2026-08-21,25894.98,25975.91,7,DPD_1_30,False,,False,False,0,0,PTY-LENDER_C-00000419,ANON-LENDER_C-00000419,PERSON,synthetic,WCDS-0.1
FAC-LENDER_C-00000420,LENDER_C,LENDER_C-100420,,TERM_LOAN,STAFF_LOAN,NGN,750000,750000,750000,2025-02-20,2025-02-20,2026-02-20,365,0.151061,FIXED,MONTHLY,71941.34,PERSONAL,MICROFINANCE,DEPOSITS_AND_EQUITY,False,CLOSED,2026-08-21,0,0.0,0,CURRENT,False,,False,False,0,0,PTY-LENDER_C-00000420,ANON-LENDER_C-00000420,PERSON,synthetic,WCDS-0.1
FAC-LENDER_C-00000421,LENDER_C,LENDER_C-100421,,TERM_LOAN,STAFF_LOAN,NGN,200000,200000,200000,2025-06-29,2025-06-29,2026-06-29,365,0.196781,FIXED,MONTHLY,19946.35,PERSONAL,MICROFINANCE,DEPOSITS_AND_EQUITY,False,ACTIVE,2026-08-21,2333.33,2342.14,7,DPD_1_30,False,,False,False,0,0,PTY-LENDER_C-00000421,ANON-LENDER_C-00000421,PERSON,synthetic,WCDS-0.1
FAC-LENDER_C-00000422,LENDER_C,LENDER_C-100422,,TERM_LOAN,ASSET_FINANCE,NGN,3500000,3500000,3500000,2026-02-08,2026-02-08,2027-02-08,365,0.252241,FIXED,MONTHLY,365237.05,MICRO_ENTERPRISE,MICROFINANCE,DEPOSITS_AND_EQUITY,True,ACTIVE,2026-08-21,1639726.03,1639726.03,0,CURRENT,False,,False,False,0,0,PTY-LENDER_C-00000422,ANON-LENDER_C-00000422,ORGANISATION,synthetic,WCDS-0.1
FAC-LENDER_C-00000423,LENDER_C,LENDER_C-100423,,TERM_LOAN,SME_MICRO,NGN,100000,100000,100000,2026-06-07,2026-06-07,2027-03-04,270,0.391619,FIXED,MONTHLY,14329.9,MICRO_ENTERPRISE,MICROFINANCE,DEPOSITS_AND_EQUITY,True,ACTIVE,2026-08-21,72222.22,72222.22,0,CURRENT,False,,False,False,0,0,PTY-LENDER_C-00000423,ANON-LENDER_C-00000423,ORGANISATION,synthetic,WCDS-0.1
FAC-LENDER_C-00000424,LENDER_C,LENDER_C-100424,,TERM_LOAN,ASSET_FINANCE,NGN,750000,750000,750000,2025-03-06,2025-03-06,2026-03-06,365,0.226035,FIXED,MONTHLY,76627.19,MICRO_ENTERPRISE,MICROFINANCE,DEPOSITS_AND_EQUITY,True,ACTIVE,2026-08-21,81250.0,82759.48,65,DPD_61_90,False,,False,False,0,0,PTY-LENDER_C-00000424,ANON-LENDER_C-00000424,ORGANISATION,synthetic,WCDS-0.1
FAC-LENDER_C-00000425,LENDER_C,LENDER_C-100425,,TERM_LOAN,STAFF_LOAN,NGN,100000,100000,100000,2025-06-21,2025-06-21,2026-06-21,365,0.189016,FIXED,MONTHLY,9908.47,PERSONAL,MICROFINANCE,DEPOSITS_AND_EQUITY,False,CLOSED,2026-08-21,0,0.0,0,CURRENT,False,,False,False,0,0,PTY-LENDER_C-00000425,ANON-LENDER_C-00000425,PERSON,synthetic,WCDS-0.1
FAC-LENDER_C-00000426,LENDER_C,LENDER_C-100426,,TERM_LOAN,SME_MICRO,NGN,1000000,1000000,1000000,2026-04-20,2026-04-20,2027-01-15,270,0.353556,FIXED,MONTHLY,140170.5,MICRO_ENTERPRISE,MICROFINANCE,DEPOSITS_AND_EQUITY,False,ACTIVE,2026-08-21,556111.11,559881.84,7,DPD_1_30,False,,False,False,0,0,PTY-LENDER_C-00000426,ANON-LENDER_C-00000426,ORGANISATION,synthetic,WCDS-0.1
FAC-LENDER_C-00000427,LENDER_C,LENDER_C-100427,,TERM_LOAN,SME_MICRO,NGN,50000,50000,50000,2025-08-20,2025-08-20,2026-05-17,270,0.306321,FIXED,MONTHLY,6814.41,MICRO_ENTERPRISE,MICROFINANCE,DEPOSITS_AND_EQUITY,True,DEFAULTED,2026-08-21,7500.0,7688.83,95,DPD_90_PLUS,True,2026-08-16,False,False,0,0,PTY-LENDER_C-00000427,ANON-LENDER_C-00000427,ORGANISATION,synthetic,WCDS-0.1
FAC-LENDER_C-00000428,LENDER_C,LENDER_C-100428,,TERM_LOAN,GROUP_MICRO,NGN,300000,300000,300000,2026-06-25,2026-06-25,2026-12-22,180,0.380886,FIXED,WEEKLY,13705.78,MICRO_ENTERPRISE,MICROFINANCE,DEPOSITS_AND_EQUITY,False,ACTIVE,2026-08-21,205000.0,205000.0,0,CURRENT,False,,False,False,0,0,PTY-LENDER_C-00000428,ANON-LENDER_C-00000428,PERSON,synthetic,WCDS-0.1
FAC-LENDER_C-00000429,LENDER_C,LENDER_C-100429,,TERM_LOAN,GROUP_MICRO,NGN,300000,300000,300000,2025-01-22,2025-01-22,2025-07-21,180,0.326919,FIXED,WEEKLY,13398.7,MICRO_ENTERPRISE,MICROFINANCE,DEPOSITS_AND_EQUITY,False,CLOSED,2026-08-21,0,0.0,0,CURRENT,False,,False,False,0,0,PTY-LENDER_C-00000429,ANON-LENDER_C-00000429,PERSON,synthetic,WCDS-0.1
FAC-LENDER_C-00000430,LENDER_C,LENDER_C-100430,,TERM_LOAN,GROUP_MICRO,NGN,50000,50000,50000,2025-05-07,2025-05-07,2025-11-03,180,0.438736,FIXED,WEEKLY,2339.16,MICRO_ENTERPRISE,MICROFINANCE,DEPOSITS_AND_EQUITY,False,CLOSED,2026-08-21,0,0.0,0,CURRENT,False,,False,False,0,0,PTY-LENDER_C-00000430,ANON-LENDER_C-00000430,PERSON,synthetic,WCDS-0.1
FAC-LENDER_C-00000431,LENDER_C,LENDER_C-100431,,TERM_LOAN,SME_MICRO,NGN,150000,150000,150000,2025-01-19,2025-01-19,2025-10-16,270,0.299682,FIXED,MONTHLY,20361.37,MICRO_ENTERPRISE,MICROFINANCE,DEPOSITS_AND_EQUITY,True,WRITTEN_OFF,2026-08-21,1371.18,1404.96,180,DPD_90_PLUS,True,2026-05-23,False,True,22500.0,2167.68,PTY-LENDER_C-00000431,ANON-LENDER_C-00000431,ORGANISATION,synthetic,WCDS-0.1
FAC-LENDER_C-00000432,LENDER_C,LENDER_C-100432,,TERM_LOAN,GROUP_MICRO,NGN,1000000,1000000,1000000,2025-09-01,2025-09-01,2026-02-28,180,0.418441,FIXED,WEEKLY,46398.24,MICRO_ENTERPRISE,MICROFINANCE,DEPOSITS_AND_EQUITY,False,CLOSED,2026-08-21,0,0.0,0,CURRENT,False,,False,False,0,0,PTY-LENDER_C-00000432,ANON-LENDER_C-00000432,PERSON,synthetic,WCDS-0.1
FAC-LENDER_C-00000433,LENDER_C,LENDER_C-100433,,TERM_LOAN,STAFF_LOAN,NGN,100000,100000,100000,2025-06-30,2025-06-30,2026-06-30,365,0.180003,FIXED,MONTHLY,9833.36,PERSONAL,MICROFINANCE,DEPOSITS_AND_EQUITY,False,CLOSED,2026-08-21,0,0.0,0,CURRENT,False,,False,False,0,0,PTY-LENDER_C-00000433,ANON-LENDER_C-00000433,PERSON,synthetic,WCDS-0.1
FAC-LENDER_C-00000434,LENDER_C,LENDER_C-100434,,TERM_LOAN,GROUP_MICRO,NGN,150000,150000,150000,2026-03-06,2026-03-06,2026-09-02,180,0.337175,FIXED,WEEKLY,6728.53,MICRO_ENTERPRISE,MICROFINANCE,DEPOSITS_AND_EQUITY,False,ACTIVE,2026-08-21,10000.0,10000.0,0,CURRENT,False,,False,False,0,0,PTY-LENDER_C-00000434,ANON-LENDER_C-00000434,PERSON,synthetic,WCDS-0.1
FAC-LENDER_C-00000435,LENDER_C,LENDER_C-100435,,TERM_LOAN,GROUP_MICRO,NGN,3500000,3500000,3500000,2025-02-04,2025-02-04,2025-08-03,180,0.418665,FIXED,WEEKLY,162408.76,MICRO_ENTERPRISE,MICROFINANCE,DEPOSITS_AND_EQUITY,False,ACTIVE,2026-08-21,204166.67,211192.21,35,DPD_31_60,False,,False,False,0,0,PTY-LENDER_C-00000435,ANON-LENDER_C-00000435,PERSON,synthetic,WCDS-0.1
FAC-LENDER_C-00000436,LENDER_C,LENDER_C-100436,,TERM_LOAN,GROUP_MICRO,NGN,1000000,1000000,1000000,2025-04-10,2025-04-10,2025-10-07,180,0.333571,FIXED,WEEKLY,44788.49,MICRO_ENTERPRISE,MICROFINANCE,DEPOSITS_AND_EQUITY,False,CLOSED,2026-08-21,0,0.0,0,CURRENT,False,,False,False,0,0,PTY-LENDER_C-00000436,ANON-LENDER_C-00000436,PERSON,synthetic,WCDS-0.1
FAC-LENDER_C-00000437,LENDER_C,LENDER_C-100437,,TERM_LOAN,STAFF_LOAN,NGN,750000,750000,750000,2025-07-13,2025-07-13,2026-07-13,365,0.152485,FIXED,MONTHLY,72030.3,PERSONAL,MICROFINANCE,DEPOSITS_AND_EQUITY,False,CLOSED,2026-08-21,0,0.0,0,CURRENT,False,,False,False,0,0,PTY-LENDER_C-00000437,ANON-LENDER_C-00000437,PERSON,synthetic,WCDS-0.1
FAC-LENDER_C-00000438,LENDER_C,LENDER_C-100438,,TERM_LOAN,SME_MICRO,NGN,50000,50000,50000,2025-02-06,2025-02-06,2025-11-03,270,0.370662,FIXED,MONTHLY,7078.82,MICRO_ENTERPRISE,MICROFINANCE,DEPOSITS_AND_EQUITY,False,CLOSED,2026-08-21,0,0.0,0,CURRENT,False,,False,False,0,0,PTY-LENDER_C-00000438,ANON-LENDER_C-00000438,ORGANISATION,synthetic,WCDS-0.1
FAC-LENDER_C-00000439,LENDER_C,LENDER_C-100439,,TERM_LOAN,SME_MICRO,NGN,750000,750000,750000,2025-06-18,2025-06-18,2026-03-15,270,0.377586,FIXED,MONTHLY,106609.2,MICRO_ENTERPRISE,MICROFINANCE,DEPOSITS_AND_EQUITY,False,CLOSED,2026-08-21,0,0.0,0,CURRENT,False,,False,False,0,0,PTY-LENDER_C-00000439,ANON-LENDER_C-00000439,ORGANISATION,synthetic,WCDS-0.1
FAC-LENDER_C-00000440,LENDER_C,LENDER_C-100440,,TERM_LOAN,SME_MICRO,NGN,1000000,1000000,1000000,2025-08-18,2025-08-18,2026-05-15,270,0.363375,FIXED,MONTHLY,140977.57,MICRO_ENTERPRISE,MICROFINANCE,DEPOSITS_AND_EQUITY,False,CLOSED,2026-08-21,0,0.0,0,CURRENT,False,,False,False,0,0,PTY-LENDER_C-00000440,ANON-LENDER_C-00000440,ORGANISATION,synthetic,WCDS-0.1
FAC-LENDER_C-00000441,LENDER_C,LENDER_C-100441,,TERM_LOAN,SME_MICRO,NGN,500000,500000,500000,2025-06-29,2025-06-29,2026-03-26,270,0.361067,FIXED,MONTHLY,70393.92,MICRO_ENTERPRISE,MICROFINANCE,DEPOSITS_AND_EQUITY,False,CLOSED,2026-08-21,0,0.0,0,CURRENT,False,,False,False,0,0,PTY-LENDER_C-00000441,ANON-LENDER_C-00000441,ORGANISATION,synthetic,WCDS-0.1
FAC-LENDER_C-00000442,LENDER_C,LENDER_C-100442,,TERM_LOAN,SME_MICRO,NGN,300000,300000,300000,2025-09-30,2025-09-30,2026-06-27,270,0.353396,FIXED,MONTHLY,42047.21,MICRO_ENTERPRISE,MICROFINANCE,DEPOSITS_AND_EQUITY,False,CLOSED,2026-08-21,0,0.0,0,CURRENT,False,,False,False,0,0,PTY-LENDER_C-00000442,ANON-LENDER_C-00000442,ORGANISATION,synthetic,WCDS-0.1
FAC-LENDER_C-00000443,LENDER_C,LENDER_C-100443,,TERM_LOAN,ASSET_FINANCE,NGN,3500000,3500000,3500000,2025-05-23,2025-05-23,2026-05-23,365,0.219501,FIXED,MONTHLY,355687.77,MICRO_ENTERPRISE,MICROFINANCE,DEPOSITS_AND_EQUITY,True,CLOSED,2026-08-21,0,0.0,0,CURRENT,False,,False,False,0,0,PTY-LENDER_C-00000443,ANON-LENDER_C-00000443,ORGANISATION,synthetic,WCDS-0.1
FAC-LENDER_C-00000444,LENDER_C,LENDER_C-100444,,TERM_LOAN,GROUP_MICRO,NGN,750000,750000,750000,2025-11-10,2025-11-10,2026-05-09,180,0.301355,FIXED,WEEKLY,33133.08,MICRO_ENTERPRISE,MICROFINANCE,DEPOSITS_AND_EQUITY,False,CLOSED,2026-08-21,0,0.0,0,CURRENT,False,,False,False,0,0,PTY-LENDER_C-00000444,ANON-LENDER_C-00000444,PERSON,synthetic,WCDS-0.1
FAC-LENDER_C-00000445,LENDER_C,LENDER_C-100445,,TERM_LOAN,ASSET_FINANCE,NGN,75000,75000,75000,2025-05-20,2025-05-20,2026-05-20,365,0.250766,FIXED,MONTHLY,7817.29,MICRO_ENTERPRISE,MICROFINANCE,DEPOSITS_AND_EQUITY,True,CLOSED,2026-08-21,0,0.0,0,CURRENT,False,,False,False,0,0,PTY-LENDER_C-00000445,ANON-LENDER_C-00000445,ORGANISATION,synthetic,WCDS-0.1
FAC-LENDER_C-00000446,LENDER_C,LENDER_C-100446,,TERM_LOAN,STAFF_LOAN,NGN,200000,200000,200000,2025-03-20,2025-03-20,2026-03-20,365,0.182548,FIXED,MONTHLY,19709.13,PERSONAL,MICROFINANCE,DEPOSITS_AND_EQUITY,False,CLOSED,2026-08-21,0,0.0,0,CURRENT,False,,False,False,0,0,PTY-LENDER_C-00000446,ANON-LENDER_C-00000446,PERSON,synthetic,WCDS-0.1
FAC-LENDER_C-00000447,LENDER_C,LENDER_C-100447,,TERM_LOAN,GROUP_MICRO,NGN,1000000,1000000,1000000,2026-01-25,2026-01-25,2026-07-24,180,0.352792,FIXED,WEEKLY,45153.05,MICRO_ENTERPRISE,MICROFINANCE,DEPOSITS_AND_EQUITY,False,ACTIVE,2026-08-21,25000.0,25362.46,15,DPD_1_30,False,,False,False,0,0,PTY-LENDER_C-00000447,ANON-LENDER_C-00000447,PERSON,synthetic,WCDS-0.1
FAC-LENDER_C-00000448,LENDER_C,LENDER_C-100448,,TERM_LOAN,ASSET_FINANCE,NGN,750000,750000,750000,2025-02-26,2025-02-26,2026-02-26,365,0.213505,FIXED,MONTHLY,75844.08,MICRO_ENTERPRISE,MICROFINANCE,DEPOSITS_AND_EQUITY,True,DEFAULTED,2026-08-21,112500.0,114474.19,95,DPD_90_PLUS,True,2026-08-16,False,False,0,0,PTY-LENDER_C-00000448,ANON-LENDER_C-00000448,ORGANISATION,synthetic,WCDS-0.1
FAC-LENDER_C-00000449,LENDER_C,LENDER_C-100449,,TERM_LOAN,STAFF_LOAN,NGN,200000,200000,200000,2024-12-21,2024-12-21,2025-12-21,365,0.128545,FIXED,MONTHLY,18809.09,PERSONAL,MICROFINANCE,DEPOSITS_AND_EQUITY,False,CLOSED,2026-08-21,0,0.0,0,CURRENT,False,,False,False,0,0,PTY-LENDER_C-00000449,ANON-LENDER_C-00000449,PERSON,synthetic,WCDS-0.1
FAC-LENDER_C-00000450,LENDER_C,LENDER_C-100450,,TERM_LOAN,STAFF_LOAN,NGN,50000,50000,50000,2025-09-11,2025-09-11,2026-09-11,365,0.133333,FIXED,MONTHLY,4722.22,PERSONAL,MICROFINANCE,DEPOSITS_AND_EQUITY,False,WRITTEN_OFF,2026-08-21,32.58,32.94,130,DPD_90_PLUS,True,2026-07-12,False,True,10376.71,1033.71,PTY-LENDER_C-00000450,ANON-LENDER_C-00000450,PERSON,synthetic,WCDS-0.1
FAC-LENDER_C-00000451,LENDER_C,LENDER_C-100451,,TERM_LOAN,GROUP_MICRO,NGN,50000,50000,50000,2025-01-31,2025-01-31,2025-07-30,180,0.444177,FIXED,WEEKLY,2344.32,MICRO_ENTERPRISE,MICROFINANCE,DEPOSITS_AND_EQUITY,False,CLOSED,2026-08-21,0,0.0,0,CURRENT,False,,False,False,0,0,PTY-LENDER_C-00000451,ANON-LENDER_C-00000451,PERSON,synthetic,WCDS-0.1
FAC-LENDER_C-00000452,LENDER_C,LENDER_C-100452,,TERM_LOAN,GROUP_MICRO,NGN,1000000,1000000,1000000,2025-02-05,2025-02-05,2025-08-04,180,0.380196,FIXED,WEEKLY,45672.85,MICRO_ENTERPRISE,MICROFINANCE,DEPOSITS_AND_EQUITY,False,CLOSED,2026-08-21,0,0.0,0,CURRENT,False,,False,False,0,0,PTY-LENDER_C-00000452,ANON-LENDER_C-00000452,PERSON,synthetic,WCDS-0.1
FAC-LENDER_C-00000453,LENDER_C,LENDER_C-100453,,TERM_LOAN,SME_MICRO,NGN,2000000,2000000,2000000,2025-04-13,2025-04-13,2026-01-08,270,0.359887,FIXED,MONTHLY,281381.74,MICRO_ENTERPRISE,MICROFINANCE,DEPOSITS_AND_EQUITY,False,CLOSED,2026-08-21,0,0.0,0,CURRENT,False,,False,False,0,0,PTY-LENDER_C-00000453,ANON-LENDER_C-00000453,ORGANISATION,synthetic,WCDS-0.1
FAC-LENDER_C-00000454,LENDER_C,LENDER_C-100454,,TERM_LOAN,SME_MICRO,NGN,50000,50000,50000,2025-05-11,2025-05-11,2026-02-05,270,0.399381,FIXED,MONTHLY,7196.85,MICRO_ENTERPRISE,MICROFINANCE,DEPOSITS_AND_EQUITY,True,ACTIVE,2026-08-21,1250.0,1270.52,15,DPD_1_30,False,,False,False,0,0,PTY-LENDER_C-00000454,ANON-LENDER_C-00000454,ORGANISATION,synthetic,WCDS-0.1
FAC-LENDER_C-00000455,LENDER_C,LENDER_C-100455,,TERM_LOAN,STAFF_LOAN,NGN,3500000,3500000,3500000,2025-06-25,2025-06-25,2026-06-25,365,0.174373,FIXED,MONTHLY,342525.33,PERSONAL,MICROFINANCE,DEPOSITS_AND_EQUITY,False,CLOSED,2026-08-21,0,0.0,0,CURRENT,False,,False,False,0,0,PTY-LENDER_C-00000455,ANON-LENDER_C-00000455,PERSON,synthetic,WCDS-0.1
FAC-LENDER_C-00000456,LENDER_C,LENDER_C-100456,,TERM_LOAN,ASSET_FINANCE,NGN,500000,500000,500000,2025-10-16,2025-10-16,2026-10-16,365,0.242707,FIXED,MONTHLY,51779.45,MICRO_ENTERPRISE,MICROFINANCE,DEPOSITS_AND_EQUITY,True,ACTIVE,2026-08-21,76712.33,76712.33,0,CURRENT,False,,False,False,0,0,PTY-LENDER_C-00000456,ANON-LENDER_C-00000456,ORGANISATION,synthetic,WCDS-0.1
FAC-LENDER_C-00000457,LENDER_C,LENDER_C-100457,,TERM_LOAN,ASSET_FINANCE,NGN,500000,500000,500000,2025-05-09,2025-05-09,2026-05-09,365,0.299056,FIXED,MONTHLY,54127.34,MICRO_ENTERPRISE,MICROFINANCE,DEPOSITS_AND_EQUITY,True,CLOSED,2026-08-21,0,0.0,0,CURRENT,False,,False,False,0,0,PTY-LENDER_C-00000457,ANON-LENDER_C-00000457,ORGANISATION,synthetic,WCDS-0.1
FAC-LENDER_C-00000458,LENDER_C,LENDER_C-100458,,TERM_LOAN,GROUP_MICRO,NGN,1000000,1000000,1000000,2025-04-15,2025-04-15,2025-10-12,180,0.375398,FIXED,WEEKLY,45581.84,MICRO_ENTERPRISE,MICROFINANCE,DEPOSITS_AND_EQUITY,False,CLOSED,2026-08-21,0,0.0,0,CURRENT,False,,False,False,0,0,PTY-LENDER_C-00000458,ANON-LENDER_C-00000458,PERSON,synthetic,WCDS-0.1
FAC-LENDER_C-00000459,LENDER_C,LENDER_C-100459,,TERM_LOAN,SME_MICRO,NGN,500000,500000,500000,2026-04-08,2026-04-08,2027-01-03,270,0.376438,FIXED,MONTHLY,71025.59,MICRO_ENTERPRISE,MICROFINANCE,DEPOSITS_AND_EQUITY,False,ACTIVE,2026-08-21,250000.0,250000.0,0,CURRENT,False,,False,False,0,0,PTY-LENDER_C-00000459,ANON-LENDER_C-00000459,ORGANISATION,synthetic,WCDS-0.1
FAC-LENDER_C-00000460,LENDER_C,LENDER_C-100460,,TERM_LOAN,GROUP_MICRO,NGN,500000,500000,500000,2025-04-03,2025-04-03,2025-09-30,180,0.340707,FIXED,WEEKLY,22461.93,MICRO_ENTERPRISE,MICROFINANCE,DEPOSITS_AND_EQUITY,False,CLOSED,2026-08-21,0,0.0,0,CURRENT,False,,False,False,0,0,PTY-LENDER_C-00000460,ANON-LENDER_C-00000460,PERSON,synthetic,WCDS-0.1
FAC-LENDER_C-00000461,LENDER_C,LENDER_C-100461,,TERM_LOAN,ASSET_FINANCE,NGN,100000,100000,100000,2025-10-07,2025-10-07,2026-10-07,365,0.308286,FIXED,MONTHLY,10902.39,MICRO_ENTERPRISE,MICROFINANCE,DEPOSITS_AND_EQUITY,True,DEFAULTED,2026-08-21,27876.71,28583.07,95,DPD_90_PLUS,True,2026-08-16,False,False,0,0,PTY-LENDER_C-00000461,ANON-LENDER_C-00000461,ORGANISATION,synthetic,WCDS-0.1
FAC-LENDER_C-00000462,LENDER_C,LENDER_C-100462,,TERM_LOAN,STAFF_LOAN,NGN,750000,750000,750000,2026-03-24,2026-03-24,2027-03-24,365,0.147535,FIXED,MONTHLY,71720.96,PERSONAL,MICROFINANCE,DEPOSITS_AND_EQUITY,False,ACTIVE,2026-08-21,441780.82,441780.82,0,CURRENT,False,,False,False,0,0,PTY-LENDER_C-00000462,ANON-LENDER_C-00000462,PERSON,synthetic,WCDS-0.1
FAC-LENDER_C-00000463,LENDER_C,LENDER_C-100463,,TERM_LOAN,GROUP_MICRO,NGN,300000,300000,300000,2025-12-13,2025-12-13,2026-06-11,180,0.363821,FIXED,WEEKLY,13608.67,MICRO_ENTERPRISE,MICROFINANCE,DEPOSITS_AND_EQUITY,False,CLOSED,2026-08-21,0,0.0,0,CURRENT,False,,False,False,0,0,PTY-LENDER_C-00000463,ANON-LENDER_C-00000463,PERSON,synthetic,WCDS-0.1
FAC-LENDER_C-00000464,LENDER_C,LENDER_C-100464,,TERM_LOAN,STAFF_LOAN,NGN,200000,200000,200000,2025-04-07,2025-04-07,2026-04-07,365,0.122352,FIXED,MONTHLY,18705.87,PERSONAL,MICROFINANCE,DEPOSITS_AND_EQUITY,False,ACTIVE,2026-08-21,21666.67,21884.55,65,DPD_61_90,False,,False,False,0,0,PTY-LENDER_C-00000464,ANON-LENDER_C-00000464,PERSON,synthetic,WCDS-0.1
FAC-LENDER_C-00000465,LENDER_C,LENDER_C-100465,,TERM_LOAN,STAFF_LOAN,NGN,300000,300000,300000,2026-02-18,2026-02-18,2027-02-18,365,0.137827,FIXED,MONTHLY,28445.67,PERSONAL,MICROFINANCE,DEPOSITS_AND_EQUITY,False,ACTIVE,2026-08-21,148767.12,148767.12,0,CURRENT,False,,False,False,0,0,PTY-LENDER_C-00000465,ANON-LENDER_C-00000465,PERSON,synthetic,WCDS-0.1
FAC-LENDER_C-00000466,LENDER_C,LENDER_C-100466,,TERM_LOAN,GROUP_MICRO,NGN,100000,100000,100000,2025-10-21,2025-10-21,2026-04-19,180,0.423613,FIXED,WEEKLY,4649.64,MICRO_ENTERPRISE,MICROFINANCE,DEPOSITS_AND_EQUITY,False,CLOSED,2026-08-21,0,0.0,0,CURRENT,False,,False,False,0,0,PTY-LENDER_C-00000466,ANON-LENDER_C-00000466,PERSON,synthetic,WCDS-0.1
FAC-LENDER_C-00000467,LENDER_C,LENDER_C-100467,,TERM_LOAN,GROUP_MICRO,NGN,50000,50000,50000,2025-11-29,2025-11-29,2026-05-28,180,0.352155,FIXED,WEEKLY,2257.05,MICRO_ENTERPRISE,MICROFINANCE,DEPOSITS_AND_EQUITY,False,CLOSED,2026-08-21,0,0.0,0,CURRENT,False,,False,False,0,0,PTY-LENDER_C-00000467,ANON-LENDER_C-00000467,PERSON,synthetic,WCDS-0.1
FAC-LENDER_C-00000468,LENDER_C,LENDER_C-100468,,TERM_LOAN,STAFF_LOAN,NGN,150000,150000,150000,2026-03-18,2026-03-18,2027-03-18,365,0.125439,FIXED,MONTHLY,14067.99,PERSONAL,MICROFINANCE,DEPOSITS_AND_EQUITY,False,ACTIVE,2026-08-21,85890.41,85890.41,0,CURRENT,False,,False,False,0,0,PTY-LENDER_C-00000468,ANON-LENDER_C-00000468,PERSON,synthetic,WCDS-0.1
FAC-LENDER_C-00000469,LENDER_C,LENDER_C-100469,,TERM_LOAN,SME_MICRO,NGN,2000000,2000000,2000000,2025-09-17,2025-09-17,2026-06-14,270,0.298846,FIXED,MONTHLY,271347.65,MICRO_ENTERPRISE,MICROFINANCE,DEPOSITS_AND_EQUITY,False,ACTIVE,2026-08-21,23333.33,23467.06,7,DPD_1_30,False,,False,False,0,0,PTY-LENDER_C-00000469,ANON-LENDER_C-00000469,ORGANISATION,synthetic,WCDS-0.1
FAC-LENDER_C-00000470,LENDER_C,LENDER_C-100470,,TERM_LOAN,SME_MICRO,NGN,3500000,3500000,3500000,2026-03-21,2026-03-21,2026-12-16,270,0.318967,FIXED,MONTHLY,480646.48,MICRO_ENTERPRISE,MICROFINANCE,DEPOSITS_AND_EQUITY,False,ACTIVE,2026-08-21,1557500.0,1567027.5,7,DPD_1_30,False,,False,False,0,0,PTY-LENDER_C-00000470,ANON-LENDER_C-00000470,ORGANISATION,synthetic,WCDS-0.1
FAC-LENDER_C-00000471,LENDER_C,LENDER_C-100471,,TERM_LOAN,ASSET_FINANCE,NGN,2000000,2000000,2000000,2026-05-17,2026-05-17,2027-05-17,365,0.3173,FIXED,MONTHLY,219549.97,MICRO_ENTERPRISE,MICROFINANCE,DEPOSITS_AND_EQUITY,True,ACTIVE,2026-08-21,1473972.6,1473972.6,0,CURRENT,False,,False,False,0,0,PTY-LENDER_C-00000471,ANON-LENDER_C-00000471,ORGANISATION,synthetic,WCDS-0.1
FAC-LENDER_C-00000472,LENDER_C,LENDER_C-100472,,TERM_LOAN,ASSET_FINANCE,NGN,200000,200000,200000,2026-05-09,2026-05-09,2027-05-09,365,0.263491,FIXED,MONTHLY,21058.19,MICRO_ENTERPRISE,MICROFINANCE,DEPOSITS_AND_EQUITY,True,ACTIVE,2026-08-21,143013.7,143013.7,0,CURRENT,False,,False,False,0,0,PTY-LENDER_C-00000472,ANON-LENDER_C-00000472,ORGANISATION,synthetic,WCDS-0.1
FAC-LENDER_C-00000473,LENDER_C,LENDER_C-100473,,TERM_LOAN,SME_MICRO,NGN,300000,300000,300000,2025-10-11,2025-10-11,2026-07-08,270,0.312309,FIXED,MONTHLY,41034.11,MICRO_ENTERPRISE,MICROFINANCE,DEPOSITS_AND_EQUITY,False,CLOSED,2026-08-21,0,0.0,0,CURRENT,False,,False,False,0,0,PTY-LENDER_C-00000473,ANON-LENDER_C-00000473,ORGANISATION,synthetic,WCDS-0.1
FAC-LENDER_C-00000474,LENDER_C,LENDER_C-100474,,TERM_LOAN,STAFF_LOAN,NGN,75000,75000,75000,2025-08-12,2025-08-12,2026-08-12,365,0.128971,FIXED,MONTHLY,7056.07,PERSONAL,MICROFINANCE,DEPOSITS_AND_EQUITY,False,CLOSED,2026-08-21,0,0.0,0,CURRENT,False,,False,False,0,0,PTY-LENDER_C-00000474,ANON-LENDER_C-00000474,PERSON,synthetic,WCDS-0.1
FAC-LENDER_C-00000475,LENDER_C,LENDER_C-100475,,TERM_LOAN,SME_MICRO,NGN,50000,50000,50000,2025-03-29,2025-03-29,2025-12-24,270,0.397598,FIXED,MONTHLY,7189.52,MICRO_ENTERPRISE,MICROFINANCE,DEPOSITS_AND_EQUITY,False,CLOSED,2026-08-21,0,0.0,0,CURRENT,False,,False,False,0,0,PTY-LENDER_C-00000475,ANON-LENDER_C-00000475,ORGANISATION,synthetic,WCDS-0.1
FAC-LENDER_C-00000476,LENDER_C,LENDER_C-100476,,TERM_LOAN,GROUP_MICRO,NGN,150000,150000,150000,2025-12-09,2025-12-09,2026-06-07,180,0.304543,FIXED,WEEKLY,6635.69,MICRO_ENTERPRISE,MICROFINANCE,DEPOSITS_AND_EQUITY,False,ACTIVE,2026-08-21,3750.0,3796.93,15,DPD_1_30,False,,False,False,0,0,PTY-LENDER_C-00000476,ANON-LENDER_C-00000476,PERSON,synthetic,WCDS-0.1
FAC-LENDER_C-00000477,LENDER_C,LENDER_C-100477,,TERM_LOAN,STAFF_LOAN,NGN,1000000,1000000,1000000,2025-02-10,2025-02-10,2026-02-10,365,0.194907,FIXED,MONTHLY,99575.59,PERSONAL,MICROFINANCE,DEPOSITS_AND_EQUITY,False,ACTIVE,2026-08-21,58333.33,59267.82,35,DPD_31_60,False,,False,False,0,0,PTY-LENDER_C-00000477,ANON-LENDER_C-00000477,PERSON,synthetic,WCDS-0.1
FAC-LENDER_C-00000478,LENDER_C,LENDER_C-100478,,TERM_LOAN,SME_MICRO,NGN,50000,50000,50000,2025-01-20,2025-01-20,2025-10-17,270,0.322315,FIXED,MONTHLY,6880.14,MICRO_ENTERPRISE,MICROFINANCE,DEPOSITS_AND_EQUITY,False,CLOSED,2026-08-21,0,0.0,0,CURRENT,False,,False,False,0,0,PTY-LENDER_C-00000478,ANON-LENDER_C-00000478,ORGANISATION,synthetic,WCDS-0.1
FAC-LENDER_C-00000479,LENDER_C,LENDER_C-100479,,TERM_LOAN,ASSET_FINANCE,NGN,500000,500000,500000,2025-09-11,2025-09-11,2026-09-11,365,0.221785,FIXED,MONTHLY,50907.7,MICRO_ENTERPRISE,MICROFINANCE,DEPOSITS_AND_EQUITY,True,ACTIVE,2026-08-21,41267.12,41643.25,15,DPD_1_30,False,,False,False,0,0,PTY-LENDER_C-00000479,ANON-LENDER_C-00000479,ORGANISATION,synthetic,WCDS-0.1
FAC-LENDER_C-00000480,LENDER_C,LENDER_C-100480,,TERM_LOAN,GROUP_MICRO,NGN,75000,75000,75000,2025-03-05,2025-03-05,2025-09-01,180,0.331906,FIXED,WEEKLY,3356.77,MICRO_ENTERPRISE,MICROFINANCE,DEPOSITS_AND_EQUITY,False,CLOSED,2026-08-21,0,0.0,0,CURRENT,False,,False,False,0,0,PTY-LENDER_C-00000480,ANON-LENDER_C-00000480,PERSON,synthetic,WCDS-0.1
FAC-LENDER_C-00000481,LENDER_C,LENDER_C-100481,,TERM_LOAN,STAFF_LOAN,NGN,750000,750000,750000,2026-05-14,2026-05-14,2027-05-14,365,0.143403,FIXED,MONTHLY,71462.69,PERSONAL,MICROFINANCE,DEPOSITS_AND_EQUITY,False,ACTIVE,2026-08-21,555325.34,556852.6,7,DPD_1_30,False,,False,False,0,0,PTY-LENDER_C-00000481,ANON-LENDER_C-00000481,PERSON,synthetic,WCDS-0.1
FAC-LENDER_C-00000482,LENDER_C,LENDER_C-100482,,TERM_LOAN,GROUP_MICRO,NGN,200000,200000,200000,2025-12-25,2025-12-25,2026-06-23,180,0.366404,FIXED,WEEKLY,9082.25,MICRO_ENTERPRISE,MICROFINANCE,DEPOSITS_AND_EQUITY,False,CLOSED,2026-08-21,0,0.0,0,CURRENT,False,,False,False,0,0,PTY-LENDER_C-00000482,ANON-LENDER_C-00000482,PERSON,synthetic,WCDS-0.1
FAC-LENDER_C-00000483,LENDER_C,LENDER_C-100483,,TERM_LOAN,STAFF_LOAN,NGN,200000,200000,200000,2025-08-27,2025-08-27,2026-08-27,365,0.191093,FIXED,MONTHLY,19851.55,PERSONAL,MICROFINANCE,DEPOSITS_AND_EQUITY,False,ACTIVE,2026-08-21,3287.67,3287.67,0,CURRENT,False,,False,False,0,0,PTY-LENDER_C-00000483,ANON-LENDER_C-00000483,PERSON,synthetic,WCDS-0.1
FAC-LENDER_C-00000484,LENDER_C,LENDER_C-100484,,TERM_LOAN,GROUP_MICRO,NGN,1000000,1000000,1000000,2024-12-10,2024-12-10,2025-06-08,180,0.388131,FIXED,WEEKLY,45823.35,MICRO_ENTERPRISE,MICROFINANCE,DEPOSITS_AND_EQUITY,False,CLOSED,2026-08-21,0,0.0,0,CURRENT,False,,False,False,0,0,PTY-LENDER_C-00000484,ANON-LENDER_C-00000484,PERSON,synthetic,WCDS-0.1
FAC-LENDER_C-00000485,LENDER_C,LENDER_C-100485,,TERM_LOAN,ASSET_FINANCE,NGN,100000,100000,100000,2026-05-06,2026-05-06,2027-05-06,365,0.263755,FIXED,MONTHLY,10531.29,MICRO_ENTERPRISE,MICROFINANCE,DEPOSITS_AND_EQUITY,True,ACTIVE,2026-08-21,71851.6,72215.05,7,DPD_1_30,False,,False,False,0,0,PTY-LENDER_C-00000485,ANON-LENDER_C-00000485,ORGANISATION,synthetic,WCDS-0.1
FAC-LENDER_C-00000486,LENDER_C,LENDER_C-100486,,TERM_LOAN,SME_MICRO,NGN,3500000,3500000,3500000,2025-11-01,2025-11-01,2026-07-29,270,0.329152,FIXED,MONTHLY,483576.41,MICRO_ENTERPRISE,MICROFINANCE,DEPOSITS_AND_EQUITY,False,ACTIVE,2026-08-21,40833.33,41091.09,7,DPD_1_30,False,,False,False,0,0,PTY-LENDER_C-00000486,ANON-LENDER_C-00000486,ORGANISATION,synthetic,WCDS-0.1
FAC-LENDER_C-00000487,LENDER_C,LENDER_C-100487,,TERM_LOAN,STAFF_LOAN,NGN,2000000,2000000,2000000,2025-07-28,2025-07-28,2026-07-28,365,0.195133,FIXED,MONTHLY,199188.84,PERSONAL,MICROFINANCE,DEPOSITS_AND_EQUITY,False,CLOSED,2026-08-21,0,0.0,0,CURRENT,False,,False,False,0,0,PTY-LENDER_C-00000487,ANON-LENDER_C-00000487,PERSON,synthetic,WCDS-0.1
FAC-LENDER_C-00000488,LENDER_C,LENDER_C-100488,,TERM_LOAN,ASSET_FINANCE,NGN,3500000,3500000,3500000,2025-01-04,2025-01-04,2026-01-04,365,0.298866,FIXED,MONTHLY,378835.98,MICRO_ENTERPRISE,MICROFINANCE,DEPOSITS_AND_EQUITY,True,CLOSED,2026-08-21,0,0.0,0,CURRENT,False,,False,False,0,0,PTY-LENDER_C-00000488,ANON-LENDER_C-00000488,ORGANISATION,synthetic,WCDS-0.1
FAC-LENDER_C-00000489,LENDER_C,LENDER_C-100489,,TERM_LOAN,GROUP_MICRO,NGN,100000,100000,100000,2026-03-18,2026-03-18,2026-09-14,180,0.377985,FIXED,WEEKLY,4563.09,MICRO_ENTERPRISE,MICROFINANCE,DEPOSITS_AND_EQUITY,False,ACTIVE,2026-08-21,13333.33,13333.33,0,CURRENT,False,,False,False,0,0,PTY-LENDER_C-00000489,ANON-LENDER_C-00000489,PERSON,synthetic,WCDS-0.1
FAC-LENDER_C-00000490,LENDER_C,LENDER_C-100490,,TERM_LOAN,GROUP_MICRO,NGN,100000,100000,100000,2025-10-09,2025-10-09,2026-04-07,180,0.411779,FIXED,WEEKLY,4627.19,MICRO_ENTERPRISE,MICROFINANCE,DEPOSITS_AND_EQUITY,False,CLOSED,2026-08-21,0,0.0,0,CURRENT,False,,False,False,0,0,PTY-LENDER_C-00000490,ANON-LENDER_C-00000490,PERSON,synthetic,WCDS-0.1
FAC-LENDER_C-00000491,LENDER_C,LENDER_C-100491,,TERM_LOAN,STAFF_LOAN,NGN,50000,50000,50000,2025-09-09,2025-09-09,2026-09-09,365,0.191897,FIXED,MONTHLY,4966.24,PERSONAL,MICROFINANCE,DEPOSITS_AND_EQUITY,False,ACTIVE,2026-08-21,3186.07,3197.8,7,DPD_1_30,False,,False,False,0,0,PTY-LENDER_C-00000491,ANON-LENDER_C-00000491,PERSON,synthetic,WCDS-0.1
FAC-LENDER_C-00000492,LENDER_C,LENDER_C-100492,,TERM_LOAN,GROUP_MICRO,NGN,200000,200000,200000,2026-01-12,2026-01-12,2026-07-11,180,0.379368,FIXED,WEEKLY,9131.43,MICRO_ENTERPRISE,MICROFINANCE,DEPOSITS_AND_EQUITY,False,CLOSED,2026-08-21,0,0.0,0,CURRENT,False,,False,False,0,0,PTY-LENDER_C-00000492,ANON-LENDER_C-00000492,PERSON,synthetic,WCDS-0.1
FAC-LENDER_C-00000493,LENDER_C,LENDER_C-100493,,TERM_LOAN,GROUP_MICRO,NGN,75000,75000,75000,2026-02-06,2026-02-06,2026-08-05,180,0.414082,FIXED,WEEKLY,3473.67,MICRO_ENTERPRISE,MICROFINANCE,DEPOSITS_AND_EQUITY,False,CLOSED,2026-08-21,0,0.0,7,DPD_1_30,False,,False,False,0,0,PTY-LENDER_C-00000493,ANON-LENDER_C-00000493,PERSON,synthetic,WCDS-0.1
FAC-LENDER_C-00000494,LENDER_C,LENDER_C-100494,,TERM_LOAN,GROUP_MICRO,NGN,75000,75000,75000,2024-12-28,2024-12-28,2025-06-26,180,0.395729,FIXED,WEEKLY,3447.56,MICRO_ENTERPRISE,MICROFINANCE,DEPOSITS_AND_EQUITY,False,CLOSED,2026-08-21,0,0.0,0,CURRENT,False,,False,False,0,0,PTY-LENDER_C-00000494,ANON-LENDER_C-00000494,PERSON,synthetic,WCDS-0.1
FAC-LENDER_C-00000495,LENDER_C,LENDER_C-100495,,TERM_LOAN,ASSET_FINANCE,NGN,2000000,2000000,2000000,2026-07-31,2026-07-31,2027-07-31,365,0.264652,FIXED,MONTHLY,210775.41,MICRO_ENTERPRISE,MICROFINANCE,DEPOSITS_AND_EQUITY,True,ACTIVE,2026-08-21,2000000,2043504.52,35,DPD_31_60,False,,True,False,0,0,PTY-LENDER_C-00000495,ANON-LENDER_C-00000495,ORGANISATION,synthetic,WCDS-0.1
FAC-LENDER_C-00000496,LENDER_C,LENDER_C-100496,,TERM_LOAN,SME_MICRO,NGN,75000,75000,75000,2024-12-29,2024-12-29,2025-09-25,270,0.358803,FIXED,MONTHLY,10545.13,MICRO_ENTERPRISE,MICROFINANCE,DEPOSITS_AND_EQUITY,False,CLOSED,2026-08-21,0,0.0,0,CURRENT,False,,False,False,0,0,PTY-LENDER_C-00000496,ANON-LENDER_C-00000496,ORGANISATION,synthetic,WCDS-0.1
FAC-LENDER_C-00000497,LENDER_C,LENDER_C-100497,,TERM_LOAN,SME_MICRO,NGN,150000,150000,150000,2025-07-25,2025-07-25,2026-04-21,270,0.347233,FIXED,MONTHLY,20947.62,MICRO_ENTERPRISE,MICROFINANCE,DEPOSITS_AND_EQUITY,False,CLOSED,2026-08-21,0,0.0,0,CURRENT,False,,False,False,0,0,PTY-LENDER_C-00000497,ANON-LENDER_C-00000497,ORGANISATION,synthetic,WCDS-0.1
FAC-LENDER_C-00000498,LENDER_C,LENDER_C-100498,,TERM_LOAN,STAFF_LOAN,NGN,50000,50000,50000,2025-09-19,2025-09-19,2026-09-19,365,0.180069,FIXED,MONTHLY,4916.95,PERSONAL,MICROFINANCE,DEPOSITS_AND_EQUITY,False,ACTIVE,2026-08-21,3972.6,3972.6,0,CURRENT,False,,False,False,0,0,PTY-LENDER_C-00000498,ANON-LENDER_C-00000498,PERSON,synthetic,WCDS-0.1
FAC-LENDER_C-00000499,LENDER_C,LENDER_C-100499,,TERM_LOAN,SME_MICRO,NGN,2000000,2000000,2000000,2025-11-30,2025-11-30,2026-08-27,270,0.282397,FIXED,MONTHLY,268643.65,MICRO_ENTERPRISE,MICROFINANCE,DEPOSITS_AND_EQUITY,True,DEFAULTED,2026-08-21,344444.44,352439.25,95,DPD_90_PLUS,True,2026-08-16,False,False,0,0,PTY-LENDER_C-00000499,ANON-LENDER_C-00000499,ORGANISATION,synthetic,WCDS-0.1
FAC-LENDER_C-00000500,LENDER_C,LENDER_C-100500,,TERM_LOAN,ASSET_FINANCE,NGN,300000,300000,300000,2026-04-09,2026-04-09,2027-04-09,365,0.236885,FIXED,MONTHLY,30922.12,MICRO_ENTERPRISE,MICROFINANCE,DEPOSITS_AND_EQUITY,True,ACTIVE,2026-08-21,189863.01,189863.01,0,CURRENT,False,,False,False,0,0,PTY-LENDER_C-00000500,ANON-LENDER_C-00000500,ORGANISATION,synthetic,WCDS-0.1
FAC-LENDER_C-00000501,LENDER_C,LENDER_C-100501,,TERM_LOAN,GROUP_MICRO,NGN,1000000,1000000,1000000,2026-04-08,2026-04-08,2026-10-05,180,0.363989,FIXED,WEEKLY,45365.44,MICRO_ENTERPRISE,MICROFINANCE,DEPOSITS_AND_EQUITY,False,ACTIVE,2026-08-21,250000.0,250000.0,0,CURRENT,False,,False,False,0,0,PTY-LENDER_C-00000501,ANON-LENDER_C-00000501,PERSON,synthetic,WCDS-0.1
FAC-LENDER_C-00000502,LENDER_C,LENDER_C-100502,,TERM_LOAN,SME_MICRO,NGN,500000,500000,500000,2025-08-25,2025-08-25,2026-05-22,270,0.385518,FIXED,MONTHLY,71398.78,MICRO_ENTERPRISE,MICROFINANCE,DEPOSITS_AND_EQUITY,True,DEFAULTED,2026-08-21,75000.0,77376.48,95,DPD_90_PLUS,True,2026-08-16,False,False,0,0,PTY-LENDER_C-00000502,ANON-LENDER_C-00000502,ORGANISATION,synthetic,WCDS-0.1
FAC-LENDER_C-00000503,LENDER_C,LENDER_C-100503,,TERM_LOAN,STAFF_LOAN,NGN,75000,75000,75000,2026-01-01,2026-01-01,2027-01-01,365,0.131189,FIXED,MONTHLY,7069.93,PERSONAL,MICROFINANCE,DEPOSITS_AND_EQUITY,False,ACTIVE,2026-08-21,27328.77,27328.77,0,CURRENT,False,,False,False,0,0,PTY-LENDER_C-00000503,ANON-LENDER_C-00000503,PERSON,synthetic,WCDS-0.1
FAC-LENDER_C-00000504,LENDER_C,LENDER_C-100504,,TERM_LOAN,SME_MICRO,NGN,2000000,2000000,2000000,2026-08-04,2026-08-04,2027-05-01,270,0.35195,FIXED,MONTHLY,280077.03,MICRO_ENTERPRISE,MICROFINANCE,DEPOSITS_AND_EQUITY,True,ACTIVE,2026-08-21,1874074.07,1874074.07,0,CURRENT,False,,False,False,0,0,PTY-LENDER_C-00000504,ANON-LENDER_C-00000504,ORGANISATION,synthetic,WCDS-0.1
FAC-LENDER_C-00000505,LENDER_C,LENDER_C-100505,,TERM_LOAN,STAFF_LOAN,NGN,75000,75000,75000,2025-08-01,2025-08-01,2026-08-01,365,0.187324,FIXED,MONTHLY,7420.78,PERSONAL,MICROFINANCE,DEPOSITS_AND_EQUITY,False,CLOSED,2026-08-21,0,0.0,0,CURRENT,False,,False,False,0,0,PTY-LENDER_C-00000505,ANON-LENDER_C-00000505,PERSON,synthetic,WCDS-0.1
FAC-LENDER_C-00000506,LENDER_C,LENDER_C-100506,,TERM_LOAN,STAFF_LOAN,NGN,500000,500000,500000,2025-12-09,2025-12-09,2026-12-09,365,0.146745,FIXED,MONTHLY,47781.04,PERSONAL,MICROFINANCE,DEPOSITS_AND_EQUITY,False,ACTIVE,2026-08-21,150684.93,150684.93,0,CURRENT,False,,False,False,0,0,PTY-LENDER_C-00000506,ANON-LENDER_C-00000506,PERSON,synthetic,WCDS-0.1
FAC-LENDER_C-00000507,LENDER_C,LENDER_C-100507,,TERM_LOAN,STAFF_LOAN,NGN,200000,200000,200000,2025-12-02,2025-12-02,2026-12-02,365,0.129255,FIXED,MONTHLY,18820.92,PERSONAL,MICROFINANCE,DEPOSITS_AND_EQUITY,False,ACTIVE,2026-08-21,56438.36,56438.36,0,CURRENT,False,,False,False,0,0,PTY-LENDER_C-00000507,ANON-LENDER_C-00000507,PERSON,synthetic,WCDS-0.1
FAC-LENDER_C-00000508,LENDER_C,LENDER_C-100508,,TERM_LOAN,SME_MICRO,NGN,750000,750000,750000,2025-05-01,2025-05-01,2026-01-26,270,0.28511,FIXED,MONTHLY,100908.64,MICRO_ENTERPRISE,MICROFINANCE,DEPOSITS_AND_EQUITY,False,CLOSED,2026-08-21,0,0.0,0,CURRENT,False,,False,False,0,0,PTY-LENDER_C-00000508,ANON-LENDER_C-00000508,ORGANISATION,synthetic,WCDS-0.1
FAC-LENDER_C-00000509,LENDER_C,LENDER_C-100509,,TERM_LOAN,STAFF_LOAN,NGN,50000,50000,50000,2025-08-25,2025-08-25,2026-08-25,365,0.172013,FIXED,MONTHLY,4883.39,PERSONAL,MICROFINANCE,DEPOSITS_AND_EQUITY,False,ACTIVE,2026-08-21,5964.61,6048.94,65,DPD_61_90,False,,False,False,0,0,PTY-LENDER_C-00000509,ANON-LENDER_C-00000509,PERSON,synthetic,WCDS-0.1
FAC-LENDER_C-00000510,LENDER_C,LENDER_C-100510,,TERM_LOAN,STAFF_LOAN,NGN,75000,75000,75000,2026-07-07,2026-07-07,2027-07-07,365,0.125495,FIXED,MONTHLY,7034.34,PERSONAL,MICROFINANCE,DEPOSITS_AND_EQUITY,False,ACTIVE,2026-08-21,73878.42,74640.46,65,DPD_61_90,False,,False,False,0,0,PTY-LENDER_C-00000510,ANON-LENDER_C-00000510,PERSON,synthetic,WCDS-0.1
FAC-LENDER_C-00000511,LENDER_C,LENDER_C-100511,,TERM_LOAN,ASSET_FINANCE,NGN,1000000,1000000,1000000,2025-10-09,2025-10-09,2026-10-09,365,0.2388,FIXED,MONTHLY,103233.3,MICRO_ENTERPRISE,MICROFINANCE,DEPOSITS_AND_EQUITY,True,ACTIVE,2026-08-21,134246.58,134246.58,0,CURRENT,False,,False,False,0,0,PTY-LENDER_C-00000511,ANON-LENDER_C-00000511,ORGANISATION,synthetic,WCDS-0.1
FAC-LENDER_C-00000512,LENDER_C,LENDER_C-100512,,TERM_LOAN,GROUP_MICRO,NGN,100000,100000,100000,2025-03-27,2025-03-27,2025-09-23,180,0.33984,FIXED,WEEKLY,4490.74,MICRO_ENTERPRISE,MICROFINANCE,DEPOSITS_AND_EQUITY,False,WRITTEN_OFF,2026-08-21,629.55,647.13,180,DPD_90_PLUS,True,2026-05-23,True,True,15000.0,1583.33,PTY-LENDER_C-00000512,ANON-LENDER_C-00000512,PERSON,synthetic,WCDS-0.1
FAC-LENDER_C-00000513,LENDER_C,LENDER_C-100513,,TERM_LOAN,ASSET_FINANCE,NGN,750000,750000,750000,2026-04-15,2026-04-15,2027-04-15,365,0.212294,FIXED,MONTHLY,75768.36,MICRO_ENTERPRISE,MICROFINANCE,DEPOSITS_AND_EQUITY,True,ACTIVE,2026-08-21,486986.3,486986.3,0,CURRENT,False,,False,False,0,0,PTY-LENDER_C-00000513,ANON-LENDER_C-00000513,ORGANISATION,synthetic,WCDS-0.1
FAC-LENDER_C-00000514,LENDER_C,LENDER_C-100514,,TERM_LOAN,STAFF_LOAN,NGN,2000000,2000000,2000000,2026-06-27,2026-06-27,2027-06-27,365,0.194125,FIXED,MONTHLY,199020.87,PERSONAL,MICROFINANCE,DEPOSITS_AND_EQUITY,False,ACTIVE,2026-08-21,1698630.14,1698630.14,0,CURRENT,False,,False,False,0,0,PTY-LENDER_C-00000514,ANON-LENDER_C-00000514,PERSON,synthetic,WCDS-0.1
FAC-LENDER_C-00000515,LENDER_C,LENDER_C-100515,,TERM_LOAN,GROUP_MICRO,NGN,2000000,2000000,2000000,2026-02-15,2026-02-15,2026-08-14,180,0.36032,FIXED,WEEKLY,90591.69,MICRO_ENTERPRISE,MICROFINANCE,DEPOSITS_AND_EQUITY,False,CLOSED,2026-08-21,0,0.0,0,CURRENT,False,,False,False,0,0,PTY-LENDER_C-00000515,ANON-LENDER_C-00000515,PERSON,synthetic,WCDS-0.1
FAC-LENDER_C-00000516,LENDER_C,LENDER_C-100516,,TERM_LOAN,ASSET_FINANCE,NGN,300000,300000,300000,2025-08-17,2025-08-17,2026-08-17,365,0.312618,FIXED,MONTHLY,32815.45,MICRO_ENTERPRISE,MICROFINANCE,DEPOSITS_AND_EQUITY,True,CLOSED,2026-08-21,0,0.0,0,CURRENT,False,,False,False,0,0,PTY-LENDER_C-00000516,ANON-LENDER_C-00000516,ORGANISATION,synthetic,WCDS-0.1
FAC-LENDER_C-00000517,LENDER_C,LENDER_C-100517,,TERM_LOAN,STAFF_LOAN,NGN,100000,100000,100000,2025-03-27,2025-03-27,2026-03-27,365,0.163011,FIXED,MONTHLY,9691.76,PERSONAL,MICROFINANCE,DEPOSITS_AND_EQUITY,False,CLOSED,2026-08-21,0,0.0,0,CURRENT,False,,False,False,0,0,PTY-LENDER_C-00000517,ANON-LENDER_C-00000517,PERSON,synthetic,WCDS-0.1
FAC-LENDER_C-00000518,LENDER_C,LENDER_C-100518,,TERM_LOAN,GROUP_MICRO,NGN,75000,75000,75000,2025-07-15,2025-07-15,2026-01-11,180,0.339882,FIXED,WEEKLY,3368.11,MICRO_ENTERPRISE,MICROFINANCE,DEPOSITS_AND_EQUITY,False,ACTIVE,2026-08-21,1875.0,1901.19,15,DPD_1_30,False,,False,False,0,0,PTY-LENDER_C-00000518,ANON-LENDER_C-00000518,PERSON,synthetic,WCDS-0.1
FAC-LENDER_C-00000519,LENDER_C,LENDER_C-100519,,TERM_LOAN,ASSET_FINANCE,NGN,150000,150000,150000,2024-12-15,2024-12-15,2025-12-15,365,0.29188,FIXED,MONTHLY,16148.5,MICRO_ENTERPRISE,MICROFINANCE,DEPOSITS_AND_EQUITY,True,CLOSED,2026-08-21,0,0.0,0,CURRENT,False,,False,False,0,0,PTY-LENDER_C-00000519,ANON-LENDER_C-00000519,ORGANISATION,synthetic,WCDS-0.1
FAC-LENDER_C-00000520,LENDER_C,LENDER_C-100520,,TERM_LOAN,STAFF_LOAN,NGN,3500000,3500000,3500000,2025-08-09,2025-08-09,2026-08-09,365,0.16387,FIXED,MONTHLY,339462.12,PERSONAL,MICROFINANCE,DEPOSITS_AND_EQUITY,False,WRITTEN_OFF,2026-08-21,21246.91,21533.08,130,DPD_90_PLUS,True,2026-07-12,False,True,525000.0,99878.75,PTY-LENDER_C-00000520,ANON-LENDER_C-00000520,PERSON,synthetic,WCDS-0.1
FAC-LENDER_C-00000521,LENDER_C,LENDER_C-100521,,TERM_LOAN,GROUP_MICRO,NGN,2000000,2000000,2000000,2026-04-18,2026-04-18,2026-10-15,180,0.367426,FIXED,WEEKLY,90861.26,MICRO_ENTERPRISE,MICROFINANCE,DEPOSITS_AND_EQUITY,False,DEFAULTED,2026-08-21,911111.11,938626.12,95,DPD_90_PLUS,True,2026-08-16,False,False,0,0,PTY-LENDER_C-00000521,ANON-LENDER_C-00000521,PERSON,synthetic,WCDS-0.1
FAC-LENDER_C-00000522,LENDER_C,LENDER_C-100522,,TERM_LOAN,SME_MICRO,NGN,500000,500000,500000,2025-11-14,2025-11-14,2026-08-11,270,0.35643,FIXED,MONTHLY,70203.36,MICRO_ENTERPRISE,MICROFINANCE,DEPOSITS_AND_EQUITY,True,ACTIVE,2026-08-21,12500.0,12683.1,15,DPD_1_30,False,,False,False,0,0,PTY-LENDER_C-00000522,ANON-LENDER_C-00000522,ORGANISATION,synthetic,WCDS-0.1
FAC-LENDER_C-00000523,LENDER_C,LENDER_C-100523,,TERM_LOAN,SME_MICRO,NGN,75000,75000,75000,2025-08-12,2025-08-12,2026-05-09,270,0.39086,FIXED,MONTHLY,10742.74,MICRO_ENTERPRISE,MICROFINANCE,DEPOSITS_AND_EQUITY,False,CLOSED,2026-08-21,0,0.0,0,CURRENT,False,,False,False,0,0,PTY-LENDER_C-00000523,ANON-LENDER_C-00000523,ORGANISATION,synthetic,WCDS-0.1
FAC-LENDER_C-00000524,LENDER_C,LENDER_C-100524,,TERM_LOAN,STAFF_LOAN,NGN,2000000,2000000,2000000,2025-11-06,2025-11-06,2026-11-06,365,0.121574,FIXED,MONTHLY,186929.07,PERSONAL,MICROFINANCE,DEPOSITS_AND_EQUITY,False,ACTIVE,2026-08-21,421917.81,421917.81,0,CURRENT,False,,False,False,0,0,PTY-LENDER_C-00000524,ANON-LENDER_C-00000524,PERSON,synthetic,WCDS-0.1
FAC-LENDER_C-00000525,LENDER_C,LENDER_C-100525,,TERM_LOAN,GROUP_MICRO,NGN,50000,50000,50000,2025-04-04,2025-04-04,2025-10-01,180,0.332264,FIXED,WEEKLY,2238.18,MICRO_ENTERPRISE,MICROFINANCE,DEPOSITS_AND_EQUITY,False,CLOSED,2026-08-21,0,0.0,7,DPD_1_30,False,,False,False,0,0,PTY-LENDER_C-00000525,ANON-LENDER_C-00000525,PERSON,synthetic,WCDS-0.1
FAC-LENDER_C-00000526,LENDER_C,LENDER_C-100526,,TERM_LOAN,ASSET_FINANCE,NGN,1000000,1000000,1000000,2025-04-22,2025-04-22,2026-04-22,365,0.310832,FIXED,MONTHLY,109235.97,MICRO_ENTERPRISE,MICROFINANCE,DEPOSITS_AND_EQUITY,True,CLOSED,2026-08-21,0,0.0,0,CURRENT,False,,False,False,0,0,PTY-LENDER_C-00000526,ANON-LENDER_C-00000526,ORGANISATION,synthetic,WCDS-0.1
FAC-LENDER_C-00000527,LENDER_C,LENDER_C-100527,,TERM_LOAN,ASSET_FINANCE,NGN,2000000,2000000,2000000,2025-06-21,2025-06-21,2026-06-21,365,0.218123,FIXED,MONTHLY,203020.47,MICRO_ENTERPRISE,MICROFINANCE,DEPOSITS_AND_EQUITY,True,CLOSED,2026-08-21,0,0.0,0,CURRENT,False,,False,False,0,0,PTY-LENDER_C-00000527,ANON-LENDER_C-00000527,ORGANISATION,synthetic,WCDS-0.1
FAC-LENDER_C-00000528,LENDER_C,LENDER_C-100528,,TERM_LOAN,SME_MICRO,NGN,100000,100000,100000,2025-11-13,2025-11-13,2026-08-10,270,0.289375,FIXED,MONTHLY,13489.54,MICRO_ENTERPRISE,MICROFINANCE,DEPOSITS_AND_EQUITY,False,ACTIVE,2026-08-21,2500.0,2529.73,15,DPD_1_30,False,,False,False,0,0,PTY-LENDER_C-00000528,ANON-LENDER_C-00000528,ORGANISATION,synthetic,WCDS-0.1
FAC-LENDER_C-00000529,LENDER_C,LENDER_C-100529,,TERM_LOAN,GROUP_MICRO,NGN,50000,50000,50000,2026-01-26,2026-01-26,2026-07-25,180,0.404085,FIXED,WEEKLY,2306.3,MICRO_ENTERPRISE,MICROFINANCE,DEPOSITS_AND_EQUITY,False,CLOSED,2026-08-21,0,0.0,0,CURRENT,False,,False,False,0,0,PTY-LENDER_C-00000529,ANON-LENDER_C-00000529,PERSON,synthetic,WCDS-0.1
FAC-LENDER_C-00000530,LENDER_C,LENDER_C-100530,,TERM_LOAN,GROUP_MICRO,NGN,100000,100000,100000,2025-01-29,2025-01-29,2025-07-28,180,0.378876,FIXED,WEEKLY,4564.78,MICRO_ENTERPRISE,MICROFINANCE,DEPOSITS_AND_EQUITY,False,CLOSED,2026-08-21,0,0.0,0,CURRENT,False,,False,False,0,0,PTY-LENDER_C-00000530,ANON-LENDER_C-00000530,PERSON,synthetic,WCDS-0.1
FAC-LENDER_C-00000531,LENDER_C,LENDER_C-100531,,TERM_LOAN,GROUP_MICRO,NGN,50000,50000,50000,2024-12-11,2024-12-11,2025-06-09,180,0.404169,FIXED,WEEKLY,2306.38,MICRO_ENTERPRISE,MICROFINANCE,DEPOSITS_AND_EQUITY,False,CLOSED,2026-08-21,0,0.0,0,CURRENT,False,,False,False,0,0,PTY-LENDER_C-00000531,ANON-LENDER_C-00000531,PERSON,synthetic,WCDS-0.1
FAC-LENDER_C-00000532,LENDER_C,LENDER_C-100532,,TERM_LOAN,GROUP_MICRO,NGN,2000000,2000000,2000000,2025-08-07,2025-08-07,2026-02-03,180,0.418863,FIXED,WEEKLY,92812.52,MICRO_ENTERPRISE,MICROFINANCE,DEPOSITS_AND_EQUITY,False,CLOSED,2026-08-21,0,0.0,0,CURRENT,False,,False,False,0,0,PTY-LENDER_C-00000532,ANON-LENDER_C-00000532,PERSON,synthetic,WCDS-0.1
FAC-LENDER_C-00000533,LENDER_C,LENDER_C-100533,,TERM_LOAN,ASSET_FINANCE,NGN,50000,50000,50000,2026-06-11,2026-06-11,2027-06-11,365,0.201197,FIXED,MONTHLY,5004.99,MICRO_ENTERPRISE,MICROFINANCE,DEPOSITS_AND_EQUITY,True,ACTIVE,2026-08-21,40273.97,40273.97,0,CURRENT,False,,False,False,0,0,PTY-LENDER_C-00000533,ANON-LENDER_C-00000533,ORGANISATION,synthetic,WCDS-0.1
FAC-LENDER_C-00000534,LENDER_C,LENDER_C-100534,,TERM_LOAN,GROUP_MICRO,NGN,750000,750000,750000,2026-01-02,2026-01-02,2026-07-01,180,0.336509,FIXED,WEEKLY,33633.17,MICRO_ENTERPRISE,MICROFINANCE,DEPOSITS_AND_EQUITY,False,CLOSED,2026-08-21,0,0.0,0,CURRENT,False,,False,False,0,0,PTY-LENDER_C-00000534,ANON-LENDER_C-00000534,PERSON,synthetic,WCDS-0.1
FAC-LENDER_C-00000535,LENDER_C,LENDER_C-100535,,TERM_LOAN,SME_MICRO,NGN,75000,75000,75000,2025-02-04,2025-02-04,2025-11-01,270,0.370316,FIXED,MONTHLY,10616.1,MICRO_ENTERPRISE,MICROFINANCE,DEPOSITS_AND_EQUITY,True,ACTIVE,2026-08-21,1875.0,1903.53,15,DPD_1_30,False,,False,False,0,0,PTY-LENDER_C-00000535,ANON-LENDER_C-00000535,ORGANISATION,synthetic,WCDS-0.1
FAC-LENDER_C-00000536,LENDER_C,LENDER_C-100536,,TERM_LOAN,STAFF_LOAN,NGN,750000,750000,750000,2026-03-19,2026-03-19,2027-03-19,365,0.126046,FIXED,MONTHLY,70377.85,PERSONAL,MICROFINANCE,DEPOSITS_AND_EQUITY,False,ACTIVE,2026-08-21,431506.85,431506.85,0,CURRENT,False,,False,False,0,0,PTY-LENDER_C-00000536,ANON-LENDER_C-00000536,PERSON,synthetic,WCDS-0.1
FAC-LENDER_C-00000537,LENDER_C,LENDER_C-100537,,TERM_LOAN,ASSET_FINANCE,NGN,500000,500000,500000,2026-04-19,2026-04-19,2027-04-19,365,0.237946,FIXED,MONTHLY,51581.07,MICRO_ENTERPRISE,MICROFINANCE,DEPOSITS_AND_EQUITY,True,WRITTEN_OFF,2026-08-21,32724.66,33364.66,180,DPD_90_PLUS,True,2026-05-23,False,True,405136.99,97679.85,PTY-LENDER_C-00000537,ANON-LENDER_C-00000537,ORGANISATION,synthetic,WCDS-0.1
FAC-LENDER_C-00000538,LENDER_C,LENDER_C-100538,,TERM_LOAN,GROUP_MICRO,NGN,100000,100000,100000,2025-12-24,2025-12-24,2026-06-22,180,0.371094,FIXED,WEEKLY,4550.02,MICRO_ENTERPRISE,MICROFINANCE,DEPOSITS_AND_EQUITY,False,ACTIVE,2026-08-21,1166.67,1174.97,7,DPD_1_30,False,,False,False,0,0,PTY-LENDER_C-00000538,ANON-LENDER_C-00000538,PERSON,synthetic,WCDS-0.1
FAC-LENDER_C-00000539,LENDER_C,LENDER_C-100539,,TERM_LOAN,SME_MICRO,NGN,75000,75000,75000,2026-07-27,2026-07-27,2027-04-23,270,0.374382,FIXED,MONTHLY,10641.17,MICRO_ENTERPRISE,MICROFINANCE,DEPOSITS_AND_EQUITY,False,ACTIVE,2026-08-21,68055.56,68055.56,0,CURRENT,False,,False,False,0,0,PTY-LENDER_C-00000539,ANON-LENDER_C-00000539,ORGANISATION,synthetic,WCDS-0.1
FAC-LENDER_C-00000540,LENDER_C,LENDER_C-100540,,TERM_LOAN,GROUP_MICRO,NGN,2000000,2000000,2000000,2025-11-06,2025-11-06,2026-05-05,180,0.327163,FIXED,WEEKLY,89333.88,MICRO_ENTERPRISE,MICROFINANCE,DEPOSITS_AND_EQUITY,False,CLOSED,2026-08-21,0,0.0,0,CURRENT,False,,False,False,0,0,PTY-LENDER_C-00000540,ANON-LENDER_C-00000540,PERSON,synthetic,WCDS-0.1
FAC-LENDER_C-00000541,LENDER_C,LENDER_C-100541,,TERM_LOAN,GROUP_MICRO,NGN,150000,150000,150000,2026-02-05,2026-02-05,2026-08-04,180,0.423494,FIXED,WEEKLY,6974.11,MICRO_ENTERPRISE,MICROFINANCE,DEPOSITS_AND_EQUITY,False,CLOSED,2026-08-21,0,0.0,0,CURRENT,False,,False,False,0,0,PTY-LENDER_C-00000541,ANON-LENDER_C-00000541,PERSON,synthetic,WCDS-0.1
FAC-LENDER_C-00000542,LENDER_C,LENDER_C-100542,,TERM_LOAN,STAFF_LOAN,NGN,75000,75000,75000,2025-04-22,2025-04-22,2026-04-22,365,0.130444,FIXED,MONTHLY,7065.27,PERSONAL,MICROFINANCE,DEPOSITS_AND_EQUITY,False,CLOSED,2026-08-21,0,0.0,0,CURRENT,False,,False,False,0,0,PTY-LENDER_C-00000542,ANON-LENDER_C-00000542,PERSON,synthetic,WCDS-0.1
FAC-LENDER_C-00000543,LENDER_C,LENDER_C-100543,,TERM_LOAN,ASSET_FINANCE,NGN,300000,300000,300000,2025-08-09,2025-08-09,2026-08-09,365,0.316461,FIXED,MONTHLY,32911.53,MICRO_ENTERPRISE,MICROFINANCE,DEPOSITS_AND_EQUITY,True,CLOSED,2026-08-21,0,0.0,0,CURRENT,False,,False,False,0,0,PTY-LENDER_C-00000543,ANON-LENDER_C-00000543,ORGANISATION,synthetic,WCDS-0.1
FAC-LENDER_C-00000544,LENDER_C,LENDER_C-100544,,TERM_LOAN,GROUP_MICRO,NGN,300000,300000,300000,2025-02-08,2025-02-08,2025-08-07,180,0.352613,FIXED,WEEKLY,13544.9,MICRO_ENTERPRISE,MICROFINANCE,DEPOSITS_AND_EQUITY,False,CLOSED,2026-08-21,0,0.0,0,CURRENT,False,,False,False,0,0,PTY-LENDER_C-00000544,ANON-LENDER_C-00000544,PERSON,synthetic,WCDS-0.1
FAC-LENDER_C-00000545,LENDER_C,LENDER_C-100545,,TERM_LOAN,ASSET_FINANCE,NGN,2000000,2000000,2000000,2025-02-09,2025-02-09,2026-02-09,365,0.251584,FIXED,MONTHLY,208597.34,MICRO_ENTERPRISE,MICROFINANCE,DEPOSITS_AND_EQUITY,True,ACTIVE,2026-08-21,116666.67,119079.12,35,DPD_31_60,False,,False,False,0,0,PTY-LENDER_C-00000545,ANON-LENDER_C-00000545,ORGANISATION,synthetic,WCDS-0.1
FAC-LENDER_C-00000546,LENDER_C,LENDER_C-100546,,TERM_LOAN,STAFF_LOAN,NGN,100000,100000,100000,2026-01-04,2026-01-04,2027-01-04,365,0.161096,FIXED,MONTHLY,9675.8,PERSONAL,MICROFINANCE,DEPOSITS_AND_EQUITY,False,ACTIVE,2026-08-21,37260.27,37260.27,0,CURRENT,False,,False,False,0,0,PTY-LENDER_C-00000546,ANON-LENDER_C-00000546,PERSON,synthetic,WCDS-0.1
FAC-LENDER_C-00000547,LENDER_C,LENDER_C-100547,,TERM_LOAN,STAFF_LOAN,NGN,200000,200000,200000,2026-07-18,2026-07-18,2027-07-18,365,0.141539,FIXED,MONTHLY,19025.65,PERSONAL,MICROFINANCE,DEPOSITS_AND_EQUITY,False,ACTIVE,2026-08-21,181369.86,181369.86,0,CURRENT,False,,False,False,0,0,PTY-LENDER_C-00000547,ANON-LENDER_C-00000547,PERSON,synthetic,WCDS-0.1
FAC-LENDER_C-00000548,LENDER_C,LENDER_C-100548,,TERM_LOAN,GROUP_MICRO,NGN,2000000,2000000,2000000,2026-07-09,2026-07-09,2027-01-05,180,0.334608,FIXED,WEEKLY,89616.33,MICRO_ENTERPRISE,MICROFINANCE,DEPOSITS_AND_EQUITY,False,ACTIVE,2026-08-21,1522222.22,1522222.22,0,CURRENT,False,,False,False,0,0,PTY-LENDER_C-00000548,ANON-LENDER_C-00000548,PERSON,synthetic,WCDS-0.1
FAC-LENDER_C-00000549,LENDER_C,LENDER_C-100549,,TERM_LOAN,GROUP_MICRO,NGN,500000,500000,500000,2025-01-04,2025-01-04,2025-07-03,180,0.392957,FIXED,WEEKLY,22957.44,MICRO_ENTERPRISE,MICROFINANCE,DEPOSITS_AND_EQUITY,False,ACTIVE,2026-08-21,5833.33,5877.29,7,DPD_1_30,False,,False,False,0,0,PTY-LENDER_C-00000549,ANON-LENDER_C-00000549,PERSON,synthetic,WCDS-0.1
FAC-LENDER_C-00000550,LENDER_C,LENDER_C-100550,,TERM_LOAN,SME_MICRO,NGN,500000,500000,500000,2026-04-03,2026-04-03,2026-12-29,270,0.391995,FIXED,MONTHLY,71664.93,MICRO_ENTERPRISE,MICROFINANCE,DEPOSITS_AND_EQUITY,False,ACTIVE,2026-08-21,253240.74,257320.29,15,DPD_1_30,False,,False,False,0,0,PTY-LENDER_C-00000550,ANON-LENDER_C-00000550,ORGANISATION,synthetic,WCDS-0.1
FAC-LENDER_C-00000551,LENDER_C,LENDER_C-100551,,TERM_LOAN,STAFF_LOAN,NGN,200000,200000,200000,2025-05-09,2025-05-09,2026-05-09,365,0.141521,FIXED,MONTHLY,19025.35,PERSONAL,MICROFINANCE,DEPOSITS_AND_EQUITY,False,DEFAULTED,2026-08-21,30000.0,30348.96,95,DPD_90_PLUS,True,2026-08-16,True,False,0,0,PTY-LENDER_C-00000551,ANON-LENDER_C-00000551,PERSON,synthetic,WCDS-0.1
FAC-LENDER_C-00000552,LENDER_C,LENDER_C-100552,,TERM_LOAN,ASSET_FINANCE,NGN,500000,500000,500000,2026-02-01,2026-02-01,2027-02-01,365,0.315856,FIXED,MONTHLY,54827.32,MICRO_ENTERPRISE,MICROFINANCE,DEPOSITS_AND_EQUITY,True,ACTIVE,2026-08-21,224657.53,224657.53,0,CURRENT,False,,False,False,0,0,PTY-LENDER_C-00000552,ANON-LENDER_C-00000552,ORGANISATION,synthetic,WCDS-0.1
FAC-LENDER_C-00000553,LENDER_C,LENDER_C-100553,,TERM_LOAN,STAFF_LOAN,NGN,3500000,3500000,3500000,2026-03-13,2026-03-13,2027-03-13,365,0.135944,FIXED,MONTHLY,331317.04,PERSONAL,MICROFINANCE,DEPOSITS_AND_EQUITY,False,ACTIVE,2026-08-21,2160331.05,2184469.49,35,DPD_31_60,False,,False,False,0,0,PTY-LENDER_C-00000553,ANON-LENDER_C-00000553,PERSON,synthetic,WCDS-0.1
FAC-LENDER_C-00000554,LENDER_C,LENDER_C-100554,,TERM_LOAN,GROUP_MICRO,NGN,50000,50000,50000,2025-01-27,2025-01-27,2025-07-26,180,0.349328,FIXED,WEEKLY,2254.37,MICRO_ENTERPRISE,MICROFINANCE,DEPOSITS_AND_EQUITY,False,CLOSED,2026-08-21,0,0.0,0,CURRENT,False,,False,False,0,0,PTY-LENDER_C-00000554,ANON-LENDER_C-00000554,PERSON,synthetic,WCDS-0.1
FAC-LENDER_C-00000555,LENDER_C,LENDER_C-100555,,TERM_LOAN,SME_MICRO,NGN,2000000,2000000,2000000,2026-08-07,2026-08-07,2027-05-04,270,0.315003,FIXED,MONTHLY,274003.52,MICRO_ENTERPRISE,MICROFINANCE,DEPOSITS_AND_EQUITY,True,ACTIVE,2026-08-21,1896296.3,1896296.3,0,CURRENT,False,,False,False,0,0,PTY-LENDER_C-00000555,ANON-LENDER_C-00000555,ORGANISATION,synthetic,WCDS-0.1
FAC-LENDER_C-00000556,LENDER_C,LENDER_C-100556,,TERM_LOAN,ASSET_FINANCE,NGN,75000,75000,75000,2025-06-22,2025-06-22,2026-06-22,365,0.268175,FIXED,MONTHLY,7926.1,MICRO_ENTERPRISE,MICROFINANCE,DEPOSITS_AND_EQUITY,True,ACTIVE,2026-08-21,1875.0,1895.66,15,DPD_1_30,False,,False,False,0,0,PTY-LENDER_C-00000556,ANON-LENDER_C-00000556,ORGANISATION,synthetic,WCDS-0.1
FAC-LENDER_C-00000557,LENDER_C,LENDER_C-100557,,TERM_LOAN,SME_MICRO,NGN,150000,150000,150000,2025-03-23,2025-03-23,2025-12-18,270,0.394593,FIXED,MONTHLY,21531.52,MICRO_ENTERPRISE,MICROFINANCE,DEPOSITS_AND_EQUITY,True,CLOSED,2026-08-21,0,0.0,0,CURRENT,False,,False,False,0,0,PTY-LENDER_C-00000557,ANON-LENDER_C-00000557,ORGANISATION,synthetic,WCDS-0.1
FAC-LENDER_C-00000558,LENDER_C,LENDER_C-100558,,TERM_LOAN,STAFF_LOAN,NGN,2000000,2000000,2000000,2026-06-27,2026-06-27,2027-06-27,365,0.195606,FIXED,MONTHLY,199267.61,PERSONAL,MICROFINANCE,DEPOSITS_AND_EQUITY,False,ACTIVE,2026-08-21,1698630.14,1698630.14,0,CURRENT,False,,False,False,0,0,PTY-LENDER_C-00000558,ANON-LENDER_C-00000558,PERSON,synthetic,WCDS-0.1
FAC-LENDER_C-00000559,LENDER_C,LENDER_C-100559,,TERM_LOAN,GROUP_MICRO,NGN,1000000,1000000,1000000,2025-06-02,2025-06-02,2025-11-29,180,0.381267,FIXED,WEEKLY,45693.15,MICRO_ENTERPRISE,MICROFINANCE,DEPOSITS_AND_EQUITY,False,CLOSED,2026-08-21,0,0.0,0,CURRENT,False,,False,False,0,0,PTY-LENDER_C-00000559,ANON-LENDER_C-00000559,PERSON,synthetic,WCDS-0.1
FAC-LENDER_C-00000560,LENDER_C,LENDER_C-100560,,TERM_LOAN,ASSET_FINANCE,NGN,3500000,3500000,3500000,2025-12-30,2025-12-30,2026-12-30,365,0.206079,FIXED,MONTHLY,351773.18,MICRO_ENTERPRISE,MICROFINANCE,DEPOSITS_AND_EQUITY,True,ACTIVE,2026-08-21,1256164.38,1256164.38,0,CURRENT,False,,False,False,0,0,PTY-LENDER_C-00000560,ANON-LENDER_C-00000560,ORGANISATION,synthetic,WCDS-0.1
FAC-LENDER_C-00000561,LENDER_C,LENDER_C-100561,,TERM_LOAN,GROUP_MICRO,NGN,75000,75000,75000,2025-02-22,2025-02-22,2025-08-21,180,0.317811,FIXED,WEEKLY,3336.72,MICRO_ENTERPRISE,MICROFINANCE,DEPOSITS_AND_EQUITY,False,ACTIVE,2026-08-21,4375.0,4489.28,35,DPD_31_60,False,,False,False,0,0,PTY-LENDER_C-00000561,ANON-LENDER_C-00000561,PERSON,synthetic,WCDS-0.1
FAC-LENDER_C-00000562,LENDER_C,LENDER_C-100562,,TERM_LOAN,SME_MICRO,NGN,2000000,2000000,2000000,2025-09-29,2025-09-29,2026-06-26,270,0.346636,FIXED,MONTHLY,279203.4,MICRO_ENTERPRISE,MICROFINANCE,DEPOSITS_AND_EQUITY,False,CLOSED,2026-08-21,0,0.0,0,CURRENT,False,,False,False,0,0,PTY-LENDER_C-00000562,ANON-LENDER_C-00000562,ORGANISATION,synthetic,WCDS-0.1
FAC-LENDER_C-00000563,LENDER_C,LENDER_C-100563,,TERM_LOAN,GROUP_MICRO,NGN,300000,300000,300000,2026-01-15,2026-01-15,2026-07-14,180,0.302726,FIXED,WEEKLY,13261.03,MICRO_ENTERPRISE,MICROFINANCE,DEPOSITS_AND_EQUITY,False,CLOSED,2026-08-21,0,0.0,0,CURRENT,False,,False,False,0,0,PTY-LENDER_C-00000563,ANON-LENDER_C-00000563,PERSON,synthetic,WCDS-0.1
FAC-LENDER_C-00000564,LENDER_C,LENDER_C-100564,,TERM_LOAN,ASSET_FINANCE,NGN,200000,200000,200000,2024-12-24,2024-12-24,2025-12-24,365,0.203597,FIXED,MONTHLY,20059.94,MICRO_ENTERPRISE,MICROFINANCE,DEPOSITS_AND_EQUITY,True,ACTIVE,2026-08-21,21666.67,22029.24,65,DPD_61_90,False,,False,False,0,0,PTY-LENDER_C-00000564,ANON-LENDER_C-00000564,ORGANISATION,synthetic,WCDS-0.1
FAC-LENDER_C-00000565,LENDER_C,LENDER_C-100565,,TERM_LOAN,SME_MICRO,NGN,200000,200000,200000,2026-07-26,2026-07-26,2027-04-22,270,0.332994,FIXED,MONTHLY,27696.1,MICRO_ENTERPRISE,MICROFINANCE,DEPOSITS_AND_EQUITY,False,ACTIVE,2026-08-21,185740.74,188282.54,15,DPD_1_30,False,,False,False,0,0,PTY-LENDER_C-00000565,ANON-LENDER_C-00000565,ORGANISATION,synthetic,WCDS-0.1
FAC-LENDER_C-00000566,LENDER_C,LENDER_C-100566,,TERM_LOAN,SME_MICRO,NGN,3500000,3500000,3500000,2025-05-11,2025-05-11,2026-02-05,270,0.344689,FIXED,MONTHLY,488045.99,MICRO_ENTERPRISE,MICROFINANCE,DEPOSITS_AND_EQUITY,True,CLOSED,2026-08-21,0,0.0,0,CURRENT,False,,False,False,0,0,PTY-LENDER_C-00000566,ANON-LENDER_C-00000566,ORGANISATION,synthetic,WCDS-0.1
FAC-LENDER_C-00000567,LENDER_C,LENDER_C-100567,,TERM_LOAN,SME_MICRO,NGN,50000,50000,50000,2025-03-17,2025-03-17,2025-12-12,270,0.396178,FIXED,MONTHLY,7183.68,MICRO_ENTERPRISE,MICROFINANCE,DEPOSITS_AND_EQUITY,False,ACTIVE,2026-08-21,2916.67,3011.64,35,DPD_31_60,False,,False,False,0,0,PTY-LENDER_C-00000567,ANON-LENDER_C-00000567,ORGANISATION,synthetic,WCDS-0.1
FAC-LENDER_C-00000568,LENDER_C,LENDER_C-100568,,TERM_LOAN,ASSET_FINANCE,NGN,3500000,3500000,3500000,2026-01-26,2026-01-26,2027-01-26,365,0.256108,FIXED,MONTHLY,366364.91,MICRO_ENTERPRISE,MICROFINANCE,DEPOSITS_AND_EQUITY,True,ACTIVE,2026-08-21,1515068.49,1515068.49,0,CURRENT,False,,False,False,0,0,PTY-LENDER_C-00000568,ANON-LENDER_C-00000568,ORGANISATION,synthetic,WCDS-0.1
FAC-LENDER_C-00000569,LENDER_C,LENDER_C-100569,,TERM_LOAN,GROUP_MICRO,NGN,200000,200000,200000,2026-05-14,2026-05-14,2026-11-10,180,0.323965,FIXED,WEEKLY,8921.26,MICRO_ENTERPRISE,MICROFINANCE,DEPOSITS_AND_EQUITY,False,ACTIVE,2026-08-21,90000.0,90000.0,0,CURRENT,False,,False,False,0,0,PTY-LENDER_C-00000569,ANON-LENDER_C-00000569,PERSON,synthetic,WCDS-0.1
FAC-LENDER_C-00000570,LENDER_C,LENDER_C-100570,,TERM_LOAN,ASSET_FINANCE,NGN,75000,75000,75000,2025-01-26,2025-01-26,2026-01-26,365,0.31405,FIXED,MONTHLY,8212.81,MICRO_ENTERPRISE,MICROFINANCE,DEPOSITS_AND_EQUITY,True,CLOSED,2026-08-21,0,0.0,0,CURRENT,False,,False,False,0,0,PTY-LENDER_C-00000570,ANON-LENDER_C-00000570,ORGANISATION,synthetic,WCDS-0.1
FAC-LENDER_C-00000571,LENDER_C,LENDER_C-100571,,TERM_LOAN,ASSET_FINANCE,NGN,300000,300000,300000,2025-01-10,2025-01-10,2026-01-10,365,0.221203,FIXED,MONTHLY,30530.07,MICRO_ENTERPRISE,MICROFINANCE,DEPOSITS_AND_EQUITY,True,CLOSED,2026-08-21,0,0.0,0,CURRENT,False,,False,False,0,0,PTY-LENDER_C-00000571,ANON-LENDER_C-00000571,ORGANISATION,synthetic,WCDS-0.1
FAC-LENDER_C-00000572,LENDER_C,LENDER_C-100572,,TERM_LOAN,STAFF_LOAN,NGN,2000000,2000000,2000000,2026-02-15,2026-02-15,2027-02-15,365,0.122537,FIXED,MONTHLY,187089.43,PERSONAL,MICROFINANCE,DEPOSITS_AND_EQUITY,False,ACTIVE,2026-08-21,975342.47,975342.47,0,CURRENT,False,,False,False,0,0,PTY-LENDER_C-00000572,ANON-LENDER_C-00000572,PERSON,synthetic,WCDS-0.1
FAC-LENDER_C-00000573,LENDER_C,LENDER_C-100573,,TERM_LOAN,SME_MICRO,NGN,1000000,1000000,1000000,2026-05-15,2026-05-15,2027-02-09,270,0.329008,FIXED,MONTHLY,138152.85,MICRO_ENTERPRISE,MICROFINANCE,DEPOSITS_AND_EQUITY,True,ACTIVE,2026-08-21,637037.04,637037.04,0,CURRENT,False,,False,False,0,0,PTY-LENDER_C-00000573,ANON-LENDER_C-00000573,ORGANISATION,synthetic,WCDS-0.1
FAC-LENDER_C-00000574,LENDER_C,LENDER_C-100574,,TERM_LOAN,SME_MICRO,NGN,2000000,2000000,2000000,2025-05-31,2025-05-31,2026-02-25,270,0.369477,FIXED,MONTHLY,282958.09,MICRO_ENTERPRISE,MICROFINANCE,DEPOSITS_AND_EQUITY,False,CLOSED,2026-08-21,0,0.0,0,CURRENT,False,,False,False,0,0,PTY-LENDER_C-00000574,ANON-LENDER_C-00000574,ORGANISATION,synthetic,WCDS-0.1
FAC-LENDER_C-00000575,LENDER_C,LENDER_C-100575,,TERM_LOAN,ASSET_FINANCE,NGN,50000,50000,50000,2025-03-20,2025-03-20,2026-03-20,365,0.308534,FIXED,MONTHLY,5452.22,MICRO_ENTERPRISE,MICROFINANCE,DEPOSITS_AND_EQUITY,True,CLOSED,2026-08-21,0,0.0,7,DPD_1_30,False,,False,False,0,0,PTY-LENDER_C-00000575,ANON-LENDER_C-00000575,ORGANISATION,synthetic,WCDS-0.1
FAC-LENDER_C-00000576,LENDER_C,LENDER_C-100576,,TERM_LOAN,ASSET_FINANCE,NGN,200000,200000,200000,2025-07-17,2025-07-17,2026-07-17,365,0.314686,FIXED,MONTHLY,21911.44,MICRO_ENTERPRISE,MICROFINANCE,DEPOSITS_AND_EQUITY,True,ACTIVE,2026-08-21,2333.33,2347.42,7,DPD_1_30,False,,False,False,0,0,PTY-LENDER_C-00000576,ANON-LENDER_C-00000576,ORGANISATION,synthetic,WCDS-0.1
FAC-LENDER_C-00000577,LENDER_C,LENDER_C-100577,,TERM_LOAN,STAFF_LOAN,NGN,500000,500000,500000,2025-12-30,2025-12-30,2026-12-30,365,0.131546,FIXED,MONTHLY,47147.76,PERSONAL,MICROFINANCE,DEPOSITS_AND_EQUITY,False,ACTIVE,2026-08-21,208618.72,210874.31,35,DPD_31_60,False,,False,False,0,0,PTY-LENDER_C-00000577,ANON-LENDER_C-00000577,PERSON,synthetic,WCDS-0.1
FAC-LENDER_C-00000578,LENDER_C,LENDER_C-100578,,TERM_LOAN,GROUP_MICRO,NGN,300000,300000,300000,2025-03-18,2025-03-18,2025-09-14,180,0.423783,FIXED,WEEKLY,13949.87,MICRO_ENTERPRISE,MICROFINANCE,DEPOSITS_AND_EQUITY,False,ACTIVE,2026-08-21,3500.0,3528.45,7,DPD_1_30,False,,False,False,0,0,PTY-LENDER_C-00000578,ANON-LENDER_C-00000578,PERSON,synthetic,WCDS-0.1
FAC-LENDER_C-00000579,LENDER_C,LENDER_C-100579,,TERM_LOAN,SME_MICRO,NGN,200000,200000,200000,2025-01-17,2025-01-17,2025-10-14,270,0.397964,FIXED,MONTHLY,28764.1,MICRO_ENTERPRISE,MICROFINANCE,DEPOSITS_AND_EQUITY,True,WRITTEN_OFF,2026-08-21,1604.27,1656.75,130,DPD_90_PLUS,True,2026-07-12,False,True,30000.0,1223.86,PTY-LENDER_C-00000579,ANON-LENDER_C-00000579,ORGANISATION,synthetic,WCDS-0.1
FAC-LENDER_C-00000580,LENDER_C,LENDER_C-100580,,TERM_LOAN,SME_MICRO,NGN,500000,500000,500000,2026-08-08,2026-08-08,2027-05-05,270,0.292187,FIXED,MONTHLY,67563.23,MICRO_ENTERPRISE,MICROFINANCE,DEPOSITS_AND_EQUITY,False,ACTIVE,2026-08-21,475925.93,475925.93,0,CURRENT,False,,False,False,0,0,PTY-LENDER_C-00000580,ANON-LENDER_C-00000580,ORGANISATION,synthetic,WCDS-0.1
FAC-LENDER_C-00000581,LENDER_C,LENDER_C-100581,,TERM_LOAN,STAFF_LOAN,NGN,100000,100000,100000,2026-03-31,2026-03-31,2027-03-31,365,0.148087,FIXED,MONTHLY,9567.39,PERSONAL,MICROFINANCE,DEPOSITS_AND_EQUITY,False,ACTIVE,2026-08-21,60821.92,60821.92,0,CURRENT,False,,False,False,0,0,PTY-LENDER_C-00000581,ANON-LENDER_C-00000581,PERSON,synthetic,WCDS-0.1
FAC-LENDER_C-00000582,LENDER_C,LENDER_C-100582,,TERM_LOAN,STAFF_LOAN,NGN,1000000,1000000,1000000,2025-05-16,2025-05-16,2026-05-16,365,0.19071,FIXED,MONTHLY,99225.83,PERSONAL,MICROFINANCE,DEPOSITS_AND_EQUITY,False,CLOSED,2026-08-21,0,0.0,0,CURRENT,False,,False,False,0,0,PTY-LENDER_C-00000582,ANON-LENDER_C-00000582,PERSON,synthetic,WCDS-0.1
FAC-LENDER_C-00000583,LENDER_C,LENDER_C-100583,,TERM_LOAN,GROUP_MICRO,NGN,3500000,3500000,3500000,2026-03-01,2026-03-01,2026-08-28,180,0.426646,FIXED,WEEKLY,162938.59,MICRO_ENTERPRISE,MICROFINANCE,DEPOSITS_AND_EQUITY,False,ACTIVE,2026-08-21,136111.11,136111.11,0,CURRENT,False,,False,False,0,0,PTY-LENDER_C-00000583,ANON-LENDER_C-00000583,PERSON,synthetic,WCDS-0.1
FAC-LENDER_C-00000584,LENDER_C,LENDER_C-100584,,TERM_LOAN,GROUP_MICRO,NGN,1000000,1000000,1000000,2025-10-05,2025-10-05,2026-04-03,180,0.395867,FIXED,WEEKLY,45970.08,MICRO_ENTERPRISE,MICROFINANCE,DEPOSITS_AND_EQUITY,False,CLOSED,2026-08-21,0,0.0,0,CURRENT,False,,False,False,0,0,PTY-LENDER_C-00000584,ANON-LENDER_C-00000584,PERSON,synthetic,WCDS-0.1
FAC-LENDER_C-00000585,LENDER_C,LENDER_C-100585,,TERM_LOAN,ASSET_FINANCE,NGN,150000,150000,150000,2025-10-01,2025-10-01,2026-10-01,365,0.217469,FIXED,MONTHLY,15218.36,MICRO_ENTERPRISE,MICROFINANCE,DEPOSITS_AND_EQUITY,True,ACTIVE,2026-08-21,16849.32,16849.32,0,CURRENT,False,,False,False,0,0,PTY-LENDER_C-00000585,ANON-LENDER_C-00000585,ORGANISATION,synthetic,WCDS-0.1
FAC-LENDER_C-00000586,LENDER_C,LENDER_C-100586,,TERM_LOAN,GROUP_MICRO,NGN,100000,100000,100000,2026-05-15,2026-05-15,2026-11-11,180,0.408909,FIXED,WEEKLY,4621.74,MICRO_ENTERPRISE,MICROFINANCE,DEPOSITS_AND_EQUITY,False,ACTIVE,2026-08-21,45555.56,45555.56,0,CURRENT,False,,False,False,0,0,PTY-LENDER_C-00000586,ANON-LENDER_C-00000586,PERSON,synthetic,WCDS-0.1
FAC-LENDER_C-00000587,LENDER_C,LENDER_C-100587,,TERM_LOAN,SME_MICRO,NGN,300000,300000,300000,2026-02-16,2026-02-16,2026-11-13,270,0.381217,FIXED,MONTHLY,42733.21,MICRO_ENTERPRISE,MICROFINANCE,DEPOSITS_AND_EQUITY,False,ACTIVE,2026-08-21,93333.33,93333.33,0,CURRENT,False,,False,False,0,0,PTY-LENDER_C-00000587,ANON-LENDER_C-00000587,ORGANISATION,synthetic,WCDS-0.1
FAC-LENDER_C-00000588,LENDER_C,LENDER_C-100588,,TERM_LOAN,GROUP_MICRO,NGN,75000,75000,75000,2026-04-30,2026-04-30,2026-10-27,180,0.35995,FIXED,WEEKLY,3396.66,MICRO_ENTERPRISE,MICROFINANCE,DEPOSITS_AND_EQUITY,False,ACTIVE,2026-08-21,27916.67,27916.67,0,CURRENT,False,,False,False,0,0,PTY-LENDER_C-00000588,ANON-LENDER_C-00000588,PERSON,synthetic,WCDS-0.1
FAC-LENDER_C-00000589,LENDER_C,LENDER_C-100589,,TERM_LOAN,SME_MICRO,NGN,750000,750000,750000,2025-05-29,2025-05-29,2026-02-23,270,0.372893,FIXED,MONTHLY,106319.9,MICRO_ENTERPRISE,MICROFINANCE,DEPOSITS_AND_EQUITY,True,CLOSED,2026-08-21,0,0.0,0,CURRENT,False,,False,False,0,0,PTY-LENDER_C-00000589,ANON-LENDER_C-00000589,ORGANISATION,synthetic,WCDS-0.1
FAC-LENDER_C-00000590,LENDER_C,LENDER_C-100590,,TERM_LOAN,SME_MICRO,NGN,75000,75000,75000,2025-11-01,2025-11-01,2026-07-29,270,0.36126,FIXED,MONTHLY,10560.28,MICRO_ENTERPRISE,MICROFINANCE,DEPOSITS_AND_EQUITY,False,CLOSED,2026-08-21,0,0.0,0,CURRENT,False,,False,False,0,-2500.0,PTY-LENDER_C-00000590,ANON-LENDER_C-00000590,ORGANISATION,synthetic,WCDS-0.1
FAC-LENDER_C-00000591,LENDER_C,LENDER_C-100591,,TERM_LOAN,GROUP_MICRO,NGN,300000,300000,300000,2026-05-03,2026-05-03,2026-10-30,180,0.362966,FIXED,WEEKLY,13603.81,MICRO_ENTERPRISE,MICROFINANCE,DEPOSITS_AND_EQUITY,False,ACTIVE,2026-08-21,124166.67,126018.79,15,DPD_1_30,False,,False,False,0,0,PTY-LENDER_C-00000591,ANON-LENDER_C-00000591,PERSON,synthetic,WCDS-0.1
FAC-LENDER_C-00000592,LENDER_C,LENDER_C-100592,,TERM_LOAN,ASSET_FINANCE,NGN,150000,150000,150000,2025-10-30,2025-10-30,2026-10-30,365,0.21932,FIXED,MONTHLY,15241.5,MICRO_ENTERPRISE,MICROFINANCE,DEPOSITS_AND_EQUITY,True,ACTIVE,2026-08-21,28767.12,28767.12,0,CURRENT,False,,False,False,0,0,PTY-LENDER_C-00000592,ANON-LENDER_C-00000592,ORGANISATION,synthetic,WCDS-0.1
FAC-LENDER_C-00000593,LENDER_C,LENDER_C-100593,,TERM_LOAN,GROUP_MICRO,NGN,200000,200000,200000,2025-02-17,2025-02-17,2025-08-16,180,0.408931,FIXED,WEEKLY,9243.57,MICRO_ENTERPRISE,MICROFINANCE,DEPOSITS_AND_EQUITY,False,CLOSED,2026-08-21,0,0.0,0,CURRENT,False,,False,False,0,0,PTY-LENDER_C-00000593,ANON-LENDER_C-00000593,PERSON,synthetic,WCDS-0.1
FAC-LENDER_C-00000594,LENDER_C,LENDER_C-100594,,TERM_LOAN,STAFF_LOAN,NGN,50000,50000,50000,2026-06-13,2026-06-13,2027-06-13,365,0.177082,FIXED,MONTHLY,4904.51,PERSONAL,MICROFINANCE,DEPOSITS_AND_EQUITY,False,ACTIVE,2026-08-21,40547.95,40547.95,0,CURRENT,False,,False,False,0,0,PTY-LENDER_C-00000594,ANON-LENDER_C-00000594,PERSON,synthetic,WCDS-0.1
FAC-LENDER_C-00000595,LENDER_C,LENDER_C-100595,,TERM_LOAN,GROUP_MICRO,NGN,75000,75000,75000,2026-05-12,2026-05-12,2026-11-08,180,0.309372,FIXED,WEEKLY,3324.71,MICRO_ENTERPRISE,MICROFINANCE,DEPOSITS_AND_EQUITY,False,ACTIVE,2026-08-21,34791.67,35234.01,15,DPD_1_30,False,,False,False,0,0,PTY-LENDER_C-00000595,ANON-LENDER_C-00000595,PERSON,synthetic,WCDS-0.1
FAC-LENDER_C-00000596,LENDER_C,LENDER_C-100596,,TERM_LOAN,GROUP_MICRO,NGN,150000,150000,150000,2026-04-24,2026-04-24,2026-10-21,180,0.304865,FIXED,WEEKLY,6636.6,MICRO_ENTERPRISE,MICROFINANCE,DEPOSITS_AND_EQUITY,False,ACTIVE,2026-08-21,52583.33,52890.77,7,DPD_1_30,False,,False,False,0,0,PTY-LENDER_C-00000596,ANON-LENDER_C-00000596,PERSON,synthetic,WCDS-0.1
FAC-LENDER_C-00000597,LENDER_C,LENDER_C-100597,,TERM_LOAN,STAFF_LOAN,NGN,50000,50000,50000,2026-04-26,2026-04-26,2027-04-26,365,0.180954,FIXED,MONTHLY,4920.64,PERSONAL,MICROFINANCE,DEPOSITS_AND_EQUITY,False,ACTIVE,2026-08-21,36889.27,37437.92,35,DPD_31_60,False,,False,False,0,0,PTY-LENDER_C-00000597,ANON-LENDER_C-00000597,PERSON,synthetic,WCDS-0.1
FAC-LENDER_C-00000598,LENDER_C,LENDER_C-100598,,TERM_LOAN,GROUP_MICRO,NGN,1000000,1000000,1000000,2025-11-20,2025-11-20,2026-05-19,180,0.432616,FIXED,WEEKLY,46667.11,MICRO_ENTERPRISE,MICROFINANCE,DEPOSITS_AND_EQUITY,False,CLOSED,2026-08-21,0,0.0,0,CURRENT,False,,False,False,0,0,PTY-LENDER_C-00000598,ANON-LENDER_C-00000598,PERSON,synthetic,WCDS-0.1
FAC-LENDER_C-00000599,LENDER_C,LENDER_C-100599,,TERM_LOAN,ASSET_FINANCE,NGN,300000,300000,300000,2026-08-02,2026-08-02,2027-08-02,365,0.276336,FIXED,MONTHLY,31908.4,MICRO_ENTERPRISE,MICROFINANCE,DEPOSITS_AND_EQUITY,True,ACTIVE,2026-08-21,284383.56,284383.56,0,CURRENT,False,,False,False,0,0,PTY-LENDER_C-00000599,ANON-LENDER_C-00000599,ORGANISATION,synthetic,WCDS-0.1
FAC-LENDER_C-00000600,LENDER_C,LENDER_C-100600,,TERM_LOAN,SME_MICRO,NGN,75000,75000,75000,2026-02-22,2026-02-22,2026-11-19,270,0.394985,FIXED,MONTHLY,10768.17,MICRO_ENTERPRISE,MICROFINANCE,DEPOSITS_AND_EQUITY,True,ACTIVE,2026-08-21,25000.0,25000.0,0,CURRENT,False,,False,False,0,0,PTY-LENDER_C-00000600,ANON-LENDER_C-00000600,ORGANISATION,synthetic,WCDS-0.1
FAC-LENDER_C-00000601,LENDER_C,LENDER_C-100601,,TERM_LOAN,SME_MICRO,NGN,750000,750000,750000,2026-06-15,2026-06-15,2027-03-12,270,0.380455,FIXED,MONTHLY,106786.01,MICRO_ENTERPRISE,MICROFINANCE,DEPOSITS_AND_EQUITY,False,ACTIVE,2026-08-21,572638.89,576817.08,7,DPD_1_30,False,,False,False,0,0,PTY-LENDER_C-00000601,ANON-LENDER_C-00000601,ORGANISATION,synthetic,WCDS-0.1
FAC-LENDER_C-00000602,LENDER_C,LENDER_C-100602,,TERM_LOAN,GROUP_MICRO,NGN,2000000,2000000,2000000,2025-04-17,2025-04-17,2025-10-14,180,0.370192,FIXED,WEEKLY,90966.2,MICRO_ENTERPRISE,MICROFINANCE,DEPOSITS_AND_EQUITY,False,WRITTEN_OFF,2026-08-21,20305.38,20923.21,130,DPD_90_PLUS,True,2026-07-12,False,True,300000.0,65933.65,PTY-LENDER_C-00000602,ANON-LENDER_C-00000602,PERSON,synthetic,WCDS-0.1
FAC-LENDER_C-00000603,LENDER_C,LENDER_C-100603,,TERM_LOAN,GROUP_MICRO,NGN,1000000,1000000,1000000,2026-01-21,2026-01-21,2026-07-20,180,0.388212,FIXED,WEEKLY,45824.88,MICRO_ENTERPRISE,MICROFINANCE,DEPOSITS_AND_EQUITY,False,CLOSED,2026-08-21,0,0.0,0,CURRENT,False,,False,False,0,0,PTY-LENDER_C-00000603,ANON-LENDER_C-00000603,PERSON,synthetic,WCDS-0.1
FAC-LENDER_C-00000604,LENDER_C,LENDER_C-100604,,TERM_LOAN,GROUP_MICRO,NGN,50000,50000,50000,2026-02-06,2026-02-06,2026-08-05,180,0.425625,FIXED,WEEKLY,2326.73,MICRO_ENTERPRISE,MICROFINANCE,DEPOSITS_AND_EQUITY,False,ACTIVE,2026-08-21,1250.0,1271.86,15,DPD_1_30,False,,False,False,0,0,PTY-LENDER_C-00000604,ANON-LENDER_C-00000604,PERSON,synthetic,WCDS-0.1
FAC-LENDER_C-00000605,LENDER_C,LENDER_C-100605,,TERM_LOAN,ASSET_FINANCE,NGN,750000,750000,750000,2025-03-17,2025-03-17,2026-03-17,365,0.285958,FIXED,MONTHLY,80372.39,MICRO_ENTERPRISE,MICROFINANCE,DEPOSITS_AND_EQUITY,True,CLOSED,2026-08-21,0,0.0,0,CURRENT,False,,False,False,0,0,PTY-LENDER_C-00000605,ANON-LENDER_C-00000605,ORGANISATION,synthetic,WCDS-0.1
FAC-LENDER_C-00000606,LENDER_C,LENDER_C-100606,,TERM_LOAN,SME_MICRO,NGN,150000,150000,150000,2026-02-02,2026-02-02,2026-10-30,270,0.310827,FIXED,MONTHLY,20498.78,MICRO_ENTERPRISE,MICROFINANCE,DEPOSITS_AND_EQUITY,False,ACTIVE,2026-08-21,38888.89,38888.89,0,CURRENT,False,,False,False,0,0,PTY-LENDER_C-00000606,ANON-LENDER_C-00000606,ORGANISATION,synthetic,WCDS-0.1
FAC-LENDER_C-00000607,LENDER_C,LENDER_C-100607,,TERM_LOAN,STAFF_LOAN,NGN,1000000,1000000,1000000,2025-08-16,2025-08-16,2026-08-16,365,0.199465,FIXED,MONTHLY,99955.43,PERSONAL,MICROFINANCE,DEPOSITS_AND_EQUITY,False,ACTIVE,2026-08-21,58333.33,59289.67,35,DPD_31_60,False,,False,False,0,0,PTY-LENDER_C-00000607,ANON-LENDER_C-00000607,PERSON,synthetic,WCDS-0.1
FAC-LENDER_C-00000608,LENDER_C,LENDER_C-100608,,TERM_LOAN,ASSET_FINANCE,NGN,75000,75000,75000,2025-05-21,2025-05-21,2026-05-21,365,0.296102,FIXED,MONTHLY,8100.64,MICRO_ENTERPRISE,MICROFINANCE,DEPOSITS_AND_EQUITY,True,CLOSED,2026-08-21,0,0.0,0,CURRENT,False,,False,False,0,0,PTY-LENDER_C-00000608,ANON-LENDER_C-00000608,ORGANISATION,synthetic,WCDS-0.1
FAC-LENDER_C-00000609,LENDER_C,LENDER_C-100609,,TERM_LOAN,SME_MICRO,NGN,75000,75000,75000,2026-04-15,2026-04-15,2027-01-10,270,0.349368,FIXED,MONTHLY,10486.97,MICRO_ENTERPRISE,MICROFINANCE,DEPOSITS_AND_EQUITY,False,ACTIVE,2026-08-21,41319.44,41912.69,15,DPD_1_30,False,,False,False,0,0,PTY-LENDER_C-00000609,ANON-LENDER_C-00000609,ORGANISATION,synthetic,WCDS-0.1
FAC-LENDER_C-00000610,LENDER_C,LENDER_C-100610,,TERM_LOAN,GROUP_MICRO,NGN,150000,150000,150000,2026-01-21,2026-01-21,2026-07-20,180,0.434197,FIXED,WEEKLY,7004.57,MICRO_ENTERPRISE,MICROFINANCE,DEPOSITS_AND_EQUITY,False,CLOSED,2026-08-21,0,0.0,0,CURRENT,False,,False,False,0,0,PTY-LENDER_C-00000610,ANON-LENDER_C-00000610,PERSON,synthetic,WCDS-0.1
FAC-LENDER_C-00000611,LENDER_C,LENDER_C-100611,,TERM_LOAN,SME_MICRO,NGN,200000,200000,200000,2026-04-18,2026-04-18,2027-01-13,270,0.394599,FIXED,MONTHLY,28708.78,MICRO_ENTERPRISE,MICROFINANCE,DEPOSITS_AND_EQUITY,False,ACTIVE,2026-08-21,107407.41,107407.41,0,CURRENT,False,,False,False,0,0,PTY-LENDER_C-00000611,ANON-LENDER_C-00000611,ORGANISATION,synthetic,WCDS-0.1
FAC-LENDER_C-00000612,LENDER_C,LENDER_C-100612,,TERM_LOAN,GROUP_MICRO,NGN,150000,150000,150000,2026-07-18,2026-07-18,2027-01-14,180,0.429855,FIXED,WEEKLY,6992.21,MICRO_ENTERPRISE,MICROFINANCE,DEPOSITS_AND_EQUITY,False,ACTIVE,2026-08-21,121666.67,121666.67,0,CURRENT,False,,False,False,0,0,PTY-LENDER_C-00000612,ANON-LENDER_C-00000612,PERSON,synthetic,WCDS-0.1
FAC-LENDER_C-00000613,LENDER_C,LENDER_C-100613,,TERM_LOAN,GROUP_MICRO,NGN,300000,300000,300000,2025-12-20,2025-12-20,2026-06-18,180,0.436931,FIXED,WEEKLY,14024.69,MICRO_ENTERPRISE,MICROFINANCE,DEPOSITS_AND_EQUITY,False,CLOSED,2026-08-21,0,0.0,0,CURRENT,False,,False,False,0,0,PTY-LENDER_C-00000613,ANON-LENDER_C-00000613,PERSON,synthetic,WCDS-0.1
FAC-LENDER_C-00000614,LENDER_C,LENDER_C-100614,,TERM_LOAN,STAFF_LOAN,NGN,200000,200000,200000,2025-06-24,2025-06-24,2026-06-24,365,0.177576,FIXED,MONTHLY,19626.26,PERSONAL,MICROFINANCE,DEPOSITS_AND_EQUITY,False,ACTIVE,2026-08-21,2333.33,2341.28,7,DPD_1_30,False,,False,False,0,0,PTY-LENDER_C-00000614,ANON-LENDER_C-00000614,PERSON,synthetic,WCDS-0.1
FAC-LENDER_C-00000615,LENDER_C,LENDER_C-100615,,TERM_LOAN,SME_MICRO,NGN,200000,200000,200000,2026-05-08,2026-05-08,2027-02-02,270,0.36013,FIXED,MONTHLY,28142.16,MICRO_ENTERPRISE,MICROFINANCE,DEPOSITS_AND_EQUITY,False,ACTIVE,2026-08-21,122222.22,122222.22,0,CURRENT,False,,False,False,0,0,PTY-LENDER_C-00000615,ANON-LENDER_C-00000615,ORGANISATION,synthetic,WCDS-0.1
FAC-LENDER_C-00000616,LENDER_C,LENDER_C-100616,,TERM_LOAN,STAFF_LOAN,NGN,200000,200000,200000,2026-03-05,2026-03-05,2027-03-05,365,0.192967,FIXED,MONTHLY,19882.78,PERSONAL,MICROFINANCE,DEPOSITS_AND_EQUITY,False,ACTIVE,2026-08-21,107397.26,107397.26,0,CURRENT,False,,False,False,0,0,PTY-LENDER_C-00000616,ANON-LENDER_C-00000616,PERSON,synthetic,WCDS-0.1
FAC-LENDER_C-00000617,LENDER_C,LENDER_C-100617,,TERM_LOAN,ASSET_FINANCE,NGN,750000,750000,750000,2025-12-02,2025-12-02,2026-12-02,365,0.250938,FIXED,MONTHLY,78183.65,MICRO_ENTERPRISE,MICROFINANCE,DEPOSITS_AND_EQUITY,True,ACTIVE,2026-08-21,211643.84,211643.84,0,CURRENT,False,,False,False,0,0,PTY-LENDER_C-00000617,ANON-LENDER_C-00000617,ORGANISATION,synthetic,WCDS-0.1
FAC-LENDER_C-00000618,LENDER_C,LENDER_C-100618,,TERM_LOAN,GROUP_MICRO,NGN,750000,750000,750000,2025-03-25,2025-03-25,2025-09-21,180,0.348143,FIXED,WEEKLY,33798.66,MICRO_ENTERPRISE,MICROFINANCE,DEPOSITS_AND_EQUITY,False,CLOSED,2026-08-21,0,0.0,0,CURRENT,False,,False,False,0,0,PTY-LENDER_C-00000618,ANON-LENDER_C-00000618,PERSON,synthetic,WCDS-0.1
FAC-LENDER_C-00000619,LENDER_C,LENDER_C-100619,,TERM_LOAN,GROUP_MICRO,NGN,300000,300000,300000,2025-08-06,2025-08-06,2026-02-02,180,0.314772,FIXED,WEEKLY,13329.58,MICRO_ENTERPRISE,MICROFINANCE,DEPOSITS_AND_EQUITY,False,CLOSED,2026-08-21,0,0.0,0,CURRENT,False,,False,False,0,0,PTY-LENDER_C-00000619,ANON-LENDER_C-00000619,PERSON,synthetic,WCDS-0.1
FAC-LENDER_C-00000620,LENDER_C,LENDER_C-100620,,TERM_LOAN,STAFF_LOAN,NGN,100000,100000,100000,2025-12-22,2025-12-22,2026-12-22,365,0.173716,FIXED,MONTHLY,9780.96,PERSONAL,MICROFINANCE,DEPOSITS_AND_EQUITY,False,ACTIVE,2026-08-21,34865.3,34981.45,7,DPD_1_30,False,,False,False,0,0,PTY-LENDER_C-00000620,ANON-LENDER_C-00000620,PERSON,synthetic,WCDS-0.1
FAC-LENDER_C-00000621,LENDER_C,LENDER_C-100621,,TERM_LOAN,ASSET_FINANCE,NGN,200000,200000,200000,2025-06-05,2025-06-05,2026-06-05,365,0.235126,FIXED,MONTHLY,20585.44,MICRO_ENTERPRISE,MICROFINANCE,DEPOSITS_AND_EQUITY,True,ACTIVE,2026-08-21,2333.33,2343.85,7,DPD_1_30,False,,False,False,0,0,PTY-LENDER_C-00000621,ANON-LENDER_C-00000621,ORGANISATION,synthetic,WCDS-0.1
FAC-LENDER_C-00000622,LENDER_C,LENDER_C-100622,,TERM_LOAN,STAFF_LOAN,NGN,150000,150000,150000,2026-06-10,2026-06-10,2027-06-10,365,0.12814,FIXED,MONTHLY,14101.75,PERSONAL,MICROFINANCE,DEPOSITS_AND_EQUITY,False,ACTIVE,2026-08-21,124160.96,124814.79,15,DPD_1_30,False,,False,False,0,0,PTY-LENDER_C-00000622,ANON-LENDER_C-00000622,PERSON,synthetic,WCDS-0.1
FAC-LENDER_C-00000623,LENDER_C,LENDER_C-100623,,TERM_LOAN,STAFF_LOAN,NGN,1000000,1000000,1000000,2025-12-19,2025-12-19,2026-12-19,365,0.180376,FIXED,MONTHLY,98364.66,PERSONAL,MICROFINANCE,DEPOSITS_AND_EQUITY,False,ACTIVE,2026-08-21,328767.12,328767.12,0,CURRENT,False,,False,False,0,0,PTY-LENDER_C-00000623,ANON-LENDER_C-00000623,PERSON,synthetic,WCDS-0.1
FAC-LENDER_C-00000624,LENDER_C,LENDER_C-100624,,TERM_LOAN,SME_MICRO,NGN,1000000,1000000,1000000,2026-02-02,2026-02-02,2026-10-30,270,0.305982,FIXED,MONTHLY,136260.28,MICRO_ENTERPRISE,MICROFINANCE,DEPOSITS_AND_EQUITY,True,ACTIVE,2026-08-21,317592.59,325579.78,35,DPD_31_60,False,,False,False,0,0,PTY-LENDER_C-00000624,ANON-LENDER_C-00000624,ORGANISATION,synthetic,WCDS-0.1
FAC-LENDER_C-00000625,LENDER_C,LENDER_C-100625,,TERM_LOAN,SME_MICRO,NGN,500000,500000,500000,2025-01-12,2025-01-12,2025-10-09,270,0.316206,FIXED,MONTHLY,68550.31,MICRO_ENTERPRISE,MICROFINANCE,DEPOSITS_AND_EQUITY,True,CLOSED,2026-08-21,0,0.0,0,CURRENT,False,,False,False,0,0,PTY-LENDER_C-00000625,ANON-LENDER_C-00000625,ORGANISATION,synthetic,WCDS-0.1
FAC-LENDER_C-00000626,LENDER_C,LENDER_C-100626,,TERM_LOAN,SME_MICRO,NGN,750000,750000,750000,2025-03-01,2025-03-01,2025-11-26,270,0.370209,FIXED,MONTHLY,106154.43,MICRO_ENTERPRISE,MICROFINANCE,DEPOSITS_AND_EQUITY,True,ACTIVE,2026-08-21,18750.0,19035.26,15,DPD_1_30,False,,False,False,0,0,PTY-LENDER_C-00000626,ANON-LENDER_C-00000626,ORGANISATION,synthetic,WCDS-0.1
FAC-LENDER_C-00000627,LENDER_C,LENDER_C-100627,,TERM_LOAN,STAFF_LOAN,NGN,3500000,3500000,3500000,2025-07-21,2025-07-21,2026-07-21,365,0.130889,FIXED,MONTHLY,329842.49,PERSONAL,MICROFINANCE,DEPOSITS_AND_EQUITY,False,CLOSED,2026-08-21,0,0.0,0,CURRENT,False,,False,False,0,0,PTY-LENDER_C-00000627,ANON-LENDER_C-00000627,PERSON,synthetic,WCDS-0.1
FAC-LENDER_C-00000628,LENDER_C,LENDER_C-100628,,TERM_LOAN,ASSET_FINANCE,NGN,150000,150000,150000,2025-01-27,2025-01-27,2026-01-27,365,0.30316,FIXED,MONTHLY,16289.5,MICRO_ENTERPRISE,MICROFINANCE,DEPOSITS_AND_EQUITY,True,DEFAULTED,2026-08-21,22500.0,23060.64,130,DPD_90_PLUS,True,2026-07-12,False,False,0,0,PTY-LENDER_C-00000628,ANON-LENDER_C-00000628,ORGANISATION,synthetic,WCDS-0.1
FAC-LENDER_C-00000629,LENDER_C,LENDER_C-100629,,TERM_LOAN,STAFF_LOAN,NGN,2000000,2000000,2000000,2026-06-19,2026-06-19,2027-06-19,365,0.162321,FIXED,MONTHLY,193720.18,PERSONAL,MICROFINANCE,DEPOSITS_AND_EQUITY,False,ACTIVE,2026-08-21,1654794.52,1654794.52,0,CURRENT,False,,False,False,0,0,PTY-LENDER_C-00000629,ANON-LENDER_C-00000629,PERSON,synthetic,WCDS-0.1
FAC-LENDER_C-00000630,LENDER_C,LENDER_C-100630,,TERM_LOAN,STAFF_LOAN,NGN,2000000,2000000,2000000,2025-12-15,2025-12-15,2026-12-15,365,0.193482,FIXED,MONTHLY,198913.63,PERSONAL,MICROFINANCE,DEPOSITS_AND_EQUITY,False,ACTIVE,2026-08-21,635616.44,635616.44,0,CURRENT,False,,False,False,0,0,PTY-LENDER_C-00000630,ANON-LENDER_C-00000630,PERSON,synthetic,WCDS-0.1
FAC-LENDER_C-00000631,LENDER_C,LENDER_C-100631,,TERM_LOAN,ASSET_FINANCE,NGN,50000,50000,50000,2025-02-20,2025-02-20,2026-02-20,365,0.29329,FIXED,MONTHLY,5388.71,MICRO_ENTERPRISE,MICROFINANCE,DEPOSITS_AND_EQUITY,True,DEFAULTED,2026-08-21,7500.0,7680.8,95,DPD_90_PLUS,True,2026-08-16,False,False,0,0,PTY-LENDER_C-00000631,ANON-LENDER_C-00000631,ORGANISATION,synthetic,WCDS-0.1
FAC-LENDER_C-00000632,LENDER_C,LENDER_C-100632,,TERM_LOAN,ASSET_FINANCE,NGN,2000000,2000000,2000000,2025-05-08,2025-05-08,2026-05-08,365,0.250174,FIXED,MONTHLY,208362.4,MICRO_ENTERPRISE,MICROFINANCE,DEPOSITS_AND_EQUITY,True,CLOSED,2026-08-21,0,0.0,0,CURRENT,False,,False,False,0,0,PTY-LENDER_C-00000632,ANON-LENDER_C-00000632,ORGANISATION,synthetic,WCDS-0.1
FAC-LENDER_C-00000633,LENDER_C,LENDER_C-100633,,TERM_LOAN,ASSET_FINANCE,NGN,500000,500000,500000,2025-05-07,2025-05-07,2026-05-07,365,0.223022,FIXED,MONTHLY,50959.26,MICRO_ENTERPRISE,MICROFINANCE,DEPOSITS_AND_EQUITY,True,CLOSED,2026-08-21,0,0.0,0,CURRENT,False,,False,False,0,0,PTY-LENDER_C-00000633,ANON-LENDER_C-00000633,ORGANISATION,synthetic,WCDS-0.1
FAC-LENDER_C-00000634,LENDER_C,LENDER_C-100634,,TERM_LOAN,ASSET_FINANCE,NGN,200000,200000,200000,2026-03-02,2026-03-02,2027-03-02,365,0.255605,FIXED,MONTHLY,20926.75,MICRO_ENTERPRISE,MICROFINANCE,DEPOSITS_AND_EQUITY,True,ACTIVE,2026-08-21,105753.42,105753.42,0,CURRENT,False,,False,False,0,0,PTY-LENDER_C-00000634,ANON-LENDER_C-00000634,ORGANISATION,synthetic,WCDS-0.1
FAC-LENDER_C-00000635,LENDER_C,LENDER_C-100635,,TERM_LOAN,ASSET_FINANCE,NGN,100000,100000,100000,2026-02-07,2026-02-07,2027-02-07,365,0.203315,FIXED,MONTHLY,10027.62,MICRO_ENTERPRISE,MICROFINANCE,DEPOSITS_AND_EQUITY,True,ACTIVE,2026-08-21,46575.34,46575.34,0,CURRENT,False,,False,False,0,0,PTY-LENDER_C-00000635,ANON-LENDER_C-00000635,ORGANISATION,synthetic,WCDS-0.1
FAC-LENDER_C-00000636,LENDER_C,LENDER_C-100636,,TERM_LOAN,SME_MICRO,NGN,50000,50000,50000,2026-02-13,2026-02-13,2026-11-10,270,0.36995,FIXED,MONTHLY,7075.9,MICRO_ENTERPRISE,MICROFINANCE,DEPOSITS_AND_EQUITY,False,DEFAULTED,2026-08-21,22500.0,23184.15,95,DPD_90_PLUS,True,2026-08-16,True,False,0,0,PTY-LENDER_C-00000636,ANON-LENDER_C-00000636,ORGANISATION,synthetic,WCDS-0.1
FAC-LENDER_C-00000637,LENDER_C,LENDER_C-100637,,TERM_LOAN,STAFF_LOAN,NGN,500000,500000,500000,2026-04-10,2026-04-10,2027-04-10,365,0.186411,FIXED,MONTHLY,49433.77,PERSONAL,MICROFINANCE,DEPOSITS_AND_EQUITY,False,WRITTEN_OFF,2026-08-21,30616.96,31086.05,130,DPD_90_PLUS,True,2026-07-12,False,True,392808.22,15478.08,PTY-LENDER_C-00000637,ANON-LENDER_C-00000637,PERSON,synthetic,WCDS-0.1
FAC-LENDER_C-00000638,LENDER_C,LENDER_C-100638,,TERM_LOAN,STAFF_LOAN,NGN,2000000,2000000,2000000,2025-01-22,2025-01-22,2026-01-22,365,0.186972,FIXED,MONTHLY,197828.66,PERSONAL,MICROFINANCE,DEPOSITS_AND_EQUITY,False,CLOSED,2026-08-21,0,0.0,0,CURRENT,False,,False,False,0,0,PTY-LENDER_C-00000638,ANON-LENDER_C-00000638,PERSON,synthetic,WCDS-0.1
FAC-LENDER_C-00000639,LENDER_C,LENDER_C-100639,,TERM_LOAN,GROUP_MICRO,NGN,150000,150000,150000,2024-12-21,2024-12-21,2025-06-19,180,0.35622,FIXED,WEEKLY,6782.71,MICRO_ENTERPRISE,MICROFINANCE,DEPOSITS_AND_EQUITY,False,ACTIVE,2026-08-21,8750.0,9006.19,35,DPD_31_60,False,,False,False,0,0,PTY-LENDER_C-00000639,ANON-LENDER_C-00000639,PERSON,synthetic,WCDS-0.1
FAC-LENDER_C-00000640,LENDER_C,LENDER_C-100640,,TERM_LOAN,GROUP_MICRO,NGN,75000,75000,75000,2025-11-12,2025-11-12,2026-05-11,180,0.304438,FIXED,WEEKLY,3317.69,MICRO_ENTERPRISE,MICROFINANCE,DEPOSITS_AND_EQUITY,False,CLOSED,2026-08-21,0,0.0,0,CURRENT,False,,False,False,0,0,PTY-LENDER_C-00000640,ANON-LENDER_C-00000640,PERSON,synthetic,WCDS-0.1
FAC-LENDER_C-00000641,LENDER_C,LENDER_C-100641,,TERM_LOAN,GROUP_MICRO,NGN,75000,75000,75000,2025-05-07,2025-05-07,2025-11-03,180,0.359628,FIXED,WEEKLY,3396.2,MICRO_ENTERPRISE,MICROFINANCE,DEPOSITS_AND_EQUITY,False,CLOSED,2026-08-21,0,0.0,0,CURRENT,False,,False,False,0,0,PTY-LENDER_C-00000641,ANON-LENDER_C-00000641,PERSON,synthetic,WCDS-0.1
FAC-LENDER_C-00000642,LENDER_C,LENDER_C-100642,,TERM_LOAN,STAFF_LOAN,NGN,150000,150000,150000,2025-05-12,2025-05-12,2026-05-12,365,0.199823,FIXED,MONTHLY,14997.79,PERSONAL,MICROFINANCE,DEPOSITS_AND_EQUITY,False,ACTIVE,2026-08-21,8750.0,8893.71,35,DPD_31_60,False,,True,False,0,0,PTY-LENDER_C-00000642,ANON-LENDER_C-00000642,PERSON,synthetic,WCDS-0.1
FAC-LENDER_C-00000643,LENDER_C,LENDER_C-100643,,TERM_LOAN,SME_MICRO,NGN,100000,100000,100000,2025-04-29,2025-04-29,2026-01-24,270,0.281294,FIXED,MONTHLY,13423.11,MICRO_ENTERPRISE,MICROFINANCE,DEPOSITS_AND_EQUITY,False,CLOSED,2026-08-21,0,0.0,0,CURRENT,False,,False,False,0,0,PTY-LENDER_C-00000643,ANON-LENDER_C-00000643,ORGANISATION,synthetic,WCDS-0.1
FAC-LENDER_C-00000644,LENDER_C,LENDER_C-100644,,TERM_LOAN,STAFF_LOAN,NGN,100000,100000,100000,2025-01-12,2025-01-12,2026-01-12,365,0.129051,FIXED,MONTHLY,9408.75,PERSONAL,MICROFINANCE,DEPOSITS_AND_EQUITY,False,CLOSED,2026-08-21,0,0.0,0,CURRENT,False,,False,False,0,0,PTY-LENDER_C-00000644,ANON-LENDER_C-00000644,PERSON,synthetic,WCDS-0.1
FAC-LENDER_C-00000645,LENDER_C,LENDER_C-100645,,TERM_LOAN,SME_MICRO,NGN,2000000,2000000,2000000,2025-06-30,2025-06-30,2026-03-27,270,0.397467,FIXED,MONTHLY,287559.19,MICRO_ENTERPRISE,MICROFINANCE,DEPOSITS_AND_EQUITY,True,ACTIVE,2026-08-21,23333.33,23511.2,7,DPD_1_30,False,,False,False,0,0,PTY-LENDER_C-00000645,ANON-LENDER_C-00000645,ORGANISATION,synthetic,WCDS-0.1
FAC-LENDER_C-00000646,LENDER_C,LENDER_C-100646,,TERM_LOAN,ASSET_FINANCE,NGN,75000,75000,75000,2025-12-30,2025-12-30,2026-12-30,365,0.305717,FIXED,MONTHLY,8160.73,MICRO_ENTERPRISE,MICROFINANCE,DEPOSITS_AND_EQUITY,True,ACTIVE,2026-08-21,27792.81,27955.76,7,DPD_1_30,False,,False,False,0,0,PTY-LENDER_C-00000646,ANON-LENDER_C-00000646,ORGANISATION,synthetic,WCDS-0.1
FAC-LENDER_C-00000647,LENDER_C,LENDER_C-100647,,TERM_LOAN,SME_MICRO,NGN,1000000,1000000,1000000,2026-03-01,2026-03-01,2026-11-26,270,0.335442,FIXED,MONTHLY,138681.69,MICRO_ENTERPRISE,MICROFINANCE,DEPOSITS_AND_EQUITY,False,ACTIVE,2026-08-21,467592.59,480484.39,65,DPD_61_90,False,,True,False,0,0,PTY-LENDER_C-00000647,ANON-LENDER_C-00000647,ORGANISATION,synthetic,WCDS-0.1
FAC-LENDER_C-00000648,LENDER_C,LENDER_C-100648,,TERM_LOAN,STAFF_LOAN,NGN,50000,50000,50000,2026-04-05,2026-04-05,2027-04-05,365,0.197995,FIXED,MONTHLY,4991.65,PERSONAL,MICROFINANCE,DEPOSITS_AND_EQUITY,False,ACTIVE,2026-08-21,32345.89,32609.08,15,DPD_1_30,False,,False,False,0,0,PTY-LENDER_C-00000648,ANON-LENDER_C-00000648,PERSON,synthetic,WCDS-0.1
FAC-LENDER_C-00000649,LENDER_C,LENDER_C-100649,,TERM_LOAN,STAFF_LOAN,NGN,100000,100000,100000,2025-01-22,2025-01-22,2026-01-22,365,0.185925,FIXED,MONTHLY,9882.71,PERSONAL,MICROFINANCE,DEPOSITS_AND_EQUITY,False,CLOSED,2026-08-21,0,0.0,0,CURRENT,False,,False,False,0,0,PTY-LENDER_C-00000649,ANON-LENDER_C-00000649,PERSON,synthetic,WCDS-0.1
FAC-LENDER_C-00000650,LENDER_C,LENDER_C-100650,,TERM_LOAN,ASSET_FINANCE,NGN,50000,50000,50000,2025-05-05,2025-05-05,2026-05-05,365,0.25871,FIXED,MONTHLY,5244.63,MICRO_ENTERPRISE,MICROFINANCE,DEPOSITS_AND_EQUITY,True,CLOSED,2026-08-21,0,0.0,7,DPD_1_30,False,,False,False,0,0,PTY-LENDER_C-00000650,ANON-LENDER_C-00000650,ORGANISATION,synthetic,WCDS-0.1
FAC-LENDER_C-00000651,LENDER_C,LENDER_C-100651,,TERM_LOAN,STAFF_LOAN,NGN,300000,300000,300000,2025-06-15,2025-06-15,2026-06-15,365,0.120223,FIXED,MONTHLY,28005.58,PERSONAL,MICROFINANCE,DEPOSITS_AND_EQUITY,False,ACTIVE,2026-08-21,17500.0,17672.92,35,DPD_31_60,False,,True,False,0,0,PTY-LENDER_C-00000651,ANON-LENDER_C-00000651,PERSON,synthetic,WCDS-0.1
FAC-LENDER_C-00000652,LENDER_C,LENDER_C-100652,,TERM_LOAN,SME_MICRO,NGN,2000000,2000000,2000000,2026-02-02,2026-02-02,2026-10-30,270,0.281228,FIXED,MONTHLY,268451.41,MICRO_ENTERPRISE,MICROFINANCE,DEPOSITS_AND_EQUITY,True,ACTIVE,2026-08-21,541851.85,544774.28,7,DPD_1_30,False,,False,False,0,0,PTY-LENDER_C-00000652,ANON-LENDER_C-00000652,ORGANISATION,synthetic,WCDS-0.1
FAC-LENDER_C-00000653,LENDER_C,LENDER_C-100653,,TERM_LOAN,SME_MICRO,NGN,2000000,2000000,2000000,2025-11-19,2025-11-19,2026-08-16,270,0.373196,FIXED,MONTHLY,283569.43,MICRO_ENTERPRISE,MICROFINANCE,DEPOSITS_AND_EQUITY,True,CLOSED,2026-08-21,0,0.0,0,CURRENT,False,,False,False,0,0,PTY-LENDER_C-00000653,ANON-LENDER_C-00000653,ORGANISATION,synthetic,WCDS-0.1
FAC-LENDER_C-00000654,LENDER_C,LENDER_C-100654,,TERM_LOAN,SME_MICRO,NGN,150000,150000,150000,2026-08-05,2026-08-05,2027-05-02,270,0.350174,FIXED,MONTHLY,20983.88,MICRO_ENTERPRISE,MICROFINANCE,DEPOSITS_AND_EQUITY,True,DEFAULTED,2026-08-21,150000,154317.21,95,DPD_90_PLUS,True,2026-08-16,False,False,0,0,PTY-LENDER_C-00000654,ANON-LENDER_C-00000654,ORGANISATION,synthetic,WCDS-0.1
FAC-LENDER_C-00000655,LENDER_C,LENDER_C-100655,,TERM_LOAN,ASSET_FINANCE,NGN,300000,300000,300000,2026-06-12,2026-06-12,2027-06-12,365,0.244909,FIXED,MONTHLY,31122.72,MICRO_ENTERPRISE,MICROFINANCE,DEPOSITS_AND_EQUITY,True,ACTIVE,2026-08-21,242465.75,242465.75,0,CURRENT,False,,False,False,0,0,PTY-LENDER_C-00000655,ANON-LENDER_C-00000655,ORGANISATION,synthetic,WCDS-0.1
FAC-LENDER_C-00000656,LENDER_C,LENDER_C-100656,,TERM_LOAN,GROUP_MICRO,NGN,150000,150000,150000,2025-06-23,2025-06-23,2025-12-20,180,0.43271,FIXED,WEEKLY,7000.34,MICRO_ENTERPRISE,MICROFINANCE,DEPOSITS_AND_EQUITY,False,CLOSED,2026-08-21,0,0.0,0,CURRENT,False,,False,False,0,0,PTY-LENDER_C-00000656,ANON-LENDER_C-00000656,PERSON,synthetic,WCDS-0.1
FAC-LENDER_C-00000657,LENDER_C,LENDER_C-100657,,TERM_LOAN,SME_MICRO,NGN,150000,150000,150000,2026-02-26,2026-02-26,2026-11-23,270,0.377024,FIXED,MONTHLY,21314.91,MICRO_ENTERPRISE,MICROFINANCE,DEPOSITS_AND_EQUITY,True,ACTIVE,2026-08-21,52222.22,52222.22,0,CURRENT,False,,False,False,0,0,PTY-LENDER_C-00000657,ANON-LENDER_C-00000657,ORGANISATION,synthetic,WCDS-0.1
FAC-LENDER_C-00000658,LENDER_C,LENDER_C-100658,,TERM_LOAN,GROUP_MICRO,NGN,300000,300000,300000,2025-01-11,2025-01-11,2025-07-10,180,0.336943,FIXED,WEEKLY,13455.74,MICRO_ENTERPRISE,MICROFINANCE,DEPOSITS_AND_EQUITY,False,ACTIVE,2026-08-21,3500.0,3522.62,7,DPD_1_30,False,,False,False,0,0,PTY-LENDER_C-00000658,ANON-LENDER_C-00000658,PERSON,synthetic,WCDS-0.1
FAC-LENDER_C-00000659,LENDER_C,LENDER_C-100659,,TERM_LOAN,ASSET_FINANCE,NGN,200000,200000,200000,2026-05-11,2026-05-11,2027-05-11,365,0.214694,FIXED,MONTHLY,20244.9,MICRO_ENTERPRISE,MICROFINANCE,DEPOSITS_AND_EQUITY,True,ACTIVE,2026-08-21,144109.59,144109.59,0,CURRENT,False,,False,False,0,0,PTY-LENDER_C-00000659,ANON-LENDER_C-00000659,ORGANISATION,synthetic,WCDS-0.1
FAC-LENDER_C-00000660,LENDER_C,LENDER_C-100660,,TERM_LOAN,ASSET_FINANCE,NGN,2000000,2000000,2000000,2026-03-27,2026-03-27,2027-03-27,365,0.240001,FIXED,MONTHLY,206666.8,MICRO_ENTERPRISE,MICROFINANCE,DEPOSITS_AND_EQUITY,True,DEFAULTED,2026-08-21,1494520.55,1524001.6,95,DPD_90_PLUS,True,2026-08-16,True,False,0,0,PTY-LENDER_C-00000660,ANON-LENDER_C-00000660,ORGANISATION,synthetic,WCDS-0.1
FAC-LENDER_C-00000661,LENDER_C,LENDER_C-100661,,TERM_LOAN,ASSET_FINANCE,NGN,2000000,2000000,2000000,2025-07-27,2025-07-27,2026-07-27,365,0.223771,FIXED,MONTHLY,203961.76,MICRO_ENTERPRISE,MICROFINANCE,DEPOSITS_AND_EQUITY,True,CLOSED,2026-08-21,0,0.0,0,CURRENT,False,,False,False,0,0,PTY-LENDER_C-00000661,ANON-LENDER_C-00000661,ORGANISATION,synthetic,WCDS-0.1
FAC-LENDER_C-00000662,LENDER_C,LENDER_C-100662,,TERM_LOAN,ASSET_FINANCE,NGN,3500000,3500000,3500000,2026-05-08,2026-05-08,2027-05-08,365,0.22187,FIXED,MONTHLY,356378.83,MICRO_ENTERPRISE,MICROFINANCE,DEPOSITS_AND_EQUITY,True,ACTIVE,2026-08-21,2493150.68,2493150.68,0,CURRENT,False,,False,False,0,0,PTY-LENDER_C-00000662,ANON-LENDER_C-00000662,ORGANISATION,synthetic,WCDS-0.1
FAC-LENDER_C-00000663,LENDER_C,LENDER_C-100663,,TERM_LOAN,SME_MICRO,NGN,100000,100000,100000,2026-05-26,2026-05-26,2027-02-20,270,0.321028,FIXED,MONTHLY,13749.7,MICRO_ENTERPRISE,MICROFINANCE,DEPOSITS_AND_EQUITY,False,ACTIVE,2026-08-21,68944.44,69368.91,7,DPD_1_30,False,,False,False,0,0,PTY-LENDER_C-00000663,ANON-LENDER_C-00000663,ORGANISATION,synthetic,WCDS-0.1
FAC-LENDER_C-00000664,LENDER_C,LENDER_C-100664,,TERM_LOAN,STAFF_LOAN,NGN,200000,200000,200000,2025-04-14,2025-04-14,2026-04-14,365,0.130249,FIXED,MONTHLY,18837.48,PERSONAL,MICROFINANCE,DEPOSITS_AND_EQUITY,False,CLOSED,2026-08-21,0,0.0,0,CURRENT,False,,False,False,0,0,PTY-LENDER_C-00000664,ANON-LENDER_C-00000664,PERSON,synthetic,WCDS-0.1
FAC-LENDER_C-00000665,LENDER_C,LENDER_C-100665,,TERM_LOAN,GROUP_MICRO,NGN,100000,100000,100000,2026-07-16,2026-07-16,2027-01-12,180,0.400167,FIXED,WEEKLY,4605.16,MICRO_ENTERPRISE,MICROFINANCE,DEPOSITS_AND_EQUITY,False,ACTIVE,2026-08-21,90833.33,93820.88,65,DPD_61_90,False,,False,False,0,0,PTY-LENDER_C-00000665,ANON-LENDER_C-00000665,PERSON,synthetic,WCDS-0.1
FAC-LENDER_C-00000666,LENDER_C,LENDER_C-100666,,TERM_LOAN,SME_MICRO,NGN,3500000,3500000,3500000,2025-02-12,2025-02-12,2025-11-09,270,0.371974,FIXED,MONTHLY,495895.2,MICRO_ENTERPRISE,MICROFINANCE,DEPOSITS_AND_EQUITY,False,ACTIVE,2026-08-21,379166.67,390759.02,65,DPD_61_90,False,,False,False,0,0,PTY-LENDER_C-00000666,ANON-LENDER_C-00000666,ORGANISATION,synthetic,WCDS-0.1
FAC-LENDER_C-00000667,LENDER_C,LENDER_C-100667,,TERM_LOAN,ASSET_FINANCE,NGN,150000,150000,150000,2025-09-06,2025-09-06,2026-09-06,365,0.219946,FIXED,MONTHLY,15249.32,MICRO_ENTERPRISE,MICROFINANCE,DEPOSITS_AND_EQUITY,True,ACTIVE,2026-08-21,6575.34,6575.34,0,CURRENT,False,,False,False,0,0,PTY-LENDER_C-00000667,ANON-LENDER_C-00000667,ORGANISATION,synthetic,WCDS-0.1
FAC-LENDER_C-00000668,LENDER_C,LENDER_C-100668,,TERM_LOAN,GROUP_MICRO,NGN,200000,200000,200000,2025-12-11,2025-12-11,2026-06-09,180,0.347669,FIXED,WEEKLY,9011.18,MICRO_ENTERPRISE,MICROFINANCE,DEPOSITS_AND_EQUITY,False,CLOSED,2026-08-21,0,0.0,0,CURRENT,False,,False,False,0,0,PTY-LENDER_C-00000668,ANON-LENDER_C-00000668,PERSON,synthetic,WCDS-0.1
FAC-LENDER_C-00000669,LENDER_C,LENDER_C-100669,,TERM_LOAN,SME_MICRO,NGN,200000,200000,200000,2026-04-04,2026-04-04,2026-12-30,270,0.382162,FIXED,MONTHLY,28504.34,MICRO_ENTERPRISE,MICROFINANCE,DEPOSITS_AND_EQUITY,False,ACTIVE,2026-08-21,97037.04,97037.04,0,CURRENT,False,,False,False,0,0,PTY-LENDER_C-00000669,ANON-LENDER_C-00000669,ORGANISATION,synthetic,WCDS-0.1
FAC-LENDER_C-00000670,LENDER_C,LENDER_C-100670,,TERM_LOAN,SME_MICRO,NGN,200000,200000,200000,2025-09-16,2025-09-16,2026-06-13,270,0.383196,FIXED,MONTHLY,28521.34,MICRO_ENTERPRISE,MICROFINANCE,DEPOSITS_AND_EQUITY,False,ACTIVE,2026-08-21,2333.33,2350.48,7,DPD_1_30,False,,False,False,0,0,PTY-LENDER_C-00000670,ANON-LENDER_C-00000670,ORGANISATION,synthetic,WCDS-0.1
FAC-LENDER_C-00000671,LENDER_C,LENDER_C-100671,,TERM_LOAN,GROUP_MICRO,NGN,200000,200000,200000,2025-02-02,2025-02-02,2025-08-01,180,0.380955,FIXED,WEEKLY,9137.45,MICRO_ENTERPRISE,MICROFINANCE,DEPOSITS_AND_EQUITY,False,CLOSED,2026-08-21,0,0.0,0,CURRENT,False,,False,False,0,0,PTY-LENDER_C-00000671,ANON-LENDER_C-00000671,PERSON,synthetic,WCDS-0.1
FAC-LENDER_C-00000672,LENDER_C,LENDER_C-100672,,TERM_LOAN,SME_MICRO,NGN,150000,150000,150000,2024-12-16,2024-12-16,2025-09-12,270,0.339125,FIXED,MONTHLY,20847.66,MICRO_ENTERPRISE,MICROFINANCE,DEPOSITS_AND_EQUITY,False,CLOSED,2026-08-21,0,0.0,0,CURRENT,False,,False,False,0,0,PTY-LENDER_C-00000672,ANON-LENDER_C-00000672,ORGANISATION,synthetic,WCDS-0.1
FAC-LENDER_C-00000673,LENDER_C,LENDER_C-100673,,TERM_LOAN,GROUP_MICRO,NGN,100000,100000,100000,2025-08-28,2025-08-28,2026-02-24,180,0.383729,FIXED,WEEKLY,4573.98,MICRO_ENTERPRISE,MICROFINANCE,DEPOSITS_AND_EQUITY,False,CLOSED,2026-08-21,0,0.0,0,CURRENT,False,,False,False,0,0,PTY-LENDER_C-00000673,ANON-LENDER_C-00000673,PERSON,synthetic,WCDS-0.1
FAC-LENDER_C-00000674,LENDER_C,LENDER_C-100674,,TERM_LOAN,ASSET_FINANCE,NGN,3500000,3500000,3500000,2025-03-14,2025-03-14,2026-03-14,365,0.251995,FIXED,MONTHLY,365165.18,MICRO_ENTERPRISE,MICROFINANCE,DEPOSITS_AND_EQUITY,True,ACTIVE,2026-08-21,87500.0,88406.15,15,DPD_1_30,False,,False,False,0,0,PTY-LENDER_C-00000674,ANON-LENDER_C-00000674,ORGANISATION,synthetic,WCDS-0.1
FAC-LENDER_C-00000675,LENDER_C,LENDER_C-100675,,TERM_LOAN,SME_MICRO,NGN,300000,300000,300000,2025-04-09,2025-04-09,2026-01-04,270,0.343275,FIXED,MONTHLY,41797.65,MICRO_ENTERPRISE,MICROFINANCE,DEPOSITS_AND_EQUITY,False,CLOSED,2026-08-21,0,0.0,0,CURRENT,False,,False,False,0,0,PTY-LENDER_C-00000675,ANON-LENDER_C-00000675,ORGANISATION,synthetic,WCDS-0.1
FAC-LENDER_C-00000676,LENDER_C,LENDER_C-100676,,TERM_LOAN,SME_MICRO,NGN,3500000,3500000,3500000,2026-02-20,2026-02-20,2026-11-17,270,0.282159,FIXED,MONTHLY,470057.84,MICRO_ENTERPRISE,MICROFINANCE,DEPOSITS_AND_EQUITY,False,ACTIVE,2026-08-21,1140740.74,1140740.74,0,CURRENT,False,,False,False,0,0,PTY-LENDER_C-00000676,ANON-LENDER_C-00000676,ORGANISATION,synthetic,WCDS-0.1
FAC-LENDER_C-00000677,LENDER_C,LENDER_C-100677,,TERM_LOAN,ASSET_FINANCE,NGN,75000,75000,75000,2024-12-20,2024-12-20,2025-12-20,365,0.276518,FIXED,MONTHLY,7978.24,MICRO_ENTERPRISE,MICROFINANCE,DEPOSITS_AND_EQUITY,True,CLOSED,2026-08-21,0,0.0,0,CURRENT,False,,False,False,0,0,PTY-LENDER_C-00000677,ANON-LENDER_C-00000677,ORGANISATION,synthetic,WCDS-0.1
FAC-LENDER_C-00000678,LENDER_C,LENDER_C-100678,,TERM_LOAN,GROUP_MICRO,NGN,1000000,1000000,1000000,2026-02-05,2026-02-05,2026-08-04,180,0.383317,FIXED,WEEKLY,45732.05,MICRO_ENTERPRISE,MICROFINANCE,DEPOSITS_AND_EQUITY,False,CLOSED,2026-08-21,0,0.0,0,CURRENT,False,,False,False,0,0,PTY-LENDER_C-00000678,ANON-LENDER_C-00000678,PERSON,synthetic,WCDS-0.1
FAC-LENDER_C-00000679,LENDER_C,LENDER_C-100679,,TERM_LOAN,ASSET_FINANCE,NGN,750000,750000,750000,2026-02-16,2026-02-16,2027-02-16,365,0.248688,FIXED,MONTHLY,78043.01,MICRO_ENTERPRISE,MICROFINANCE,DEPOSITS_AND_EQUITY,True,ACTIVE,2026-08-21,367808.22,367808.22,0,CURRENT,False,,False,False,0,0,PTY-LENDER_C-00000679,ANON-LENDER_C-00000679,ORGANISATION,synthetic,WCDS-0.1
FAC-LENDER_C-00000680,LENDER_C,LENDER_C-100680,,TERM_LOAN,GROUP_MICRO,NGN,100000,100000,100000,2026-02-26,2026-02-26,2026-08-25,180,0.328305,FIXED,WEEKLY,4468.86,MICRO_ENTERPRISE,MICROFINANCE,DEPOSITS_AND_EQUITY,False,ACTIVE,2026-08-21,2222.22,2222.22,0,CURRENT,False,,False,False,0,0,PTY-LENDER_C-00000680,ANON-LENDER_C-00000680,PERSON,synthetic,WCDS-0.1
FAC-LENDER_C-00000681,LENDER_C,LENDER_C-100681,,TERM_LOAN,GROUP_MICRO,NGN,2000000,2000000,2000000,2025-06-10,2025-06-10,2025-12-07,180,0.341029,FIXED,WEEKLY,89859.9,MICRO_ENTERPRISE,MICROFINANCE,DEPOSITS_AND_EQUITY,False,CLOSED,2026-08-21,0,0.0,0,CURRENT,False,,False,False,0,0,PTY-LENDER_C-00000681,ANON-LENDER_C-00000681,PERSON,synthetic,WCDS-0.1
FAC-LENDER_C-00000682,LENDER_C,LENDER_C-100682,,TERM_LOAN,ASSET_FINANCE,NGN,300000,300000,300000,2026-06-19,2026-06-19,2027-06-19,365,0.216125,FIXED,MONTHLY,30403.14,MICRO_ENTERPRISE,MICROFINANCE,DEPOSITS_AND_EQUITY,True,DEFAULTED,2026-08-21,293219.18,298427.85,130,DPD_90_PLUS,True,2026-07-12,False,False,0,0,PTY-LENDER_C-00000682,ANON-LENDER_C-00000682,ORGANISATION,synthetic,WCDS-0.1
FAC-LENDER_C-00000683,LENDER_C,LENDER_C-100683,,TERM_LOAN,SME_MICRO,NGN,2000000,2000000,2000000,2026-05-17,2026-05-17,2027-02-11,270,0.380314,FIXED,MONTHLY,284739.67,MICRO_ENTERPRISE,MICROFINANCE,DEPOSITS_AND_EQUITY,True,ACTIVE,2026-08-21,1288888.89,1288888.89,0,CURRENT,False,,False,False,0,0,PTY-LENDER_C-00000683,ANON-LENDER_C-00000683,ORGANISATION,synthetic,WCDS-0.1
FAC-LENDER_C-00000684,LENDER_C,LENDER_C-100684,,TERM_LOAN,SME_MICRO,NGN,200000,200000,200000,2026-05-08,2026-05-08,2027-02-02,270,0.371562,FIXED,MONTHLY,28330.09,MICRO_ENTERPRISE,MICROFINANCE,DEPOSITS_AND_EQUITY,False,ACTIVE,2026-08-21,122222.22,122222.22,0,CURRENT,False,,False,False,0,0,PTY-LENDER_C-00000684,ANON-LENDER_C-00000684,ORGANISATION,synthetic,WCDS-0.1
FAC-LENDER_C-00000685,LENDER_C,LENDER_C-100685,,TERM_LOAN,GROUP_MICRO,NGN,1000000,1000000,1000000,2026-03-17,2026-03-17,2026-09-13,180,0.388783,FIXED,WEEKLY,45835.71,MICRO_ENTERPRISE,MICROFINANCE,DEPOSITS_AND_EQUITY,False,ACTIVE,2026-08-21,127777.78,127777.78,0,CURRENT,False,,False,False,0,0,PTY-LENDER_C-00000685,ANON-LENDER_C-00000685,PERSON,synthetic,WCDS-0.1
FAC-LENDER_C-00000686,LENDER_C,LENDER_C-100686,,TERM_LOAN,STAFF_LOAN,NGN,50000,50000,50000,2025-04-13,2025-04-13,2026-04-13,365,0.128872,FIXED,MONTHLY,4703.63,PERSONAL,MICROFINANCE,DEPOSITS_AND_EQUITY,False,DEFAULTED,2026-08-21,7500.0,7579.44,130,DPD_90_PLUS,True,2026-07-12,False,False,0,0,PTY-LENDER_C-00000686,ANON-LENDER_C-00000686,PERSON,synthetic,WCDS-0.1
FAC-LENDER_C-00000687,LENDER_C,LENDER_C-100687,,TERM_LOAN,ASSET_FINANCE,NGN,150000,150000,150000,2025-04-24,2025-04-24,2026-04-24,365,0.312727,FIXED,MONTHLY,16409.09,MICRO_ENTERPRISE,MICROFINANCE,DEPOSITS_AND_EQUITY,True,CLOSED,2026-08-21,0,0.0,0,CURRENT,False,,False,False,0,0,PTY-LENDER_C-00000687,ANON-LENDER_C-00000687,ORGANISATION,synthetic,WCDS-0.1
FAC-LENDER_C-00000688,LENDER_C,LENDER_C-100688,,TERM_LOAN,SME_MICRO,NGN,3500000,3500000,3500000,2026-01-21,2026-01-21,2026-10-18,270,0.290816,FIXED,MONTHLY,472548.23,MICRO_ENTERPRISE,MICROFINANCE,DEPOSITS_AND_EQUITY,True,ACTIVE,2026-08-21,839351.85,849383.23,15,DPD_1_30,False,,False,False,0,0,PTY-LENDER_C-00000688,ANON-LENDER_C-00000688,ORGANISATION,synthetic,WCDS-0.1
FAC-LENDER_C-00000689,LENDER_C,LENDER_C-100689,,TERM_LOAN,GROUP_MICRO,NGN,500000,500000,500000,2025-10-09,2025-10-09,2026-04-07,180,0.3172,FIXED,WEEKLY,22238.99,MICRO_ENTERPRISE,MICROFINANCE,DEPOSITS_AND_EQUITY,False,CLOSED,2026-08-21,0,0.0,0,CURRENT,False,,False,False,0,0,PTY-LENDER_C-00000689,ANON-LENDER_C-00000689,PERSON,synthetic,WCDS-0.1
FAC-LENDER_C-00000690,LENDER_C,LENDER_C-100690,,TERM_LOAN,ASSET_FINANCE,NGN,75000,75000,75000,2026-01-22,2026-01-22,2027-01-22,365,0.241876,FIXED,MONTHLY,7761.72,MICRO_ENTERPRISE,MICROFINANCE,DEPOSITS_AND_EQUITY,True,ACTIVE,2026-08-21,31643.84,31643.84,0,CURRENT,False,,False,False,0,0,PTY-LENDER_C-00000690,ANON-LENDER_C-00000690,ORGANISATION,synthetic,WCDS-0.1
FAC-LENDER_C-00000691,LENDER_C,LENDER_C-100691,,TERM_LOAN,STAFF_LOAN,NGN,50000,50000,50000,2025-06-05,2025-06-05,2026-06-05,365,0.148961,FIXED,MONTHLY,4787.34,PERSONAL,MICROFINANCE,DEPOSITS_AND_EQUITY,False,ACTIVE,2026-08-21,2916.67,2952.38,35,DPD_31_60,False,,False,False,0,0,PTY-LENDER_C-00000691,ANON-LENDER_C-00000691,PERSON,synthetic,WCDS-0.1
FAC-LENDER_C-00000692,LENDER_C,LENDER_C-100692,,TERM_LOAN,ASSET_FINANCE,NGN,500000,500000,500000,2026-06-01,2026-06-01,2027-06-01,365,0.274841,FIXED,MONTHLY,53118.38,MICRO_ENTERPRISE,MICROFINANCE,DEPOSITS_AND_EQUITY,True,ACTIVE,2026-08-21,389041.1,389041.1,0,CURRENT,False,,False,False,0,0,PTY-LENDER_C-00000692,ANON-LENDER_C-00000692,ORGANISATION,synthetic,WCDS-0.1
FAC-LENDER_C-00000693,LENDER_C,LENDER_C-100693,,TERM_LOAN,GROUP_MICRO,NGN,750000,750000,750000,2025-01-10,2025-01-10,2025-07-09,180,0.428752,FIXED,WEEKLY,34945.37,MICRO_ENTERPRISE,MICROFINANCE,DEPOSITS_AND_EQUITY,False,CLOSED,2026-08-21,0,0.0,0,CURRENT,False,,False,False,0,0,PTY-LENDER_C-00000693,ANON-LENDER_C-00000693,PERSON,synthetic,WCDS-0.1
FAC-LENDER_C-00000694,LENDER_C,LENDER_C-100694,,TERM_LOAN,SME_MICRO,NGN,750000,750000,750000,2025-11-11,2025-11-11,2026-08-08,270,0.30193,FIXED,MONTHLY,101945.47,MICRO_ENTERPRISE,MICROFINANCE,DEPOSITS_AND_EQUITY,False,CLOSED,2026-08-21,0,0.0,0,CURRENT,False,,False,False,0,0,PTY-LENDER_C-00000694,ANON-LENDER_C-00000694,ORGANISATION,synthetic,WCDS-0.1
FAC-LENDER_C-00000695,LENDER_C,LENDER_C-100695,,TERM_LOAN,SME_MICRO,NGN,1000000,1000000,1000000,2025-01-02,2025-01-02,2025-09-29,270,0.306283,FIXED,MONTHLY,136285.05,MICRO_ENTERPRISE,MICROFINANCE,DEPOSITS_AND_EQUITY,False,CLOSED,2026-08-21,0,0.0,0,CURRENT,False,,False,False,0,0,PTY-LENDER_C-00000695,ANON-LENDER_C-00000695,ORGANISATION,synthetic,WCDS-0.1
FAC-LENDER_C-00000696,LENDER_C,LENDER_C-100696,,TERM_LOAN,ASSET_FINANCE,NGN,150000,150000,150000,2025-07-20,2025-07-20,2026-07-20,365,0.219861,FIXED,MONTHLY,15248.26,MICRO_ENTERPRISE,MICROFINANCE,DEPOSITS_AND_EQUITY,True,ACTIVE,2026-08-21,8750.0,8908.12,35,DPD_31_60,False,,True,False,0,0,PTY-LENDER_C-00000696,ANON-LENDER_C-00000696,ORGANISATION,synthetic,WCDS-0.1
FAC-LENDER_C-00000697,LENDER_C,LENDER_C-100697,,TERM_LOAN,STAFF_LOAN,NGN,200000,200000,200000,2026-06-08,2026-06-08,2027-06-08,365,0.133837,FIXED,MONTHLY,18897.28,PERSONAL,MICROFINANCE,DEPOSITS_AND_EQUITY,False,ACTIVE,2026-08-21,159452.05,159452.05,0,CURRENT,False,,False,False,0,0,PTY-LENDER_C-00000697,ANON-LENDER_C-00000697,PERSON,synthetic,WCDS-0.1
FAC-LENDER_C-00000698,LENDER_C,LENDER_C-100698,,TERM_LOAN,ASSET_FINANCE,NGN,3500000,3500000,3500000,2025-09-25,2025-09-25,2026-09-25,365,0.240668,FIXED,MONTHLY,361861.62,MICRO_ENTERPRISE,MICROFINANCE,DEPOSITS_AND_EQUITY,True,ACTIVE,2026-08-21,335616.44,335616.44,0,CURRENT,False,,False,False,0,0,PTY-LENDER_C-00000698,ANON-LENDER_C-00000698,ORGANISATION,synthetic,WCDS-0.1
FAC-LENDER_C-00000699,LENDER_C,LENDER_C-100699,,TERM_LOAN,ASSET_FINANCE,NGN,2000000,2000000,2000000,2026-07-26,2026-07-26,2027-07-26,365,0.246898,FIXED,MONTHLY,207816.3,MICRO_ENTERPRISE,MICROFINANCE,DEPOSITS_AND_EQUITY,True,ACTIVE,2026-08-21,1907534.25,1926889.01,15,DPD_1_30,False,,False,False,0,0,PTY-LENDER_C-00000699,ANON-LENDER_C-00000699,ORGANISATION,synthetic,WCDS-0.1
FAC-LENDER_C-00000700,LENDER_C,LENDER_C-100700,,TERM_LOAN,STAFF_LOAN,NGN,50000,50000,50000,2025-10-03,2025-10-03,2026-10-03,365,0.126212,FIXED,MONTHLY,4692.55,PERSONAL,MICROFINANCE,DEPOSITS_AND_EQUITY,False,ACTIVE,2026-08-21,5890.41,5890.41,0,CURRENT,False,,False,False,0,0,PTY-LENDER_C-00000700,ANON-LENDER_C-00000700,PERSON,synthetic,WCDS-0.1
FAC-LENDER_C-00000701,LENDER_C,LENDER_C-100701,,TERM_LOAN,ASSET_FINANCE,NGN,200000,200000,200000,2026-01-06,2026-01-06,2027-01-06,365,0.211264,FIXED,MONTHLY,20187.73,MICRO_ENTERPRISE,MICROFINANCE,DEPOSITS_AND_EQUITY,True,ACTIVE,2026-08-21,75616.44,75616.44,0,CURRENT,False,,False,False,0,0,PTY-LENDER_C-00000701,ANON-LENDER_C-00000701,ORGANISATION,synthetic,WCDS-0.1
FAC-LENDER_C-00000702,LENDER_C,LENDER_C-100702,,TERM_LOAN,ASSET_FINANCE,NGN,500000,500000,500000,2025-11-22,2025-11-22,2026-11-22,365,0.265068,FIXED,MONTHLY,52711.16,MICRO_ENTERPRISE,MICROFINANCE,DEPOSITS_AND_EQUITY,True,ACTIVE,2026-08-21,181563.93,185519.55,65,DPD_61_90,False,,False,False,0,0,PTY-LENDER_C-00000702,ANON-LENDER_C-00000702,ORGANISATION,synthetic,WCDS-0.1
FAC-LENDER_C-00000703,LENDER_C,LENDER_C-100703,,TERM_LOAN,GROUP_MICRO,NGN,300000,300000,300000,2025-10-11,2025-10-11,2026-04-09,180,0.319706,FIXED,WEEKLY,13357.65,MICRO_ENTERPRISE,MICROFINANCE,DEPOSITS_AND_EQUITY,False,ACTIVE,2026-08-21,17500.0,17959.85,35,DPD_31_60,False,,True,False,0,0,PTY-LENDER_C-00000703,ANON-LENDER_C-00000703,PERSON,synthetic,WCDS-0.1
FAC-LENDER_C-00000704,LENDER_C,LENDER_C-100704,,TERM_LOAN,GROUP_MICRO,NGN,100000,100000,100000,2025-05-05,2025-05-05,2025-11-01,180,0.355915,FIXED,WEEKLY,4521.23,MICRO_ENTERPRISE,MICROFINANCE,DEPOSITS_AND_EQUITY,False,CLOSED,2026-08-21,0,0.0,0,CURRENT,False,,False,False,0,0,PTY-LENDER_C-00000704,ANON-LENDER_C-00000704,PERSON,synthetic,WCDS-0.1
FAC-LENDER_C-00000705,LENDER_C,LENDER_C-100705,,TERM_LOAN,ASSET_FINANCE,NGN,300000,300000,300000,2026-07-01,2026-07-01,2027-07-01,365,0.2132,FIXED,MONTHLY,30329.99,MICRO_ENTERPRISE,MICROFINANCE,DEPOSITS_AND_EQUITY,True,ACTIVE,2026-08-21,258082.19,258082.19,0,CURRENT,False,,False,False,0,0,PTY-LENDER_C-00000705,ANON-LENDER_C-00000705,ORGANISATION,synthetic,WCDS-0.1
FAC-LENDER_C-00000706,LENDER_C,LENDER_C-100706,,TERM_LOAN,SME_MICRO,NGN,300000,300000,300000,2025-05-30,2025-05-30,2026-02-24,270,0.380515,FIXED,MONTHLY,42715.9,MICRO_ENTERPRISE,MICROFINANCE,DEPOSITS_AND_EQUITY,False,CLOSED,2026-08-21,0,0.0,0,CURRENT,False,,False,False,0,0,PTY-LENDER_C-00000706,ANON-LENDER_C-00000706,ORGANISATION,synthetic,WCDS-0.1
FAC-LENDER_C-00000707,LENDER_C,LENDER_C-100707,,TERM_LOAN,STAFF_LOAN,NGN,2000000,2000000,2000000,2025-03-08,2025-03-08,2026-03-08,365,0.141361,FIXED,MONTHLY,190226.79,PERSONAL,MICROFINANCE,DEPOSITS_AND_EQUITY,False,CLOSED,2026-08-21,0,0.0,0,CURRENT,False,,False,False,0,0,PTY-LENDER_C-00000707,ANON-LENDER_C-00000707,PERSON,synthetic,WCDS-0.1
FAC-LENDER_C-00000708,LENDER_C,LENDER_C-100708,,TERM_LOAN,STAFF_LOAN,NGN,750000,750000,750000,2026-04-10,2026-04-10,2027-04-10,365,0.136879,FIXED,MONTHLY,71054.95,PERSONAL,MICROFINANCE,DEPOSITS_AND_EQUITY,False,ACTIVE,2026-08-21,476712.33,476712.33,0,CURRENT,False,,False,False,0,0,PTY-LENDER_C-00000708,ANON-LENDER_C-00000708,PERSON,synthetic,WCDS-0.1
FAC-LENDER_C-00000709,LENDER_C,LENDER_C-100709,,TERM_LOAN,STAFF_LOAN,NGN,2000000,2000000,2000000,2025-10-28,2025-10-28,2026-10-28,365,0.191028,FIXED,MONTHLY,198504.7,PERSONAL,MICROFINANCE,DEPOSITS_AND_EQUITY,False,ACTIVE,2026-08-21,395936.07,397386.61,7,DPD_1_30,False,,False,False,0,0,PTY-LENDER_C-00000709,ANON-LENDER_C-00000709,PERSON,synthetic,WCDS-0.1
FAC-LENDER_C-00000710,LENDER_C,LENDER_C-100710,,TERM_LOAN,STAFF_LOAN,NGN,300000,300000,300000,2025-12-31,2025-12-31,2026-12-31,365,0.171763,FIXED,MONTHLY,29294.09,PERSONAL,MICROFINANCE,DEPOSITS_AND_EQUITY,False,ACTIVE,2026-08-21,108493.15,108493.15,0,CURRENT,False,,False,False,0,0,PTY-LENDER_C-00000710,ANON-LENDER_C-00000710,PERSON,synthetic,WCDS-0.1
FAC-LENDER_C-00000711,LENDER_C,LENDER_C-100711,,TERM_LOAN,SME_MICRO,NGN,2000000,2000000,2000000,2025-10-04,2025-10-04,2026-07-01,270,0.351735,FIXED,MONTHLY,280041.73,MICRO_ENTERPRISE,MICROFINANCE,DEPOSITS_AND_EQUITY,False,CLOSED,2026-08-21,0,0.0,0,CURRENT,False,,False,False,0,0,PTY-LENDER_C-00000711,ANON-LENDER_C-00000711,ORGANISATION,synthetic,WCDS-0.1
FAC-LENDER_C-00000712,LENDER_C,LENDER_C-100712,,TERM_LOAN,STAFF_LOAN,NGN,500000,500000,500000,2026-07-18,2026-07-18,2027-07-18,365,0.187825,FIXED,MONTHLY,49492.72,PERSONAL,MICROFINANCE,DEPOSITS_AND_EQUITY,False,ACTIVE,2026-08-21,459257.99,460912.3,7,DPD_1_30,False,,False,False,0,0,PTY-LENDER_C-00000712,ANON-LENDER_C-00000712,PERSON,synthetic,WCDS-0.1
FAC-LENDER_C-00000713,LENDER_C,LENDER_C-100713,,TERM_LOAN,ASSET_FINANCE,NGN,2000000,2000000,2000000,2026-03-23,2026-03-23,2027-03-23,365,0.238718,FIXED,MONTHLY,206453.06,MICRO_ENTERPRISE,MICROFINANCE,DEPOSITS_AND_EQUITY,True,ACTIVE,2026-08-21,1172602.74,1172602.74,0,CURRENT,False,,False,False,0,0,PTY-LENDER_C-00000713,ANON-LENDER_C-00000713,ORGANISATION,synthetic,WCDS-0.1
FAC-LENDER_C-00000714,LENDER_C,LENDER_C-100714,,TERM_LOAN,STAFF_LOAN,NGN,75000,75000,75000,2025-01-30,2025-01-30,2026-01-30,365,0.188516,FIXED,MONTHLY,7428.22,PERSONAL,MICROFINANCE,DEPOSITS_AND_EQUITY,False,ACTIVE,2026-08-21,4375.0,4442.79,35,DPD_31_60,False,,False,False,0,0,PTY-LENDER_C-00000714,ANON-LENDER_C-00000714,PERSON,synthetic,WCDS-0.1
FAC-LENDER_C-00000715,LENDER_C,LENDER_C-100715,,TERM_LOAN,GROUP_MICRO,NGN,500000,500000,500000,2026-02-26,2026-02-26,2026-08-25,180,0.366417,FIXED,WEEKLY,22705.75,MICRO_ENTERPRISE,MICROFINANCE,DEPOSITS_AND_EQUITY,False,ACTIVE,2026-08-21,11111.11,11111.11,0,CURRENT,False,,False,False,0,0,PTY-LENDER_C-00000715,ANON-LENDER_C-00000715,PERSON,synthetic,WCDS-0.1
FAC-LENDER_C-00000716,LENDER_C,LENDER_C-100716,,TERM_LOAN,SME_MICRO,NGN,1000000,1000000,1000000,2026-05-21,2026-05-21,2027-02-15,270,0.387558,FIXED,MONTHLY,142965.16,MICRO_ENTERPRISE,MICROFINANCE,DEPOSITS_AND_EQUITY,False,ACTIVE,2026-08-21,659259.26,659259.26,0,CURRENT,False,,False,False,0,0,PTY-LENDER_C-00000716,ANON-LENDER_C-00000716,ORGANISATION,synthetic,WCDS-0.1
FAC-LENDER_C-00000717,LENDER_C,LENDER_C-100717,,TERM_LOAN,SME_MICRO,NGN,500000,500000,500000,2026-01-15,2026-01-15,2026-10-12,270,0.344381,FIXED,MONTHLY,69708.2,MICRO_ENTERPRISE,MICROFINANCE,DEPOSITS_AND_EQUITY,False,ACTIVE,2026-08-21,102129.63,102804.15,7,DPD_1_30,False,,False,False,0,0,PTY-LENDER_C-00000717,ANON-LENDER_C-00000717,ORGANISATION,synthetic,WCDS-0.1
FAC-LENDER_C-00000718,LENDER_C,LENDER_C-100718,,TERM_LOAN,STAFF_LOAN,NGN,200000,200000,200000,2025-11-16,2025-11-16,2026-11-16,365,0.193764,FIXED,MONTHLY,19896.07,PERSONAL,MICROFINANCE,DEPOSITS_AND_EQUITY,False,ACTIVE,2026-08-21,47671.23,47671.23,0,CURRENT,False,,False,False,0,0,PTY-LENDER_C-00000718,ANON-LENDER_C-00000718,PERSON,synthetic,WCDS-0.1
FAC-LENDER_C-00000719,LENDER_C,LENDER_C-100719,,TERM_LOAN,SME_MICRO,NGN,75000,75000,75000,2025-12-11,2025-12-11,2026-09-07,270,0.298928,FIXED,MONTHLY,10176.04,MICRO_ENTERPRISE,MICROFINANCE,DEPOSITS_AND_EQUITY,False,DEFAULTED,2026-08-21,15972.22,16364.65,95,DPD_90_PLUS,True,2026-08-16,False,False,0,0,PTY-LENDER_C-00000719,ANON-LENDER_C-00000719,ORGANISATION,synthetic,WCDS-0.1
FAC-LENDER_C-00000720,LENDER_C,LENDER_C-100720,,TERM_LOAN,STAFF_LOAN,NGN,750000,750000,750000,2026-07-15,2026-07-15,2027-07-15,365,0.142582,FIXED,MONTHLY,71411.38,PERSONAL,MICROFINANCE,DEPOSITS_AND_EQUITY,False,DEFAULTED,2026-08-21,750000,758789.31,180,DPD_90_PLUS,True,2026-05-23,True,False,0,0,PTY-LENDER_C-00000720,ANON-LENDER_C-00000720,PERSON,synthetic,WCDS-0.1
FAC-LENDER_C-00000721,LENDER_C,LENDER_C-100721,,TERM_LOAN,SME_MICRO,NGN,200000,200000,200000,2025-03-05,2025-03-05,2025-11-30,270,0.344633,FIXED,MONTHLY,27887.42,MICRO_ENTERPRISE,MICROFINANCE,DEPOSITS_AND_EQUITY,True,ACTIVE,2026-08-21,2333.33,2348.76,7,DPD_1_30,False,,False,False,0,0,PTY-LENDER_C-00000721,ANON-LENDER_C-00000721,ORGANISATION,synthetic,WCDS-0.1
FAC-LENDER_C-00000722,LENDER_C,LENDER_C-100722,,TERM_LOAN,GROUP_MICRO,NGN,750000,750000,750000,2025-02-06,2025-02-06,2025-08-05,180,0.34169,FIXED,WEEKLY,33706.87,MICRO_ENTERPRISE,MICROFINANCE,DEPOSITS_AND_EQUITY,False,CLOSED,2026-08-21,0,0.0,0,CURRENT,False,,False,False,0,0,PTY-LENDER_C-00000722,ANON-LENDER_C-00000722,PERSON,synthetic,WCDS-0.1
FAC-LENDER_C-00000723,LENDER_C,LENDER_C-100723,,TERM_LOAN,ASSET_FINANCE,NGN,3500000,3500000,3500000,2025-12-27,2025-12-27,2026-12-27,365,0.20067,FIXED,MONTHLY,350195.31,MICRO_ENTERPRISE,MICROFINANCE,DEPOSITS_AND_EQUITY,True,ACTIVE,2026-08-21,1227397.26,1227397.26,0,CURRENT,False,,False,False,0,0,PTY-LENDER_C-00000723,ANON-LENDER_C-00000723,ORGANISATION,synthetic,WCDS-0.1
FAC-LENDER_C-00000724,LENDER_C,LENDER_C-100724,,TERM_LOAN,GROUP_MICRO,NGN,75000,75000,75000,2025-07-19,2025-07-19,2026-01-15,180,0.351561,FIXED,WEEKLY,3384.73,MICRO_ENTERPRISE,MICROFINANCE,DEPOSITS_AND_EQUITY,False,CLOSED,2026-08-21,0,0.0,0,CURRENT,False,,False,False,0,0,PTY-LENDER_C-00000724,ANON-LENDER_C-00000724,PERSON,synthetic,WCDS-0.1
FAC-LENDER_C-00000725,LENDER_C,LENDER_C-100725,,TERM_LOAN,GROUP_MICRO,NGN,300000,300000,300000,2026-08-10,2026-08-10,2027-02-06,180,0.33789,FIXED,WEEKLY,13461.12,MICRO_ENTERPRISE,MICROFINANCE,DEPOSITS_AND_EQUITY,False,ACTIVE,2026-08-21,281666.67,281666.67,0,CURRENT,False,,False,False,0,0,PTY-LENDER_C-00000725,ANON-LENDER_C-00000725,PERSON,synthetic,WCDS-0.1
FAC-LENDER_C-00000726,LENDER_C,LENDER_C-100726,,TERM_LOAN,SME_MICRO,NGN,500000,500000,500000,2026-06-29,2026-06-29,2027-03-26,270,0.285566,FIXED,MONTHLY,67291.13,MICRO_ENTERPRISE,MICROFINANCE,DEPOSITS_AND_EQUITY,False,ACTIVE,2026-08-21,401851.85,401851.85,0,CURRENT,False,,False,False,0,0,PTY-LENDER_C-00000726,ANON-LENDER_C-00000726,ORGANISATION,synthetic,WCDS-0.1
FAC-LENDER_C-00000727,LENDER_C,LENDER_C-100727,,TERM_LOAN,GROUP_MICRO,NGN,750000,750000,750000,2026-03-01,2026-03-01,2026-08-28,180,0.307189,FIXED,WEEKLY,33216.07,MICRO_ENTERPRISE,MICROFINANCE,DEPOSITS_AND_EQUITY,False,ACTIVE,2026-08-21,29166.67,29166.67,0,CURRENT,False,,False,False,0,0,PTY-LENDER_C-00000727,ANON-LENDER_C-00000727,PERSON,synthetic,WCDS-0.1
FAC-LENDER_C-00000728,LENDER_C,LENDER_C-100728,,TERM_LOAN,ASSET_FINANCE,NGN,200000,200000,200000,2025-02-18,2025-02-18,2026-02-18,365,0.249754,FIXED,MONTHLY,20829.24,MICRO_ENTERPRISE,MICROFINANCE,DEPOSITS_AND_EQUITY,True,CLOSED,2026-08-21,0,0.0,0,CURRENT,False,,False,False,0,0,PTY-LENDER_C-00000728,ANON-LENDER_C-00000728,ORGANISATION,synthetic,WCDS-0.1
FAC-LENDER_C-00000729,LENDER_C,LENDER_C-100729,,TERM_LOAN,ASSET_FINANCE,NGN,2000000,2000000,2000000,2026-02-04,2026-02-04,2027-02-04,365,0.202309,FIXED,MONTHLY,200384.81,MICRO_ENTERPRISE,MICROFINANCE,DEPOSITS_AND_EQUITY,True,ACTIVE,2026-08-21,915068.49,915068.49,0,CURRENT,False,,False,False,0,0,PTY-LENDER_C-00000729,ANON-LENDER_C-00000729,ORGANISATION,synthetic,WCDS-0.1
FAC-LENDER_C-00000730,LENDER_C,LENDER_C-100730,,TERM_LOAN,STAFF_LOAN,NGN,2000000,2000000,2000000,2026-04-18,2026-04-18,2027-04-18,365,0.163187,FIXED,MONTHLY,193864.49,PERSONAL,MICROFINANCE,DEPOSITS_AND_EQUITY,False,ACTIVE,2026-08-21,1338401.83,1342590.51,7,DPD_1_30,False,,False,False,0,0,PTY-LENDER_C-00000730,ANON-LENDER_C-00000730,PERSON,synthetic,WCDS-0.1
FAC-LENDER_C-00000731,LENDER_C,LENDER_C-100731,,TERM_LOAN,STAFF_LOAN,NGN,500000,500000,500000,2026-03-29,2026-03-29,2027-03-29,365,0.183985,FIXED,MONTHLY,49332.7,PERSONAL,MICROFINANCE,DEPOSITS_AND_EQUITY,False,ACTIVE,2026-08-21,301369.86,301369.86,0,CURRENT,False,,False,False,0,0,PTY-LENDER_C-00000731,ANON-LENDER_C-00000731,PERSON,synthetic,WCDS-0.1
FAC-LENDER_C-00000732,LENDER_C,LENDER_C-100732,,TERM_LOAN,STAFF_LOAN,NGN,50000,50000,50000,2026-02-13,2026-02-13,2027-02-13,365,0.169992,FIXED,MONTHLY,4874.97,PERSONAL,MICROFINANCE,DEPOSITS_AND_EQUITY,False,DEFAULTED,2026-08-21,31609.59,32051.24,180,DPD_90_PLUS,True,2026-05-23,False,False,0,0,PTY-LENDER_C-00000732,ANON-LENDER_C-00000732,PERSON,synthetic,WCDS-0.1
FAC-LENDER_C-00000733,LENDER_C,LENDER_C-100733,,TERM_LOAN,STAFF_LOAN,NGN,3500000,3500000,3500000,2026-02-04,2026-02-04,2027-02-04,365,0.184245,FIXED,MONTHLY,345404.93,PERSONAL,MICROFINANCE,DEPOSITS_AND_EQUITY,False,ACTIVE,2026-08-21,1601369.86,1601369.86,0,CURRENT,False,,False,False,0,0,PTY-LENDER_C-00000733,ANON-LENDER_C-00000733,PERSON,synthetic,WCDS-0.1
FAC-LENDER_C-00000734,LENDER_C,LENDER_C-100734,,TERM_LOAN,GROUP_MICRO,NGN,75000,75000,75000,2026-02-10,2026-02-10,2026-08-09,180,0.350101,FIXED,WEEKLY,3382.65,MICRO_ENTERPRISE,MICROFINANCE,DEPOSITS_AND_EQUITY,False,CLOSED,2026-08-21,0,0.0,0,CURRENT,False,,False,False,0,0,PTY-LENDER_C-00000734,ANON-LENDER_C-00000734,PERSON,synthetic,WCDS-0.1
FAC-LENDER_C-00000735,LENDER_C,LENDER_C-100735,,TERM_LOAN,SME_MICRO,NGN,3500000,3500000,3500000,2026-01-03,2026-01-03,2026-09-30,270,0.377261,FIXED,MONTHLY,497415.96,MICRO_ENTERPRISE,MICROFINANCE,DEPOSITS_AND_EQUITY,False,ACTIVE,2026-08-21,518518.52,518518.52,0,CURRENT,False,,False,False,0,0,PTY-LENDER_C-00000735,ANON-LENDER_C-00000735,ORGANISATION,synthetic,WCDS-0.1
FAC-LENDER_C-00000736,LENDER_C,LENDER_C-100736,,TERM_LOAN,STAFF_LOAN,NGN,300000,300000,300000,2025-11-30,2025-11-30,2026-11-30,365,0.196546,FIXED,MONTHLY,29913.65,PERSONAL,MICROFINANCE,DEPOSITS_AND_EQUITY,False,ACTIVE,2026-08-21,83013.7,83013.7,0,CURRENT,False,,False,False,0,0,PTY-LENDER_C-00000736,ANON-LENDER_C-00000736,PERSON,synthetic,WCDS-0.1
FAC-LENDER_C-00000737,LENDER_C,LENDER_C-100737,,TERM_LOAN,GROUP_MICRO,NGN,150000,150000,150000,2025-07-22,2025-07-22,2026-01-18,180,0.382698,FIXED,WEEKLY,6858.04,MICRO_ENTERPRISE,MICROFINANCE,DEPOSITS_AND_EQUITY,False,CLOSED,2026-08-21,0,0.0,0,CURRENT,False,,False,False,0,0,PTY-LENDER_C-00000737,ANON-LENDER_C-00000737,PERSON,synthetic,WCDS-0.1
FAC-LENDER_C-00000738,LENDER_C,LENDER_C-100738,,TERM_LOAN,ASSET_FINANCE,NGN,100000,100000,100000,2025-09-30,2025-09-30,2026-09-30,365,0.290506,FIXED,MONTHLY,10754.21,MICRO_ENTERPRISE,MICROFINANCE,DEPOSITS_AND_EQUITY,True,ACTIVE,2026-08-21,10958.9,10958.9,0,CURRENT,False,,False,False,0,0,PTY-LENDER_C-00000738,ANON-LENDER_C-00000738,ORGANISATION,synthetic,WCDS-0.1
FAC-LENDER_C-00000739,LENDER_C,LENDER_C-100739,,TERM_LOAN,GROUP_MICRO,NGN,1000000,1000000,1000000,2025-05-18,2025-05-18,2025-11-14,180,0.353229,FIXED,WEEKLY,45161.35,MICRO_ENTERPRISE,MICROFINANCE,DEPOSITS_AND_EQUITY,False,ACTIVE,2026-08-21,25000.0,25362.91,15,DPD_1_30,False,,False,False,0,0,PTY-LENDER_C-00000739,ANON-LENDER_C-00000739,PERSON,synthetic,WCDS-0.1
FAC-LENDER_C-00000740,LENDER_C,LENDER_C-100740,,TERM_LOAN,STAFF_LOAN,NGN,200000,200000,200000,2025-03-07,2025-03-07,2026-03-07,365,0.139446,FIXED,MONTHLY,18990.76,PERSONAL,MICROFINANCE,DEPOSITS_AND_EQUITY,False,CLOSED,2026-08-21,0,0.0,0,CURRENT,False,,False,False,0,0,PTY-LENDER_C-00000740,ANON-LENDER_C-00000740,PERSON,synthetic,WCDS-0.1
FAC-LENDER_C-00000741,LENDER_C,LENDER_C-100741,,TERM_LOAN,SME_MICRO,NGN,1000000,1000000,1000000,2025-06-28,2025-06-28,2026-03-25,270,0.384913,FIXED,MONTHLY,142747.83,MICRO_ENTERPRISE,MICROFINANCE,DEPOSITS_AND_EQUITY,False,CLOSED,2026-08-21,0,0.0,0,CURRENT,False,,False,False,0,0,PTY-LENDER_C-00000741,ANON-LENDER_C-00000741,ORGANISATION,synthetic,WCDS-0.1
FAC-LENDER_C-00000742,LENDER_C,LENDER_C-100742,,TERM_LOAN,STAFF_LOAN,NGN,750000,750000,750000,2025-02-16,2025-02-16,2026-02-16,365,0.123075,FIXED,MONTHLY,70192.2,PERSONAL,MICROFINANCE,DEPOSITS_AND_EQUITY,False,CLOSED,2026-08-21,0,0.0,0,CURRENT,False,,False,False,0,0,PTY-LENDER_C-00000742,ANON-LENDER_C-00000742,PERSON,synthetic,WCDS-0.1
FAC-LENDER_C-00000743,LENDER_C,LENDER_C-100743,,TERM_LOAN,STAFF_LOAN,NGN,3500000,3500000,3500000,2026-02-14,2026-02-14,2027-02-14,365,0.165356,FIXED,MONTHLY,339895.44,PERSONAL,MICROFINANCE,DEPOSITS_AND_EQUITY,False,ACTIVE,2026-08-21,1697260.27,1697260.27,0,CURRENT,False,,False,False,0,0,PTY-LENDER_C-00000743,ANON-LENDER_C-00000743,PERSON,synthetic,WCDS-0.1
FAC-LENDER_C-00000744,LENDER_C,LENDER_C-100744,,TERM_LOAN,SME_MICRO,NGN,500000,500000,500000,2026-04-02,2026-04-02,2026-12-28,270,0.310789,FIXED,MONTHLY,68327.69,MICRO_ENTERPRISE,MICROFINANCE,DEPOSITS_AND_EQUITY,False,ACTIVE,2026-08-21,238888.89,238888.89,0,CURRENT,False,,False,False,0,0,PTY-LENDER_C-00000744,ANON-LENDER_C-00000744,ORGANISATION,synthetic,WCDS-0.1
FAC-LENDER_C-00000745,LENDER_C,LENDER_C-100745,,TERM_LOAN,STAFF_LOAN,NGN,100000,100000,100000,2026-01-30,2026-01-30,2027-01-30,365,0.194513,FIXED,MONTHLY,9954.28,PERSONAL,MICROFINANCE,DEPOSITS_AND_EQUITY,False,ACTIVE,2026-08-21,55216.89,56099.67,65,DPD_61_90,False,,False,False,0,0,PTY-LENDER_C-00000745,ANON-LENDER_C-00000745,PERSON,synthetic,WCDS-0.1
FAC-LENDER_C-00000746,LENDER_C,LENDER_C-100746,,TERM_LOAN,SME_MICRO,NGN,2000000,2000000,2000000,2025-01-27,2025-01-27,2025-10-24,270,0.389042,FIXED,MONTHLY,286174.29,MICRO_ENTERPRISE,MICROFINANCE,DEPOSITS_AND_EQUITY,False,CLOSED,2026-08-21,0,0.0,0,CURRENT,False,,False,False,0,0,PTY-LENDER_C-00000746,ANON-LENDER_C-00000746,ORGANISATION,synthetic,WCDS-0.1
FAC-LENDER_C-00000747,LENDER_C,LENDER_C-100747,,TERM_LOAN,STAFF_LOAN,NGN,750000,750000,750000,2025-05-07,2025-05-07,2026-05-07,365,0.197803,FIXED,MONTHLY,74862.69,PERSONAL,MICROFINANCE,DEPOSITS_AND_EQUITY,False,CLOSED,2026-08-21,0,0.0,0,CURRENT,False,,False,False,0,0,PTY-LENDER_C-00000747,ANON-LENDER_C-00000747,PERSON,synthetic,WCDS-0.1
FAC-LENDER_C-00000748,LENDER_C,LENDER_C-100748,,TERM_LOAN,ASSET_FINANCE,NGN,1000000,1000000,1000000,2026-02-16,2026-02-16,2027-02-16,365,0.201483,FIXED,MONTHLY,100123.57,MICRO_ENTERPRISE,MICROFINANCE,DEPOSITS_AND_EQUITY,True,ACTIVE,2026-08-21,490410.96,490410.96,0,CURRENT,False,,False,False,0,0,PTY-LENDER_C-00000748,ANON-LENDER_C-00000748,ORGANISATION,synthetic,WCDS-0.1
FAC-LENDER_C-00000749,LENDER_C,LENDER_C-100749,,TERM_LOAN,GROUP_MICRO,NGN,300000,300000,300000,2026-01-19,2026-01-19,2026-07-18,180,0.442129,FIXED,WEEKLY,14054.26,MICRO_ENTERPRISE,MICROFINANCE,DEPOSITS_AND_EQUITY,False,CLOSED,2026-08-21,0,0.0,0,CURRENT,False,,False,False,0,0,PTY-LENDER_C-00000749,ANON-LENDER_C-00000749,PERSON,synthetic,WCDS-0.1
FAC-LENDER_C-00000750,LENDER_C,LENDER_C-100750,,TERM_LOAN,SME_MICRO,NGN,500000,500000,500000,2026-08-07,2026-08-07,2027-05-04,270,0.397126,FIXED,MONTHLY,71875.79,MICRO_ENTERPRISE,MICROFINANCE,DEPOSITS_AND_EQUITY,True,ACTIVE,2026-08-21,500000,516320.24,65,DPD_61_90,False,,False,False,0,0,PTY-LENDER_C-00000750,ANON-LENDER_C-00000750,ORGANISATION,synthetic,WCDS-0.1
FAC-LENDER_C-00000751,LENDER_C,LENDER_C-100751,,TERM_LOAN,SME_MICRO,NGN,2000000,2000000,2000000,2026-06-04,2026-06-04,2027-03-01,270,0.397467,FIXED,MONTHLY,287559.21,MICRO_ENTERPRISE,MICROFINANCE,DEPOSITS_AND_EQUITY,False,DEFAULTED,2026-08-21,1722222.22,1778484.62,95,DPD_90_PLUS,True,2026-08-16,False,False,0,0,PTY-LENDER_C-00000751,ANON-LENDER_C-00000751,ORGANISATION,synthetic,WCDS-0.1
FAC-LENDER_C-00000752,LENDER_C,LENDER_C-100752,,TERM_LOAN,GROUP_MICRO,NGN,150000,150000,150000,2025-10-08,2025-10-08,2026-04-06,180,0.397809,FIXED,WEEKLY,6901.04,MICRO_ENTERPRISE,MICROFINANCE,DEPOSITS_AND_EQUITY,False,CLOSED,2026-08-21,0,0.0,0,CURRENT,False,,False,False,0,0,PTY-LENDER_C-00000752,ANON-LENDER_C-00000752,PERSON,synthetic,WCDS-0.1
FAC-LENDER_C-00000753,LENDER_C,LENDER_C-100753,,TERM_LOAN,STAFF_LOAN,NGN,100000,100000,100000,2026-07-09,2026-07-09,2027-07-09,365,0.132184,FIXED,MONTHLY,9434.87,PERSONAL,MICROFINANCE,DEPOSITS_AND_EQUITY,False,ACTIVE,2026-08-21,88219.18,88219.18,0,CURRENT,False,,False,False,0,0,PTY-LENDER_C-00000753,ANON-LENDER_C-00000753,PERSON,synthetic,WCDS-0.1
FAC-LENDER_C-00000754,LENDER_C,LENDER_C-100754,,TERM_LOAN,SME_MICRO,NGN,3500000,3500000,3500000,2026-03-26,2026-03-26,2026-12-21,270,0.357331,FIXED,MONTHLY,491682.82,MICRO_ENTERPRISE,MICROFINANCE,DEPOSITS_AND_EQUITY,False,ACTIVE,2026-08-21,1581481.48,1581481.48,0,CURRENT,False,,False,False,0,0,PTY-LENDER_C-00000754,ANON-LENDER_C-00000754,ORGANISATION,synthetic,WCDS-0.1
FAC-LENDER_C-00000755,LENDER_C,LENDER_C-100755,,TERM_LOAN,SME_MICRO,NGN,150000,150000,150000,2025-12-17,2025-12-17,2026-09-13,270,0.35453,FIXED,MONTHLY,21037.59,MICRO_ENTERPRISE,MICROFINANCE,DEPOSITS_AND_EQUITY,False,ACTIVE,2026-08-21,12777.78,12777.78,0,CURRENT,False,,False,False,0,0,PTY-LENDER_C-00000755,ANON-LENDER_C-00000755,ORGANISATION,synthetic,WCDS-0.1
FAC-LENDER_C-00000756,LENDER_C,LENDER_C-100756,,TERM_LOAN,GROUP_MICRO,NGN,2000000,2000000,2000000,2025-11-17,2025-11-17,2026-05-16,180,0.439873,FIXED,WEEKLY,93609.52,MICRO_ENTERPRISE,MICROFINANCE,DEPOSITS_AND_EQUITY,False,CLOSED,2026-08-21,0,0.0,0,CURRENT,False,,False,False,0,0,PTY-LENDER_C-00000756,ANON-LENDER_C-00000756,PERSON,synthetic,WCDS-0.1
FAC-LENDER_C-00000757,LENDER_C,LENDER_C-100757,,TERM_LOAN,GROUP_MICRO,NGN,3500000,3500000,3500000,2025-07-29,2025-07-29,2026-01-25,180,0.393066,FIXED,WEEKLY,160709.35,MICRO_ENTERPRISE,MICROFINANCE,DEPOSITS_AND_EQUITY,False,CLOSED,2026-08-21,0,0.0,0,CURRENT,False,,False,False,0,0,PTY-LENDER_C-00000757,ANON-LENDER_C-00000757,PERSON,synthetic,WCDS-0.1
FAC-LENDER_C-00000758,LENDER_C,LENDER_C-100758,,TERM_LOAN,GROUP_MICRO,NGN,750000,750000,750000,2025-06-19,2025-06-19,2025-12-16,180,0.319756,FIXED,WEEKLY,33394.85,MICRO_ENTERPRISE,MICROFINANCE,DEPOSITS_AND_EQUITY,False,CLOSED,2026-08-21,0,0.0,0,CURRENT,False,,False,False,0,0,PTY-LENDER_C-00000758,ANON-LENDER_C-00000758,PERSON,synthetic,WCDS-0.1
FAC-LENDER_C-00000759,LENDER_C,LENDER_C-100759,,TERM_LOAN,ASSET_FINANCE,NGN,50000,50000,50000,2025-09-28,2025-09-28,2026-09-28,365,0.239985,FIXED,MONTHLY,5166.6,MICRO_ENTERPRISE,MICROFINANCE,DEPOSITS_AND_EQUITY,True,ACTIVE,2026-08-21,5205.48,5205.48,0,CURRENT,False,,False,False,0,0,PTY-LENDER_C-00000759,ANON-LENDER_C-00000759,ORGANISATION,synthetic,WCDS-0.1
FAC-LENDER_C-00000760,LENDER_C,LENDER_C-100760,,TERM_LOAN,SME_MICRO,NGN,75000,75000,75000,2025-04-05,2025-04-05,2025-12-31,270,0.33889,FIXED,MONTHLY,10422.38,MICRO_ENTERPRISE,MICROFINANCE,DEPOSITS_AND_EQUITY,False,CLOSED,2026-08-21,0,0.0,0,CURRENT,False,,False,False,0,0,PTY-LENDER_C-00000760,ANON-LENDER_C-00000760,ORGANISATION,synthetic,WCDS-0.1
FAC-LENDER_C-00000761,LENDER_C,LENDER_C-100761,,TERM_LOAN,STAFF_LOAN,NGN,150000,150000,150000,2026-02-19,2026-02-19,2027-02-19,365,0.159696,FIXED,MONTHLY,14496.2,PERSONAL,MICROFINANCE,DEPOSITS_AND_EQUITY,False,ACTIVE,2026-08-21,74794.52,74794.52,0,CURRENT,False,,False,False,0,0,PTY-LENDER_C-00000761,ANON-LENDER_C-00000761,PERSON,synthetic,WCDS-0.1
FAC-LENDER_C-00000762,LENDER_C,LENDER_C-100762,,TERM_LOAN,SME_MICRO,NGN,50000,50000,50000,2025-09-04,2025-09-04,2026-06-01,270,0.321953,FIXED,MONTHLY,6878.65,MICRO_ENTERPRISE,MICROFINANCE,DEPOSITS_AND_EQUITY,True,ACTIVE,2026-08-21,1250.0,1266.54,15,DPD_1_30,False,,False,False,0,0,PTY-LENDER_C-00000762,ANON-LENDER_C-00000762,ORGANISATION,synthetic,WCDS-0.1
FAC-LENDER_C-00000763,LENDER_C,LENDER_C-100763,,TERM_LOAN,STAFF_LOAN,NGN,150000,150000,150000,2026-01-08,2026-01-08,2027-01-08,365,0.167263,FIXED,MONTHLY,14590.79,PERSONAL,MICROFINANCE,DEPOSITS_AND_EQUITY,False,ACTIVE,2026-08-21,57534.25,57534.25,0,CURRENT,False,,False,False,0,0,PTY-LENDER_C-00000763,ANON-LENDER_C-00000763,PERSON,synthetic,WCDS-0.1
FAC-LENDER_C-00000764,LENDER_C,LENDER_C-100764,,TERM_LOAN,ASSET_FINANCE,NGN,200000,200000,200000,2025-05-09,2025-05-09,2026-05-09,365,0.297244,FIXED,MONTHLY,21620.73,MICRO_ENTERPRISE,MICROFINANCE,DEPOSITS_AND_EQUITY,True,CLOSED,2026-08-21,0,0.0,0,CURRENT,False,,False,False,0,0,PTY-LENDER_C-00000764,ANON-LENDER_C-00000764,ORGANISATION,synthetic,WCDS-0.1
FAC-LENDER_C-00000765,LENDER_C,LENDER_C-100765,,TERM_LOAN,STAFF_LOAN,NGN,100000,100000,100000,2025-12-24,2025-12-24,2026-12-24,365,0.122054,FIXED,MONTHLY,9350.45,PERSONAL,MICROFINANCE,DEPOSITS_AND_EQUITY,False,ACTIVE,2026-08-21,34246.58,34246.58,0,CURRENT,False,,False,False,0,0,PTY-LENDER_C-00000765,ANON-LENDER_C-00000765,PERSON,synthetic,WCDS-0.1
FAC-LENDER_C-00000766,LENDER_C,LENDER_C-100766,,TERM_LOAN,STAFF_LOAN,NGN,300000,300000,300000,2026-05-25,2026-05-25,2027-05-25,365,0.186955,FIXED,MONTHLY,29673.88,PERSONAL,MICROFINANCE,DEPOSITS_AND_EQUITY,False,ACTIVE,2026-08-21,231171.23,232000.08,7,DPD_1_30,False,,False,False,0,0,PTY-LENDER_C-00000766,ANON-LENDER_C-00000766,PERSON,synthetic,WCDS-0.1
FAC-LENDER_C-00000767,LENDER_C,LENDER_C-100767,,TERM_LOAN,ASSET_FINANCE,NGN,75000,75000,75000,2025-04-04,2025-04-04,2026-04-04,365,0.275585,FIXED,MONTHLY,7972.41,MICRO_ENTERPRISE,MICROFINANCE,DEPOSITS_AND_EQUITY,True,CLOSED,2026-08-21,0,0.0,0,CURRENT,False,,False,False,0,0,PTY-LENDER_C-00000767,ANON-LENDER_C-00000767,ORGANISATION,synthetic,WCDS-0.1
FAC-LENDER_C-00000768,LENDER_C,LENDER_C-100768,,TERM_LOAN,ASSET_FINANCE,NGN,300000,300000,300000,2025-07-15,2025-07-15,2026-07-15,365,0.264586,FIXED,MONTHLY,31614.64,MICRO_ENTERPRISE,MICROFINANCE,DEPOSITS_AND_EQUITY,True,CLOSED,2026-08-21,0,0.0,0,CURRENT,False,,False,False,0,0,PTY-LENDER_C-00000768,ANON-LENDER_C-00000768,ORGANISATION,synthetic,WCDS-0.1
FAC-LENDER_C-00000769,LENDER_C,LENDER_C-100769,,TERM_LOAN,GROUP_MICRO,NGN,300000,300000,300000,2025-08-22,2025-08-22,2026-02-18,180,0.338369,FIXED,WEEKLY,13463.85,MICRO_ENTERPRISE,MICROFINANCE,DEPOSITS_AND_EQUITY,False,CLOSED,2026-08-21,0,0.0,0,CURRENT,False,,False,False,0,0,PTY-LENDER_C-00000769,ANON-LENDER_C-00000769,PERSON,synthetic,WCDS-0.1
FAC-LENDER_C-00000770,LENDER_C,LENDER_C-100770,,TERM_LOAN,STAFF_LOAN,NGN,200000,200000,200000,2025-11-07,2025-11-07,2026-11-07,365,0.191616,FIXED,MONTHLY,19860.26,PERSONAL,MICROFINANCE,DEPOSITS_AND_EQUITY,False,ACTIVE,2026-08-21,45073.06,45238.69,7,DPD_1_30,False,,False,False,0,0,PTY-LENDER_C-00000770,ANON-LENDER_C-00000770,PERSON,synthetic,WCDS-0.1
FAC-LENDER_C-00000771,LENDER_C,LENDER_C-100771,,TERM_LOAN,STAFF_LOAN,NGN,50000,50000,50000,2025-03-26,2025-03-26,2026-03-26,365,0.173312,FIXED,MONTHLY,4888.8,PERSONAL,MICROFINANCE,DEPOSITS_AND_EQUITY,False,ACTIVE,2026-08-21,1250.0,1258.9,15,DPD_1_30,False,,False,False,0,0,PTY-LENDER_C-00000771,ANON-LENDER_C-00000771,PERSON,synthetic,WCDS-0.1
FAC-LENDER_C-00000772,LENDER_C,LENDER_C-100772,,TERM_LOAN,GROUP_MICRO,NGN,200000,200000,200000,2025-09-19,2025-09-19,2026-03-18,180,0.300404,FIXED,WEEKLY,8831.88,MICRO_ENTERPRISE,MICROFINANCE,DEPOSITS_AND_EQUITY,False,ACTIVE,2026-08-21,21666.67,22201.63,65,DPD_61_90,False,,True,False,0,0,PTY-LENDER_C-00000772,ANON-LENDER_C-00000772,PERSON,synthetic,WCDS-0.1
FAC-LENDER_C-00000773,LENDER_C,LENDER_C-100773,,TERM_LOAN,SME_MICRO,NGN,100000,100000,100000,2025-02-05,2025-02-05,2025-11-02,270,0.282205,FIXED,MONTHLY,13430.6,MICRO_ENTERPRISE,MICROFINANCE,DEPOSITS_AND_EQUITY,True,CLOSED,2026-08-21,0,0.0,0,CURRENT,False,,False,False,0,0,PTY-LENDER_C-00000773,ANON-LENDER_C-00000773,ORGANISATION,synthetic,WCDS-0.1
FAC-LENDER_C-00000774,LENDER_C,LENDER_C-100774,,TERM_LOAN,GROUP_MICRO,NGN,150000,150000,150000,2025-03-03,2025-03-03,2025-08-30,180,0.331351,FIXED,WEEKLY,6711.96,MICRO_ENTERPRISE,MICROFINANCE,DEPOSITS_AND_EQUITY,False,CLOSED,2026-08-21,0,0.0,0,CURRENT,False,,False,False,0,0,PTY-LENDER_C-00000774,ANON-LENDER_C-00000774,PERSON,synthetic,WCDS-0.1
FAC-LENDER_C-00000775,LENDER_C,LENDER_C-100775,,TERM_LOAN,GROUP_MICRO,NGN,3500000,3500000,3500000,2025-05-13,2025-05-13,2025-11-09,180,0.423115,FIXED,WEEKLY,162704.17,MICRO_ENTERPRISE,MICROFINANCE,DEPOSITS_AND_EQUITY,False,CLOSED,2026-08-21,0,0.0,0,CURRENT,False,,False,False,0,0,PTY-LENDER_C-00000775,ANON-LENDER_C-00000775,PERSON,synthetic,WCDS-0.1
FAC-LENDER_C-00000776,LENDER_C,LENDER_C-100776,,TERM_LOAN,GROUP_MICRO,NGN,500000,500000,500000,2025-10-26,2025-10-26,2026-04-24,180,0.301867,FIXED,WEEKLY,22093.58,MICRO_ENTERPRISE,MICROFINANCE,DEPOSITS_AND_EQUITY,False,CLOSED,2026-08-21,0,0.0,0,CURRENT,False,,False,False,0,0,PTY-LENDER_C-00000776,ANON-LENDER_C-00000776,PERSON,synthetic,WCDS-0.1
FAC-LENDER_C-00000777,LENDER_C,LENDER_C-100777,,TERM_LOAN,STAFF_LOAN,NGN,100000,100000,100000,2026-01-19,2026-01-19,2027-01-19,365,0.138938,FIXED,MONTHLY,9491.15,PERSONAL,MICROFINANCE,DEPOSITS_AND_EQUITY,False,ACTIVE,2026-08-21,41369.86,41369.86,0,CURRENT,False,,False,False,0,0,PTY-LENDER_C-00000777,ANON-LENDER_C-00000777,PERSON,synthetic,WCDS-0.1
FAC-LENDER_C-00000778,LENDER_C,LENDER_C-100778,,TERM_LOAN,GROUP_MICRO,NGN,500000,500000,500000,2025-03-30,2025-03-30,2025-09-26,180,0.328481,FIXED,WEEKLY,22345.97,MICRO_ENTERPRISE,MICROFINANCE,DEPOSITS_AND_EQUITY,False,CLOSED,2026-08-21,0,0.0,0,CURRENT,False,,False,False,0,0,PTY-LENDER_C-00000778,ANON-LENDER_C-00000778,PERSON,synthetic,WCDS-0.1
FAC-LENDER_C-00000779,LENDER_C,LENDER_C-100779,,TERM_LOAN,SME_MICRO,NGN,50000,50000,50000,2026-04-13,2026-04-13,2027-01-08,270,0.352614,FIXED,MONTHLY,7004.66,MICRO_ENTERPRISE,MICROFINANCE,DEPOSITS_AND_EQUITY,False,ACTIVE,2026-08-21,25925.93,25925.93,0,CURRENT,False,,False,False,0,0,PTY-LENDER_C-00000779,ANON-LENDER_C-00000779,ORGANISATION,synthetic,WCDS-0.1
FAC-LENDER_C-00000780,LENDER_C,LENDER_C-100780,,TERM_LOAN,ASSET_FINANCE,NGN,150000,150000,150000,2026-05-23,2026-05-23,2027-05-23,365,0.286746,FIXED,MONTHLY,16084.33,MICRO_ENTERPRISE,MICROFINANCE,DEPOSITS_AND_EQUITY,True,ACTIVE,2026-08-21,113013.7,113013.7,0,CURRENT,False,,False,False,0,0,PTY-LENDER_C-00000780,ANON-LENDER_C-00000780,ORGANISATION,synthetic,WCDS-0.1
FAC-LENDER_C-00000781,LENDER_C,LENDER_C-100781,,TERM_LOAN,GROUP_MICRO,NGN,300000,300000,300000,2025-02-07,2025-02-07,2025-08-06,180,0.402112,FIXED,WEEKLY,13826.56,MICRO_ENTERPRISE,MICROFINANCE,DEPOSITS_AND_EQUITY,False,CLOSED,2026-08-21,0,0.0,0,CURRENT,False,,False,False,0,0,PTY-LENDER_C-00000781,ANON-LENDER_C-00000781,PERSON,synthetic,WCDS-0.1
FAC-LENDER_C-00000782,LENDER_C,LENDER_C-100782,,TERM_LOAN,SME_MICRO,NGN,3500000,3500000,3500000,2024-12-11,2024-12-11,2025-09-07,270,0.285645,FIXED,MONTHLY,471060.88,MICRO_ENTERPRISE,MICROFINANCE,DEPOSITS_AND_EQUITY,True,CLOSED,2026-08-21,0,0.0,0,CURRENT,False,,False,False,0,0,PTY-LENDER_C-00000782,ANON-LENDER_C-00000782,ORGANISATION,synthetic,WCDS-0.1
FAC-LENDER_C-00000783,LENDER_C,LENDER_C-100783,,TERM_LOAN,SME_MICRO,NGN,100000,100000,100000,2025-12-23,2025-12-23,2026-09-19,270,0.399303,FIXED,MONTHLY,14393.06,MICRO_ENTERPRISE,MICROFINANCE,DEPOSITS_AND_EQUITY,True,ACTIVE,2026-08-21,10740.74,10740.74,0,CURRENT,False,,False,False,0,0,PTY-LENDER_C-00000783,ANON-LENDER_C-00000783,ORGANISATION,synthetic,WCDS-0.1
FAC-LENDER_C-00000784,LENDER_C,LENDER_C-100784,,TERM_LOAN,ASSET_FINANCE,NGN,200000,200000,200000,2025-04-07,2025-04-07,2026-04-07,365,0.257289,FIXED,MONTHLY,20954.81,MICRO_ENTERPRISE,MICROFINANCE,DEPOSITS_AND_EQUITY,True,ACTIVE,2026-08-21,2333.33,2344.85,7,DPD_1_30,False,,False,False,0,0,PTY-LENDER_C-00000784,ANON-LENDER_C-00000784,ORGANISATION,synthetic,WCDS-0.1
FAC-LENDER_C-00000785,LENDER_C,LENDER_C-100785,,TERM_LOAN,SME_MICRO,NGN,3500000,3500000,3500000,2026-05-22,2026-05-22,2027-02-16,270,0.286805,FIXED,MONTHLY,471394.33,MICRO_ENTERPRISE,MICROFINANCE,DEPOSITS_AND_EQUITY,False,ACTIVE,2026-08-21,2320370.37,2320370.37,0,CURRENT,False,,False,False,0,0,PTY-LENDER_C-00000785,ANON-LENDER_C-00000785,ORGANISATION,synthetic,WCDS-0.1
FAC-LENDER_C-00000786,LENDER_C,LENDER_C-100786,,TERM_LOAN,ASSET_FINANCE,NGN,150000,150000,150000,2024-12-29,2024-12-29,2025-12-29,365,0.208811,FIXED,MONTHLY,15110.14,MICRO_ENTERPRISE,MICROFINANCE,DEPOSITS_AND_EQUITY,True,CLOSED,2026-08-21,0,0.0,0,CURRENT,False,,False,False,0,0,PTY-LENDER_C-00000786,ANON-LENDER_C-00000786,ORGANISATION,synthetic,WCDS-0.1
FAC-LENDER_C-00000787,LENDER_C,LENDER_C-100787,,TERM_LOAN,STAFF_LOAN,NGN,100000,100000,100000,2025-11-30,2025-11-30,2026-11-30,365,0.152654,FIXED,MONTHLY,9605.45,PERSONAL,MICROFINANCE,DEPOSITS_AND_EQUITY,False,ACTIVE,2026-08-21,27671.23,27671.23,0,CURRENT,False,,False,False,0,0,PTY-LENDER_C-00000787,ANON-LENDER_C-00000787,PERSON,synthetic,WCDS-0.1
FAC-LENDER_C-00000788,LENDER_C,LENDER_C-100788,,TERM_LOAN,GROUP_MICRO,NGN,100000,100000,100000,2025-07-14,2025-07-14,2026-01-10,180,0.413842,FIXED,WEEKLY,4631.1,MICRO_ENTERPRISE,MICROFINANCE,DEPOSITS_AND_EQUITY,False,CLOSED,2026-08-21,0,0.0,0,CURRENT,False,,False,False,0,0,PTY-LENDER_C-00000788,ANON-LENDER_C-00000788,PERSON,synthetic,WCDS-0.1
FAC-LENDER_C-00000789,LENDER_C,LENDER_C-100789,,TERM_LOAN,STAFF_LOAN,NGN,50000,50000,50000,2026-01-02,2026-01-02,2027-01-02,365,0.185036,FIXED,MONTHLY,4937.65,PERSONAL,MICROFINANCE,DEPOSITS_AND_EQUITY,False,ACTIVE,2026-08-21,23772.83,24134.38,65,DPD_61_90,False,,False,False,0,0,PTY-LENDER_C-00000789,ANON-LENDER_C-00000789,PERSON,synthetic,WCDS-0.1
FAC-LENDER_C-00000790,LENDER_C,LENDER_C-100790,,TERM_LOAN,STAFF_LOAN,NGN,500000,500000,500000,2025-12-10,2025-12-10,2026-12-10,365,0.13892,FIXED,MONTHLY,47455.01,PERSONAL,MICROFINANCE,DEPOSITS_AND_EQUITY,False,ACTIVE,2026-08-21,152054.79,152054.79,0,CURRENT,False,,False,False,0,0,PTY-LENDER_C-00000790,ANON-LENDER_C-00000790,PERSON,synthetic,WCDS-0.1
FAC-LENDER_C-00000791,LENDER_C,LENDER_C-100791,,TERM_LOAN,GROUP_MICRO,NGN,3500000,3500000,3500000,2025-05-29,2025-05-29,2025-11-25,180,0.301255,FIXED,WEEKLY,154614.37,MICRO_ENTERPRISE,MICROFINANCE,DEPOSITS_AND_EQUITY,False,CLOSED,2026-08-21,0,0.0,0,CURRENT,False,,False,False,0,0,PTY-LENDER_C-00000791,ANON-LENDER_C-00000791,PERSON,synthetic,WCDS-0.1
FAC-LENDER_C-00000792,LENDER_C,LENDER_C-100792,,TERM_LOAN,GROUP_MICRO,NGN,2000000,2000000,2000000,2026-04-12,2026-04-12,2026-10-09,180,0.301202,FIXED,WEEKLY,88349.08,MICRO_ENTERPRISE,MICROFINANCE,DEPOSITS_AND_EQUITY,False,WRITTEN_OFF,2026-08-21,53967.98,55304.03,180,DPD_90_PLUS,True,2026-05-23,False,True,844444.44,30223.17,PTY-LENDER_C-00000792,ANON-LENDER_C-00000792,PERSON,synthetic,WCDS-0.1
FAC-LENDER_C-00000793,LENDER_C,LENDER_C-100793,,TERM_LOAN,STAFF_LOAN,NGN,300000,300000,300000,2025-01-06,2025-01-06,2026-01-06,365,0.175085,FIXED,MONTHLY,29377.12,PERSONAL,MICROFINANCE,DEPOSITS_AND_EQUITY,False,CLOSED,2026-08-21,0,0.0,0,CURRENT,False,,False,False,0,0,PTY-LENDER_C-00000793,ANON-LENDER_C-00000793,PERSON,synthetic,WCDS-0.1
FAC-LENDER_C-00000794,LENDER_C,LENDER_C-100794,,TERM_LOAN,SME_MICRO,NGN,500000,500000,500000,2025-02-11,2025-02-11,2025-11-08,270,0.307752,FIXED,MONTHLY,68202.89,MICRO_ENTERPRISE,MICROFINANCE,DEPOSITS_AND_EQUITY,True,CLOSED,2026-08-21,0,0.0,0,CURRENT,False,,False,False,0,0,PTY-LENDER_C-00000794,ANON-LENDER_C-00000794,ORGANISATION,synthetic,WCDS-0.1
FAC-LENDER_C-00000795,LENDER_C,LENDER_C-100795,,TERM_LOAN,STAFF_LOAN,NGN,200000,200000,200000,2025-09-16,2025-09-16,2026-09-16,365,0.185178,FIXED,MONTHLY,19752.97,PERSONAL,MICROFINANCE,DEPOSITS_AND_EQUITY,False,ACTIVE,2026-08-21,14246.58,14246.58,0,CURRENT,False,,False,False,0,0,PTY-LENDER_C-00000795,ANON-LENDER_C-00000795,PERSON,synthetic,WCDS-0.1
FAC-LENDER_C-00000796,LENDER_C,LENDER_C-100796,,TERM_LOAN,ASSET_FINANCE,NGN,1000000,1000000,1000000,2025-10-27,2025-10-27,2026-10-27,365,0.314218,FIXED,MONTHLY,109518.19,MICRO_ENTERPRISE,MICROFINANCE,DEPOSITS_AND_EQUITY,True,ACTIVE,2026-08-21,183561.64,183561.64,0,CURRENT,False,,False,False,0,0,PTY-LENDER_C-00000796,ANON-LENDER_C-00000796,ORGANISATION,synthetic,WCDS-0.1
FAC-LENDER_C-00000797,LENDER_C,LENDER_C-100797,,TERM_LOAN,GROUP_MICRO,NGN,1000000,1000000,1000000,2024-12-10,2024-12-10,2025-06-08,180,0.438859,FIXED,WEEKLY,46785.53,MICRO_ENTERPRISE,MICROFINANCE,DEPOSITS_AND_EQUITY,False,CLOSED,2026-08-21,0,0.0,0,CURRENT,False,,False,False,0,0,PTY-LENDER_C-00000797,ANON-LENDER_C-00000797,PERSON,synthetic,WCDS-0.1
FAC-LENDER_C-00000798,LENDER_C,LENDER_C-100798,,TERM_LOAN,ASSET_FINANCE,NGN,300000,300000,300000,2025-06-30,2025-06-30,2026-06-30,365,0.234007,FIXED,MONTHLY,30850.18,MICRO_ENTERPRISE,MICROFINANCE,DEPOSITS_AND_EQUITY,True,WRITTEN_OFF,2026-08-21,3573.91,3642.65,180,DPD_90_PLUS,True,2026-05-23,False,True,45000.0,4173.69,PTY-LENDER_C-00000798,ANON-LENDER_C-00000798,ORGANISATION,synthetic,WCDS-0.1
FAC-LENDER_C-00000799,LENDER_C,LENDER_C-100799,,TERM_LOAN,STAFF_LOAN,NGN,50000,50000,50000,2025-12-14,2025-12-14,2026-12-14,365,0.175953,FIXED,MONTHLY,4899.8,PERSONAL,MICROFINANCE,DEPOSITS_AND_EQUITY,False,DEFAULTED,2026-08-21,23253.42,23589.71,130,DPD_90_PLUS,True,2026-07-12,False,False,0,0,PTY-LENDER_C-00000799,ANON-LENDER_C-00000799,PERSON,synthetic,WCDS-0.1
FAC-LENDER_C-00000800,LENDER_C,LENDER_C-100800,,TERM_LOAN,ASSET_FINANCE,NGN,750000,750000,750000,2027-01-01,2026-03-07,2027-03-07,365,0.250767,FIXED,MONTHLY,78172.93,MICRO_ENTERPRISE,MICROFINANCE,DEPOSITS_AND_EQUITY,True,ACTIVE,2026-08-21,415599.32,417598.03,7,DPD_1_30,False,,False,False,0,0,PTY-LENDER_C-00000800,ANON-LENDER_C-00000800,ORGANISATION,synthetic,WCDS-0.1
FAC-LENDER_C-00000801,LENDER_C,LENDER_C-100801,,TERM_LOAN,GROUP_MICRO,NGN,300000,300000,300000,2025-03-13,2025-03-13,2025-09-09,180,0.43527,FIXED,WEEKLY,14015.23,MICRO_ENTERPRISE,MICROFINANCE,DEPOSITS_AND_EQUITY,False,CLOSED,2026-08-21,0,0.0,0,CURRENT,False,,False,False,0,0,PTY-LENDER_C-00000801,ANON-LENDER_C-00000801,PERSON,synthetic,WCDS-0.1
FAC-LENDER_C-00000802,LENDER_C,LENDER_C-100802,,TERM_LOAN,SME_MICRO,NGN,3500000,3500000,3500000,2026-05-11,2026-05-11,2027-02-05,270,0.394587,FIXED,MONTHLY,502400.26,MICRO_ENTERPRISE,MICROFINANCE,DEPOSITS_AND_EQUITY,False,ACTIVE,2026-08-21,2177777.78,2177777.78,0,CURRENT,False,,False,False,0,0,PTY-LENDER_C-00000802,ANON-LENDER_C-00000802,ORGANISATION,synthetic,WCDS-0.1
FAC-LENDER_C-00000803,LENDER_C,LENDER_C-100803,,TERM_LOAN,GROUP_MICRO,NGN,300000,300000,300000,2026-04-01,2026-04-01,2026-09-28,180,0.421344,FIXED,WEEKLY,13936.0,MICRO_ENTERPRISE,MICROFINANCE,DEPOSITS_AND_EQUITY,False,ACTIVE,2026-08-21,63333.33,63333.33,0,CURRENT,False,,False,False,0,0,PTY-LENDER_C-00000803,ANON-LENDER_C-00000803,PERSON,synthetic,WCDS-0.1
FAC-LENDER_C-00000804,LENDER_C,LENDER_C-100804,,TERM_LOAN,ASSET_FINANCE,NGN,50000,50000,50000,2025-07-23,2025-07-23,2026-07-23,365,0.270888,FIXED,MONTHLY,5295.37,MICRO_ENTERPRISE,MICROFINANCE,DEPOSITS_AND_EQUITY,True,DEFAULTED,2026-08-21,7500.0,7666.99,130,DPD_90_PLUS,True,2026-07-12,False,False,0,0,PTY-LENDER_C-00000804,ANON-LENDER_C-00000804,ORGANISATION,synthetic,WCDS-0.1
FAC-LENDER_C-00000805,LENDER_C,LENDER_C-100805,,TERM_LOAN,STAFF_LOAN,NGN,2000000,2000000,2000000,2026-06-17,2026-06-17,2027-06-17,365,0.199001,FIXED,MONTHLY,199833.52,PERSONAL,MICROFINANCE,DEPOSITS_AND_EQUITY,False,ACTIVE,2026-08-21,1643835.62,1643835.62,0,CURRENT,False,,False,False,0,0,PTY-LENDER_C-00000805,ANON-LENDER_C-00000805,PERSON,synthetic,WCDS-0.1
FAC-LENDER_C-00000806,LENDER_C,LENDER_C-100806,,TERM_LOAN,STAFF_LOAN,NGN,500000,500000,500000,2025-10-08,2025-10-08,2026-10-08,365,0.180678,FIXED,MONTHLY,49194.9,PERSONAL,MICROFINANCE,DEPOSITS_AND_EQUITY,False,ACTIVE,2026-08-21,94920.09,96329.68,35,DPD_31_60,False,,False,False,0,0,PTY-LENDER_C-00000806,ANON-LENDER_C-00000806,PERSON,synthetic,WCDS-0.1
FAC-LENDER_C-00000807,LENDER_C,LENDER_C-100807,,TERM_LOAN,SME_MICRO,NGN,300000,300000,300000,2025-03-23,2025-03-23,2025-12-18,270,0.319612,FIXED,MONTHLY,41214.17,MICRO_ENTERPRISE,MICROFINANCE,DEPOSITS_AND_EQUITY,False,CLOSED,2026-08-21,0,0.0,0,CURRENT,False,,False,False,0,0,PTY-LENDER_C-00000807,ANON-LENDER_C-00000807,ORGANISATION,synthetic,WCDS-0.1
FAC-LENDER_C-00000808,LENDER_C,LENDER_C-100808,,TERM_LOAN,STAFF_LOAN,NGN,50000,50000,50000,2026-02-02,2026-02-02,2027-02-02,365,0.120553,FIXED,MONTHLY,4668.97,PERSONAL,MICROFINANCE,DEPOSITS_AND_EQUITY,False,DEFAULTED,2026-08-21,30102.74,30401.01,130,DPD_90_PLUS,True,2026-07-12,False,False,0,0,PTY-LENDER_C-00000808,ANON-LENDER_C-00000808,PERSON,synthetic,WCDS-0.1
FAC-LENDER_C-00000809,LENDER_C,LENDER_C-100809,,TERM_LOAN,GROUP_MICRO,NGN,3500000,3500000,3500000,2026-05-01,2026-05-01,2026-10-28,180,0.427135,FIXED,WEEKLY,162971.01,MICRO_ENTERPRISE,MICROFINANCE,DEPOSITS_AND_EQUITY,False,ACTIVE,2026-08-21,1322222.22,1322222.22,0,CURRENT,False,,False,False,0,0,PTY-LENDER_C-00000809,ANON-LENDER_C-00000809,PERSON,synthetic,WCDS-0.1
FAC-LENDER_C-00000810,LENDER_C,LENDER_C-100810,,TERM_LOAN,SME_MICRO,NGN,100000,100000,100000,2025-04-08,2025-04-08,2026-01-03,270,0.352416,FIXED,MONTHLY,14007.68,MICRO_ENTERPRISE,MICROFINANCE,DEPOSITS_AND_EQUITY,False,CLOSED,2026-08-21,0,0.0,0,CURRENT,False,,False,False,0,0,PTY-LENDER_C-00000810,ANON-LENDER_C-00000810,ORGANISATION,synthetic,WCDS-0.1
FAC-LENDER_C-00000811,LENDER_C,LENDER_C-100811,,TERM_LOAN,ASSET_FINANCE,NGN,50000,50000,50000,2026-02-02,2026-02-02,2027-02-02,365,0.319795,FIXED,MONTHLY,5499.15,MICRO_ENTERPRISE,MICROFINANCE,DEPOSITS_AND_EQUITY,True,ACTIVE,2026-08-21,25519.41,26190.17,35,DPD_31_60,False,,False,False,0,0,PTY-LENDER_C-00000811,ANON-LENDER_C-00000811,ORGANISATION,synthetic,WCDS-0.1
FAC-LENDER_C-00000812,LENDER_C,LENDER_C-100812,,TERM_LOAN,STAFF_LOAN,NGN,500000,500000,500000,2024-12-12,2024-12-12,2025-12-12,365,0.194782,FIXED,MONTHLY,49782.57,PERSONAL,MICROFINANCE,DEPOSITS_AND_EQUITY,False,CLOSED,2026-08-21,0,0.0,0,CURRENT,False,,False,False,0,0,PTY-LENDER_C-00000812,ANON-LENDER_C-00000812,PERSON,synthetic,WCDS-0.1
FAC-LENDER_C-00000813,LENDER_C,LENDER_C-100813,,TERM_LOAN,SME_MICRO,NGN,150000,150000,150000,2025-08-30,2025-08-30,2026-05-27,270,0.332716,FIXED,MONTHLY,20768.64,MICRO_ENTERPRISE,MICROFINANCE,DEPOSITS_AND_EQUITY,False,CLOSED,2026-08-21,0,0.0,0,CURRENT,False,,False,False,0,0,PTY-LENDER_C-00000813,ANON-LENDER_C-00000813,ORGANISATION,synthetic,WCDS-0.1
FAC-LENDER_C-00000814,LENDER_C,LENDER_C-100814,,TERM_LOAN,ASSET_FINANCE,NGN,50000,50000,50000,2026-06-06,2026-06-06,2027-06-06,365,0.221883,FIXED,MONTHLY,5091.18,MICRO_ENTERPRISE,MICROFINANCE,DEPOSITS_AND_EQUITY,True,ACTIVE,2026-08-21,39589.04,39589.04,0,CURRENT,False,,False,False,0,0,PTY-LENDER_C-00000814,ANON-LENDER_C-00000814,ORGANISATION,synthetic,WCDS-0.1
FAC-LENDER_C-00000815,LENDER_C,LENDER_C-100815,,TERM_LOAN,SME_MICRO,NGN,150000,150000,150000,2025-03-23,2025-03-23,2025-12-18,270,0.371337,FIXED,MONTHLY,21244.8,MICRO_ENTERPRISE,MICROFINANCE,DEPOSITS_AND_EQUITY,False,CLOSED,2026-08-21,0,0.0,0,CURRENT,False,,False,False,0,0,PTY-LENDER_C-00000815,ANON-LENDER_C-00000815,ORGANISATION,synthetic,WCDS-0.1
FAC-LENDER_C-00000816,LENDER_C,LENDER_C-100816,,TERM_LOAN,STAFF_LOAN,NGN,300000,300000,300000,2025-09-17,2025-09-17,2026-09-17,365,0.120727,FIXED,MONTHLY,28018.19,PERSONAL,MICROFINANCE,DEPOSITS_AND_EQUITY,False,ACTIVE,2026-08-21,39691.78,40085.63,35,DPD_31_60,False,,False,False,0,0,PTY-LENDER_C-00000816,ANON-LENDER_C-00000816,PERSON,synthetic,WCDS-0.1
FAC-LENDER_C-00000817,LENDER_C,LENDER_C-100817,,TERM_LOAN,STAFF_LOAN,NGN,300000,300000,300000,2025-05-22,2025-05-22,2026-05-22,365,0.124606,FIXED,MONTHLY,28115.16,PERSONAL,MICROFINANCE,DEPOSITS_AND_EQUITY,False,CLOSED,2026-08-21,0,0.0,0,CURRENT,False,,False,False,0,0,PTY-LENDER_C-00000817,ANON-LENDER_C-00000817,PERSON,synthetic,WCDS-0.1
FAC-LENDER_C-00000818,LENDER_C,LENDER_C-100818,,TERM_LOAN,GROUP_MICRO,NGN,50000,50000,50000,2025-07-05,2025-07-05,2026-01-01,180,0.391403,FIXED,WEEKLY,2294.27,MICRO_ENTERPRISE,MICROFINANCE,DEPOSITS_AND_EQUITY,False,ACTIVE,2026-08-21,1250.0,1270.11,15,DPD_1_30,False,,False,False,0,0,PTY-LENDER_C-00000818,ANON-LENDER_C-00000818,PERSON,synthetic,WCDS-0.1
FAC-LENDER_C-00000819,LENDER_C,LENDER_C-100819,,TERM_LOAN,STAFF_LOAN,NGN,3500000,3500000,3500000,2026-03-10,2026-03-10,2027-03-10,365,0.181877,FIXED,MONTHLY,344713.99,PERSONAL,MICROFINANCE,DEPOSITS_AND_EQUITY,False,ACTIVE,2026-08-21,2306563.93,2341044.19,65,DPD_61_90,False,,False,False,0,0,PTY-LENDER_C-00000819,ANON-LENDER_C-00000819,PERSON,synthetic,WCDS-0.1
FAC-LENDER_C-00000820,LENDER_C,LENDER_C-100820,,TERM_LOAN,GROUP_MICRO,NGN,500000,500000,500000,2025-06-26,2025-06-26,2025-12-23,180,0.370116,FIXED,WEEKLY,22740.83,MICRO_ENTERPRISE,MICROFINANCE,DEPOSITS_AND_EQUITY,False,ACTIVE,2026-08-21,54166.67,55814.44,65,DPD_61_90,False,,False,False,0,0,PTY-LENDER_C-00000820,ANON-LENDER_C-00000820,PERSON,synthetic,WCDS-0.1
FAC-LENDER_C-00000821,LENDER_C,LENDER_C-100821,,TERM_LOAN,GROUP_MICRO,NGN,150000,150000,150000,2025-07-20,2025-07-20,2026-01-16,180,0.304242,FIXED,WEEKLY,6634.83,MICRO_ENTERPRISE,MICROFINANCE,DEPOSITS_AND_EQUITY,False,ACTIVE,2026-08-21,3750.0,3796.89,15,DPD_1_30,False,,False,False,0,0,PTY-LENDER_C-00000821,ANON-LENDER_C-00000821,PERSON,synthetic,WCDS-0.1
FAC-LENDER_C-00000822,LENDER_C,LENDER_C-100822,,TERM_LOAN,SME_MICRO,NGN,3500000,3500000,3500000,2026-07-04,2026-07-04,2027-03-31,270,0.317583,FIXED,MONTHLY,480248.39,MICRO_ENTERPRISE,MICROFINANCE,DEPOSITS_AND_EQUITY,False,ACTIVE,2026-08-21,2877777.78,2877777.78,0,CURRENT,False,,False,False,0,0,PTY-LENDER_C-00000822,ANON-LENDER_C-00000822,ORGANISATION,synthetic,WCDS-0.1
FAC-LENDER_C-00000823,LENDER_C,LENDER_C-100823,,TERM_LOAN,ASSET_FINANCE,NGN,50000,50000,50000,2025-05-24,2025-05-24,2026-05-24,365,0.206437,FIXED,MONTHLY,5026.82,MICRO_ENTERPRISE,MICROFINANCE,DEPOSITS_AND_EQUITY,True,CLOSED,2026-08-21,0,0.0,0,CURRENT,False,,False,False,0,0,PTY-LENDER_C-00000823,ANON-LENDER_C-00000823,ORGANISATION,synthetic,WCDS-0.1
FAC-LENDER_C-00000824,LENDER_C,LENDER_C-100824,,TERM_LOAN,ASSET_FINANCE,NGN,2000000,2000000,2000000,2026-08-09,2026-08-09,2027-08-09,365,0.251363,FIXED,MONTHLY,208560.55,MICRO_ENTERPRISE,MICROFINANCE,DEPOSITS_AND_EQUITY,True,ACTIVE,2026-08-21,2000000,2041320.0,35,DPD_31_60,False,,False,False,0,0,PTY-LENDER_C-00000824,ANON-LENDER_C-00000824,ORGANISATION,synthetic,WCDS-0.1
FAC-LENDER_C-00000825,LENDER_C,LENDER_C-100825,,TERM_LOAN,ASSET_FINANCE,NGN,3500000,3500000,3500000,2025-06-24,2025-06-24,2026-06-24,365,0.229413,FIXED,MONTHLY,358578.86,MICRO_ENTERPRISE,MICROFINANCE,DEPOSITS_AND_EQUITY,True,ACTIVE,2026-08-21,204166.67,208016.41,35,DPD_31_60,False,,False,False,0,0,PTY-LENDER_C-00000825,ANON-LENDER_C-00000825,ORGANISATION,synthetic,WCDS-0.1
FAC-LENDER_C-00000826,LENDER_C,LENDER_C-100826,,TERM_LOAN,ASSET_FINANCE,NGN,2000000,2000000,2000000,2025-04-01,2025-04-01,2026-04-01,365,0.233927,FIXED,MONTHLY,205654.49,MICRO_ENTERPRISE,MICROFINANCE,DEPOSITS_AND_EQUITY,True,CLOSED,2026-08-21,0,0.0,0,CURRENT,False,,False,False,0,0,PTY-LENDER_C-00000826,ANON-LENDER_C-00000826,ORGANISATION,synthetic,WCDS-0.1
FAC-LENDER_C-00000827,LENDER_C,LENDER_C-100827,,TERM_LOAN,STAFF_LOAN,NGN,2000000,2000000,2000000,2025-02-03,2025-02-03,2026-02-03,365,0.166966,FIXED,MONTHLY,194494.33,PERSONAL,MICROFINANCE,DEPOSITS_AND_EQUITY,False,ACTIVE,2026-08-21,23333.33,23408.05,7,DPD_1_30,False,,False,False,0,0,PTY-LENDER_C-00000827,ANON-LENDER_C-00000827,PERSON,synthetic,WCDS-0.1
FAC-LENDER_C-00000828,LENDER_C,LENDER_C-100828,,TERM_LOAN,STAFF_LOAN,NGN,50000,50000,50000,2024-12-16,2024-12-16,2025-12-16,365,0.167899,FIXED,MONTHLY,4866.25,PERSONAL,MICROFINANCE,DEPOSITS_AND_EQUITY,False,CLOSED,2026-08-21,0,0.0,7,DPD_1_30,False,,False,False,0,0,PTY-LENDER_C-00000828,ANON-LENDER_C-00000828,PERSON,synthetic,WCDS-0.1
FAC-LENDER_C-00000829,LENDER_C,LENDER_C-100829,,TERM_LOAN,SME_MICRO,NGN,100000,100000,100000,2025-05-22,2025-05-22,2026-02-16,270,0.377664,FIXED,MONTHLY,14215.2,MICRO_ENTERPRISE,MICROFINANCE,DEPOSITS_AND_EQUITY,False,CLOSED,2026-08-21,0,0.0,0,CURRENT,False,,False,False,0,0,PTY-LENDER_C-00000829,ANON-LENDER_C-00000829,ORGANISATION,synthetic,WCDS-0.1
FAC-LENDER_C-00000830,LENDER_C,LENDER_C-100830,,TERM_LOAN,STAFF_LOAN,NGN,75000,75000,75000,2026-03-31,2026-03-31,2027-03-31,365,0.140581,FIXED,MONTHLY,7128.63,PERSONAL,MICROFINANCE,DEPOSITS_AND_EQUITY,False,ACTIVE,2026-08-21,45616.44,45616.44,0,CURRENT,False,,False,False,0,0,PTY-LENDER_C-00000830,ANON-LENDER_C-00000830,PERSON,synthetic,WCDS-0.1
FAC-LENDER_C-00000831,LENDER_C,LENDER_C-100831,,TERM_LOAN,GROUP_MICRO,NGN,3500000,3500000,3500000,2026-04-27,2026-04-27,2026-10-24,180,0.40779,FIXED,WEEKLY,161686.81,MICRO_ENTERPRISE,MICROFINANCE,DEPOSITS_AND_EQUITY,False,ACTIVE,2026-08-21,1244444.44,1244444.44,0,CURRENT,False,,False,False,0,0,PTY-LENDER_C-00000831,ANON-LENDER_C-00000831,PERSON,synthetic,WCDS-0.1
FAC-LENDER_C-00000832,LENDER_C,LENDER_C-100832,,TERM_LOAN,GROUP_MICRO,NGN,100000,100000,100000,2025-05-07,2025-05-07,2025-11-03,180,0.343247,FIXED,WEEKLY,4497.2,MICRO_ENTERPRISE,MICROFINANCE,DEPOSITS_AND_EQUITY,False,CLOSED,2026-08-21,0,0.0,0,CURRENT,False,,False,False,0,0,PTY-LENDER_C-00000832,ANON-LENDER_C-00000832,PERSON,synthetic,WCDS-0.1
FAC-LENDER_C-00000833,LENDER_C,LENDER_C-100833,,TERM_LOAN,ASSET_FINANCE,NGN,750000,750000,750000,2025-10-08,2025-10-08,2026-10-08,365,0.219602,FIXED,MONTHLY,76225.12,MICRO_ENTERPRISE,MICROFINANCE,DEPOSITS_AND_EQUITY,True,ACTIVE,2026-08-21,98630.14,98630.14,0,CURRENT,False,,False,False,0,0,PTY-LENDER_C-00000833,ANON-LENDER_C-00000833,ORGANISATION,synthetic,WCDS-0.1
FAC-LENDER_C-00000834,LENDER_C,LENDER_C-100834,,TERM_LOAN,STAFF_LOAN,NGN,75000,75000,75000,2025-03-04,2025-03-04,2026-03-04,365,0.177211,FIXED,MONTHLY,7357.57,PERSONAL,MICROFINANCE,DEPOSITS_AND_EQUITY,False,CLOSED,2026-08-21,0,0.0,7,DPD_1_30,False,,False,False,0,0,PTY-LENDER_C-00000834,ANON-LENDER_C-00000834,PERSON,synthetic,WCDS-0.1
FAC-LENDER_C-00000835,LENDER_C,LENDER_C-100835,,TERM_LOAN,STAFF_LOAN,NGN,50000,50000,50000,2025-09-08,2025-09-08,2026-09-08,365,0.15602,FIXED,MONTHLY,4816.75,PERSONAL,MICROFINANCE,DEPOSITS_AND_EQUITY,False,ACTIVE,2026-08-21,2465.75,2465.75,0,CURRENT,False,,False,False,0,0,PTY-LENDER_C-00000835,ANON-LENDER_C-00000835,PERSON,synthetic,WCDS-0.1
FAC-LENDER_C-00000836,LENDER_C,LENDER_C-100836,,TERM_LOAN,GROUP_MICRO,NGN,150000,150000,150000,2025-11-23,2025-11-23,2026-05-22,180,0.44588,FIXED,WEEKLY,7037.8,MICRO_ENTERPRISE,MICROFINANCE,DEPOSITS_AND_EQUITY,False,CLOSED,2026-08-21,0,0.0,0,CURRENT,False,,False,False,0,0,PTY-LENDER_C-00000836,ANON-LENDER_C-00000836,PERSON,synthetic,WCDS-0.1
FAC-LENDER_C-00000837,LENDER_C,LENDER_C-100837,,TERM_LOAN,ASSET_FINANCE,NGN,500000,500000,500000,2026-07-17,2026-07-17,2027-07-17,365,0.289711,FIXED,MONTHLY,53737.97,MICRO_ENTERPRISE,MICROFINANCE,DEPOSITS_AND_EQUITY,True,ACTIVE,2026-08-21,457888.13,460432.2,7,DPD_1_30,False,,False,False,0,0,PTY-LENDER_C-00000837,ANON-LENDER_C-00000837,ORGANISATION,synthetic,WCDS-0.1
FAC-LENDER_C-00000838,LENDER_C,LENDER_C-100838,,TERM_LOAN,STAFF_LOAN,NGN,150000,150000,150000,2025-02-03,2025-02-03,2026-02-03,365,0.141547,FIXED,MONTHLY,14269.34,PERSONAL,MICROFINANCE,DEPOSITS_AND_EQUITY,False,CLOSED,2026-08-21,0,0.0,0,CURRENT,False,,False,False,0,0,PTY-LENDER_C-00000838,ANON-LENDER_C-00000838,PERSON,synthetic,WCDS-0.1
FAC-LENDER_C-00000839,LENDER_C,LENDER_C-100839,,TERM_LOAN,STAFF_LOAN,NGN,75000,75000,75000,2026-06-21,2026-06-21,2027-06-21,365,0.132333,FIXED,MONTHLY,7077.08,PERSONAL,MICROFINANCE,DEPOSITS_AND_EQUITY,False,ACTIVE,2026-08-21,64340.75,64690.66,15,DPD_1_30,False,,False,False,0,0,PTY-LENDER_C-00000839,ANON-LENDER_C-00000839,PERSON,synthetic,WCDS-0.1
FAC-LENDER_C-00000840,LENDER_C,LENDER_C-100840,,TERM_LOAN,SME_MICRO,NGN,50000,50000,50000,2025-09-15,2025-09-15,2026-06-12,270,0.385607,FIXED,MONTHLY,7140.24,MICRO_ENTERPRISE,MICROFINANCE,DEPOSITS_AND_EQUITY,True,CLOSED,2026-08-21,0,0.0,0,CURRENT,False,,False,False,0,0,PTY-LENDER_C-00000840,ANON-LENDER_C-00000840,ORGANISATION,synthetic,WCDS-0.1
FAC-LENDER_C-00000841,LENDER_C,LENDER_C-100841,,TERM_LOAN,ASSET_FINANCE,NGN,750000,750000,750000,2025-02-22,2025-02-22,2026-02-22,365,0.260788,FIXED,MONTHLY,78799.26,MICRO_ENTERPRISE,MICROFINANCE,DEPOSITS_AND_EQUITY,True,DEFAULTED,2026-08-21,112500.0,114911.4,95,DPD_90_PLUS,True,2026-08-16,False,False,0,0,PTY-LENDER_C-00000841,ANON-LENDER_C-00000841,ORGANISATION,synthetic,WCDS-0.1
FAC-LENDER_C-00000842,LENDER_C,LENDER_C-100842,,TERM_LOAN,SME_MICRO,NGN,200000,200000,200000,2025-11-03,2025-11-03,2026-07-31,270,0.323017,FIXED,MONTHLY,27532.09,MICRO_ENTERPRISE,MICROFINANCE,DEPOSITS_AND_EQUITY,False,CLOSED,2026-08-21,0,0.0,0,CURRENT,False,,False,False,0,0,PTY-LENDER_C-00000842,ANON-LENDER_C-00000842,ORGANISATION,synthetic,WCDS-0.1
FAC-LENDER_C-00000843,LENDER_C,LENDER_C-100843,,TERM_LOAN,STAFF_LOAN,NGN,1000000,1000000,1000000,2026-03-29,2026-03-29,2027-03-29,365,0.182952,FIXED,MONTHLY,98579.31,PERSONAL,MICROFINANCE,DEPOSITS_AND_EQUITY,False,ACTIVE,2026-08-21,602739.73,602739.73,0,CURRENT,False,,False,False,0,0,PTY-LENDER_C-00000843,ANON-LENDER_C-00000843,PERSON,synthetic,WCDS-0.1
FAC-LENDER_C-00000844,LENDER_C,LENDER_C-100844,,TERM_LOAN,GROUP_MICRO,NGN,100000,100000,100000,2026-02-13,2026-02-13,2026-08-12,180,0.308623,FIXED,WEEKLY,4431.53,MICRO_ENTERPRISE,MICROFINANCE,DEPOSITS_AND_EQUITY,False,ACTIVE,2026-08-21,10833.33,11108.14,65,DPD_61_90,False,,False,False,0,0,PTY-LENDER_C-00000844,ANON-LENDER_C-00000844,PERSON,synthetic,WCDS-0.1
FAC-LENDER_C-00000845,LENDER_C,LENDER_C-100845,,TERM_LOAN,ASSET_FINANCE,NGN,50000,50000,50000,2026-03-17,2026-03-17,2027-03-17,365,0.270647,FIXED,MONTHLY,5294.36,MICRO_ENTERPRISE,MICROFINANCE,DEPOSITS_AND_EQUITY,True,ACTIVE,2026-08-21,29743.15,30073.97,15,DPD_1_30,False,,False,False,0,0,PTY-LENDER_C-00000845,ANON-LENDER_C-00000845,ORGANISATION,synthetic,WCDS-0.1
FAC-LENDER_C-00000846,LENDER_C,LENDER_C-100846,,TERM_LOAN,STAFF_LOAN,NGN,50000,50000,50000,2025-03-05,2025-03-05,2026-03-05,365,0.162753,FIXED,MONTHLY,4844.8,PERSONAL,MICROFINANCE,DEPOSITS_AND_EQUITY,False,CLOSED,2026-08-21,0,0.0,7,DPD_1_30,False,,False,False,0,0,PTY-LENDER_C-00000846,ANON-LENDER_C-00000846,PERSON,synthetic,WCDS-0.1
FAC-LENDER_C-00000847,LENDER_C,LENDER_C-100847,,TERM_LOAN,STAFF_LOAN,NGN,50000,50000,50000,2025-12-03,2025-12-03,2026-12-03,365,0.178415,FIXED,MONTHLY,4910.06,PERSONAL,MICROFINANCE,DEPOSITS_AND_EQUITY,False,ACTIVE,2026-08-21,14246.58,14246.58,0,CURRENT,False,,False,False,0,0,PTY-LENDER_C-00000847,ANON-LENDER_C-00000847,PERSON,synthetic,WCDS-0.1
FAC-LENDER_C-00000848,LENDER_C,LENDER_C-100848,,TERM_LOAN,SME_MICRO,NGN,1000000,1000000,1000000,2026-06-10,2026-06-10,2027-03-07,270,0.354665,FIXED,MONTHLY,140261.68,MICRO_ENTERPRISE,MICROFINANCE,DEPOSITS_AND_EQUITY,False,ACTIVE,2026-08-21,733333.33,733333.33,0,CURRENT,False,,False,False,0,0,PTY-LENDER_C-00000848,ANON-LENDER_C-00000848,ORGANISATION,synthetic,WCDS-0.1
FAC-LENDER_C-00000849,LENDER_C,LENDER_C-100849,,TERM_LOAN,SME_MICRO,NGN,50000,50000,50000,2025-10-31,2025-10-31,2026-07-28,270,0.319934,FIXED,MONTHLY,6870.35,MICRO_ENTERPRISE,MICROFINANCE,DEPOSITS_AND_EQUITY,False,CLOSED,2026-08-21,0,0.0,7,DPD_1_30,False,,False,False,0,0,PTY-LENDER_C-00000849,ANON-LENDER_C-00000849,ORGANISATION,synthetic,WCDS-0.1
FAC-LENDER_C-00000850,LENDER_C,LENDER_C-100850,,TERM_LOAN,GROUP_MICRO,NGN,2000000,2000000,2000000,2025-04-11,2025-04-11,2025-10-08,180,0.331889,FIXED,WEEKLY,89513.16,MICRO_ENTERPRISE,MICROFINANCE,DEPOSITS_AND_EQUITY,False,CLOSED,2026-08-21,0,0.0,0,CURRENT,False,,False,False,0,0,PTY-LENDER_C-00000850,ANON-LENDER_C-00000850,PERSON,synthetic,WCDS-0.1
FAC-LENDER_C-00000851,LENDER_C,LENDER_C-100851,,TERM_LOAN,SME_MICRO,NGN,200000,200000,200000,2026-03-08,2026-03-08,2026-12-03,270,0.390316,FIXED,MONTHLY,28638.37,MICRO_ENTERPRISE,MICROFINANCE,DEPOSITS_AND_EQUITY,False,ACTIVE,2026-08-21,77037.04,77037.04,0,CURRENT,False,,False,False,0,0,PTY-LENDER_C-00000851,ANON-LENDER_C-00000851,ORGANISATION,synthetic,WCDS-0.1
FAC-LENDER_C-00000852,LENDER_C,LENDER_C-100852,,TERM_LOAN,ASSET_FINANCE,NGN,300000,300000,300000,2026-06-29,2026-06-29,2027-06-29,365,0.273127,FIXED,MONTHLY,31828.18,MICRO_ENTERPRISE,MICROFINANCE,DEPOSITS_AND_EQUITY,True,ACTIVE,2026-08-21,256438.36,256438.36,0,CURRENT,False,,False,False,0,0,PTY-LENDER_C-00000852,ANON-LENDER_C-00000852,ORGANISATION,synthetic,WCDS-0.1
FAC-LENDER_C-00000853,LENDER_C,LENDER_C-100853,,TERM_LOAN,GROUP_MICRO,NGN,2000000,2000000,2000000,2025-09-16,2025-09-16,2026-03-15,180,0.353091,FIXED,WEEKLY,90317.45,MICRO_ENTERPRISE,MICROFINANCE,DEPOSITS_AND_EQUITY,False,CLOSED,2026-08-21,0,0.0,0,CURRENT,False,,False,False,0,0,PTY-LENDER_C-00000853,ANON-LENDER_C-00000853,PERSON,synthetic,WCDS-0.1
FAC-LENDER_C-00000854,LENDER_C,LENDER_C-100854,,TERM_LOAN,ASSET_FINANCE,NGN,2000000,2000000,2000000,2025-01-27,2025-01-27,2026-01-27,365,0.230146,FIXED,MONTHLY,205024.3,MICRO_ENTERPRISE,MICROFINANCE,DEPOSITS_AND_EQUITY,True,CLOSED,2026-08-21,0,0.0,0,CURRENT,False,,False,False,0,0,PTY-LENDER_C-00000854,ANON-LENDER_C-00000854,ORGANISATION,synthetic,WCDS-0.1
FAC-LENDER_C-00000855,LENDER_C,LENDER_C-100855,,TERM_LOAN,ASSET_FINANCE,NGN,100000,100000,100000,2026-06-27,2026-06-27,2027-06-27,365,0.22023,FIXED,MONTHLY,10168.59,MICRO_ENTERPRISE,MICROFINANCE,DEPOSITS_AND_EQUITY,True,ACTIVE,2026-08-21,87431.51,88222.81,15,DPD_1_30,False,,False,False,0,0,PTY-LENDER_C-00000855,ANON-LENDER_C-00000855,ORGANISATION,synthetic,WCDS-0.1
FAC-LENDER_C-00000856,LENDER_C,LENDER_C-100856,,TERM_LOAN,SME_MICRO,NGN,300000,300000,300000,2026-07-25,2026-07-25,2027-04-21,270,0.322453,FIXED,MONTHLY,41284.23,MICRO_ENTERPRISE,MICROFINANCE,DEPOSITS_AND_EQUITY,False,ACTIVE,2026-08-21,270000.0,270000.0,0,CURRENT,False,,False,False,0,0,PTY-LENDER_C-00000856,ANON-LENDER_C-00000856,ORGANISATION,synthetic,WCDS-0.1
FAC-LENDER_C-00000857,LENDER_C,LENDER_C-100857,,TERM_LOAN,STAFF_LOAN,NGN,3500000,3500000,3500000,2025-04-28,2025-04-28,2026-04-28,365,0.165082,FIXED,MONTHLY,339815.5,PERSONAL,MICROFINANCE,DEPOSITS_AND_EQUITY,False,CLOSED,2026-08-21,0,0.0,0,CURRENT,False,,False,False,0,0,PTY-LENDER_C-00000857,ANON-LENDER_C-00000857,PERSON,synthetic,WCDS-0.1
FAC-LENDER_C-00000858,LENDER_C,LENDER_C-100858,,TERM_LOAN,GROUP_MICRO,NGN,3500000,3500000,3500000,2025-09-29,2025-09-29,2026-03-28,180,0.379889,FIXED,WEEKLY,159834.54,MICRO_ENTERPRISE,MICROFINANCE,DEPOSITS_AND_EQUITY,False,CLOSED,2026-08-21,0,0.0,0,CURRENT,False,,False,False,0,0,PTY-LENDER_C-00000858,ANON-LENDER_C-00000858,PERSON,synthetic,WCDS-0.1
FAC-LENDER_C-00000859,LENDER_C,LENDER_C-100859,,TERM_LOAN,SME_MICRO,NGN,150000,150000,150000,2025-02-23,2025-02-23,2025-11-20,270,0.368538,FIXED,MONTHLY,21210.28,MICRO_ENTERPRISE,MICROFINANCE,DEPOSITS_AND_EQUITY,True,ACTIVE,2026-08-21,1750.0,1762.37,7,DPD_1_30,False,,False,False,0,0,PTY-LENDER_C-00000859,ANON-LENDER_C-00000859,ORGANISATION,synthetic,WCDS-0.1
FAC-LENDER_C-00000860,LENDER_C,LENDER_C-100860,,TERM_LOAN,STAFF_LOAN,NGN,1000000,1000000,1000000,2025-11-01,2025-11-01,2026-11-01,365,0.1616,FIXED,MONTHLY,96800.0,PERSONAL,MICROFINANCE,DEPOSITS_AND_EQUITY,False,ACTIVE,2026-08-21,197260.27,197260.27,0,CURRENT,False,,False,False,0,0,PTY-LENDER_C-00000860,ANON-LENDER_C-00000860,PERSON,synthetic,WCDS-0.1
FAC-LENDER_C-00000861,LENDER_C,LENDER_C-100861,,TERM_LOAN,STAFF_LOAN,NGN,50000,50000,50000,2025-08-07,2025-08-07,2026-08-07,365,0.133465,FIXED,MONTHLY,4722.77,PERSONAL,MICROFINANCE,DEPOSITS_AND_EQUITY,False,CLOSED,2026-08-21,0,0.0,7,DPD_1_30,False,,False,False,0,0,PTY-LENDER_C-00000861,ANON-LENDER_C-00000861,PERSON,synthetic,WCDS-0.1
FAC-LENDER_C-00000862,LENDER_C,LENDER_C-100862,,TERM_LOAN,STAFF_LOAN,NGN,200000,200000,200000,2025-03-01,2025-03-01,2026-03-01,365,0.15674,FIXED,MONTHLY,19279.0,PERSONAL,MICROFINANCE,DEPOSITS_AND_EQUITY,False,CLOSED,2026-08-21,0,0.0,0,CURRENT,False,,False,False,0,0,PTY-LENDER_C-00000862,ANON-LENDER_C-00000862,PERSON,synthetic,WCDS-0.1
FAC-LENDER_C-00000863,LENDER_C,LENDER_C-100863,,TERM_LOAN,SME_MICRO,NGN,2000000,2000000,2000000,2026-05-15,2026-05-15,2027-02-09,270,0.333214,FIXED,MONTHLY,276997.18,MICRO_ENTERPRISE,MICROFINANCE,DEPOSITS_AND_EQUITY,True,ACTIVE,2026-08-21,1274074.07,1274074.07,0,CURRENT,False,,False,False,0,0,PTY-LENDER_C-00000863,ANON-LENDER_C-00000863,ORGANISATION,synthetic,WCDS-0.1
FAC-LENDER_C-00000864,LENDER_C,LENDER_C-100864,,TERM_LOAN,STAFF_LOAN,NGN,1000000,1000000,1000000,2025-03-17,2025-03-17,2026-03-17,365,0.181148,FIXED,MONTHLY,98429.04,PERSONAL,MICROFINANCE,DEPOSITS_AND_EQUITY,False,CLOSED,2026-08-21,0,0.0,0,CURRENT,False,,False,False,0,0,PTY-LENDER_C-00000864,ANON-LENDER_C-00000864,PERSON,synthetic,WCDS-0.1
FAC-LENDER_C-00000865,LENDER_C,LENDER_C-100865,,TERM_LOAN,ASSET_FINANCE,NGN,500000,500000,500000,2025-01-27,2025-01-27,2026-01-27,365,0.298799,FIXED,MONTHLY,54116.64,MICRO_ENTERPRISE,MICROFINANCE,DEPOSITS_AND_EQUITY,True,CLOSED,2026-08-21,0,0.0,0,CURRENT,False,,False,False,0,0,PTY-LENDER_C-00000865,ANON-LENDER_C-00000865,ORGANISATION,synthetic,WCDS-0.1
FAC-LENDER_C-00000866,LENDER_C,LENDER_C-100866,,TERM_LOAN,SME_MICRO,NGN,150000,150000,150000,2026-04-12,2026-04-12,2027-01-07,270,0.330449,FIXED,MONTHLY,20740.7,MICRO_ENTERPRISE,MICROFINANCE,DEPOSITS_AND_EQUITY,False,ACTIVE,2026-08-21,77222.22,77222.22,0,CURRENT,False,,False,False,0,0,PTY-LENDER_C-00000866,ANON-LENDER_C-00000866,ORGANISATION,synthetic,WCDS-0.1
FAC-LENDER_C-00000867,LENDER_C,LENDER_C-100867,,TERM_LOAN,SME_MICRO,NGN,750000,750000,750000,2025-01-02,2025-01-02,2025-09-29,270,0.349513,FIXED,MONTHLY,104878.63,MICRO_ENTERPRISE,MICROFINANCE,DEPOSITS_AND_EQUITY,False,CLOSED,2026-08-21,0,0.0,0,CURRENT,False,,False,False,0,0,PTY-LENDER_C-00000867,ANON-LENDER_C-00000867,ORGANISATION,synthetic,WCDS-0.1
FAC-LENDER_C-00000868,LENDER_C,LENDER_C-100868,,TERM_LOAN,ASSET_FINANCE,NGN,1000000,1000000,1000000,2025-05-10,2025-05-10,2026-05-10,365,0.317419,FIXED,MONTHLY,109784.94,MICRO_ENTERPRISE,MICROFINANCE,DEPOSITS_AND_EQUITY,True,CLOSED,2026-08-21,0,0.0,0,CURRENT,False,,False,False,0,0,PTY-LENDER_C-00000868,ANON-LENDER_C-00000868,ORGANISATION,synthetic,WCDS-0.1
FAC-LENDER_C-00000869,LENDER_C,LENDER_C-100869,,TERM_LOAN,ASSET_FINANCE,NGN,200000,200000,200000,2026-05-31,2026-05-31,2027-05-31,365,0.255922,FIXED,MONTHLY,20932.03,MICRO_ENTERPRISE,MICROFINANCE,DEPOSITS_AND_EQUITY,True,ACTIVE,2026-08-21,155068.49,155068.49,0,CURRENT,False,,False,False,0,0,PTY-LENDER_C-00000869,ANON-LENDER_C-00000869,ORGANISATION,synthetic,WCDS-0.1
FAC-LENDER_C-00000870,LENDER_C,LENDER_C-100870,,TERM_LOAN,GROUP_MICRO,NGN,1000000,1000000,1000000,2025-02-04,2025-02-04,2025-08-03,180,0.366776,FIXED,WEEKLY,45418.29,MICRO_ENTERPRISE,MICROFINANCE,DEPOSITS_AND_EQUITY,False,CLOSED,2026-08-21,0,0.0,0,CURRENT,False,,False,False,0,0,PTY-LENDER_C-00000870,ANON-LENDER_C-00000870,PERSON,synthetic,WCDS-0.1
FAC-LENDER_C-00000871,LENDER_C,LENDER_C-100871,,TERM_LOAN,ASSET_FINANCE,NGN,2000000,2000000,2000000,2026-06-06,2026-06-06,2027-06-06,365,0.225216,FIXED,MONTHLY,204202.62,MICRO_ENTERPRISE,MICROFINANCE,DEPOSITS_AND_EQUITY,True,ACTIVE,2026-08-21,1583561.64,1583561.64,0,CURRENT,False,,False,False,0,0,PTY-LENDER_C-00000871,ANON-LENDER_C-00000871,ORGANISATION,synthetic,WCDS-0.1
FAC-LENDER_C-00000872,LENDER_C,LENDER_C-100872,,TERM_LOAN,STAFF_LOAN,NGN,100000,100000,100000,2025-06-23,2025-06-23,2026-06-23,365,0.160794,FIXED,MONTHLY,9673.29,PERSONAL,MICROFINANCE,DEPOSITS_AND_EQUITY,False,ACTIVE,2026-08-21,2500.0,2516.52,15,DPD_1_30,False,,False,False,0,0,PTY-LENDER_C-00000872,ANON-LENDER_C-00000872,PERSON,synthetic,WCDS-0.1
FAC-LENDER_C-00000873,LENDER_C,LENDER_C-100873,,TERM_LOAN,GROUP_MICRO,NGN,100000,100000,100000,2026-07-25,2026-07-25,2027-01-21,180,0.331515,FIXED,WEEKLY,4474.95,MICRO_ENTERPRISE,MICROFINANCE,DEPOSITS_AND_EQUITY,False,ACTIVE,2026-08-21,85000.0,85000.0,0,CURRENT,False,,False,False,0,0,PTY-LENDER_C-00000873,ANON-LENDER_C-00000873,PERSON,synthetic,WCDS-0.1
FAC-LENDER_C-00000874,LENDER_C,LENDER_C-100874,,TERM_LOAN,SME_MICRO,NGN,75000,75000,75000,2026-07-14,2026-07-14,2027-04-10,270,0.298113,FIXED,MONTHLY,10171.01,MICRO_ENTERPRISE,MICROFINANCE,DEPOSITS_AND_EQUITY,False,ACTIVE,2026-08-21,64444.44,64444.44,0,CURRENT,False,,False,False,0,0,PTY-LENDER_C-00000874,ANON-LENDER_C-00000874,ORGANISATION,synthetic,WCDS-0.1
FAC-LENDER_C-00000875,LENDER_C,LENDER_C-100875,,TERM_LOAN,SME_MICRO,NGN,2000000,2000000,2000000,2025-02-05,2025-02-05,2025-11-02,270,0.290586,FIXED,MONTHLY,269989.77,MICRO_ENTERPRISE,MICROFINANCE,DEPOSITS_AND_EQUITY,False,CLOSED,2026-08-21,0,0.0,0,CURRENT,False,,False,False,0,0,PTY-LENDER_C-00000875,ANON-LENDER_C-00000875,ORGANISATION,synthetic,WCDS-0.1
FAC-LENDER_C-00000876,LENDER_C,LENDER_C-100876,,TERM_LOAN,SME_MICRO,NGN,50000,50000,50000,2025-03-29,2025-03-29,2025-12-24,270,0.35868,FIXED,MONTHLY,7029.58,MICRO_ENTERPRISE,MICROFINANCE,DEPOSITS_AND_EQUITY,False,CLOSED,2026-08-21,0,0.0,0,CURRENT,False,,False,False,0,0,PTY-LENDER_C-00000876,ANON-LENDER_C-00000876,ORGANISATION,synthetic,WCDS-0.1
FAC-LENDER_C-00000877,LENDER_C,LENDER_C-100877,,TERM_LOAN,GROUP_MICRO,NGN,50000,50000,50000,2025-05-03,2025-05-03,2025-10-30,180,0.360268,FIXED,WEEKLY,2264.74,MICRO_ENTERPRISE,MICROFINANCE,DEPOSITS_AND_EQUITY,False,CLOSED,2026-08-21,0,0.0,0,CURRENT,False,,False,False,0,0,PTY-LENDER_C-00000877,ANON-LENDER_C-00000877,PERSON,synthetic,WCDS-0.1
FAC-LENDER_C-00000878,LENDER_C,LENDER_C-100878,,TERM_LOAN,SME_MICRO,NGN,150000,150000,150000,2025-03-06,2025-03-06,2025-12-01,270,0.37352,FIXED,MONTHLY,21271.71,MICRO_ENTERPRISE,MICROFINANCE,DEPOSITS_AND_EQUITY,False,CLOSED,2026-08-21,0,0.0,0,CURRENT,False,,False,False,0,0,PTY-LENDER_C-00000878,ANON-LENDER_C-00000878,ORGANISATION,synthetic,WCDS-0.1
FAC-LENDER_C-00000879,LENDER_C,LENDER_C-100879,,TERM_LOAN,GROUP_MICRO,NGN,150000,150000,150000,2025-09-22,2025-09-22,2026-03-21,180,0.427431,FIXED,WEEKLY,6985.31,MICRO_ENTERPRISE,MICROFINANCE,DEPOSITS_AND_EQUITY,False,CLOSED,2026-08-21,0,0.0,0,CURRENT,False,,False,False,0,0,PTY-LENDER_C-00000879,ANON-LENDER_C-00000879,PERSON,synthetic,WCDS-0.1
FAC-LENDER_C-00000880,LENDER_C,LENDER_C-100880,,TERM_LOAN,SME_MICRO,NGN,150000,150000,150000,2025-05-12,2025-05-12,2026-02-06,270,0.335229,FIXED,MONTHLY,20799.63,MICRO_ENTERPRISE,MICROFINANCE,DEPOSITS_AND_EQUITY,False,CLOSED,2026-08-21,0,0.0,0,CURRENT,False,,False,False,0,0,PTY-LENDER_C-00000880,ANON-LENDER_C-00000880,ORGANISATION,synthetic,WCDS-0.1
FAC-LENDER_C-00000881,LENDER_C,LENDER_C-100881,,TERM_LOAN,SME_MICRO,NGN,75000,75000,75000,2025-08-28,2025-08-28,2026-05-25,270,0.308335,FIXED,MONTHLY,10234.03,MICRO_ENTERPRISE,MICROFINANCE,DEPOSITS_AND_EQUITY,False,CLOSED,2026-08-21,0,0.0,0,CURRENT,False,,False,False,0,0,PTY-LENDER_C-00000881,ANON-LENDER_C-00000881,ORGANISATION,synthetic,WCDS-0.1
FAC-LENDER_C-00000882,LENDER_C,LENDER_C-100882,,TERM_LOAN,ASSET_FINANCE,NGN,100000,100000,100000,2026-05-08,2026-05-08,2027-05-08,365,0.252797,FIXED,MONTHLY,10439.98,MICRO_ENTERPRISE,MICROFINANCE,DEPOSITS_AND_EQUITY,True,ACTIVE,2026-08-21,71232.88,71232.88,0,CURRENT,False,,False,False,0,0,PTY-LENDER_C-00000882,ANON-LENDER_C-00000882,ORGANISATION,synthetic,WCDS-0.1
FAC-LENDER_C-00000883,LENDER_C,LENDER_C-100883,,TERM_LOAN,ASSET_FINANCE,NGN,200000,200000,200000,2026-06-27,2026-06-27,2027-06-27,365,0.288698,FIXED,MONTHLY,21478.3,MICRO_ENTERPRISE,MICROFINANCE,DEPOSITS_AND_EQUITY,True,ACTIVE,2026-08-21,169863.01,169863.01,0,CURRENT,False,,False,False,0,0,PTY-LENDER_C-00000883,ANON-LENDER_C-00000883,ORGANISATION,synthetic,WCDS-0.1
FAC-LENDER_C-00000884,LENDER_C,LENDER_C-100884,,TERM_LOAN,GROUP_MICRO,NGN,200000,200000,200000,2025-04-04,2025-04-04,2025-10-01,180,0.447278,FIXED,WEEKLY,9389.04,MICRO_ENTERPRISE,MICROFINANCE,DEPOSITS_AND_EQUITY,False,DEFAULTED,2026-08-21,30000.0,31102.88,95,DPD_90_PLUS,True,2026-08-16,False,False,0,0,PTY-LENDER_C-00000884,ANON-LENDER_C-00000884,PERSON,synthetic,WCDS-0.1
FAC-LENDER_C-00000885,LENDER_C,LENDER_C-100885,,TERM_LOAN,ASSET_FINANCE,NGN,50000,50000,50000,2026-01-20,2026-01-20,2027-01-20,365,0.312345,FIXED,MONTHLY,5468.1,MICRO_ENTERPRISE,MICROFINANCE,DEPOSITS_AND_EQUITY,True,ACTIVE,2026-08-21,20821.92,20821.92,0,CURRENT,False,,False,False,0,0,PTY-LENDER_C-00000885,ANON-LENDER_C-00000885,ORGANISATION,synthetic,WCDS-0.1
FAC-LENDER_C-00000886,LENDER_C,LENDER_C-100886,,TERM_LOAN,GROUP_MICRO,NGN,50000,50000,50000,2024-12-23,2024-12-23,2025-06-21,180,0.448572,FIXED,WEEKLY,2348.49,MICRO_ENTERPRISE,MICROFINANCE,DEPOSITS_AND_EQUITY,False,CLOSED,2026-08-21,0,0.0,0,CURRENT,False,,False,False,0,0,PTY-LENDER_C-00000886,ANON-LENDER_C-00000886,PERSON,synthetic,WCDS-0.1
FAC-LENDER_C-00000887,LENDER_C,LENDER_C-100887,,TERM_LOAN,SME_MICRO,NGN,150000,150000,150000,2025-10-06,2025-10-06,2026-07-03,270,0.33404,FIXED,MONTHLY,20784.97,MICRO_ENTERPRISE,MICROFINANCE,DEPOSITS_AND_EQUITY,False,ACTIVE,2026-08-21,3750.0,3801.48,15,DPD_1_30,False,,False,False,0,0,PTY-LENDER_C-00000887,ANON-LENDER_C-00000887,ORGANISATION,synthetic,WCDS-0.1
FAC-LENDER_C-00000888,LENDER_C,LENDER_C-100888,,TERM_LOAN,STAFF_LOAN,NGN,2000000,2000000,2000000,2025-10-15,2025-10-15,2026-10-15,365,0.141072,FIXED,MONTHLY,190178.73,PERSONAL,MICROFINANCE,DEPOSITS_AND_EQUITY,False,ACTIVE,2026-08-21,301369.86,301369.86,0,CURRENT,False,,False,False,0,0,PTY-LENDER_C-00000888,ANON-LENDER_C-00000888,PERSON,synthetic,WCDS-0.1
FAC-LENDER_C-00000889,LENDER_C,LENDER_C-100889,,TERM_LOAN,STAFF_LOAN,NGN,200000,200000,200000,2026-07-20,2026-07-20,2027-07-20,365,0.17805,FIXED,MONTHLY,19634.17,PERSONAL,MICROFINANCE,DEPOSITS_AND_EQUITY,False,ACTIVE,2026-08-21,182465.75,182465.75,0,CURRENT,False,,False,False,0,0,PTY-LENDER_C-00000889,ANON-LENDER_C-00000889,PERSON,synthetic,WCDS-0.1
FAC-LENDER_C-00000890,LENDER_C,LENDER_C-100890,,TERM_LOAN,STAFF_LOAN,NGN,1000000,1000000,1000000,2026-01-10,2026-01-10,2027-01-10,365,0.13749,FIXED,MONTHLY,94790.87,PERSONAL,MICROFINANCE,DEPOSITS_AND_EQUITY,False,ACTIVE,2026-08-21,447374.43,452430.02,35,DPD_31_60,False,,False,False,0,0,PTY-LENDER_C-00000890,ANON-LENDER_C-00000890,PERSON,synthetic,WCDS-0.1
FAC-LENDER_C-00000891,LENDER_C,LENDER_C-100891,,TERM_LOAN,SME_MICRO,NGN,3500000,3500000,3500000,2026-04-27,2026-04-27,2027-01-22,270,0.323926,FIXED,MONTHLY,482073.13,MICRO_ENTERPRISE,MICROFINANCE,DEPOSITS_AND_EQUITY,False,ACTIVE,2026-08-21,1996296.3,1996296.3,0,CURRENT,False,,False,False,0,0,PTY-LENDER_C-00000891,ANON-LENDER_C-00000891,ORGANISATION,synthetic,WCDS-0.1
FAC-LENDER_C-00000892,LENDER_C,LENDER_C-100892,,TERM_LOAN,GROUP_MICRO,NGN,300000,300000,300000,2025-01-16,2025-01-16,2025-07-15,180,0.44426,FIXED,WEEKLY,14066.39,MICRO_ENTERPRISE,MICROFINANCE,DEPOSITS_AND_EQUITY,False,CLOSED,2026-08-21,0,0.0,0,CURRENT,False,,False,False,0,0,PTY-LENDER_C-00000892,ANON-LENDER_C-00000892,PERSON,synthetic,WCDS-0.1
FAC-LENDER_C-00000893,LENDER_C,LENDER_C-100893,,TERM_LOAN,SME_MICRO,NGN,100000,100000,100000,2025-07-23,2025-07-23,2026-04-19,270,0.316516,FIXED,MONTHLY,13712.61,MICRO_ENTERPRISE,MICROFINANCE,DEPOSITS_AND_EQUITY,False,ACTIVE,2026-08-21,5833.33,5985.09,35,DPD_31_60,False,,False,False,0,0,PTY-LENDER_C-00000893,ANON-LENDER_C-00000893,ORGANISATION,synthetic,WCDS-0.1
FAC-LENDER_C-00000894,LENDER_C,LENDER_C-100894,,TERM_LOAN,STAFF_LOAN,NGN,500000,500000,500000,2026-07-18,2026-07-18,2027-07-18,365,0.163004,FIXED,MONTHLY,48458.48,PERSONAL,MICROFINANCE,DEPOSITS_AND_EQUITY,False,DEFAULTED,2026-08-21,500000,506698.78,95,DPD_90_PLUS,True,2026-08-16,False,False,0,0,PTY-LENDER_C-00000894,ANON-LENDER_C-00000894,PERSON,synthetic,WCDS-0.1
FAC-LENDER_C-00000895,LENDER_C,LENDER_C-100895,,TERM_LOAN,STAFF_LOAN,NGN,100000,100000,100000,2026-04-08,2026-04-08,2027-04-08,365,0.176722,FIXED,MONTHLY,9806.01,PERSONAL,MICROFINANCE,DEPOSITS_AND_EQUITY,False,ACTIVE,2026-08-21,63013.7,63013.7,0,CURRENT,False,,False,False,0,0,PTY-LENDER_C-00000895,ANON-LENDER_C-00000895,PERSON,synthetic,WCDS-0.1
FAC-LENDER_C-00000896,LENDER_C,LENDER_C-100896,,TERM_LOAN,STAFF_LOAN,NGN,200000,200000,200000,2026-04-16,2026-04-16,2027-04-16,365,0.126586,FIXED,MONTHLY,18776.44,PERSONAL,MICROFINANCE,DEPOSITS_AND_EQUITY,False,ACTIVE,2026-08-21,130410.96,130410.96,0,CURRENT,False,,False,False,0,0,PTY-LENDER_C-00000896,ANON-LENDER_C-00000896,PERSON,synthetic,WCDS-0.1
FAC-LENDER_C-00000897,LENDER_C,LENDER_C-100897,,TERM_LOAN,GROUP_MICRO,NGN,1000000,1000000,1000000,2026-05-07,2026-05-07,2026-11-03,180,0.366293,FIXED,WEEKLY,45409.14,MICRO_ENTERPRISE,MICROFINANCE,DEPOSITS_AND_EQUITY,False,ACTIVE,2026-08-21,411111.11,411111.11,0,CURRENT,False,,False,False,0,0,PTY-LENDER_C-00000897,ANON-LENDER_C-00000897,PERSON,synthetic,WCDS-0.1
FAC-LENDER_C-00000898,LENDER_C,LENDER_C-100898,,TERM_LOAN,GROUP_MICRO,NGN,150000,150000,150000,2025-10-08,2025-10-08,2026-04-06,180,0.382772,FIXED,WEEKLY,6858.25,MICRO_ENTERPRISE,MICROFINANCE,DEPOSITS_AND_EQUITY,False,ACTIVE,2026-08-21,3750.0,3808.99,15,DPD_1_30,False,,False,False,0,0,PTY-LENDER_C-00000898,ANON-LENDER_C-00000898,PERSON,synthetic,WCDS-0.1
FAC-LENDER_C-00000899,LENDER_C,LENDER_C-100899,,TERM_LOAN,ASSET_FINANCE,NGN,1000000,1000000,1000000,2026-01-15,2026-01-15,2027-01-15,365,0.306723,FIXED,MONTHLY,108893.59,MICRO_ENTERPRISE,MICROFINANCE,DEPOSITS_AND_EQUITY,True,ACTIVE,2026-08-21,402739.73,402739.73,0,CURRENT,False,,False,False,0,0,PTY-LENDER_C-00000899,ANON-LENDER_C-00000899,ORGANISATION,synthetic,WCDS-0.1
FAC-LENDER_C-00000900,LENDER_C,LENDER_C-100900,,TERM_LOAN,SME_MICRO,NGN,1000000,1000000,1000000,2025-12-07,2025-12-07,2026-09-03,270,0.314536,FIXED,MONTHLY,136963.4,MICRO_ENTERPRISE,MICROFINANCE,DEPOSITS_AND_EQUITY,False,DEFAULTED,2026-08-21,198148.15,203270.73,130,DPD_90_PLUS,True,2026-07-12,True,False,0,0,PTY-LENDER_C-00000900,ANON-LENDER_C-00000900,ORGANISATION,synthetic,WCDS-0.1
FAC-LENDER_C-00000901,LENDER_C,LENDER_C-100901,,TERM_LOAN,GROUP_MICRO,NGN,2000000,2000000,2000000,2024-12-20,2024-12-20,2025-06-18,180,0.322734,FIXED,WEEKLY,89165.9,MICRO_ENTERPRISE,MICROFINANCE,DEPOSITS_AND_EQUITY,False,CLOSED,2026-08-21,0,0.0,0,CURRENT,False,,False,False,0,0,PTY-LENDER_C-00000901,ANON-LENDER_C-00000901,PERSON,synthetic,WCDS-0.1
FAC-LENDER_C-00000902,LENDER_C,LENDER_C-100902,,TERM_LOAN,STAFF_LOAN,NGN,750000,750000,750000,2026-04-07,2026-04-07,2027-04-07,365,0.153249,FIXED,MONTHLY,72078.08,PERSONAL,MICROFINANCE,DEPOSITS_AND_EQUITY,False,ACTIVE,2026-08-21,470547.95,470547.95,0,CURRENT,False,,False,False,0,0,PTY-LENDER_C-00000902,ANON-LENDER_C-00000902,PERSON,synthetic,WCDS-0.1
FAC-LENDER_C-00000903,LENDER_C,LENDER_C-100903,,TERM_LOAN,SME_MICRO,NGN,300000,300000,300000,2025-12-08,2025-12-08,2026-09-04,270,0.329859,FIXED,MONTHLY,41466.83,MICRO_ENTERPRISE,MICROFINANCE,DEPOSITS_AND_EQUITY,False,ACTIVE,2026-08-21,15555.56,15555.56,0,CURRENT,False,,False,False,0,0,PTY-LENDER_C-00000903,ANON-LENDER_C-00000903,ORGANISATION,synthetic,WCDS-0.1
FAC-LENDER_C-00000904,LENDER_C,LENDER_C-100904,,TERM_LOAN,SME_MICRO,NGN,100000,100000,100000,2025-12-29,2025-12-29,2026-09-25,270,0.390606,FIXED,MONTHLY,14321.57,MICRO_ENTERPRISE,MICROFINANCE,DEPOSITS_AND_EQUITY,False,ACTIVE,2026-08-21,12962.96,12962.96,0,CURRENT,False,,False,False,0,0,PTY-LENDER_C-00000904,ANON-LENDER_C-00000904,ORGANISATION,synthetic,WCDS-0.1
FAC-LENDER_C-00000905,LENDER_C,LENDER_C-100905,,TERM_LOAN,STAFF_LOAN,NGN,500000,500000,500000,2025-01-21,2025-01-21,2026-01-21,365,0.136701,FIXED,MONTHLY,47362.52,PERSONAL,MICROFINANCE,DEPOSITS_AND_EQUITY,False,CLOSED,2026-08-21,0,0.0,0,CURRENT,False,,False,False,0,0,PTY-LENDER_C-00000905,ANON-LENDER_C-00000905,PERSON,synthetic,WCDS-0.1
FAC-LENDER_C-00000906,LENDER_C,LENDER_C-100906,,TERM_LOAN,STAFF_LOAN,NGN,2000000,2000000,2000000,2026-05-30,2026-05-30,2027-05-30,365,0.127503,FIXED,MONTHLY,187917.16,PERSONAL,MICROFINANCE,DEPOSITS_AND_EQUITY,False,ACTIVE,2026-08-21,1545205.48,1545205.48,0,CURRENT,False,,False,False,0,0,PTY-LENDER_C-00000906,ANON-LENDER_C-00000906,PERSON,synthetic,WCDS-0.1
FAC-LENDER_C-00000907,LENDER_C,LENDER_C-100907,,TERM_LOAN,GROUP_MICRO,NGN,2000000,2000000,2000000,2026-02-24,2026-02-24,2026-08-23,180,0.39535,FIXED,WEEKLY,91920.54,MICRO_ENTERPRISE,MICROFINANCE,DEPOSITS_AND_EQUITY,False,ACTIVE,2026-08-21,22222.22,22222.22,0,CURRENT,False,,False,False,0,0,PTY-LENDER_C-00000907,ANON-LENDER_C-00000907,PERSON,synthetic,WCDS-0.1
FAC-LENDER_C-00000908,LENDER_C,LENDER_C-100908,,TERM_LOAN,ASSET_FINANCE,NGN,500000,500000,500000,2025-10-01,2025-10-01,2026-10-01,365,0.254951,FIXED,MONTHLY,52289.61,MICRO_ENTERPRISE,MICROFINANCE,DEPOSITS_AND_EQUITY,True,ACTIVE,2026-08-21,56164.38,56164.38,0,CURRENT,False,,False,False,0,0,PTY-LENDER_C-00000908,ANON-LENDER_C-00000908,ORGANISATION,synthetic,WCDS-0.1
FAC-LENDER_C-00000909,LENDER_C,LENDER_C-100909,,TERM_LOAN,STAFF_LOAN,NGN,100000,100000,100000,2025-07-19,2025-07-19,2026-07-19,365,0.150698,FIXED,MONTHLY,9589.15,PERSONAL,MICROFINANCE,DEPOSITS_AND_EQUITY,False,CLOSED,2026-08-21,0,0.0,0,CURRENT,False,,False,False,0,0,PTY-LENDER_C-00000909,ANON-LENDER_C-00000909,PERSON,synthetic,WCDS-0.1
FAC-LENDER_C-00000910,LENDER_C,LENDER_C-100910,,TERM_LOAN,STAFF_LOAN,NGN,2000000,2000000,2000000,2025-09-03,2025-09-03,2026-09-03,365,0.192368,FIXED,MONTHLY,198727.95,PERSONAL,MICROFINANCE,DEPOSITS_AND_EQUITY,False,ACTIVE,2026-08-21,71232.88,71232.88,0,CURRENT,False,,False,False,0,0,PTY-LENDER_C-00000910,ANON-LENDER_C-00000910,PERSON,synthetic,WCDS-0.1
FAC-LENDER_C-00000911,LENDER_C,LENDER_C-100911,,TERM_LOAN,ASSET_FINANCE,NGN,75000,75000,75000,2025-10-10,2025-10-10,2026-10-10,365,0.258316,FIXED,MONTHLY,7864.48,MICRO_ENTERPRISE,MICROFINANCE,DEPOSITS_AND_EQUITY,True,ACTIVE,2026-08-21,10273.97,10273.97,0,CURRENT,False,,False,False,0,0,PTY-LENDER_C-00000911,ANON-LENDER_C-00000911,ORGANISATION,synthetic,WCDS-0.1
FAC-LENDER_C-00000912,LENDER_C,LENDER_C-100912,,TERM_LOAN,ASSET_FINANCE,NGN,50000,50000,50000,2026-02-09,2026-02-09,2027-02-09,365,0.31625,FIXED,MONTHLY,5484.37,MICRO_ENTERPRISE,MICROFINANCE,DEPOSITS_AND_EQUITY,True,ACTIVE,2026-08-21,24144.98,24291.42,7,DPD_1_30,False,,False,False,0,0,PTY-LENDER_C-00000912,ANON-LENDER_C-00000912,ORGANISATION,synthetic,WCDS-0.1
FAC-LENDER_C-00000913,LENDER_C,LENDER_C-100913,,TERM_LOAN,ASSET_FINANCE,NGN,200000,200000,200000,2025-11-23,2025-11-23,2026-11-23,365,0.286641,FIXED,MONTHLY,21444.01,MICRO_ENTERPRISE,MICROFINANCE,DEPOSITS_AND_EQUITY,True,ACTIVE,2026-08-21,63173.52,64661.85,35,DPD_31_60,False,,False,False,0,0,PTY-LENDER_C-00000913,ANON-LENDER_C-00000913,ORGANISATION,synthetic,WCDS-0.1
FAC-LENDER_C-00000914,LENDER_C,LENDER_C-100914,,TERM_LOAN,ASSET_FINANCE,NGN,750000,750000,750000,2025-12-08,2025-12-08,2026-12-08,365,0.264313,FIXED,MONTHLY,79019.58,MICRO_ENTERPRISE,MICROFINANCE,DEPOSITS_AND_EQUITY,True,DEFAULTED,2026-08-21,336472.6,343782.26,95,DPD_90_PLUS,True,2026-08-16,True,False,0,0,PTY-LENDER_C-00000914,ANON-LENDER_C-00000914,ORGANISATION,synthetic,WCDS-0.1
FAC-LENDER_C-00000915,LENDER_C,LENDER_C-100915,,TERM_LOAN,ASSET_FINANCE,NGN,3500000,3500000,3500000,2025-04-05,2025-04-05,2026-04-05,365,0.287746,FIXED,MONTHLY,375592.53,MICRO_ENTERPRISE,MICROFINANCE,DEPOSITS_AND_EQUITY,True,CLOSED,2026-08-21,0,0.0,0,CURRENT,False,,False,False,0,0,PTY-LENDER_C-00000915,ANON-LENDER_C-00000915,ORGANISATION,synthetic,WCDS-0.1
FAC-LENDER_C-00000916,LENDER_C,LENDER_C-100916,,TERM_LOAN,STAFF_LOAN,NGN,1000000,1000000,1000000,2025-02-28,2025-02-28,2026-02-28,365,0.140857,FIXED,MONTHLY,95071.43,PERSONAL,MICROFINANCE,DEPOSITS_AND_EQUITY,False,CLOSED,2026-08-21,0,0.0,0,CURRENT,False,,False,False,0,0,PTY-LENDER_C-00000916,ANON-LENDER_C-00000916,PERSON,synthetic,WCDS-0.1
FAC-LENDER_C-00000917,LENDER_C,LENDER_C-100917,,TERM_LOAN,ASSET_FINANCE,NGN,50000,50000,50000,2024-12-22,2024-12-22,2025-12-22,365,0.216082,FIXED,MONTHLY,5067.01,MICRO_ENTERPRISE,MICROFINANCE,DEPOSITS_AND_EQUITY,True,CLOSED,2026-08-21,0,0.0,0,CURRENT,False,,False,False,0,0,PTY-LENDER_C-00000917,ANON-LENDER_C-00000917,ORGANISATION,synthetic,WCDS-0.1
FAC-LENDER_C-00000918,LENDER_C,LENDER_C-100918,,TERM_LOAN,SME_MICRO,NGN,50000,50000,50000,2025-07-25,2025-07-25,2026-04-21,270,0.339466,FIXED,MONTHLY,6950.62,MICRO_ENTERPRISE,MICROFINANCE,DEPOSITS_AND_EQUITY,False,CLOSED,2026-08-21,0,0.0,0,CURRENT,False,,False,False,0,0,PTY-LENDER_C-00000918,ANON-LENDER_C-00000918,ORGANISATION,synthetic,WCDS-0.1
FAC-LENDER_C-00000919,LENDER_C,LENDER_C-100919,,TERM_LOAN,GROUP_MICRO,NGN,200000,200000,200000,2026-01-12,2026-01-12,2026-07-11,180,0.308966,FIXED,WEEKLY,8864.36,MICRO_ENTERPRISE,MICROFINANCE,DEPOSITS_AND_EQUITY,False,CLOSED,2026-08-21,0,0.0,0,CURRENT,False,,False,False,0,0,PTY-LENDER_C-00000919,ANON-LENDER_C-00000919,PERSON,synthetic,WCDS-0.1
FAC-LENDER_C-00000920,LENDER_C,LENDER_C-100920,,TERM_LOAN,STAFF_LOAN,NGN,100000,100000,100000,2026-04-27,2026-04-27,2027-04-27,365,0.154651,FIXED,MONTHLY,9622.09,PERSONAL,MICROFINANCE,DEPOSITS_AND_EQUITY,False,DEFAULTED,2026-08-21,83219.18,84276.98,95,DPD_90_PLUS,True,2026-08-16,True,False,0,0,PTY-LENDER_C-00000920,ANON-LENDER_C-00000920,PERSON,synthetic,WCDS-0.1
FAC-LENDER_C-00000921,LENDER_C,LENDER_C-100921,,TERM_LOAN,STAFF_LOAN,NGN,3500000,3500000,3500000,2025-02-20,2025-02-20,2026-02-20,365,0.123627,FIXED,MONTHLY,327724.54,PERSONAL,MICROFINANCE,DEPOSITS_AND_EQUITY,False,CLOSED,2026-08-21,0,0.0,0,CURRENT,False,,False,False,0,0,PTY-LENDER_C-00000921,ANON-LENDER_C-00000921,PERSON,synthetic,WCDS-0.1
FAC-LENDER_C-00000922,LENDER_C,LENDER_C-100922,,TERM_LOAN,GROUP_MICRO,NGN,100000,100000,100000,2025-05-30,2025-05-30,2025-11-26,180,0.345179,FIXED,WEEKLY,4500.87,MICRO_ENTERPRISE,MICROFINANCE,DEPOSITS_AND_EQUITY,False,ACTIVE,2026-08-21,2500.0,2535.46,15,DPD_1_30,False,,False,False,0,0,PTY-LENDER_C-00000922,ANON-LENDER_C-00000922,PERSON,synthetic,WCDS-0.1
FAC-LENDER_C-00000923,LENDER_C,LENDER_C-100923,,TERM_LOAN,ASSET_FINANCE,NGN,100000,100000,100000,2026-01-23,2026-01-23,2027-01-23,365,0.297036,FIXED,MONTHLY,10808.64,MICRO_ENTERPRISE,MICROFINANCE,DEPOSITS_AND_EQUITY,True,ACTIVE,2026-08-21,42465.75,42465.75,0,CURRENT,False,,False,False,0,0,PTY-LENDER_C-00000923,ANON-LENDER_C-00000923,ORGANISATION,synthetic,WCDS-0.1
FAC-LENDER_C-00000924,LENDER_C,LENDER_C-100924,,TERM_LOAN,STAFF_LOAN,NGN,300000,300000,300000,2025-09-02,2025-09-02,2026-09-02,365,0.196715,FIXED,MONTHLY,29917.88,PERSONAL,MICROFINANCE,DEPOSITS_AND_EQUITY,False,ACTIVE,2026-08-21,42363.01,43047.95,65,DPD_61_90,False,,True,False,0,0,PTY-LENDER_C-00000924,ANON-LENDER_C-00000924,PERSON,synthetic,WCDS-0.1
FAC-LENDER_C-00000925,LENDER_C,LENDER_C-100925,,TERM_LOAN,GROUP_MICRO,NGN,200000,200000,200000,2026-03-07,2026-03-07,2026-09-03,180,0.348966,FIXED,WEEKLY,9016.1,MICRO_ENTERPRISE,MICROFINANCE,DEPOSITS_AND_EQUITY,False,ACTIVE,2026-08-21,14444.44,14444.44,0,CURRENT,False,,False,False,0,0,PTY-LENDER_C-00000925,ANON-LENDER_C-00000925,PERSON,synthetic,WCDS-0.1
FAC-LENDER_C-00000926,LENDER_C,LENDER_C-100926,,TERM_LOAN,SME_MICRO,NGN,50000,50000,50000,2025-06-26,2025-06-26,2026-03-23,270,0.2844,FIXED,MONTHLY,6724.32,MICRO_ENTERPRISE,MICROFINANCE,DEPOSITS_AND_EQUITY,True,CLOSED,2026-08-21,0,0.0,0,CURRENT,False,,False,False,0,0,PTY-LENDER_C-00000926,ANON-LENDER_C-00000926,ORGANISATION,synthetic,WCDS-0.1
FAC-LENDER_C-00000927,LENDER_C,LENDER_C-100927,,TERM_LOAN,SME_MICRO,NGN,200000,200000,200000,2025-09-18,2025-09-18,2026-06-15,270,0.381857,FIXED,MONTHLY,28499.32,MICRO_ENTERPRISE,MICROFINANCE,DEPOSITS_AND_EQUITY,True,CLOSED,2026-08-21,0,0.0,0,CURRENT,False,,False,False,0,0,PTY-LENDER_C-00000927,ANON-LENDER_C-00000927,ORGANISATION,synthetic,WCDS-0.1
FAC-LENDER_C-00000928,LENDER_C,LENDER_C-100928,,TERM_LOAN,STAFF_LOAN,NGN,100000,100000,100000,2026-07-14,2026-07-14,2027-07-14,365,0.123775,FIXED,MONTHLY,9364.79,PERSONAL,MICROFINANCE,DEPOSITS_AND_EQUITY,False,ACTIVE,2026-08-21,89589.04,89589.04,0,CURRENT,False,,False,False,0,0,PTY-LENDER_C-00000928,ANON-LENDER_C-00000928,PERSON,synthetic,WCDS-0.1
FAC-LENDER_C-00000929,LENDER_C,LENDER_C-100929,,TERM_LOAN,SME_MICRO,NGN,200000,200000,200000,2026-01-09,2026-01-09,2026-10-06,270,0.353674,FIXED,MONTHLY,28036.04,MICRO_ENTERPRISE,MICROFINANCE,DEPOSITS_AND_EQUITY,False,ACTIVE,2026-08-21,34074.07,34074.07,0,CURRENT,False,,False,False,0,0,PTY-LENDER_C-00000929,ANON-LENDER_C-00000929,ORGANISATION,synthetic,WCDS-0.1
FAC-LENDER_C-00000930,LENDER_C,LENDER_C-100930,,TERM_LOAN,STAFF_LOAN,NGN,75000,75000,75000,2026-01-04,2026-01-04,2027-01-04,365,0.134523,FIXED,MONTHLY,7090.77,PERSONAL,MICROFINANCE,DEPOSITS_AND_EQUITY,False,ACTIVE,2026-08-21,27945.21,27945.21,0,CURRENT,False,,False,False,0,0,PTY-LENDER_C-00000930,ANON-LENDER_C-00000930,PERSON,synthetic,WCDS-0.1
FAC-LENDER_C-00000931,LENDER_C,LENDER_C-100931,,TERM_LOAN,ASSET_FINANCE,NGN,300000,300000,300000,2026-04-04,2026-04-04,2027-04-04,365,0.299888,FIXED,MONTHLY,32497.21,MICRO_ENTERPRISE,MICROFINANCE,DEPOSITS_AND_EQUITY,True,ACTIVE,2026-08-21,185753.42,185753.42,0,CURRENT,False,,False,False,0,0,PTY-LENDER_C-00000931,ANON-LENDER_C-00000931,ORGANISATION,synthetic,WCDS-0.1
FAC-LENDER_C-00000932,LENDER_C,LENDER_C-100932,,TERM_LOAN,STAFF_LOAN,NGN,500000,500000,500000,2026-08-06,2026-08-06,2027-08-06,365,0.143836,FIXED,MONTHLY,47659.83,PERSONAL,MICROFINANCE,DEPOSITS_AND_EQUITY,False,ACTIVE,2026-08-21,479452.05,479452.05,0,CURRENT,False,,False,False,0,0,PTY-LENDER_C-00000932,ANON-LENDER_C-00000932,PERSON,synthetic,WCDS-0.1
FAC-LENDER_C-00000933,LENDER_C,LENDER_C-100933,,TERM_LOAN,GROUP_MICRO,NGN,2000000,2000000,2000000,2025-08-11,2025-08-11,2026-02-07,180,0.387547,FIXED,WEEKLY,91624.56,MICRO_ENTERPRISE,MICROFINANCE,DEPOSITS_AND_EQUITY,False,CLOSED,2026-08-21,0,0.0,0,CURRENT,False,,False,False,0,0,PTY-LENDER_C-00000933,ANON-LENDER_C-00000933,PERSON,synthetic,WCDS-0.1
FAC-LENDER_C-00000934,LENDER_C,LENDER_C-100934,,TERM_LOAN,SME_MICRO,NGN,200000,200000,200000,2025-01-25,2025-01-25,2025-10-22,270,0.356399,FIXED,MONTHLY,28080.83,MICRO_ENTERPRISE,MICROFINANCE,DEPOSITS_AND_EQUITY,False,CLOSED,2026-08-21,0,0.0,0,CURRENT,False,,False,False,0,0,PTY-LENDER_C-00000934,ANON-LENDER_C-00000934,ORGANISATION,synthetic,WCDS-0.1
FAC-LENDER_C-00000935,LENDER_C,LENDER_C-100935,,TERM_LOAN,GROUP_MICRO,NGN,300000,300000,300000,2026-02-11,2026-02-11,2026-08-10,180,0.354078,FIXED,WEEKLY,13553.24,MICRO_ENTERPRISE,MICROFINANCE,DEPOSITS_AND_EQUITY,False,DEFAULTED,2026-08-21,45000.0,46309.61,180,DPD_90_PLUS,True,2026-05-23,False,False,0,0,PTY-LENDER_C-00000935,ANON-LENDER_C-00000935,PERSON,synthetic,WCDS-0.1
FAC-LENDER_C-00000936,LENDER_C,LENDER_C-100936,,TERM_LOAN,STAFF_LOAN,NGN,100000,100000,100000,2025-07-29,2025-07-29,2026-07-29,365,0.159034,FIXED,MONTHLY,9658.62,PERSONAL,MICROFINANCE,DEPOSITS_AND_EQUITY,False,ACTIVE,2026-08-21,2500.0,2516.34,15,DPD_1_30,False,,False,False,0,0,PTY-LENDER_C-00000936,ANON-LENDER_C-00000936,PERSON,synthetic,WCDS-0.1
FAC-LENDER_C-00000937,LENDER_C,LENDER_C-100937,,TERM_LOAN,ASSET_FINANCE,NGN,75000,75000,75000,2025-11-12,2025-11-12,2026-11-12,365,0.274351,FIXED,MONTHLY,7964.69,MICRO_ENTERPRISE,MICROFINANCE,DEPOSITS_AND_EQUITY,True,ACTIVE,2026-08-21,17054.79,17054.79,0,CURRENT,False,,False,False,0,0,PTY-LENDER_C-00000937,ANON-LENDER_C-00000937,ORGANISATION,synthetic,WCDS-0.1
FAC-LENDER_C-00000938,LENDER_C,LENDER_C-100938,,TERM_LOAN,ASSET_FINANCE,NGN,100000,100000,100000,2025-10-20,2025-10-20,2026-10-20,365,0.248518,FIXED,MONTHLY,10404.32,MICRO_ENTERPRISE,MICROFINANCE,DEPOSITS_AND_EQUITY,True,ACTIVE,2026-08-21,22271.69,22726.61,35,DPD_31_60,False,,False,False,0,0,PTY-LENDER_C-00000938,ANON-LENDER_C-00000938,ORGANISATION,synthetic,WCDS-0.1
FAC-LENDER_C-00000939,LENDER_C,LENDER_C-100939,,TERM_LOAN,SME_MICRO,NGN,300000,300000,300000,2024-12-25,2024-12-25,2025-09-21,270,0.390856,FIXED,MONTHLY,42970.89,MICRO_ENTERPRISE,MICROFINANCE,DEPOSITS_AND_EQUITY,True,CLOSED,2026-08-21,0,0.0,0,CURRENT,False,,False,False,0,0,PTY-LENDER_C-00000939,ANON-LENDER_C-00000939,ORGANISATION,synthetic,WCDS-0.1
FAC-LENDER_C-00000940,LENDER_C,LENDER_C-100940,,TERM_LOAN,ASSET_FINANCE,NGN,150000,150000,150000,2026-03-07,2026-03-07,2027-03-07,365,0.291427,FIXED,MONTHLY,16142.83,MICRO_ENTERPRISE,MICROFINANCE,DEPOSITS_AND_EQUITY,True,ACTIVE,2026-08-21,81369.86,81369.86,0,CURRENT,False,,False,False,0,0,PTY-LENDER_C-00000940,ANON-LENDER_C-00000940,ORGANISATION,synthetic,WCDS-0.1
FAC-LENDER_C-00000941,LENDER_C,LENDER_C-100941,,TERM_LOAN,SME_MICRO,NGN,200000,200000,200000,2025-04-12,2025-04-12,2026-01-07,270,0.364849,FIXED,MONTHLY,28219.74,MICRO_ENTERPRISE,MICROFINANCE,DEPOSITS_AND_EQUITY,True,CLOSED,2026-08-21,0,0.0,0,CURRENT,False,,False,False,0,0,PTY-LENDER_C-00000941,ANON-LENDER_C-00000941,ORGANISATION,synthetic,WCDS-0.1
FAC-LENDER_C-00000942,LENDER_C,LENDER_C-100942,,TERM_LOAN,SME_MICRO,NGN,3500000,3500000,3500000,2025-12-25,2025-12-25,2026-09-21,270,0.383609,FIXED,MONTHLY,499242.26,MICRO_ENTERPRISE,MICROFINANCE,DEPOSITS_AND_EQUITY,False,ACTIVE,2026-08-21,401851.85,401851.85,0,CURRENT,False,,False,False,0,0,PTY-LENDER_C-00000942,ANON-LENDER_C-00000942,ORGANISATION,synthetic,WCDS-0.1
FAC-LENDER_C-00000943,LENDER_C,LENDER_C-100943,,TERM_LOAN,STAFF_LOAN,NGN,150000,150000,150000,2024-12-28,2024-12-28,2025-12-28,365,0.146282,FIXED,MONTHLY,14328.52,PERSONAL,MICROFINANCE,DEPOSITS_AND_EQUITY,False,CLOSED,2026-08-21,0,0.0,0,CURRENT,False,,False,False,0,0,PTY-LENDER_C-00000943,ANON-LENDER_C-00000943,PERSON,synthetic,WCDS-0.1
FAC-LENDER_C-00000944,LENDER_C,LENDER_C-100944,,TERM_LOAN,STAFF_LOAN,NGN,2000000,2000000,2000000,2025-12-12,2025-12-12,2026-12-12,365,0.143683,FIXED,MONTHLY,190613.8,PERSONAL,MICROFINANCE,DEPOSITS_AND_EQUITY,False,ACTIVE,2026-08-21,619178.08,619178.08,0,CURRENT,False,,False,False,0,0,PTY-LENDER_C-00000944,ANON-LENDER_C-00000944,PERSON,synthetic,WCDS-0.1
FAC-LENDER_C-00000945,LENDER_C,LENDER_C-100945,,TERM_LOAN,GROUP_MICRO,NGN,300000,300000,300000,2025-12-25,2025-12-25,2026-06-23,180,0.412808,FIXED,WEEKLY,13887.42,MICRO_ENTERPRISE,MICROFINANCE,DEPOSITS_AND_EQUITY,False,CLOSED,2026-08-21,0,0.0,0,CURRENT,False,,False,False,0,0,PTY-LENDER_C-00000945,ANON-LENDER_C-00000945,PERSON,synthetic,WCDS-0.1
FAC-LENDER_C-00000946,LENDER_C,LENDER_C-100946,,TERM_LOAN,SME_MICRO,NGN,750000,750000,750000,2025-12-04,2025-12-04,2026-08-31,270,0.292181,FIXED,MONTHLY,101344.47,MICRO_ENTERPRISE,MICROFINANCE,DEPOSITS_AND_EQUITY,True,ACTIVE,2026-08-21,27777.78,27777.78,0,CURRENT,False,,False,False,0,0,PTY-LENDER_C-00000946,ANON-LENDER_C-00000946,ORGANISATION,synthetic,WCDS-0.1
FAC-LENDER_C-00000947,LENDER_C,LENDER_C-100947,,TERM_LOAN,SME_MICRO,NGN,50000,50000,50000,2025-11-04,2025-11-04,2026-08-01,270,0.336878,FIXED,MONTHLY,6939.99,MICRO_ENTERPRISE,MICROFINANCE,DEPOSITS_AND_EQUITY,False,CLOSED,2026-08-21,0,0.0,0,CURRENT,False,,False,False,0,0,PTY-LENDER_C-00000947,ANON-LENDER_C-00000947,ORGANISATION,synthetic,WCDS-0.1
FAC-LENDER_C-00000948,LENDER_C,LENDER_C-100948,,TERM_LOAN,SME_MICRO,NGN,500000,500000,500000,2025-01-01,2025-01-01,2025-09-28,270,0.337837,FIXED,MONTHLY,69439.26,MICRO_ENTERPRISE,MICROFINANCE,DEPOSITS_AND_EQUITY,False,CLOSED,2026-08-21,0,0.0,0,CURRENT,False,,False,False,0,0,PTY-LENDER_C-00000948,ANON-LENDER_C-00000948,ORGANISATION,synthetic,WCDS-0.1
FAC-LENDER_C-00000949,LENDER_C,LENDER_C-100949,,TERM_LOAN,ASSET_FINANCE,NGN,750000,750000,750000,2025-07-01,2025-07-01,2026-07-01,365,0.234257,FIXED,MONTHLY,77141.06,MICRO_ENTERPRISE,MICROFINANCE,DEPOSITS_AND_EQUITY,True,CLOSED,2026-08-21,0,0.0,0,CURRENT,False,,False,False,0,0,PTY-LENDER_C-00000949,ANON-LENDER_C-00000949,ORGANISATION,synthetic,WCDS-0.1
FAC-LENDER_C-00000950,LENDER_C,LENDER_C-100950,,TERM_LOAN,SME_MICRO,NGN,500000,500000,500000,2025-10-12,2025-10-12,2026-07-09,270,0.380599,FIXED,MONTHLY,71196.63,MICRO_ENTERPRISE,MICROFINANCE,DEPOSITS_AND_EQUITY,False,CLOSED,2026-08-21,0,0.0,0,CURRENT,False,,False,False,0,0,PTY-LENDER_C-00000950,ANON-LENDER_C-00000950,ORGANISATION,synthetic,WCDS-0.1
FAC-LENDER_C-00000951,LENDER_C,LENDER_C-100951,,TERM_LOAN,SME_MICRO,NGN,2000000,2000000,2000000,2024-12-17,2024-12-17,2025-09-13,270,0.390059,FIXED,MONTHLY,286341.56,MICRO_ENTERPRISE,MICROFINANCE,DEPOSITS_AND_EQUITY,False,CLOSED,2026-08-21,0,0.0,0,CURRENT,False,,False,False,0,0,PTY-LENDER_C-00000951,ANON-LENDER_C-00000951,ORGANISATION,synthetic,WCDS-0.1
FAC-LENDER_C-00000952,LENDER_C,LENDER_C-100952,,TERM_LOAN,GROUP_MICRO,NGN,3500000,3500000,3500000,2026-04-21,2026-04-21,2026-10-18,180,0.345086,FIXED,WEEKLY,157524.17,MICRO_ENTERPRISE,MICROFINANCE,DEPOSITS_AND_EQUITY,False,ACTIVE,2026-08-21,1127777.78,1127777.78,0,CURRENT,False,,False,False,0,0,PTY-LENDER_C-00000952,ANON-LENDER_C-00000952,PERSON,synthetic,WCDS-0.1
FAC-LENDER_C-00000953,LENDER_C,LENDER_C-100953,,TERM_LOAN,GROUP_MICRO,NGN,2000000,2000000,2000000,2025-06-18,2025-06-18,2025-12-15,180,0.362042,FIXED,WEEKLY,90657.01,MICRO_ENTERPRISE,MICROFINANCE,DEPOSITS_AND_EQUITY,False,CLOSED,2026-08-21,0,0.0,0,CURRENT,False,,False,False,0,0,PTY-LENDER_C-00000953,ANON-LENDER_C-00000953,PERSON,synthetic,WCDS-0.1
FAC-LENDER_C-00000954,LENDER_C,LENDER_C-100954,,TERM_LOAN,ASSET_FINANCE,NGN,150000,150000,150000,2026-04-20,2026-04-20,2027-04-20,365,0.306681,FIXED,MONTHLY,16333.51,MICRO_ENTERPRISE,MICROFINANCE,DEPOSITS_AND_EQUITY,True,ACTIVE,2026-08-21,99452.05,99452.05,0,CURRENT,False,,False,False,0,0,PTY-LENDER_C-00000954,ANON-LENDER_C-00000954,ORGANISATION,synthetic,WCDS-0.1
FAC-LENDER_C-00000955,LENDER_C,LENDER_C-100955,,TERM_LOAN,GROUP_MICRO,NGN,75000,75000,75000,2025-06-27,2025-06-27,2025-12-24,180,0.44339,FIXED,WEEKLY,3515.36,MICRO_ENTERPRISE,MICROFINANCE,DEPOSITS_AND_EQUITY,False,CLOSED,2026-08-21,0,0.0,7,DPD_1_30,False,,False,False,0,0,PTY-LENDER_C-00000955,ANON-LENDER_C-00000955,PERSON,synthetic,WCDS-0.1
FAC-LENDER_C-00000956,LENDER_C,LENDER_C-100956,,TERM_LOAN,GROUP_MICRO,NGN,150000,150000,150000,2025-12-23,2025-12-23,2026-06-21,180,0.337035,FIXED,WEEKLY,6728.13,MICRO_ENTERPRISE,MICROFINANCE,DEPOSITS_AND_EQUITY,False,CLOSED,2026-08-21,0,0.0,0,CURRENT,False,,False,False,0,0,PTY-LENDER_C-00000956,ANON-LENDER_C-00000956,PERSON,synthetic,WCDS-0.1
FAC-LENDER_C-00000957,LENDER_C,LENDER_C-100957,,TERM_LOAN,STAFF_LOAN,NGN,3500000,3500000,3500000,2026-01-13,2026-01-13,2027-01-13,365,0.153541,FIXED,MONTHLY,336449.45,PERSONAL,MICROFINANCE,DEPOSITS_AND_EQUITY,False,DEFAULTED,2026-08-21,1915410.96,1939583.07,95,DPD_90_PLUS,True,2026-08-16,False,False,0,0,PTY-LENDER_C-00000957,ANON-LENDER_C-00000957,PERSON,synthetic,WCDS-0.1
FAC-LENDER_C-00000958,LENDER_C,LENDER_C-100958,,TERM_LOAN,ASSET_FINANCE,NGN,75000,75000,75000,2026-06-09,2026-06-09,2027-06-09,365,0.299063,FIXED,MONTHLY,8119.14,MICRO_ENTERPRISE,MICROFINANCE,DEPOSITS_AND_EQUITY,True,DEFAULTED,2026-08-21,71250.0,73001.36,95,DPD_90_PLUS,True,2026-08-16,False,False,0,0,PTY-LENDER_C-00000958,ANON-LENDER_C-00000958,ORGANISATION,synthetic,WCDS-0.1
FAC-LENDER_C-00000959,LENDER_C,LENDER_C-100959,,TERM_LOAN,GROUP_MICRO,NGN,75000,75000,75000,2025-06-27,2025-06-27,2025-12-24,180,0.374044,FIXED,WEEKLY,3416.71,MICRO_ENTERPRISE,MICROFINANCE,DEPOSITS_AND_EQUITY,False,CLOSED,2026-08-21,0,0.0,0,CURRENT,False,,False,False,0,0,PTY-LENDER_C-00000959,ANON-LENDER_C-00000959,PERSON,synthetic,WCDS-0.1
FAC-LENDER_C-00000960,LENDER_C,LENDER_C-100960,,TERM_LOAN,GROUP_MICRO,NGN,50000,50000,50000,2025-09-26,2025-09-26,2026-03-25,180,0.342439,FIXED,WEEKLY,2247.83,MICRO_ENTERPRISE,MICROFINANCE,DEPOSITS_AND_EQUITY,False,CLOSED,2026-08-21,0,0.0,0,CURRENT,False,,False,False,0,0,PTY-LENDER_C-00000960,ANON-LENDER_C-00000960,PERSON,synthetic,WCDS-0.1
FAC-LENDER_C-00000961,LENDER_C,LENDER_C-100961,,TERM_LOAN,STAFF_LOAN,NGN,500000,500000,500000,2026-04-12,2026-04-12,2027-04-12,365,0.162371,FIXED,MONTHLY,48432.12,PERSONAL,MICROFINANCE,DEPOSITS_AND_EQUITY,False,ACTIVE,2026-08-21,320547.95,320547.95,0,CURRENT,False,,False,False,0,0,PTY-LENDER_C-00000961,ANON-LENDER_C-00000961,PERSON,synthetic,WCDS-0.1
FAC-LENDER_C-00000962,LENDER_C,LENDER_C-100962,,TERM_LOAN,GROUP_MICRO,NGN,150000,150000,150000,2025-10-17,2025-10-17,2026-04-15,180,0.381644,FIXED,WEEKLY,6855.05,MICRO_ENTERPRISE,MICROFINANCE,DEPOSITS_AND_EQUITY,False,CLOSED,2026-08-21,0,0.0,0,CURRENT,False,,False,False,0,0,PTY-LENDER_C-00000962,ANON-LENDER_C-00000962,PERSON,synthetic,WCDS-0.1
FAC-LENDER_C-00000963,LENDER_C,LENDER_C-100963,,TERM_LOAN,ASSET_FINANCE,NGN,200000,200000,200000,2025-01-22,2025-01-22,2026-01-22,365,0.230938,FIXED,MONTHLY,20515.63,MICRO_ENTERPRISE,MICROFINANCE,DEPOSITS_AND_EQUITY,True,CLOSED,2026-08-21,0,0.0,0,CURRENT,False,,False,False,0,0,PTY-LENDER_C-00000963,ANON-LENDER_C-00000963,ORGANISATION,synthetic,WCDS-0.1
FAC-LENDER_C-00000964,LENDER_C,LENDER_C-100964,,TERM_LOAN,GROUP_MICRO,NGN,750000,750000,750000,2025-01-09,2025-01-09,2025-07-08,180,0.32339,FIXED,WEEKLY,33446.54,MICRO_ENTERPRISE,MICROFINANCE,DEPOSITS_AND_EQUITY,False,WRITTEN_OFF,2026-08-21,10441.6,10719.14,180,DPD_90_PLUS,True,2026-05-23,False,True,112500.0,2803.76,PTY-LENDER_C-00000964,ANON-LENDER_C-00000964,PERSON,synthetic,WCDS-0.1
FAC-LENDER_C-00000965,LENDER_C,LENDER_C-100965,,TERM_LOAN,GROUP_MICRO,NGN,75000,75000,75000,2025-03-22,2025-03-22,2025-09-18,180,0.438117,FIXED,WEEKLY,3507.86,MICRO_ENTERPRISE,MICROFINANCE,DEPOSITS_AND_EQUITY,False,CLOSED,2026-08-21,0,0.0,0,CURRENT,False,,False,False,0,0,PTY-LENDER_C-00000965,ANON-LENDER_C-00000965,PERSON,synthetic,WCDS-0.1
FAC-LENDER_C-00000966,LENDER_C,LENDER_C-100966,,TERM_LOAN,GROUP_MICRO,NGN,100000,100000,100000,2025-10-05,2025-10-05,2026-04-03,180,0.431536,FIXED,WEEKLY,4664.66,MICRO_ENTERPRISE,MICROFINANCE,DEPOSITS_AND_EQUITY,False,ACTIVE,2026-08-21,10833.33,11217.58,65,DPD_61_90,False,,False,False,0,0,PTY-LENDER_C-00000966,ANON-LENDER_C-00000966,PERSON,synthetic,WCDS-0.1
FAC-LENDER_C-00000967,LENDER_C,LENDER_C-100967,,TERM_LOAN,GROUP_MICRO,NGN,200000,200000,200000,2026-05-09,2026-05-09,2026-11-05,180,0.300646,FIXED,WEEKLY,8832.8,MICRO_ENTERPRISE,MICROFINANCE,DEPOSITS_AND_EQUITY,False,ACTIVE,2026-08-21,84444.44,84444.44,0,CURRENT,False,,False,False,0,0,PTY-LENDER_C-00000967,ANON-LENDER_C-00000967,PERSON,synthetic,WCDS-0.1
FAC-LENDER_C-00000968,LENDER_C,LENDER_C-100968,,TERM_LOAN,STAFF_LOAN,NGN,75000,75000,75000,2026-01-05,2026-01-05,2027-01-05,365,0.145369,FIXED,MONTHLY,7158.56,PERSONAL,MICROFINANCE,DEPOSITS_AND_EQUITY,False,DEFAULTED,2026-08-21,39400.68,39871.45,130,DPD_90_PLUS,True,2026-07-12,False,False,0,0,PTY-LENDER_C-00000968,ANON-LENDER_C-00000968,PERSON,synthetic,WCDS-0.1
FAC-LENDER_C-00000969,LENDER_C,LENDER_C-100969,,TERM_LOAN,SME_MICRO,NGN,1000000,1000000,1000000,2026-05-22,2026-05-22,2027-02-16,270,0.315348,FIXED,MONTHLY,137030.1,MICRO_ENTERPRISE,MICROFINANCE,DEPOSITS_AND_EQUITY,False,ACTIVE,2026-08-21,662962.96,662962.96,0,CURRENT,False,,False,False,0,0,PTY-LENDER_C-00000969,ANON-LENDER_C-00000969,ORGANISATION,synthetic,WCDS-0.1
FAC-LENDER_C-00000970,LENDER_C,LENDER_C-100970,,TERM_LOAN,STAFF_LOAN,NGN,75000,75000,75000,2024-12-28,2024-12-28,2025-12-28,365,0.17261,FIXED,MONTHLY,7328.81,PERSONAL,MICROFINANCE,DEPOSITS_AND_EQUITY,False,WRITTEN_OFF,2026-08-21,133.84,135.74,180,DPD_90_PLUS,True,2026-05-23,False,True,11250.0,798.63,PTY-LENDER_C-00000970,ANON-LENDER_C-00000970,PERSON,synthetic,WCDS-0.1
FAC-LENDER_C-00000971,LENDER_C,LENDER_C-100971,,TERM_LOAN,ASSET_FINANCE,NGN,50000,50000,50000,2025-06-17,2025-06-17,2026-06-17,365,0.209888,FIXED,MONTHLY,5041.2,MICRO_ENTERPRISE,MICROFINANCE,DEPOSITS_AND_EQUITY,True,CLOSED,2026-08-21,0,0.0,0,CURRENT,False,,False,False,0,0,PTY-LENDER_C-00000971,ANON-LENDER_C-00000971,ORGANISATION,synthetic,WCDS-0.1
FAC-LENDER_C-00000972,LENDER_C,LENDER_C-100972,,TERM_LOAN,ASSET_FINANCE,NGN,300000,300000,300000,2025-08-31,2025-08-31,2026-08-31,365,0.246624,FIXED,MONTHLY,31165.61,MICRO_ENTERPRISE,MICROFINANCE,DEPOSITS_AND_EQUITY,True,ACTIVE,2026-08-21,8219.18,8219.18,0,CURRENT,False,,False,False,0,0,PTY-LENDER_C-00000972,ANON-LENDER_C-00000972,ORGANISATION,synthetic,WCDS-0.1
FAC-LENDER_C-00000973,LENDER_C,LENDER_C-100973,,TERM_LOAN,GROUP_MICRO,NGN,50000,50000,50000,2026-03-22,2026-03-22,2026-09-18,180,0.348476,FIXED,WEEKLY,2253.56,MICRO_ENTERPRISE,MICROFINANCE,DEPOSITS_AND_EQUITY,False,ACTIVE,2026-08-21,7777.78,7777.78,0,CURRENT,False,,False,False,0,0,PTY-LENDER_C-00000973,ANON-LENDER_C-00000973,PERSON,synthetic,WCDS-0.1
FAC-LENDER_C-00000974,LENDER_C,LENDER_C-100974,,TERM_LOAN,ASSET_FINANCE,NGN,1000000,1000000,1000000,2025-02-19,2025-02-19,2026-02-19,365,0.207801,FIXED,MONTHLY,100650.05,MICRO_ENTERPRISE,MICROFINANCE,DEPOSITS_AND_EQUITY,True,ACTIVE,2026-08-21,108333.33,110183.61,65,DPD_61_90,False,,False,False,0,0,PTY-LENDER_C-00000974,ANON-LENDER_C-00000974,ORGANISATION,synthetic,WCDS-0.1
FAC-LENDER_C-00000975,LENDER_C,LENDER_C-100975,,TERM_LOAN,SME_MICRO,NGN,50000,50000,50000,2026-04-25,2026-04-25,2027-01-20,270,0.313879,FIXED,MONTHLY,6845.47,MICRO_ENTERPRISE,MICROFINANCE,DEPOSITS_AND_EQUITY,True,ACTIVE,2026-08-21,28148.15,28148.15,0,CURRENT,False,,False,False,0,0,PTY-LENDER_C-00000975,ANON-LENDER_C-00000975,ORGANISATION,synthetic,WCDS-0.1
FAC-LENDER_C-00000976,LENDER_C,LENDER_C-100976,,TERM_LOAN,STAFF_LOAN,NGN,150000,150000,150000,2025-08-02,2025-08-02,2026-08-02,365,0.147829,FIXED,MONTHLY,14347.87,PERSONAL,MICROFINANCE,DEPOSITS_AND_EQUITY,False,CLOSED,2026-08-21,0,0.0,0,CURRENT,False,,False,False,0,0,PTY-LENDER_C-00000976,ANON-LENDER_C-00000976,PERSON,synthetic,WCDS-0.1
FAC-LENDER_C-00000977,LENDER_C,LENDER_C-100977,,TERM_LOAN,GROUP_MICRO,NGN,750000,750000,750000,2026-03-05,2026-03-05,2026-09-01,180,0.37573,FIXED,WEEKLY,34191.1,MICRO_ENTERPRISE,MICROFINANCE,DEPOSITS_AND_EQUITY,False,ACTIVE,2026-08-21,45833.33,45833.33,0,CURRENT,False,,False,False,0,0,PTY-LENDER_C-00000977,ANON-LENDER_C-00000977,PERSON,synthetic,WCDS-0.1
FAC-LENDER_C-00000978,LENDER_C,LENDER_C-100978,,TERM_LOAN,STAFF_LOAN,NGN,50000,50000,50000,2025-04-11,2025-04-11,2026-04-11,365,0.122071,FIXED,MONTHLY,4675.3,PERSONAL,MICROFINANCE,DEPOSITS_AND_EQUITY,False,CLOSED,2026-08-21,0,0.0,0,CURRENT,False,,False,False,0,0,PTY-LENDER_C-00000978,ANON-LENDER_C-00000978,PERSON,synthetic,WCDS-0.1
FAC-LENDER_C-00000979,LENDER_C,LENDER_C-100979,,TERM_LOAN,GROUP_MICRO,NGN,150000,150000,150000,2026-08-06,2026-08-06,2027-02-02,180,0.306425,FIXED,WEEKLY,6641.04,MICRO_ENTERPRISE,MICROFINANCE,DEPOSITS_AND_EQUITY,False,DEFAULTED,2026-08-21,150000,153777.84,180,DPD_90_PLUS,True,2026-05-23,False,False,0,0,PTY-LENDER_C-00000979,ANON-LENDER_C-00000979,PERSON,synthetic,WCDS-0.1
FAC-LENDER_C-00000980,LENDER_C,LENDER_C-100980,,TERM_LOAN,STAFF_LOAN,NGN,75000,75000,75000,2026-08-06,2026-08-06,2027-08-06,365,0.182996,FIXED,MONTHLY,7393.73,PERSONAL,MICROFINANCE,DEPOSITS_AND_EQUITY,False,ACTIVE,2026-08-21,71917.81,71917.81,0,CURRENT,False,,False,False,0,0,PTY-LENDER_C-00000980,ANON-LENDER_C-00000980,PERSON,synthetic,WCDS-0.1
FAC-LENDER_C-00000981,LENDER_C,LENDER_C-100981,,TERM_LOAN,ASSET_FINANCE,NGN,75000,75000,75000,2025-04-01,2025-04-01,2026-04-01,365,0.249101,FIXED,MONTHLY,7806.88,MICRO_ENTERPRISE,MICROFINANCE,DEPOSITS_AND_EQUITY,True,CLOSED,2026-08-21,0,0.0,0,CURRENT,False,,False,False,0,0,PTY-LENDER_C-00000981,ANON-LENDER_C-00000981,ORGANISATION,synthetic,WCDS-0.1
FAC-LENDER_C-00000982,LENDER_C,LENDER_C-100982,,TERM_LOAN,GROUP_MICRO,NGN,75000,75000,75000,2025-08-17,2025-08-17,2026-02-13,180,0.321108,FIXED,WEEKLY,3341.41,MICRO_ENTERPRISE,MICROFINANCE,DEPOSITS_AND_EQUITY,False,ACTIVE,2026-08-21,4375.0,4490.47,35,DPD_31_60,False,,False,False,0,0,PTY-LENDER_C-00000982,ANON-LENDER_C-00000982,PERSON,synthetic,WCDS-0.1
FAC-LENDER_C-00000983,LENDER_C,LENDER_C-100983,,TERM_LOAN,SME_MICRO,NGN,200000,200000,200000,2025-10-31,2025-10-31,2026-07-28,270,0.297139,FIXED,MONTHLY,27106.7,MICRO_ENTERPRISE,MICROFINANCE,DEPOSITS_AND_EQUITY,True,CLOSED,2026-08-21,0,0.0,0,CURRENT,False,,False,False,0,0,PTY-LENDER_C-00000983,ANON-LENDER_C-00000983,ORGANISATION,synthetic,WCDS-0.1
FAC-LENDER_C-00000984,LENDER_C,LENDER_C-100984,,TERM_LOAN,ASSET_FINANCE,NGN,50000,50000,50000,2026-08-10,2026-08-10,2027-08-10,365,0.24295,FIXED,MONTHLY,5178.96,MICRO_ENTERPRISE,MICROFINANCE,DEPOSITS_AND_EQUITY,True,ACTIVE,2026-08-21,48493.15,48493.15,0,CURRENT,False,,False,False,0,0,PTY-LENDER_C-00000984,ANON-LENDER_C-00000984,ORGANISATION,synthetic,WCDS-0.1
FAC-LENDER_C-00000985,LENDER_C,LENDER_C-100985,,TERM_LOAN,GROUP_MICRO,NGN,150000,150000,150000,2025-07-26,2025-07-26,2026-01-22,180,0.305852,FIXED,WEEKLY,6639.41,MICRO_ENTERPRISE,MICROFINANCE,DEPOSITS_AND_EQUITY,False,ACTIVE,2026-08-21,8750.0,8969.96,35,DPD_31_60,False,,True,False,0,0,PTY-LENDER_C-00000985,ANON-LENDER_C-00000985,PERSON,synthetic,WCDS-0.1
FAC-LENDER_C-00000986,LENDER_C,LENDER_C-100986,,TERM_LOAN,ASSET_FINANCE,NGN,150000,150000,150000,2025-09-19,2025-09-19,2026-09-19,365,0.280042,FIXED,MONTHLY,16000.52,MICRO_ENTERPRISE,MICROFINANCE,DEPOSITS_AND_EQUITY,True,DEFAULTED,2026-08-21,34417.81,35210.01,130,DPD_90_PLUS,True,2026-07-12,False,False,0,0,PTY-LENDER_C-00000986,ANON-LENDER_C-00000986,ORGANISATION,synthetic,WCDS-0.1
FAC-LENDER_C-00000987,LENDER_C,LENDER_C-100987,,TERM_LOAN,GROUP_MICRO,NGN,500000,500000,500000,2025-10-19,2025-10-19,2026-04-17,180,0.32471,FIXED,WEEKLY,22310.21,MICRO_ENTERPRISE,MICROFINANCE,DEPOSITS_AND_EQUITY,False,CLOSED,2026-08-21,0,0.0,0,CURRENT,False,,False,False,0,0,PTY-LENDER_C-00000987,ANON-LENDER_C-00000987,PERSON,synthetic,WCDS-0.1
FAC-LENDER_C-00000988,LENDER_C,LENDER_C-100988,,TERM_LOAN,GROUP_MICRO,NGN,2000000,2000000,2000000,2025-04-23,2025-04-23,2025-10-20,180,0.405031,FIXED,WEEKLY,92287.81,MICRO_ENTERPRISE,MICROFINANCE,DEPOSITS_AND_EQUITY,False,CLOSED,2026-08-21,0,0.0,0,CURRENT,False,,False,False,0,0,PTY-LENDER_C-00000988,ANON-LENDER_C-00000988,PERSON,synthetic,WCDS-0.1
FAC-LENDER_C-00000989,LENDER_C,LENDER_C-100989,,TERM_LOAN,ASSET_FINANCE,NGN,75000,75000,75000,2025-10-21,2025-10-21,2026-10-21,365,0.202063,FIXED,MONTHLY,7512.9,MICRO_ENTERPRISE,MICROFINANCE,DEPOSITS_AND_EQUITY,True,ACTIVE,2026-08-21,20659.25,21002.35,65,DPD_61_90,False,,False,False,0,0,PTY-LENDER_C-00000989,ANON-LENDER_C-00000989,ORGANISATION,synthetic,WCDS-0.1
FAC-LENDER_C-00000990,LENDER_C,LENDER_C-100990,,TERM_LOAN,SME_MICRO,NGN,1000000,1000000,1000000,2026-05-06,2026-05-06,2027-01-31,270,0.316154,FIXED,MONTHLY,137096.36,MICRO_ENTERPRISE,MICROFINANCE,DEPOSITS_AND_EQUITY,False,ACTIVE,2026-08-21,712037.04,730539.5,65,DPD_61_90,False,,False,False,0,0,PTY-LENDER_C-00000990,ANON-LENDER_C-00000990,ORGANISATION,synthetic,WCDS-0.1
FAC-LENDER_C-00000991,LENDER_C,LENDER_C-100991,,TERM_LOAN,SME_MICRO,NGN,1000000,1000000,1000000,2026-05-16,2026-05-16,2027-02-10,270,0.329199,FIXED,MONTHLY,138168.55,MICRO_ENTERPRISE,MICROFINANCE,DEPOSITS_AND_EQUITY,True,ACTIVE,2026-08-21,640740.74,640740.74,0,CURRENT,False,,False,False,0,0,PTY-LENDER_C-00000991,ANON-LENDER_C-00000991,ORGANISATION,synthetic,WCDS-0.1
FAC-LENDER_C-00000992,LENDER_C,LENDER_C-100992,,TERM_LOAN,ASSET_FINANCE,NGN,750000,750000,750000,2025-01-16,2025-01-16,2026-01-16,365,0.226793,FIXED,MONTHLY,76674.54,MICRO_ENTERPRISE,MICROFINANCE,DEPOSITS_AND_EQUITY,True,CLOSED,2026-08-21,0,0.0,0,CURRENT,False,,False,False,0,0,PTY-LENDER_C-00000992,ANON-LENDER_C-00000992,ORGANISATION,synthetic,WCDS-0.1
FAC-LENDER_C-00000993,LENDER_C,LENDER_C-100993,,TERM_LOAN,GROUP_MICRO,NGN,3500000,3500000,3500000,2026-03-15,2026-03-15,2026-09-11,180,0.44521,FIXED,WEEKLY,164170.96,MICRO_ENTERPRISE,MICROFINANCE,DEPOSITS_AND_EQUITY,False,ACTIVE,2026-08-21,408333.33,408333.33,0,CURRENT,False,,False,False,0,0,PTY-LENDER_C-00000993,ANON-LENDER_C-00000993,PERSON,synthetic,WCDS-0.1
FAC-LENDER_C-00000994,LENDER_C,LENDER_C-100994,,TERM_LOAN,SME_MICRO,NGN,500000,500000,500000,2026-07-28,2026-07-28,2027-04-24,270,0.354468,FIXED,MONTHLY,70122.73,MICRO_ENTERPRISE,MICROFINANCE,DEPOSITS_AND_EQUITY,False,ACTIVE,2026-08-21,455555.56,455555.56,0,CURRENT,False,,False,False,0,0,PTY-LENDER_C-00000994,ANON-LENDER_C-00000994,ORGANISATION,synthetic,WCDS-0.1
FAC-LENDER_C-00000995,LENDER_C,LENDER_C-100995,,TERM_LOAN,ASSET_FINANCE,NGN,2000000,2000000,2000000,2025-01-03,2025-01-03,2026-01-03,365,0.241338,FIXED,MONTHLY,206889.61,MICRO_ENTERPRISE,MICROFINANCE,DEPOSITS_AND_EQUITY,True,CLOSED,2026-08-21,0,0.0,0,CURRENT,False,,False,False,0,0,PTY-LENDER_C-00000995,ANON-LENDER_C-00000995,ORGANISATION,synthetic,WCDS-0.1
FAC-LENDER_C-00000996,LENDER_C,LENDER_C-100996,,TERM_LOAN,GROUP_MICRO,NGN,500000,500000,500000,2025-05-28,2025-05-28,2025-11-24,180,0.415223,FIXED,WEEKLY,23168.61,MICRO_ENTERPRISE,MICROFINANCE,DEPOSITS_AND_EQUITY,False,CLOSED,2026-08-21,0,0.0,0,CURRENT,False,,False,False,0,0,PTY-LENDER_C-00000996,ANON-LENDER_C-00000996,PERSON,synthetic,WCDS-0.1
FAC-LENDER_C-00000997,LENDER_C,LENDER_C-100997,,TERM_LOAN,STAFF_LOAN,NGN,50000,50000,50000,2025-07-21,2025-07-21,2026-07-21,365,0.161586,FIXED,MONTHLY,4839.94,PERSONAL,MICROFINANCE,DEPOSITS_AND_EQUITY,False,CLOSED,2026-08-21,0,0.0,0,CURRENT,False,,False,False,0,0,PTY-LENDER_C-00000997,ANON-LENDER_C-00000997,PERSON,synthetic,WCDS-0.1
FAC-LENDER_C-00000998,LENDER_C,LENDER_C-100998,,TERM_LOAN,ASSET_FINANCE,NGN,300000,300000,300000,2025-05-14,2025-05-14,2026-05-14,365,0.255164,FIXED,MONTHLY,31379.09,MICRO_ENTERPRISE,MICROFINANCE,DEPOSITS_AND_EQUITY,True,ACTIVE,2026-08-21,32500.0,33181.6,65,DPD_61_90,False,,True,False,0,0,PTY-LENDER_C-00000998,ANON-LENDER_C-00000998,ORGANISATION,synthetic,WCDS-0.1
FAC-LENDER_C-00000999,LENDER_C,LENDER_C-100999,,TERM_LOAN,GROUP_MICRO,NGN,200000,200000,200000,2024-12-18,2024-12-18,2025-06-16,180,0.347752,FIXED,WEEKLY,9011.49,MICRO_ENTERPRISE,MICROFINANCE,DEPOSITS_AND_EQUITY,False,ACTIVE,2026-08-21,21666.67,22285.95,65,DPD_61_90,False,,True,False,0,0,PTY-LENDER_C-00000999,ANON-LENDER_C-00000999,PERSON,synthetic,WCDS-0.1
FAC-LENDER_C-00001000,LENDER_C,LENDER_C-101000,,TERM_LOAN,STAFF_LOAN,NGN,2000000,2000000,2000000,2026-02-28,2026-02-28,2027-02-28,365,0.135556,FIXED,MONTHLY,189259.35,PERSONAL,MICROFINANCE,DEPOSITS_AND_EQUITY,False,ACTIVE,2026-08-21,1046575.34,1046575.34,0,CURRENT,False,,False,False,0,0,PTY-LENDER_C-00001000,ANON-LENDER_C-00001000,PERSON,synthetic,WCDS-0.1
