facility_id,institution_id,source_facility_id,crms_credit_id,facility_type,product_code,currency,approved_limit,original_principal,amount_disbursed,origination_date,first_disbursement_date,maturity_date,original_tenor_days,interest_rate,rate_type,repayment_frequency,scheduled_payment_amount,purpose_code,sector_code,funding_source_code,secured_flag,facility_status,snapshot_date,outstanding_principal,total_exposure,days_past_due,delinquency_bucket,default_flag,default_date,restructure_flag,writeoff_flag,writeoff_amount,recovery_amount,party_id,borrower_external_id,party_type,data_classification,wcds_version
FAC-LENDER_A-00000001,LENDER_A,LENDER_A-100001,,TERM_LOAN,SALARY_3M,NGN,200000,200000,200000,2026-04-29,2026-04-29,2026-07-28,90,0.376731,FIXED,MONTHLY,72859.51,UNSECURED_PERSONAL,HOUSEHOLD,DEPOSITS,False,CLOSED,2026-08-21,0,0.0,0,CURRENT,False,,False,False,0,0,PTY-LENDER_A-00000001,ANON-LENDER_A-00000001,PERSON,synthetic,WCDS-0.1
FAC-LENDER_A-00000002,LENDER_A,LENDER_A-100002,,TERM_LOAN,SALARY_3M,NGN,150000,150000,150000,2025-12-31,2025-12-31,2026-03-31,90,0.407062,FIXED,MONTHLY,55018.57,UNSECURED_PERSONAL,HOUSEHOLD,DEPOSITS,False,CLOSED,2026-08-21,0,0.0,0,CURRENT,False,,False,False,0,0,PTY-LENDER_A-00000002,ANON-LENDER_A-00000002,PERSON,synthetic,WCDS-0.1
FAC-LENDER_A-00000003,LENDER_A,LENDER_A-100003,,TERM_LOAN,PERSONAL_9M,NGN,1000000,1000000,1000000,2025-06-08,2025-06-08,2026-03-05,270,0.365922,FIXED,MONTHLY,141186.92,PERSONAL,HOUSEHOLD,DEPOSITS,False,CLOSED,2026-08-21,0,0.0,0,CURRENT,False,,False,False,0,0,PTY-LENDER_A-00000003,ANON-LENDER_A-00000003,PERSON,synthetic,WCDS-0.1
FAC-LENDER_A-00000004,LENDER_A,LENDER_A-100004,,TERM_LOAN,SALARY_3M,NGN,500000,500000,500000,2025-08-28,2025-08-28,2025-11-26,90,0.370712,FIXED,MONTHLY,181901.4,UNSECURED_PERSONAL,HOUSEHOLD,DEPOSITS,False,CLOSED,2026-08-21,0,0.0,0,CURRENT,False,,False,False,0,0,PTY-LENDER_A-00000004,ANON-LENDER_A-00000004,PERSON,synthetic,WCDS-0.1
FAC-LENDER_A-00000005,LENDER_A,LENDER_A-100005,,TERM_LOAN,SALARY_6M,NGN,150000,150000,150000,2025-08-09,2025-08-09,2026-02-05,180,0.351619,FIXED,MONTHLY,29335.03,UNSECURED_PERSONAL,HOUSEHOLD,DEPOSITS,False,ACTIVE,2026-08-21,8750.0,9002.88,35,DPD_31_60,False,,False,False,0,0,PTY-LENDER_A-00000005,ANON-LENDER_A-00000005,PERSON,synthetic,WCDS-0.1
FAC-LENDER_A-00000006,LENDER_A,LENDER_A-100006,,TERM_LOAN,SALARY_6M,NGN,150000,150000,150000,2025-01-23,2025-01-23,2025-07-22,180,0.347568,FIXED,MONTHLY,29285.08,UNSECURED_PERSONAL,HOUSEHOLD,DEPOSITS,False,CLOSED,2026-08-21,0,0.0,0,CURRENT,False,,False,False,0,0,PTY-LENDER_A-00000006,ANON-LENDER_A-00000006,PERSON,synthetic,WCDS-0.1
FAC-LENDER_A-00000007,LENDER_A,LENDER_A-100007,,TERM_LOAN,SALARY_3M,NGN,150000,150000,150000,2026-06-26,2026-06-26,2026-09-24,90,0.375437,FIXED,MONTHLY,54628.67,UNSECURED_PERSONAL,HOUSEHOLD,DEPOSITS,False,ACTIVE,2026-08-21,56666.67,56666.67,0,CURRENT,False,,False,False,0,0,PTY-LENDER_A-00000007,ANON-LENDER_A-00000007,PERSON,synthetic,WCDS-0.1
FAC-LENDER_A-00000008,LENDER_A,LENDER_A-100008,,TERM_LOAN,SALARY_3M,NGN,500000,500000,500000,2025-10-31,2025-10-31,2026-01-29,90,0.392768,FIXED,MONTHLY,182807.83,UNSECURED_PERSONAL,HOUSEHOLD,DEPOSITS,False,CLOSED,2026-08-21,0,0.0,0,CURRENT,False,,False,False,0,0,PTY-LENDER_A-00000008,ANON-LENDER_A-00000008,PERSON,synthetic,WCDS-0.1
FAC-LENDER_A-00000009,LENDER_A,LENDER_A-100009,,TERM_LOAN,PERSONAL_9M,NGN,300000,300000,300000,2026-05-30,2026-05-30,2027-02-24,270,0.322632,FIXED,MONTHLY,41288.65,PERSONAL,HOUSEHOLD,DEPOSITS,False,ACTIVE,2026-08-21,207777.78,207777.78,0,CURRENT,False,,False,False,0,0,PTY-LENDER_A-00000009,ANON-LENDER_A-00000009,PERSON,synthetic,WCDS-0.1
FAC-LENDER_A-00000010,LENDER_A,LENDER_A-100010,,TERM_LOAN,SALARY_6M,NGN,300000,300000,300000,2025-01-18,2025-01-18,2025-07-17,180,0.347495,FIXED,MONTHLY,58568.38,UNSECURED_PERSONAL,HOUSEHOLD,DEPOSITS,False,CLOSED,2026-08-21,0,0.0,0,CURRENT,False,,False,False,0,0,PTY-LENDER_A-00000010,ANON-LENDER_A-00000010,PERSON,synthetic,WCDS-0.1
FAC-LENDER_A-00000011,LENDER_A,LENDER_A-100011,,TERM_LOAN,SALARY_3M,NGN,400000,400000,400000,2025-06-27,2025-06-27,2025-09-25,90,0.338914,FIXED,MONTHLY,144475.71,UNSECURED_PERSONAL,HOUSEHOLD,DEPOSITS,False,CLOSED,2026-08-21,0,0.0,0,CURRENT,False,,False,False,0,0,PTY-LENDER_A-00000011,ANON-LENDER_A-00000011,PERSON,synthetic,WCDS-0.1
FAC-LENDER_A-00000012,LENDER_A,LENDER_A-100012,,TERM_LOAN,SALARY_6M,NGN,250000,250000,250000,2025-03-18,2025-03-18,2025-09-14,180,0.373149,FIXED,MONTHLY,49334.12,UNSECURED_PERSONAL,HOUSEHOLD,DEPOSITS,False,CLOSED,2026-08-21,0,0.0,0,CURRENT,False,,False,False,0,0,PTY-LENDER_A-00000012,ANON-LENDER_A-00000012,PERSON,synthetic,WCDS-0.1
FAC-LENDER_A-00000013,LENDER_A,LENDER_A-100013,,TERM_LOAN,SALARY_3M,NGN,1000000,1000000,1000000,2025-02-06,2025-02-06,2025-05-07,90,0.409746,FIXED,MONTHLY,367011.06,UNSECURED_PERSONAL,HOUSEHOLD,DEPOSITS,False,CLOSED,2026-08-21,0,0.0,0,CURRENT,False,,False,False,0,0,PTY-LENDER_A-00000013,ANON-LENDER_A-00000013,PERSON,synthetic,WCDS-0.1
FAC-LENDER_A-00000014,LENDER_A,LENDER_A-100014,,TERM_LOAN,SALARY_3M,NGN,200000,200000,200000,2025-03-08,2025-03-08,2025-06-06,90,0.37015,FIXED,MONTHLY,72751.33,UNSECURED_PERSONAL,HOUSEHOLD,DEPOSITS,False,CLOSED,2026-08-21,0,0.0,0,CURRENT,False,,False,False,0,0,PTY-LENDER_A-00000014,ANON-LENDER_A-00000014,PERSON,synthetic,WCDS-0.1
FAC-LENDER_A-00000015,LENDER_A,LENDER_A-100015,,TERM_LOAN,SALARY_3M,NGN,500000,500000,500000,2024-12-09,2024-12-09,2025-03-09,90,0.390694,FIXED,MONTHLY,182722.58,UNSECURED_PERSONAL,HOUSEHOLD,DEPOSITS,False,CLOSED,2026-08-21,0,0.0,0,CURRENT,False,,False,False,0,0,PTY-LENDER_A-00000015,ANON-LENDER_A-00000015,PERSON,synthetic,WCDS-0.1
FAC-LENDER_A-00000016,LENDER_A,LENDER_A-100016,,TERM_LOAN,PERSONAL_9M,NGN,100000,100000,100000,2026-04-16,2026-04-16,2027-01-11,270,0.343494,FIXED,MONTHLY,13934.35,PERSONAL,HOUSEHOLD,DEPOSITS,False,ACTIVE,2026-08-21,52962.96,52962.96,0,CURRENT,False,,False,False,0,0,PTY-LENDER_A-00000016,ANON-LENDER_A-00000016,PERSON,synthetic,WCDS-0.1
FAC-LENDER_A-00000017,LENDER_A,LENDER_A-100017,,TERM_LOAN,SALARY_3M,NGN,300000,300000,300000,2025-05-23,2025-05-23,2025-08-21,90,0.364436,FIXED,MONTHLY,108986.1,UNSECURED_PERSONAL,HOUSEHOLD,DEPOSITS,False,CLOSED,2026-08-21,0,0.0,0,CURRENT,False,,False,False,0,0,PTY-LENDER_A-00000017,ANON-LENDER_A-00000017,PERSON,synthetic,WCDS-0.1
FAC-LENDER_A-00000018,LENDER_A,LENDER_A-100018,,TERM_LOAN,PERSONAL_9M,NGN,200000,200000,200000,2025-03-10,2025-03-10,2025-12-05,270,0.366362,FIXED,MONTHLY,28244.61,PERSONAL,HOUSEHOLD,DEPOSITS,False,ACTIVE,2026-08-21,21666.67,22319.09,65,DPD_61_90,False,,False,False,0,0,PTY-LENDER_A-00000018,ANON-LENDER_A-00000018,PERSON,synthetic,WCDS-0.1
FAC-LENDER_A-00000019,LENDER_A,LENDER_A-100019,,TERM_LOAN,SALARY_3M,NGN,400000,400000,400000,2026-02-27,2026-02-27,2026-05-28,90,0.335813,FIXED,MONTHLY,144373.77,UNSECURED_PERSONAL,HOUSEHOLD,DEPOSITS,False,CLOSED,2026-08-21,0,0.0,0,CURRENT,False,,False,False,0,0,PTY-LENDER_A-00000019,ANON-LENDER_A-00000019,PERSON,synthetic,WCDS-0.1
FAC-LENDER_A-00000020,LENDER_A,LENDER_A-100020,,TERM_LOAN,SALARY_6M,NGN,750000,750000,750000,2026-07-23,2026-07-23,2027-01-19,180,0.323642,FIXED,MONTHLY,144950.56,UNSECURED_PERSONAL,HOUSEHOLD,DEPOSITS,False,ACTIVE,2026-08-21,629166.67,629166.67,0,CURRENT,False,,False,False,0,0,PTY-LENDER_A-00000020,ANON-LENDER_A-00000020,PERSON,synthetic,WCDS-0.1
FAC-LENDER_A-00000021,LENDER_A,LENDER_A-100021,,TERM_LOAN,SALARY_3M,NGN,100000,100000,100000,2025-12-08,2025-12-08,2026-03-08,90,0.343558,FIXED,MONTHLY,36157.1,UNSECURED_PERSONAL,HOUSEHOLD,DEPOSITS,False,ACTIVE,2026-08-21,5833.33,5998.05,35,DPD_31_60,False,,False,False,0,0,PTY-LENDER_A-00000021,ANON-LENDER_A-00000021,PERSON,synthetic,WCDS-0.1
FAC-LENDER_A-00000022,LENDER_A,LENDER_A-100022,,TERM_LOAN,PERSONAL_9M,NGN,200000,200000,200000,2026-04-02,2026-04-02,2026-12-28,270,0.288306,FIXED,MONTHLY,26961.49,PERSONAL,HOUSEHOLD,DEPOSITS,False,ACTIVE,2026-08-21,95555.56,95555.56,0,CURRENT,False,,False,False,0,0,PTY-LENDER_A-00000022,ANON-LENDER_A-00000022,PERSON,synthetic,WCDS-0.1
FAC-LENDER_A-00000023,LENDER_A,LENDER_A-100023,,TERM_LOAN,PERSONAL_9M,NGN,500000,500000,500000,2026-01-07,2026-01-07,2026-10-04,270,0.343321,FIXED,MONTHLY,69664.63,PERSONAL,HOUSEHOLD,DEPOSITS,False,ACTIVE,2026-08-21,135648.15,139475.89,65,DPD_61_90,False,,False,False,0,0,PTY-LENDER_A-00000023,ANON-LENDER_A-00000023,PERSON,synthetic,WCDS-0.1
FAC-LENDER_A-00000024,LENDER_A,LENDER_A-100024,,TERM_LOAN,PERSONAL_9M,NGN,400000,400000,400000,2025-05-20,2025-05-20,2026-02-14,270,0.327879,FIXED,MONTHLY,55224.03,PERSONAL,HOUSEHOLD,DEPOSITS,False,ACTIVE,2026-08-21,43333.33,44501.12,65,DPD_61_90,False,,False,False,0,0,PTY-LENDER_A-00000024,ANON-LENDER_A-00000024,PERSON,synthetic,WCDS-0.1
FAC-LENDER_A-00000025,LENDER_A,LENDER_A-100025,,TERM_LOAN,PERSONAL_9M,NGN,250000,250000,250000,2024-12-17,2024-12-17,2025-09-13,270,0.282524,FIXED,MONTHLY,33583.07,PERSONAL,HOUSEHOLD,DEPOSITS,False,CLOSED,2026-08-21,0,0.0,0,CURRENT,False,,False,False,0,0,PTY-LENDER_A-00000025,ANON-LENDER_A-00000025,PERSON,synthetic,WCDS-0.1
FAC-LENDER_A-00000026,LENDER_A,LENDER_A-100026,,TERM_LOAN,SALARY_3M,NGN,400000,400000,400000,2026-05-31,2026-05-31,2026-08-29,90,0.308519,FIXED,MONTHLY,143476.43,UNSECURED_PERSONAL,HOUSEHOLD,DEPOSITS,False,ACTIVE,2026-08-21,35555.56,35555.56,0,CURRENT,False,,False,False,0,0,PTY-LENDER_A-00000026,ANON-LENDER_A-00000026,PERSON,synthetic,WCDS-0.1
FAC-LENDER_A-00000027,LENDER_A,LENDER_A-100027,,TERM_LOAN,PERSONAL_9M,NGN,750000,750000,750000,2025-12-06,2025-12-06,2026-09-02,270,0.344708,FIXED,MONTHLY,104582.46,PERSONAL,HOUSEHOLD,DEPOSITS,False,ACTIVE,2026-08-21,52083.33,52821.15,15,DPD_1_30,False,,False,False,0,0,PTY-LENDER_A-00000027,ANON-LENDER_A-00000027,PERSON,synthetic,WCDS-0.1
FAC-LENDER_A-00000028,LENDER_A,LENDER_A-100028,,TERM_LOAN,SALARY_6M,NGN,400000,400000,400000,2025-06-04,2025-06-04,2025-12-01,180,0.282849,FIXED,MONTHLY,75965.82,UNSECURED_PERSONAL,HOUSEHOLD,DEPOSITS,False,CLOSED,2026-08-21,0,0.0,0,CURRENT,False,,False,False,0,0,PTY-LENDER_A-00000028,ANON-LENDER_A-00000028,PERSON,synthetic,WCDS-0.1
FAC-LENDER_A-00000029,LENDER_A,LENDER_A-100029,,TERM_LOAN,PERSONAL_9M,NGN,150000,150000,150000,2026-06-10,2026-06-10,2027-03-07,270,0.358415,FIXED,MONTHLY,21085.48,PERSONAL,HOUSEHOLD,DEPOSITS,False,ACTIVE,2026-08-21,110000.0,110000.0,0,CURRENT,False,,False,False,0,0,PTY-LENDER_A-00000029,ANON-LENDER_A-00000029,PERSON,synthetic,WCDS-0.1
FAC-LENDER_A-00000030,LENDER_A,LENDER_A-100030,,TERM_LOAN,SALARY_3M,NGN,1000000,1000000,1000000,2025-05-09,2025-05-09,2025-08-07,90,0.340716,FIXED,MONTHLY,361337.41,UNSECURED_PERSONAL,HOUSEHOLD,DEPOSITS,False,CLOSED,2026-08-21,0,0.0,0,CURRENT,False,,False,False,0,0,PTY-LENDER_A-00000030,ANON-LENDER_A-00000030,PERSON,synthetic,WCDS-0.1
FAC-LENDER_A-00000031,LENDER_A,LENDER_A-100031,,TERM_LOAN,SALARY_3M,NGN,750000,750000,750000,2025-01-25,2025-01-25,2025-04-25,90,0.322019,FIXED,MONTHLY,269850.46,UNSECURED_PERSONAL,HOUSEHOLD,DEPOSITS,False,CLOSED,2026-08-21,0,0.0,0,CURRENT,False,,False,False,0,0,PTY-LENDER_A-00000031,ANON-LENDER_A-00000031,PERSON,synthetic,WCDS-0.1
FAC-LENDER_A-00000032,LENDER_A,LENDER_A-100032,,TERM_LOAN,SALARY_3M,NGN,250000,250000,250000,2026-02-22,2026-02-22,2026-05-23,90,0.378257,FIXED,MONTHLY,91105.75,UNSECURED_PERSONAL,HOUSEHOLD,DEPOSITS,False,CLOSED,2026-08-21,0,0.0,0,CURRENT,False,,False,False,0,0,PTY-LENDER_A-00000032,ANON-LENDER_A-00000032,PERSON,synthetic,WCDS-0.1
FAC-LENDER_A-00000033,LENDER_A,LENDER_A-100033,,TERM_LOAN,SALARY_3M,NGN,500000,500000,500000,2026-08-09,2026-08-09,2026-11-07,90,0.357763,FIXED,MONTHLY,181369.26,UNSECURED_PERSONAL,HOUSEHOLD,DEPOSITS,False,WRITTEN_OFF,2026-08-21,22750.42,23419.4,180,DPD_90_PLUS,True,2026-05-23,False,True,500000,52875.94,PTY-LENDER_A-00000033,ANON-LENDER_A-00000033,PERSON,synthetic,WCDS-0.1
FAC-LENDER_A-00000034,LENDER_A,LENDER_A-100034,,TERM_LOAN,PERSONAL_9M,NGN,750000,750000,750000,2026-03-06,2026-03-06,2026-12-01,270,0.346692,FIXED,MONTHLY,104704.77,PERSONAL,HOUSEHOLD,DEPOSITS,False,ACTIVE,2026-08-21,283333.33,283333.33,0,CURRENT,False,,False,False,0,0,PTY-LENDER_A-00000034,ANON-LENDER_A-00000034,PERSON,synthetic,WCDS-0.1
FAC-LENDER_A-00000035,LENDER_A,LENDER_A-100035,,TERM_LOAN,SALARY_3M,NGN,400000,400000,400000,2026-06-14,2026-06-14,2026-09-12,90,0.326124,FIXED,MONTHLY,144055.22,UNSECURED_PERSONAL,HOUSEHOLD,DEPOSITS,False,ACTIVE,2026-08-21,97777.78,97777.78,0,CURRENT,False,,False,False,0,0,PTY-LENDER_A-00000035,ANON-LENDER_A-00000035,PERSON,synthetic,WCDS-0.1
FAC-LENDER_A-00000036,LENDER_A,LENDER_A-100036,,TERM_LOAN,SALARY_3M,NGN,1000000,1000000,1000000,2026-05-21,2026-05-21,2026-08-19,90,0.357215,FIXED,MONTHLY,362693.44,UNSECURED_PERSONAL,HOUSEHOLD,DEPOSITS,False,ACTIVE,2026-08-21,58333.33,60046.01,35,DPD_31_60,False,,True,False,0,0,PTY-LENDER_A-00000036,ANON-LENDER_A-00000036,PERSON,synthetic,WCDS-0.1
FAC-LENDER_A-00000037,LENDER_A,LENDER_A-100037,,TERM_LOAN,PERSONAL_9M,NGN,250000,250000,250000,2024-12-27,2024-12-27,2025-09-23,270,0.328453,FIXED,MONTHLY,34526.81,PERSONAL,HOUSEHOLD,DEPOSITS,False,CLOSED,2026-08-21,0,0.0,0,CURRENT,False,,False,False,0,0,PTY-LENDER_A-00000037,ANON-LENDER_A-00000037,PERSON,synthetic,WCDS-0.1
FAC-LENDER_A-00000038,LENDER_A,LENDER_A-100038,,TERM_LOAN,PERSONAL_9M,NGN,400000,400000,400000,2025-11-17,2025-11-17,2026-08-14,270,0.350041,FIXED,MONTHLY,55952.63,PERSONAL,HOUSEHOLD,DEPOSITS,False,CLOSED,2026-08-21,-5000.0,0.0,0,CURRENT,False,,False,False,0,0,PTY-LENDER_A-00000038,ANON-LENDER_A-00000038,PERSON,synthetic,WCDS-0.1
FAC-LENDER_A-00000039,LENDER_A,LENDER_A-100039,,TERM_LOAN,PERSONAL_9M,NGN,300000,300000,300000,2025-04-30,2025-04-30,2026-01-25,270,0.327494,FIXED,MONTHLY,41408.54,PERSONAL,HOUSEHOLD,DEPOSITS,False,CLOSED,2026-08-21,0,0.0,0,CURRENT,False,,False,False,0,0,PTY-LENDER_A-00000039,ANON-LENDER_A-00000039,PERSON,synthetic,WCDS-0.1
FAC-LENDER_A-00000040,LENDER_A,LENDER_A-100040,,TERM_LOAN,PERSONAL_9M,NGN,150000,150000,150000,2026-05-28,2026-05-28,2027-02-22,270,0.334994,FIXED,MONTHLY,20796.73,PERSONAL,HOUSEHOLD,DEPOSITS,False,ACTIVE,2026-08-21,102777.78,102777.78,0,CURRENT,False,,False,False,0,0,PTY-LENDER_A-00000040,ANON-LENDER_A-00000040,PERSON,synthetic,WCDS-0.1
FAC-LENDER_A-00000041,LENDER_A,LENDER_A-100041,,TERM_LOAN,SALARY_3M,NGN,250000,250000,250000,2025-07-29,2025-07-29,2025-10-27,90,0.360706,FIXED,MONTHLY,90745.1,UNSECURED_PERSONAL,HOUSEHOLD,DEPOSITS,False,CLOSED,2026-08-21,0,0.0,0,CURRENT,False,,False,False,0,0,PTY-LENDER_A-00000041,ANON-LENDER_A-00000041,PERSON,synthetic,WCDS-0.1
FAC-LENDER_A-00000042,LENDER_A,LENDER_A-100042,,TERM_LOAN,PERSONAL_9M,NGN,1000000,1000000,1000000,2026-08-03,2026-08-03,2027-04-30,270,0.316302,FIXED,MONTHLY,137108.54,PERSONAL,HOUSEHOLD,DEPOSITS,False,ACTIVE,2026-08-21,933333.33,933333.33,0,CURRENT,False,,False,False,0,0,PTY-LENDER_A-00000042,ANON-LENDER_A-00000042,PERSON,synthetic,WCDS-0.1
FAC-LENDER_A-00000043,LENDER_A,LENDER_A-100043,,TERM_LOAN,SALARY_3M,NGN,300000,300000,300000,2026-04-15,2026-04-15,2026-07-14,90,0.366552,FIXED,MONTHLY,109038.28,UNSECURED_PERSONAL,HOUSEHOLD,DEPOSITS,False,ACTIVE,2026-08-21,17500.0,18027.23,35,DPD_31_60,False,,False,False,0,0,PTY-LENDER_A-00000043,ANON-LENDER_A-00000043,PERSON,synthetic,WCDS-0.1
FAC-LENDER_A-00000044,LENDER_A,LENDER_A-100044,,TERM_LOAN,SALARY_6M,NGN,250000,250000,250000,2025-11-14,2025-11-14,2026-05-13,180,0.293811,FIXED,MONTHLY,47703.87,UNSECURED_PERSONAL,HOUSEHOLD,DEPOSITS,False,CLOSED,2026-08-21,0,0.0,0,CURRENT,False,,False,False,0,0,PTY-LENDER_A-00000044,ANON-LENDER_A-00000044,PERSON,synthetic,WCDS-0.1
FAC-LENDER_A-00000045,LENDER_A,LENDER_A-100045,,TERM_LOAN,PERSONAL_9M,NGN,500000,500000,500000,2025-11-01,2025-11-01,2026-07-29,270,0.286096,FIXED,MONTHLY,67312.92,PERSONAL,HOUSEHOLD,DEPOSITS,False,CLOSED,2026-08-21,0,0.0,0,CURRENT,False,,False,False,0,0,PTY-LENDER_A-00000045,ANON-LENDER_A-00000045,PERSON,synthetic,WCDS-0.1
FAC-LENDER_A-00000046,LENDER_A,LENDER_A-100046,,TERM_LOAN,SALARY_3M,NGN,750000,750000,750000,2025-01-24,2025-01-24,2025-04-24,90,0.340027,FIXED,MONTHLY,270960.56,UNSECURED_PERSONAL,HOUSEHOLD,DEPOSITS,False,ACTIVE,2026-08-21,8750.0,8807.06,7,DPD_1_30,False,,False,False,0,0,PTY-LENDER_A-00000046,ANON-LENDER_A-00000046,PERSON,synthetic,WCDS-0.1
FAC-LENDER_A-00000047,LENDER_A,LENDER_A-100047,,TERM_LOAN,PERSONAL_9M,NGN,200000,200000,200000,2025-01-30,2025-01-30,2025-10-27,270,0.393406,FIXED,MONTHLY,28689.17,PERSONAL,HOUSEHOLD,DEPOSITS,False,CLOSED,2026-08-21,0,0.0,0,CURRENT,False,,False,False,0,0,PTY-LENDER_A-00000047,ANON-LENDER_A-00000047,PERSON,synthetic,WCDS-0.1
FAC-LENDER_A-00000048,LENDER_A,LENDER_A-100048,,TERM_LOAN,SALARY_3M,NGN,300000,300000,300000,2025-08-03,2025-08-03,2025-11-01,90,0.344306,FIXED,MONTHLY,108489.73,UNSECURED_PERSONAL,HOUSEHOLD,DEPOSITS,False,ACTIVE,2026-08-21,32500.0,33419.72,65,DPD_61_90,False,,False,False,0,0,PTY-LENDER_A-00000048,ANON-LENDER_A-00000048,PERSON,synthetic,WCDS-0.1
FAC-LENDER_A-00000049,LENDER_A,LENDER_A-100049,,TERM_LOAN,SALARY_3M,NGN,150000,150000,150000,2025-08-14,2025-08-14,2025-11-12,90,0.403284,FIXED,MONTHLY,54972.0,UNSECURED_PERSONAL,HOUSEHOLD,DEPOSITS,False,ACTIVE,2026-08-21,3750.0,3812.15,15,DPD_1_30,False,,False,False,0,0,PTY-LENDER_A-00000049,ANON-LENDER_A-00000049,PERSON,synthetic,WCDS-0.1
FAC-LENDER_A-00000050,LENDER_A,LENDER_A-100050,,TERM_LOAN,SALARY_3M,NGN,250000,250000,250000,2026-02-26,2026-02-26,2026-05-27,90,0.406096,FIXED,MONTHLY,91677.78,UNSECURED_PERSONAL,HOUSEHOLD,DEPOSITS,False,DEFAULTED,2026-08-21,37500.0,38751.67,130,DPD_90_PLUS,True,2026-07-12,False,False,0,0,PTY-LENDER_A-00000050,ANON-LENDER_A-00000050,PERSON,synthetic,WCDS-0.1
FAC-LENDER_A-00000051,LENDER_A,LENDER_A-100051,,TERM_LOAN,SALARY_6M,NGN,250000,250000,250000,2025-11-11,2025-11-11,2026-05-10,180,0.348388,FIXED,MONTHLY,48825.32,UNSECURED_PERSONAL,HOUSEHOLD,DEPOSITS,False,CLOSED,2026-08-21,0,0.0,0,CURRENT,False,,False,False,0,0,PTY-LENDER_A-00000051,ANON-LENDER_A-00000051,PERSON,synthetic,WCDS-0.1
FAC-LENDER_A-00000052,LENDER_A,LENDER_A-100052,,TERM_LOAN,SALARY_6M,NGN,250000,250000,250000,2026-01-19,2026-01-19,2026-07-18,180,0.305905,FIXED,MONTHLY,47952.39,UNSECURED_PERSONAL,HOUSEHOLD,DEPOSITS,False,ACTIVE,2026-08-21,6250.0,6328.57,15,DPD_1_30,False,,False,False,0,0,PTY-LENDER_A-00000052,ANON-LENDER_A-00000052,PERSON,synthetic,WCDS-0.1
FAC-LENDER_A-00000053,LENDER_A,LENDER_A-100053,,TERM_LOAN,SALARY_3M,NGN,250000,250000,250000,2026-07-18,2026-07-18,2026-10-16,90,0.355236,FIXED,MONTHLY,90632.71,UNSECURED_PERSONAL,HOUSEHOLD,DEPOSITS,False,ACTIVE,2026-08-21,155555.56,155555.56,0,CURRENT,False,,False,False,0,0,PTY-LENDER_A-00000053,ANON-LENDER_A-00000053,PERSON,synthetic,WCDS-0.1
FAC-LENDER_A-00000054,LENDER_A,LENDER_A-100054,,TERM_LOAN,SALARY_6M,NGN,400000,400000,400000,2025-03-08,2025-03-08,2025-09-04,180,0.293432,FIXED,MONTHLY,76313.76,UNSECURED_PERSONAL,HOUSEHOLD,DEPOSITS,False,CLOSED,2026-08-21,0,0.0,0,CURRENT,False,,False,False,0,0,PTY-LENDER_A-00000054,ANON-LENDER_A-00000054,PERSON,synthetic,WCDS-0.1
FAC-LENDER_A-00000055,LENDER_A,LENDER_A-100055,,TERM_LOAN,SALARY_3M,NGN,300000,300000,300000,2026-02-10,2026-02-10,2026-05-11,90,0.417738,FIXED,MONTHLY,110300.39,UNSECURED_PERSONAL,HOUSEHOLD,DEPOSITS,False,CLOSED,2026-08-21,0,0.0,0,CURRENT,False,,False,False,0,0,PTY-LENDER_A-00000055,ANON-LENDER_A-00000055,PERSON,synthetic,WCDS-0.1
FAC-LENDER_A-00000056,LENDER_A,LENDER_A-100056,,TERM_LOAN,SALARY_6M,NGN,400000,400000,400000,2025-05-22,2025-05-22,2025-11-18,180,0.264591,FIXED,MONTHLY,75365.54,UNSECURED_PERSONAL,HOUSEHOLD,DEPOSITS,False,CLOSED,2026-08-21,0,0.0,0,CURRENT,False,,False,False,0,0,PTY-LENDER_A-00000056,ANON-LENDER_A-00000056,PERSON,synthetic,WCDS-0.1
FAC-LENDER_A-00000057,LENDER_A,LENDER_A-100057,,TERM_LOAN,SALARY_6M,NGN,100000,100000,100000,2025-05-22,2025-05-22,2025-11-18,180,0.306223,FIXED,MONTHLY,19183.57,UNSECURED_PERSONAL,HOUSEHOLD,DEPOSITS,False,CLOSED,2026-08-21,0,0.0,0,CURRENT,False,,False,False,0,0,PTY-LENDER_A-00000057,ANON-LENDER_A-00000057,PERSON,synthetic,WCDS-0.1
FAC-LENDER_A-00000058,LENDER_A,LENDER_A-100058,,TERM_LOAN,PERSONAL_9M,NGN,250000,250000,250000,2025-08-04,2025-08-04,2026-05-01,270,0.366332,FIXED,MONTHLY,35305.14,PERSONAL,HOUSEHOLD,DEPOSITS,False,CLOSED,2026-08-21,0,0.0,0,CURRENT,False,,False,False,0,0,PTY-LENDER_A-00000058,ANON-LENDER_A-00000058,PERSON,synthetic,WCDS-0.1
FAC-LENDER_A-00000059,LENDER_A,LENDER_A-100059,,TERM_LOAN,PERSONAL_9M,NGN,150000,150000,150000,2025-10-08,2025-10-08,2026-07-05,270,0.354779,FIXED,MONTHLY,21040.65,PERSONAL,HOUSEHOLD,DEPOSITS,False,CLOSED,2026-08-21,0,0.0,0,CURRENT,False,,False,False,0,0,PTY-LENDER_A-00000059,ANON-LENDER_A-00000059,PERSON,synthetic,WCDS-0.1
FAC-LENDER_A-00000060,LENDER_A,LENDER_A-100060,,TERM_LOAN,PERSONAL_9M,NGN,200000,200000,200000,2026-01-27,2026-01-27,2026-10-24,270,0.363665,FIXED,MONTHLY,28200.28,PERSONAL,HOUSEHOLD,DEPOSITS,False,ACTIVE,2026-08-21,47407.41,47407.41,0,CURRENT,False,,False,False,0,0,PTY-LENDER_A-00000060,ANON-LENDER_A-00000060,PERSON,synthetic,WCDS-0.1
FAC-LENDER_A-00000061,LENDER_A,LENDER_A-100061,,TERM_LOAN,PERSONAL_9M,NGN,300000,300000,300000,2025-06-22,2025-06-22,2026-03-19,270,0.388337,FIXED,MONTHLY,42908.76,PERSONAL,HOUSEHOLD,DEPOSITS,False,CLOSED,2026-08-21,0,0.0,0,CURRENT,False,,False,False,0,0,PTY-LENDER_A-00000061,ANON-LENDER_A-00000061,PERSON,synthetic,WCDS-0.1
FAC-LENDER_A-00000062,LENDER_A,LENDER_A-100062,,TERM_LOAN,PERSONAL_9M,NGN,400000,400000,400000,2025-04-22,2025-04-22,2026-01-17,270,0.331587,FIXED,MONTHLY,55345.92,PERSONAL,HOUSEHOLD,DEPOSITS,False,CLOSED,2026-08-21,0,0.0,0,CURRENT,False,,False,False,0,0,PTY-LENDER_A-00000062,ANON-LENDER_A-00000062,PERSON,synthetic,WCDS-0.1
FAC-LENDER_A-00000063,LENDER_A,LENDER_A-100063,,TERM_LOAN,PERSONAL_9M,NGN,200000,200000,200000,2026-05-17,2026-05-17,2027-02-11,270,0.375248,FIXED,MONTHLY,28390.69,PERSONAL,HOUSEHOLD,DEPOSITS,False,ACTIVE,2026-08-21,128888.89,128888.89,0,CURRENT,False,,False,False,0,0,PTY-LENDER_A-00000063,ANON-LENDER_A-00000063,PERSON,synthetic,WCDS-0.1
FAC-LENDER_A-00000064,LENDER_A,LENDER_A-100064,,TERM_LOAN,SALARY_3M,NGN,300000,300000,300000,2025-12-24,2025-12-24,2026-03-24,90,0.379662,FIXED,MONTHLY,109361.54,UNSECURED_PERSONAL,HOUSEHOLD,DEPOSITS,False,ACTIVE,2026-08-21,7500.0,7617.02,15,DPD_1_30,False,,False,False,0,0,PTY-LENDER_A-00000064,ANON-LENDER_A-00000064,PERSON,synthetic,WCDS-0.1
FAC-LENDER_A-00000065,LENDER_A,LENDER_A-100065,,TERM_LOAN,PERSONAL_9M,NGN,150000,150000,150000,2025-05-02,2025-05-02,2026-01-27,270,0.398072,FIXED,MONTHLY,21574.41,PERSONAL,HOUSEHOLD,DEPOSITS,False,CLOSED,2026-08-21,0,0.0,0,CURRENT,False,,False,False,0,0,PTY-LENDER_A-00000065,ANON-LENDER_A-00000065,PERSON,synthetic,WCDS-0.1
FAC-LENDER_A-00000066,LENDER_A,LENDER_A-100066,,TERM_LOAN,SALARY_6M,NGN,500000,500000,500000,2025-12-05,2025-12-05,2026-06-03,180,0.283332,FIXED,MONTHLY,94977.12,UNSECURED_PERSONAL,HOUSEHOLD,DEPOSITS,False,CLOSED,2026-08-21,0,0.0,0,CURRENT,False,,False,False,0,0,PTY-LENDER_A-00000066,ANON-LENDER_A-00000066,PERSON,synthetic,WCDS-0.1
FAC-LENDER_A-00000067,LENDER_A,LENDER_A-100067,,TERM_LOAN,SALARY_3M,NGN,500000,500000,500000,2025-12-30,2025-12-30,2026-03-30,90,0.382515,FIXED,MONTHLY,182386.45,UNSECURED_PERSONAL,HOUSEHOLD,DEPOSITS,False,CLOSED,2026-08-21,0,0.0,0,CURRENT,False,,False,False,0,0,PTY-LENDER_A-00000067,ANON-LENDER_A-00000067,PERSON,synthetic,WCDS-0.1
FAC-LENDER_A-00000068,LENDER_A,LENDER_A-100068,,TERM_LOAN,SALARY_3M,NGN,150000,150000,150000,2025-05-01,2025-05-01,2025-07-30,90,0.414956,FIXED,MONTHLY,55115.89,UNSECURED_PERSONAL,HOUSEHOLD,DEPOSITS,False,CLOSED,2026-08-21,0,0.0,0,CURRENT,False,,False,False,0,0,PTY-LENDER_A-00000068,ANON-LENDER_A-00000068,PERSON,synthetic,WCDS-0.1
FAC-LENDER_A-00000069,LENDER_A,LENDER_A-100069,,TERM_LOAN,SALARY_6M,NGN,750000,750000,750000,2025-03-13,2025-03-13,2025-09-09,180,0.323736,FIXED,MONTHLY,144956.32,UNSECURED_PERSONAL,HOUSEHOLD,DEPOSITS,False,CLOSED,2026-08-21,0,0.0,0,CURRENT,False,,False,False,0,0,PTY-LENDER_A-00000069,ANON-LENDER_A-00000069,PERSON,synthetic,WCDS-0.1
FAC-LENDER_A-00000070,LENDER_A,LENDER_A-100070,,TERM_LOAN,SALARY_6M,NGN,750000,750000,750000,2025-11-19,2025-11-19,2026-05-18,180,0.31351,FIXED,MONTHLY,144325.94,UNSECURED_PERSONAL,HOUSEHOLD,DEPOSITS,False,ACTIVE,2026-08-21,8750.0,8802.61,7,DPD_1_30,False,,False,False,0,0,PTY-LENDER_A-00000070,ANON-LENDER_A-00000070,PERSON,synthetic,WCDS-0.1
FAC-LENDER_A-00000071,LENDER_A,LENDER_A-100071,,TERM_LOAN,SALARY_6M,NGN,250000,250000,250000,2025-11-03,2025-11-03,2026-05-02,180,0.293277,FIXED,MONTHLY,47692.91,UNSECURED_PERSONAL,HOUSEHOLD,DEPOSITS,False,CLOSED,2026-08-21,0,0.0,0,CURRENT,False,,False,False,0,0,PTY-LENDER_A-00000071,ANON-LENDER_A-00000071,PERSON,synthetic,WCDS-0.1
FAC-LENDER_A-00000072,LENDER_A,LENDER_A-100072,,TERM_LOAN,PERSONAL_9M,NGN,150000,150000,150000,2026-03-23,2026-03-23,2026-12-18,270,0.320302,FIXED,MONTHLY,20615.59,PERSONAL,HOUSEHOLD,DEPOSITS,False,ACTIVE,2026-08-21,66111.11,66111.11,0,CURRENT,False,,False,False,0,0,PTY-LENDER_A-00000072,ANON-LENDER_A-00000072,PERSON,synthetic,WCDS-0.1
FAC-LENDER_A-00000073,LENDER_A,LENDER_A-100073,,TERM_LOAN,SALARY_6M,NGN,500000,500000,500000,2025-09-07,2025-09-07,2026-03-06,180,0.278337,FIXED,MONTHLY,94771.83,UNSECURED_PERSONAL,HOUSEHOLD,DEPOSITS,False,CLOSED,2026-08-21,0,0.0,0,CURRENT,False,,False,False,0,0,PTY-LENDER_A-00000073,ANON-LENDER_A-00000073,PERSON,synthetic,WCDS-0.1
FAC-LENDER_A-00000074,LENDER_A,LENDER_A-100074,,TERM_LOAN,PERSONAL_9M,NGN,100000,100000,100000,2024-12-30,2024-12-30,2025-09-26,270,0.330417,FIXED,MONTHLY,13826.87,PERSONAL,HOUSEHOLD,DEPOSITS,False,CLOSED,2026-08-21,0,0.0,0,CURRENT,False,,False,False,0,0,PTY-LENDER_A-00000074,ANON-LENDER_A-00000074,PERSON,synthetic,WCDS-0.1
FAC-LENDER_A-00000075,LENDER_A,LENDER_A-100075,,TERM_LOAN,SALARY_6M,NGN,1000000,1000000,1000000,2025-01-29,2025-01-29,2025-07-28,180,0.302211,FIXED,MONTHLY,191505.93,UNSECURED_PERSONAL,HOUSEHOLD,DEPOSITS,False,ACTIVE,2026-08-21,25000.0,25310.49,15,DPD_1_30,False,,False,False,0,0,PTY-LENDER_A-00000075,ANON-LENDER_A-00000075,PERSON,synthetic,WCDS-0.1
FAC-LENDER_A-00000076,LENDER_A,LENDER_A-100076,,TERM_LOAN,SALARY_6M,NGN,100000,100000,100000,2025-07-09,2025-07-09,2026-01-05,180,0.318588,FIXED,MONTHLY,19285.19,UNSECURED_PERSONAL,HOUSEHOLD,DEPOSITS,False,CLOSED,2026-08-21,0,0.0,0,CURRENT,False,,False,False,0,0,PTY-LENDER_A-00000076,ANON-LENDER_A-00000076,PERSON,synthetic,WCDS-0.1
FAC-LENDER_A-00000077,LENDER_A,LENDER_A-100077,,TERM_LOAN,SALARY_6M,NGN,200000,200000,200000,2025-02-11,2025-02-11,2025-08-10,180,0.308518,FIXED,MONTHLY,38404.86,UNSECURED_PERSONAL,HOUSEHOLD,DEPOSITS,False,CLOSED,2026-08-21,0,0.0,0,CURRENT,False,,False,False,0,0,PTY-LENDER_A-00000077,ANON-LENDER_A-00000077,PERSON,synthetic,WCDS-0.1
FAC-LENDER_A-00000078,LENDER_A,LENDER_A-100078,,TERM_LOAN,PERSONAL_9M,NGN,500000,500000,500000,2026-03-26,2026-03-26,2026-12-21,270,0.283252,FIXED,MONTHLY,67196.06,PERSONAL,HOUSEHOLD,DEPOSITS,False,ACTIVE,2026-08-21,255092.59,261031.4,35,DPD_31_60,False,,False,False,0,0,PTY-LENDER_A-00000078,ANON-LENDER_A-00000078,PERSON,synthetic,WCDS-0.1
FAC-LENDER_A-00000079,LENDER_A,LENDER_A-100079,,TERM_LOAN,SALARY_6M,NGN,500000,500000,500000,2025-10-31,2025-10-31,2026-04-29,180,0.299282,FIXED,MONTHLY,95632.61,UNSECURED_PERSONAL,HOUSEHOLD,DEPOSITS,False,ACTIVE,2026-08-21,5833.33,5866.81,7,DPD_1_30,False,,False,False,0,0,PTY-LENDER_A-00000079,ANON-LENDER_A-00000079,PERSON,synthetic,WCDS-0.1
FAC-LENDER_A-00000080,LENDER_A,LENDER_A-100080,,TERM_LOAN,SALARY_3M,NGN,1000000,1000000,1000000,2026-06-19,2026-06-19,2026-09-17,90,0.399831,FIXED,MONTHLY,366196.15,UNSECURED_PERSONAL,HOUSEHOLD,DEPOSITS,False,DEFAULTED,2026-08-21,450000.0,464788.27,180,DPD_90_PLUS,True,2026-05-23,False,False,0,0,PTY-LENDER_A-00000080,ANON-LENDER_A-00000080,PERSON,synthetic,WCDS-0.1
FAC-LENDER_A-00000081,LENDER_A,LENDER_A-100081,,TERM_LOAN,SALARY_3M,NGN,250000,250000,250000,2026-07-22,2026-07-22,2026-10-20,90,0.393748,FIXED,MONTHLY,91424.04,UNSECURED_PERSONAL,HOUSEHOLD,DEPOSITS,False,ACTIVE,2026-08-21,166666.67,166666.67,0,CURRENT,False,,False,False,0,0,PTY-LENDER_A-00000081,ANON-LENDER_A-00000081,PERSON,synthetic,WCDS-0.1
FAC-LENDER_A-00000082,LENDER_A,LENDER_A-100082,,TERM_LOAN,SALARY_3M,NGN,750000,750000,750000,2025-11-22,2025-11-22,2026-02-20,90,0.328625,FIXED,MONTHLY,270257.73,UNSECURED_PERSONAL,HOUSEHOLD,DEPOSITS,False,ACTIVE,2026-08-21,8750.0,8805.15,7,DPD_1_30,False,,False,False,0,0,PTY-LENDER_A-00000082,ANON-LENDER_A-00000082,PERSON,synthetic,WCDS-0.1
FAC-LENDER_A-00000083,LENDER_A,LENDER_A-100083,,TERM_LOAN,SALARY_3M,NGN,200000,200000,200000,2025-09-27,2025-09-27,2025-12-26,90,0.320135,FIXED,MONTHLY,71929.15,UNSECURED_PERSONAL,HOUSEHOLD,DEPOSITS,False,CLOSED,2026-08-21,0,0.0,0,CURRENT,False,,False,False,0,0,PTY-LENDER_A-00000083,ANON-LENDER_A-00000083,PERSON,synthetic,WCDS-0.1
FAC-LENDER_A-00000084,LENDER_A,LENDER_A-100084,,TERM_LOAN,SALARY_6M,NGN,500000,500000,500000,2026-01-20,2026-01-20,2026-07-19,180,0.297435,FIXED,MONTHLY,95556.68,UNSECURED_PERSONAL,HOUSEHOLD,DEPOSITS,False,CLOSED,2026-08-21,0,0.0,0,CURRENT,False,,False,False,0,0,PTY-LENDER_A-00000084,ANON-LENDER_A-00000084,PERSON,synthetic,WCDS-0.1
FAC-LENDER_A-00000085,LENDER_A,LENDER_A-100085,,TERM_LOAN,SALARY_6M,NGN,150000,150000,150000,2025-01-09,2025-01-09,2025-07-08,180,0.335269,FIXED,MONTHLY,29133.45,UNSECURED_PERSONAL,HOUSEHOLD,DEPOSITS,False,ACTIVE,2026-08-21,3750.0,3801.67,15,DPD_1_30,False,,False,False,0,0,PTY-LENDER_A-00000085,ANON-LENDER_A-00000085,PERSON,synthetic,WCDS-0.1
FAC-LENDER_A-00000086,LENDER_A,LENDER_A-100086,,TERM_LOAN,PERSONAL_9M,NGN,400000,400000,400000,2026-07-30,2026-07-30,2027-04-26,270,0.324469,FIXED,MONTHLY,55111.9,PERSONAL,HOUSEHOLD,DEPOSITS,False,ACTIVE,2026-08-21,390740.74,401161.27,35,DPD_31_60,False,,False,False,0,0,PTY-LENDER_A-00000086,ANON-LENDER_A-00000086,PERSON,synthetic,WCDS-0.1
FAC-LENDER_A-00000087,LENDER_A,LENDER_A-100087,,TERM_LOAN,SALARY_6M,NGN,200000,200000,200000,2025-05-23,2025-05-23,2025-11-19,180,0.375295,FIXED,MONTHLY,39502.56,UNSECURED_PERSONAL,HOUSEHOLD,DEPOSITS,False,CLOSED,2026-08-21,0,0.0,0,CURRENT,False,,False,False,0,0,PTY-LENDER_A-00000087,ANON-LENDER_A-00000087,PERSON,synthetic,WCDS-0.1
FAC-LENDER_A-00000088,LENDER_A,LENDER_A-100088,,TERM_LOAN,PERSONAL_9M,NGN,750000,750000,750000,2025-04-22,2025-04-22,2026-01-17,270,0.353909,FIXED,MONTHLY,105149.67,PERSONAL,HOUSEHOLD,DEPOSITS,False,CLOSED,2026-08-21,0,0.0,0,CURRENT,False,,False,False,0,0,PTY-LENDER_A-00000088,ANON-LENDER_A-00000088,PERSON,synthetic,WCDS-0.1
FAC-LENDER_A-00000089,LENDER_A,LENDER_A-100089,,TERM_LOAN,SALARY_3M,NGN,300000,300000,300000,2025-05-07,2025-05-07,2025-08-05,90,0.387723,FIXED,MONTHLY,109560.3,UNSECURED_PERSONAL,HOUSEHOLD,DEPOSITS,False,CLOSED,2026-08-21,0,0.0,0,CURRENT,False,,False,False,0,0,PTY-LENDER_A-00000089,ANON-LENDER_A-00000089,PERSON,synthetic,WCDS-0.1
FAC-LENDER_A-00000090,LENDER_A,LENDER_A-100090,,TERM_LOAN,SALARY_3M,NGN,750000,750000,750000,2025-09-13,2025-09-13,2025-12-12,90,0.355765,FIXED,MONTHLY,271930.72,UNSECURED_PERSONAL,HOUSEHOLD,DEPOSITS,False,CLOSED,2026-08-21,0,0.0,0,CURRENT,False,,False,False,0,0,PTY-LENDER_A-00000090,ANON-LENDER_A-00000090,PERSON,synthetic,WCDS-0.1
FAC-LENDER_A-00000091,LENDER_A,LENDER_A-100091,,TERM_LOAN,PERSONAL_9M,NGN,300000,300000,300000,2025-01-19,2025-01-19,2025-10-16,270,0.320841,FIXED,MONTHLY,41244.47,PERSONAL,HOUSEHOLD,DEPOSITS,False,CLOSED,2026-08-21,0,0.0,0,CURRENT,False,,False,False,0,0,PTY-LENDER_A-00000091,ANON-LENDER_A-00000091,PERSON,synthetic,WCDS-0.1
FAC-LENDER_A-00000092,LENDER_A,LENDER_A-100092,,TERM_LOAN,SALARY_6M,NGN,1000000,1000000,1000000,2025-12-08,2025-12-08,2026-06-06,180,0.270274,FIXED,MONTHLY,188880.93,UNSECURED_PERSONAL,HOUSEHOLD,DEPOSITS,False,CLOSED,2026-08-21,0,0.0,0,CURRENT,False,,False,False,0,0,PTY-LENDER_A-00000092,ANON-LENDER_A-00000092,PERSON,synthetic,WCDS-0.1
FAC-LENDER_A-00000093,LENDER_A,LENDER_A-100093,,TERM_LOAN,SALARY_3M,NGN,300000,300000,300000,2025-12-28,2025-12-28,2026-03-28,90,0.377508,FIXED,MONTHLY,109308.43,UNSECURED_PERSONAL,HOUSEHOLD,DEPOSITS,False,CLOSED,2026-08-21,0,0.0,0,CURRENT,False,,False,False,0,0,PTY-LENDER_A-00000093,ANON-LENDER_A-00000093,PERSON,synthetic,WCDS-0.1
FAC-LENDER_A-00000094,LENDER_A,LENDER_A-100094,,TERM_LOAN,PERSONAL_9M,NGN,1000000,1000000,1000000,2025-08-24,2025-08-24,2026-05-21,270,0.324282,FIXED,MONTHLY,137764.46,PERSONAL,HOUSEHOLD,DEPOSITS,False,CLOSED,2026-08-21,0,0.0,0,CURRENT,False,,False,False,0,0,PTY-LENDER_A-00000094,ANON-LENDER_A-00000094,PERSON,synthetic,WCDS-0.1
FAC-LENDER_A-00000095,LENDER_A,LENDER_A-100095,,TERM_LOAN,SALARY_6M,NGN,300000,300000,300000,2025-11-27,2025-11-27,2026-05-26,180,0.299695,FIXED,MONTHLY,57389.74,UNSECURED_PERSONAL,HOUSEHOLD,DEPOSITS,False,CLOSED,2026-08-21,0,0.0,0,CURRENT,False,,False,False,0,0,PTY-LENDER_A-00000095,ANON-LENDER_A-00000095,PERSON,synthetic,WCDS-0.1
FAC-LENDER_A-00000096,LENDER_A,LENDER_A-100096,,TERM_LOAN,PERSONAL_9M,NGN,200000,200000,200000,2026-01-27,2026-01-27,2026-10-24,270,0.369146,FIXED,MONTHLY,28290.37,PERSONAL,HOUSEHOLD,DEPOSITS,False,ACTIVE,2026-08-21,47407.41,47407.41,0,CURRENT,False,,False,False,0,0,PTY-LENDER_A-00000096,ANON-LENDER_A-00000096,PERSON,synthetic,WCDS-0.1
FAC-LENDER_A-00000097,LENDER_A,LENDER_A-100097,,TERM_LOAN,PERSONAL_9M,NGN,300000,300000,300000,2026-05-01,2026-05-01,2027-01-26,270,0.397193,FIXED,MONTHLY,43127.13,PERSONAL,HOUSEHOLD,DEPOSITS,False,ACTIVE,2026-08-21,183055.56,186043.57,15,DPD_1_30,False,,False,False,0,0,PTY-LENDER_A-00000097,ANON-LENDER_A-00000097,PERSON,synthetic,WCDS-0.1
FAC-LENDER_A-00000098,LENDER_A,LENDER_A-100098,,TERM_LOAN,PERSONAL_9M,NGN,1000000,1000000,1000000,2026-04-04,2026-04-04,2026-12-30,270,0.316272,FIXED,MONTHLY,137106.08,PERSONAL,HOUSEHOLD,DEPOSITS,False,ACTIVE,2026-08-21,485185.19,485185.19,0,CURRENT,False,,False,False,0,0,PTY-LENDER_A-00000098,ANON-LENDER_A-00000098,PERSON,synthetic,WCDS-0.1
FAC-LENDER_A-00000099,LENDER_A,LENDER_A-100099,,TERM_LOAN,SALARY_3M,NGN,750000,750000,750000,2026-04-28,2026-04-28,2026-07-27,90,0.416915,FIXED,MONTHLY,275700.26,UNSECURED_PERSONAL,HOUSEHOLD,DEPOSITS,False,ACTIVE,2026-08-21,43750.0,45249.18,35,DPD_31_60,False,,False,False,0,0,PTY-LENDER_A-00000099,ANON-LENDER_A-00000099,PERSON,synthetic,WCDS-0.1
FAC-LENDER_A-00000100,LENDER_A,LENDER_A-100100,,TERM_LOAN,SALARY_3M,NGN,300000,300000,300000,2025-04-09,2025-04-09,2025-07-08,90,0.356328,FIXED,MONTHLY,108786.16,UNSECURED_PERSONAL,HOUSEHOLD,DEPOSITS,False,CLOSED,2026-08-21,0,0.0,0,CURRENT,False,,False,False,0,0,PTY-LENDER_A-00000100,ANON-LENDER_A-00000100,PERSON,synthetic,WCDS-0.1
FAC-LENDER_A-00000101,LENDER_A,LENDER_A-100101,,TERM_LOAN,PERSONAL_9M,NGN,100000,100000,100000,2026-03-09,2026-03-09,2026-12-04,270,0.349243,FIXED,MONTHLY,13981.6,PERSONAL,HOUSEHOLD,DEPOSITS,False,ACTIVE,2026-08-21,38888.89,38888.89,0,CURRENT,False,,False,False,0,0,PTY-LENDER_A-00000101,ANON-LENDER_A-00000101,PERSON,synthetic,WCDS-0.1
FAC-LENDER_A-00000102,LENDER_A,LENDER_A-100102,,TERM_LOAN,SALARY_3M,NGN,1000000,1000000,1000000,2025-06-11,2025-06-11,2025-09-09,90,0.367541,FIXED,MONTHLY,363542.16,UNSECURED_PERSONAL,HOUSEHOLD,DEPOSITS,False,CLOSED,2026-08-21,0,99999999.0,0,CURRENT,False,,False,False,0,0,PTY-LENDER_A-00000102,ANON-LENDER_A-00000102,PERSON,synthetic,WCDS-0.1
FAC-LENDER_A-00000103,LENDER_A,LENDER_A-100103,,TERM_LOAN,SALARY_6M,NGN,750000,750000,750000,2025-10-11,2025-10-11,2026-04-09,180,0.287082,FIXED,MONTHLY,142696.86,UNSECURED_PERSONAL,HOUSEHOLD,DEPOSITS,False,ACTIVE,2026-08-21,43750.0,44782.32,35,DPD_31_60,False,,False,False,0,0,PTY-LENDER_A-00000103,ANON-LENDER_A-00000103,PERSON,synthetic,WCDS-0.1
FAC-LENDER_A-00000104,LENDER_A,LENDER_A-100104,,TERM_LOAN,PERSONAL_9M,NGN,150000,150000,150000,2026-01-11,2026-01-11,2026-10-08,270,0.353156,FIXED,MONTHLY,21020.64,PERSONAL,HOUSEHOLD,DEPOSITS,False,ACTIVE,2026-08-21,26666.67,26666.67,0,CURRENT,False,,False,False,0,0,PTY-LENDER_A-00000104,ANON-LENDER_A-00000104,PERSON,synthetic,WCDS-0.1
FAC-LENDER_A-00000105,LENDER_A,LENDER_A-100105,,TERM_LOAN,PERSONAL_9M,NGN,150000,150000,150000,2026-03-04,2026-03-04,2026-11-29,270,0.308784,FIXED,MONTHLY,20473.59,PERSONAL,HOUSEHOLD,DEPOSITS,False,ACTIVE,2026-08-21,55555.56,55555.56,0,CURRENT,False,,False,False,0,0,PTY-LENDER_A-00000105,ANON-LENDER_A-00000105,PERSON,synthetic,WCDS-0.1
FAC-LENDER_A-00000106,LENDER_A,LENDER_A-100106,,TERM_LOAN,SALARY_3M,NGN,300000,300000,300000,2025-10-26,2025-10-26,2026-01-24,90,0.35406,FIXED,MONTHLY,108730.26,UNSECURED_PERSONAL,HOUSEHOLD,DEPOSITS,False,ACTIVE,2026-08-21,3500.0,3523.77,7,DPD_1_30,False,,False,False,0,0,PTY-LENDER_A-00000106,ANON-LENDER_A-00000106,PERSON,synthetic,WCDS-0.1
FAC-LENDER_A-00000107,LENDER_A,LENDER_A-100107,,TERM_LOAN,PERSONAL_9M,NGN,250000,250000,250000,2025-06-02,2025-06-02,2026-02-27,270,0.390869,FIXED,MONTHLY,35809.34,PERSONAL,HOUSEHOLD,DEPOSITS,False,CLOSED,2026-08-21,0,0.0,0,CURRENT,False,,False,False,0,0,PTY-LENDER_A-00000107,ANON-LENDER_A-00000107,PERSON,synthetic,WCDS-0.1
FAC-LENDER_A-00000108,LENDER_A,LENDER_A-100108,,TERM_LOAN,SALARY_3M,NGN,150000,150000,150000,2026-06-11,2026-06-11,2026-09-09,90,0.326977,FIXED,MONTHLY,54031.22,UNSECURED_PERSONAL,HOUSEHOLD,DEPOSITS,False,ACTIVE,2026-08-21,31666.67,31666.67,0,CURRENT,False,,False,False,0,0,PTY-LENDER_A-00000108,ANON-LENDER_A-00000108,PERSON,synthetic,WCDS-0.1
FAC-LENDER_A-00000109,LENDER_A,LENDER_A-100109,,TERM_LOAN,SALARY_6M,NGN,750000,750000,750000,2026-04-06,2026-04-06,2026-10-03,180,0.349875,FIXED,MONTHLY,146567.63,UNSECURED_PERSONAL,HOUSEHOLD,DEPOSITS,False,ACTIVE,2026-08-21,179166.67,179166.67,0,CURRENT,False,,False,False,0,0,PTY-LENDER_A-00000109,ANON-LENDER_A-00000109,PERSON,synthetic,WCDS-0.1
FAC-LENDER_A-00000110,LENDER_A,LENDER_A-100110,,TERM_LOAN,PERSONAL_9M,NGN,750000,750000,750000,2025-05-20,2025-05-20,2026-02-14,270,0.31267,FIXED,MONTHLY,102607.48,PERSONAL,HOUSEHOLD,DEPOSITS,False,CLOSED,2026-08-21,0,0.0,0,CURRENT,False,,False,False,0,0,PTY-LENDER_A-00000110,ANON-LENDER_A-00000110,PERSON,synthetic,WCDS-0.1
FAC-LENDER_A-00000111,LENDER_A,LENDER_A-100111,,TERM_LOAN,SALARY_6M,NGN,100000,100000,100000,2026-05-10,2026-05-10,2026-11-06,180,0.311843,FIXED,MONTHLY,19229.76,UNSECURED_PERSONAL,HOUSEHOLD,DEPOSITS,False,ACTIVE,2026-08-21,42777.78,42777.78,0,CURRENT,False,,False,False,0,0,PTY-LENDER_A-00000111,ANON-LENDER_A-00000111,PERSON,synthetic,WCDS-0.1
FAC-LENDER_A-00000112,LENDER_A,LENDER_A-100112,,TERM_LOAN,SALARY_3M,NGN,300000,300000,300000,2024-12-29,2024-12-29,2025-03-29,90,0.380916,FIXED,MONTHLY,109392.44,UNSECURED_PERSONAL,HOUSEHOLD,DEPOSITS,False,CLOSED,2026-08-21,0,0.0,0,CURRENT,False,,False,False,0,0,PTY-LENDER_A-00000112,ANON-LENDER_A-00000112,PERSON,synthetic,WCDS-0.1
FAC-LENDER_A-00000113,LENDER_A,LENDER_A-100113,,TERM_LOAN,SALARY_6M,NGN,200000,200000,200000,2024-12-20,2024-12-20,2025-06-18,180,0.31646,FIXED,MONTHLY,38535.42,UNSECURED_PERSONAL,HOUSEHOLD,DEPOSITS,False,CLOSED,2026-08-21,0,0.0,0,CURRENT,False,,False,False,0,0,PTY-LENDER_A-00000113,ANON-LENDER_A-00000113,PERSON,synthetic,WCDS-0.1
FAC-LENDER_A-00000114,LENDER_A,LENDER_A-100114,,TERM_LOAN,SALARY_6M,NGN,400000,400000,400000,2025-09-17,2025-09-17,2026-03-16,180,0.376287,FIXED,MONTHLY,79037.73,UNSECURED_PERSONAL,HOUSEHOLD,DEPOSITS,False,CLOSED,2026-08-21,0,0.0,0,CURRENT,False,,False,False,0,0,PTY-LENDER_A-00000114,ANON-LENDER_A-00000114,PERSON,synthetic,WCDS-0.1
FAC-LENDER_A-00000115,LENDER_A,LENDER_A-100115,,TERM_LOAN,SALARY_6M,NGN,500000,500000,500000,2025-01-25,2025-01-25,2025-07-24,180,0.299576,FIXED,MONTHLY,95644.69,UNSECURED_PERSONAL,HOUSEHOLD,DEPOSITS,False,CLOSED,2026-08-21,0,0.0,0,CURRENT,False,,False,False,0,0,PTY-LENDER_A-00000115,ANON-LENDER_A-00000115,PERSON,synthetic,WCDS-0.1
FAC-LENDER_A-00000116,LENDER_A,LENDER_A-100116,,TERM_LOAN,SALARY_6M,NGN,1000000,1000000,1000000,2026-08-10,2026-08-10,2027-02-06,180,0.290288,FIXED,MONTHLY,190525.94,UNSECURED_PERSONAL,HOUSEHOLD,DEPOSITS,False,ACTIVE,2026-08-21,938888.89,938888.89,0,CURRENT,False,,False,False,0,0,PTY-LENDER_A-00000116,ANON-LENDER_A-00000116,PERSON,synthetic,WCDS-0.1
FAC-LENDER_A-00000117,LENDER_A,LENDER_A-100117,,TERM_LOAN,SALARY_6M,NGN,750000,750000,750000,2025-05-16,2025-05-16,2025-11-12,180,0.30959,FIXED,MONTHLY,144084.3,UNSECURED_PERSONAL,HOUSEHOLD,DEPOSITS,False,ACTIVE,2026-08-21,8750.0,8801.95,7,DPD_1_30,False,,False,False,0,0,PTY-LENDER_A-00000117,ANON-LENDER_A-00000117,PERSON,synthetic,WCDS-0.1
FAC-LENDER_A-00000118,LENDER_A,LENDER_A-100118,,TERM_LOAN,SALARY_6M,NGN,750000,750000,750000,2026-04-09,2026-04-09,2026-10-06,180,0.325906,FIXED,MONTHLY,145090.12,UNSECURED_PERSONAL,HOUSEHOLD,DEPOSITS,False,ACTIVE,2026-08-21,191666.67,191666.67,0,CURRENT,False,,False,False,0,0,PTY-LENDER_A-00000118,ANON-LENDER_A-00000118,PERSON,synthetic,WCDS-0.1
FAC-LENDER_A-00000119,LENDER_A,LENDER_A-100119,,TERM_LOAN,SALARY_6M,NGN,1000000,1000000,1000000,2026-07-28,2026-07-28,2027-01-24,180,0.355918,FIXED,MONTHLY,195920.17,UNSECURED_PERSONAL,HOUSEHOLD,DEPOSITS,False,ACTIVE,2026-08-21,866666.67,866666.67,0,CURRENT,False,,False,False,0,0,PTY-LENDER_A-00000119,ANON-LENDER_A-00000119,PERSON,synthetic,WCDS-0.1
FAC-LENDER_A-00000120,LENDER_A,LENDER_A-100120,,TERM_LOAN,SALARY_6M,NGN,150000,150000,150000,2026-03-07,2026-03-07,2026-09-03,180,0.379071,FIXED,MONTHLY,29673.48,UNSECURED_PERSONAL,HOUSEHOLD,DEPOSITS,False,ACTIVE,2026-08-21,10833.33,10833.33,0,CURRENT,False,,False,False,0,0,PTY-LENDER_A-00000120,ANON-LENDER_A-00000120,PERSON,synthetic,WCDS-0.1
FAC-LENDER_A-00000121,LENDER_A,LENDER_A-100121,,TERM_LOAN,SALARY_6M,NGN,750000,750000,750000,2025-12-05,2025-12-05,2026-06-03,180,0.321065,FIXED,MONTHLY,144791.66,UNSECURED_PERSONAL,HOUSEHOLD,DEPOSITS,False,CLOSED,2026-08-21,0,0.0,0,CURRENT,False,,False,False,0,0,PTY-LENDER_A-00000121,ANON-LENDER_A-00000121,PERSON,synthetic,WCDS-0.1
FAC-LENDER_A-00000122,LENDER_A,LENDER_A-100122,,TERM_LOAN,PERSONAL_9M,NGN,200000,200000,200000,2026-06-01,2026-06-01,2027-02-26,270,0.351925,FIXED,MONTHLY,28007.3,PERSONAL,HOUSEHOLD,DEPOSITS,False,ACTIVE,2026-08-21,140000.0,140000.0,0,CURRENT,False,,False,False,0,0,PTY-LENDER_A-00000122,ANON-LENDER_A-00000122,PERSON,synthetic,WCDS-0.1
FAC-LENDER_A-00000123,LENDER_A,LENDER_A-100123,,TERM_LOAN,PERSONAL_9M,NGN,300000,300000,300000,2026-08-09,2026-08-09,2027-05-06,270,0.39211,FIXED,MONTHLY,43001.79,PERSONAL,HOUSEHOLD,DEPOSITS,False,ACTIVE,2026-08-21,286666.67,286666.67,0,CURRENT,False,,False,False,0,0,PTY-LENDER_A-00000123,ANON-LENDER_A-00000123,PERSON,synthetic,WCDS-0.1
FAC-LENDER_A-00000124,LENDER_A,LENDER_A-100124,,TERM_LOAN,SALARY_6M,NGN,200000,200000,200000,2025-05-11,2025-05-11,2025-11-07,180,0.330433,FIXED,MONTHLY,38765.1,UNSECURED_PERSONAL,HOUSEHOLD,DEPOSITS,False,CLOSED,2026-08-21,0,0.0,0,CURRENT,False,,False,False,0,0,PTY-LENDER_A-00000124,ANON-LENDER_A-00000124,PERSON,synthetic,WCDS-0.1
FAC-LENDER_A-00000125,LENDER_A,LENDER_A-100125,,TERM_LOAN,SALARY_6M,NGN,400000,400000,400000,2026-01-30,2026-01-30,2026-07-29,180,0.32623,FIXED,MONTHLY,77392.04,UNSECURED_PERSONAL,HOUSEHOLD,DEPOSITS,False,WRITTEN_OFF,2026-08-21,5136.08,5273.79,180,DPD_90_PLUS,True,2026-05-23,False,True,60000.0,6161.63,PTY-LENDER_A-00000125,ANON-LENDER_A-00000125,PERSON,synthetic,WCDS-0.1
FAC-LENDER_A-00000126,LENDER_A,LENDER_A-100126,,TERM_LOAN,SALARY_6M,NGN,500000,500000,500000,2026-03-09,2026-03-09,2026-09-05,180,0.316757,FIXED,MONTHLY,96350.75,UNSECURED_PERSONAL,HOUSEHOLD,DEPOSITS,False,ACTIVE,2026-08-21,41666.67,41666.67,0,CURRENT,False,,False,False,0,0,PTY-LENDER_A-00000126,ANON-LENDER_A-00000126,PERSON,synthetic,WCDS-0.1
FAC-LENDER_A-00000127,LENDER_A,LENDER_A-100127,,TERM_LOAN,SALARY_3M,NGN,750000,750000,750000,2026-05-01,2026-05-01,2026-07-30,90,0.304442,FIXED,MONTHLY,268766.99,UNSECURED_PERSONAL,HOUSEHOLD,DEPOSITS,False,CLOSED,2026-08-21,0,0.0,0,CURRENT,False,,False,False,0,0,PTY-LENDER_A-00000127,ANON-LENDER_A-00000127,PERSON,synthetic,WCDS-0.1
FAC-LENDER_A-00000128,LENDER_A,LENDER_A-100128,,TERM_LOAN,PERSONAL_9M,NGN,200000,200000,200000,2026-05-27,2026-05-27,2027-02-21,270,0.329197,FIXED,MONTHLY,27633.69,PERSONAL,HOUSEHOLD,DEPOSITS,False,ACTIVE,2026-08-21,136296.3,136296.3,0,CURRENT,False,,False,False,0,0,PTY-LENDER_A-00000128,ANON-LENDER_A-00000128,PERSON,synthetic,WCDS-0.1
FAC-LENDER_A-00000129,LENDER_A,LENDER_A-100129,,TERM_LOAN,PERSONAL_9M,NGN,150000,150000,150000,2025-09-09,2025-09-09,2026-06-06,270,0.363125,FIXED,MONTHLY,21143.54,PERSONAL,HOUSEHOLD,DEPOSITS,False,ACTIVE,2026-08-21,8750.0,9011.15,35,DPD_31_60,False,,False,False,0,0,PTY-LENDER_A-00000129,ANON-LENDER_A-00000129,PERSON,synthetic,WCDS-0.1
FAC-LENDER_A-00000130,LENDER_A,LENDER_A-100130,,TERM_LOAN,SALARY_6M,NGN,1000000,1000000,1000000,2026-07-06,2026-07-06,2027-01-02,180,0.297999,FIXED,MONTHLY,191159.76,UNSECURED_PERSONAL,HOUSEHOLD,DEPOSITS,False,ACTIVE,2026-08-21,744444.44,744444.44,0,CURRENT,False,,False,False,0,0,PTY-LENDER_A-00000130,ANON-LENDER_A-00000130,PERSON,synthetic,WCDS-0.1
FAC-LENDER_A-00000131,LENDER_A,LENDER_A-100131,,TERM_LOAN,SALARY_3M,NGN,150000,150000,150000,2025-05-24,2025-05-24,2025-08-22,90,0.328172,FIXED,MONTHLY,54045.96,UNSECURED_PERSONAL,HOUSEHOLD,DEPOSITS,False,DEFAULTED,2026-08-21,22500.0,23106.89,130,DPD_90_PLUS,True,2026-07-12,False,False,0,0,PTY-LENDER_A-00000131,ANON-LENDER_A-00000131,PERSON,synthetic,WCDS-0.1
FAC-LENDER_A-00000132,LENDER_A,LENDER_A-100132,,TERM_LOAN,SALARY_3M,NGN,100000,100000,100000,2025-09-13,2025-09-13,2025-12-12,90,0.312061,FIXED,MONTHLY,35898.22,UNSECURED_PERSONAL,HOUSEHOLD,DEPOSITS,False,ACTIVE,2026-08-21,2500.0,2532.06,15,DPD_1_30,False,,False,False,0,0,PTY-LENDER_A-00000132,ANON-LENDER_A-00000132,PERSON,synthetic,WCDS-0.1
FAC-LENDER_A-00000133,LENDER_A,LENDER_A-100133,,TERM_LOAN,PERSONAL_9M,NGN,500000,500000,500000,2025-01-09,2025-01-09,2025-10-06,270,0.297468,FIXED,MONTHLY,67780.28,PERSONAL,HOUSEHOLD,DEPOSITS,False,CLOSED,2026-08-21,0,0.0,0,CURRENT,False,,False,False,0,0,PTY-LENDER_A-00000133,ANON-LENDER_A-00000133,PERSON,synthetic,WCDS-0.1
FAC-LENDER_A-00000134,LENDER_A,LENDER_A-100134,,TERM_LOAN,SALARY_6M,NGN,250000,250000,250000,2025-03-20,2025-03-20,2025-09-16,180,0.281008,FIXED,MONTHLY,47440.81,UNSECURED_PERSONAL,HOUSEHOLD,DEPOSITS,False,ACTIVE,2026-08-21,27083.33,27708.87,65,DPD_61_90,False,,True,False,0,0,PTY-LENDER_A-00000134,ANON-LENDER_A-00000134,PERSON,synthetic,WCDS-0.1
FAC-LENDER_A-00000135,LENDER_A,LENDER_A-100135,,TERM_LOAN,SALARY_3M,NGN,750000,750000,750000,2025-10-21,2025-10-21,2026-01-19,90,0.355338,FIXED,MONTHLY,271904.4,UNSECURED_PERSONAL,HOUSEHOLD,DEPOSITS,False,CLOSED,2026-08-21,0,0.0,0,CURRENT,False,,False,False,0,0,PTY-LENDER_A-00000135,ANON-LENDER_A-00000135,PERSON,synthetic,WCDS-0.1
FAC-LENDER_A-00000136,LENDER_A,LENDER_A-100136,,TERM_LOAN,PERSONAL_9M,NGN,300000,300000,300000,2025-06-03,2025-06-03,2026-02-28,270,0.321468,FIXED,MONTHLY,41259.94,PERSONAL,HOUSEHOLD,DEPOSITS,False,CLOSED,2026-08-21,0,0.0,0,CURRENT,False,,False,False,0,0,PTY-LENDER_A-00000136,ANON-LENDER_A-00000136,PERSON,synthetic,WCDS-0.1
FAC-LENDER_A-00000137,LENDER_A,LENDER_A-100137,,TERM_LOAN,SALARY_6M,NGN,150000,150000,150000,2025-12-12,2025-12-12,2026-06-10,180,0.296255,FIXED,MONTHLY,28652.45,UNSECURED_PERSONAL,HOUSEHOLD,DEPOSITS,False,CLOSED,2026-08-21,0,0.0,0,CURRENT,False,,False,False,0,0,PTY-LENDER_A-00000137,ANON-LENDER_A-00000137,PERSON,synthetic,WCDS-0.1
FAC-LENDER_A-00000138,LENDER_A,LENDER_A-100138,,TERM_LOAN,SALARY_3M,NGN,500000,500000,500000,2025-11-03,2025-11-03,2026-02-01,90,0.343075,FIXED,MONTHLY,180765.64,UNSECURED_PERSONAL,HOUSEHOLD,DEPOSITS,False,CLOSED,2026-08-21,0,0.0,0,CURRENT,False,,False,False,0,0,PTY-LENDER_A-00000138,ANON-LENDER_A-00000138,PERSON,synthetic,WCDS-0.1
FAC-LENDER_A-00000139,LENDER_A,LENDER_A-100139,,TERM_LOAN,PERSONAL_9M,NGN,750000,750000,750000,2025-10-22,2025-10-22,2026-07-19,270,0.396832,FIXED,MONTHLY,107795.6,PERSONAL,HOUSEHOLD,DEPOSITS,False,ACTIVE,2026-08-21,8750.0,8816.59,7,DPD_1_30,False,,False,False,0,0,PTY-LENDER_A-00000139,ANON-LENDER_A-00000139,PERSON,synthetic,WCDS-0.1
FAC-LENDER_A-00000140,LENDER_A,LENDER_A-100140,,TERM_LOAN,SALARY_3M,NGN,300000,300000,300000,2026-03-24,2026-03-24,2026-06-22,90,0.327614,FIXED,MONTHLY,108078.16,UNSECURED_PERSONAL,HOUSEHOLD,DEPOSITS,False,CLOSED,2026-08-21,0,0.0,0,CURRENT,False,,False,False,0,0,PTY-LENDER_A-00000140,ANON-LENDER_A-00000140,PERSON,synthetic,WCDS-0.1
FAC-LENDER_A-00000141,LENDER_A,LENDER_A-100141,,TERM_LOAN,SALARY_6M,NGN,100000,100000,100000,2024-12-26,2024-12-26,2025-06-24,180,0.337561,FIXED,MONTHLY,19441.14,UNSECURED_PERSONAL,HOUSEHOLD,DEPOSITS,False,CLOSED,2026-08-21,0,0.0,0,CURRENT,False,,False,False,0,0,PTY-LENDER_A-00000141,ANON-LENDER_A-00000141,PERSON,synthetic,WCDS-0.1
FAC-LENDER_A-00000142,LENDER_A,LENDER_A-100142,,TERM_LOAN,SALARY_6M,NGN,200000,200000,200000,2026-01-18,2026-01-18,2026-07-17,180,0.369155,FIXED,MONTHLY,39401.64,UNSECURED_PERSONAL,HOUSEHOLD,DEPOSITS,False,CLOSED,2026-08-21,0,0.0,0,CURRENT,False,,False,False,0,0,PTY-LENDER_A-00000142,ANON-LENDER_A-00000142,PERSON,synthetic,WCDS-0.1
FAC-LENDER_A-00000143,LENDER_A,LENDER_A-100143,,TERM_LOAN,SALARY_6M,NGN,200000,200000,200000,2025-11-21,2025-11-21,2026-05-20,180,0.376579,FIXED,MONTHLY,39523.67,UNSECURED_PERSONAL,HOUSEHOLD,DEPOSITS,False,ACTIVE,2026-08-21,21666.67,22337.29,65,DPD_61_90,False,,False,False,0,0,PTY-LENDER_A-00000143,ANON-LENDER_A-00000143,PERSON,synthetic,WCDS-0.1
FAC-LENDER_A-00000144,LENDER_A,LENDER_A-100144,,TERM_LOAN,SALARY_3M,NGN,750000,750000,750000,2026-05-26,2026-05-26,2026-08-24,90,0.416086,FIXED,MONTHLY,275649.14,UNSECURED_PERSONAL,HOUSEHOLD,DEPOSITS,False,ACTIVE,2026-08-21,25000.0,25000.0,0,CURRENT,False,,False,False,0,0,PTY-LENDER_A-00000144,ANON-LENDER_A-00000144,PERSON,synthetic,WCDS-0.1
FAC-LENDER_A-00000145,LENDER_A,LENDER_A-100145,,TERM_LOAN,SALARY_6M,NGN,1000000,1000000,1000000,2025-08-02,2025-08-02,2026-01-29,180,0.363217,FIXED,MONTHLY,196520.11,UNSECURED_PERSONAL,HOUSEHOLD,DEPOSITS,False,CLOSED,2026-08-21,0,0.0,0,CURRENT,False,,False,False,0,0,PTY-LENDER_A-00000145,ANON-LENDER_A-00000145,PERSON,synthetic,WCDS-0.1
FAC-LENDER_A-00000146,LENDER_A,LENDER_A-100146,,TERM_LOAN,SALARY_6M,NGN,300000,300000,300000,2024-12-21,2024-12-21,2025-06-19,180,0.291735,FIXED,MONTHLY,57193.47,UNSECURED_PERSONAL,HOUSEHOLD,DEPOSITS,False,CLOSED,2026-08-21,0,0.0,0,CURRENT,False,,False,False,0,0,PTY-LENDER_A-00000146,ANON-LENDER_A-00000146,PERSON,synthetic,WCDS-0.1
FAC-LENDER_A-00000147,LENDER_A,LENDER_A-100147,,TERM_LOAN,SALARY_6M,NGN,100000,100000,100000,2025-01-14,2025-01-14,2025-07-13,180,0.304577,FIXED,MONTHLY,19170.04,UNSECURED_PERSONAL,HOUSEHOLD,DEPOSITS,False,CLOSED,2026-08-21,0,0.0,0,CURRENT,False,,False,False,0,0,PTY-LENDER_A-00000147,ANON-LENDER_A-00000147,PERSON,synthetic,WCDS-0.1
FAC-LENDER_A-00000148,LENDER_A,LENDER_A-100148,,TERM_LOAN,SALARY_6M,NGN,300000,300000,300000,2025-06-19,2025-06-19,2025-12-16,180,0.337718,FIXED,MONTHLY,58327.3,UNSECURED_PERSONAL,HOUSEHOLD,DEPOSITS,False,CLOSED,2026-08-21,0,0.0,0,CURRENT,False,,False,False,0,0,PTY-LENDER_A-00000148,ANON-LENDER_A-00000148,PERSON,synthetic,WCDS-0.1
FAC-LENDER_A-00000149,LENDER_A,LENDER_A-100149,,TERM_LOAN,SALARY_3M,NGN,150000,150000,150000,2025-12-14,2025-12-14,2026-03-14,90,0.305442,FIXED,MONTHLY,53765.72,UNSECURED_PERSONAL,HOUSEHOLD,DEPOSITS,False,ACTIVE,2026-08-21,8750.0,8969.67,35,DPD_31_60,False,,True,False,0,0,PTY-LENDER_A-00000149,ANON-LENDER_A-00000149,PERSON,synthetic,WCDS-0.1
FAC-LENDER_A-00000150,LENDER_A,LENDER_A-100150,,TERM_LOAN,PERSONAL_9M,NGN,500000,500000,500000,2024-12-18,2024-12-18,2025-09-14,270,0.369177,FIXED,MONTHLY,70727.21,PERSONAL,HOUSEHOLD,DEPOSITS,False,ACTIVE,2026-08-21,5833.33,5874.63,7,DPD_1_30,False,,False,False,0,0,PTY-LENDER_A-00000150,ANON-LENDER_A-00000150,PERSON,synthetic,WCDS-0.1
FAC-LENDER_A-00000151,LENDER_A,LENDER_A-100151,,TERM_LOAN,SALARY_6M,NGN,500000,500000,500000,2025-10-29,2025-10-29,2026-04-27,180,0.309786,FIXED,MONTHLY,96064.27,UNSECURED_PERSONAL,HOUSEHOLD,DEPOSITS,False,CLOSED,2026-08-21,0,0.0,0,CURRENT,False,,False,False,0,0,PTY-LENDER_A-00000151,ANON-LENDER_A-00000151,PERSON,synthetic,WCDS-0.1
FAC-LENDER_A-00000152,LENDER_A,LENDER_A-100152,,TERM_LOAN,SALARY_6M,NGN,150000,150000,150000,2025-07-31,2025-07-31,2026-01-27,180,0.313206,FIXED,MONTHLY,28861.44,UNSECURED_PERSONAL,HOUSEHOLD,DEPOSITS,False,CLOSED,2026-08-21,0,0.0,0,CURRENT,False,,False,False,0,0,PTY-LENDER_A-00000152,ANON-LENDER_A-00000152,PERSON,synthetic,WCDS-0.1
FAC-LENDER_A-00000153,LENDER_A,LENDER_A-100153,,TERM_LOAN,SALARY_3M,NGN,150000,150000,150000,2025-05-03,2025-05-03,2025-08-01,90,0.417341,FIXED,MONTHLY,55145.3,UNSECURED_PERSONAL,HOUSEHOLD,DEPOSITS,False,CLOSED,2026-08-21,0,0.0,0,CURRENT,False,,False,False,0,0,PTY-LENDER_A-00000153,ANON-LENDER_A-00000153,PERSON,synthetic,WCDS-0.1
FAC-LENDER_A-00000154,LENDER_A,LENDER_A-100154,,TERM_LOAN,SALARY_3M,NGN,400000,400000,400000,2025-12-05,2025-12-05,2026-03-05,90,0.325453,FIXED,MONTHLY,144033.15,UNSECURED_PERSONAL,HOUSEHOLD,DEPOSITS,False,DEFAULTED,2026-08-21,60000.0,61604.97,180,DPD_90_PLUS,True,2026-05-23,False,False,0,0,PTY-LENDER_A-00000154,ANON-LENDER_A-00000154,PERSON,synthetic,WCDS-0.1
FAC-LENDER_A-00000155,LENDER_A,LENDER_A-100155,,TERM_LOAN,SALARY_3M,NGN,400000,400000,400000,2026-03-13,2026-03-13,2026-06-11,90,0.399578,FIXED,MONTHLY,146470.15,UNSECURED_PERSONAL,HOUSEHOLD,DEPOSITS,False,ACTIVE,2026-08-21,10000.0,10164.21,15,DPD_1_30,False,,False,False,0,0,PTY-LENDER_A-00000155,ANON-LENDER_A-00000155,PERSON,synthetic,WCDS-0.1
FAC-LENDER_A-00000156,LENDER_A,LENDER_A-100156,,TERM_LOAN,SALARY_3M,NGN,1000000,1000000,1000000,2025-11-28,2025-11-28,2026-02-26,90,0.371518,FIXED,MONTHLY,363869.04,UNSECURED_PERSONAL,HOUSEHOLD,DEPOSITS,False,ACTIVE,2026-08-21,25000.0,25381.7,15,DPD_1_30,False,,False,False,0,0,PTY-LENDER_A-00000156,ANON-LENDER_A-00000156,PERSON,synthetic,WCDS-0.1
FAC-LENDER_A-00000157,LENDER_A,LENDER_A-100157,,TERM_LOAN,SALARY_6M,NGN,250000,250000,250000,2024-12-17,2024-12-17,2025-06-15,180,0.363974,FIXED,MONTHLY,49145.58,UNSECURED_PERSONAL,HOUSEHOLD,DEPOSITS,False,CLOSED,2026-08-21,0,0.0,0,CURRENT,False,,False,False,0,0,PTY-LENDER_A-00000157,ANON-LENDER_A-00000157,PERSON,synthetic,WCDS-0.1
FAC-LENDER_A-00000158,LENDER_A,LENDER_A-100158,,TERM_LOAN,PERSONAL_9M,NGN,150000,150000,150000,2026-06-07,2026-06-07,2027-03-04,270,0.369006,FIXED,MONTHLY,21216.06,PERSONAL,HOUSEHOLD,DEPOSITS,False,ACTIVE,2026-08-21,108333.33,108333.33,0,CURRENT,False,,False,False,0,0,PTY-LENDER_A-00000158,ANON-LENDER_A-00000158,PERSON,synthetic,WCDS-0.1
FAC-LENDER_A-00000159,LENDER_A,LENDER_A-100159,,TERM_LOAN,PERSONAL_9M,NGN,250000,250000,250000,2026-06-28,2026-06-28,2027-03-25,270,0.293086,FIXED,MONTHLY,33800.1,PERSONAL,HOUSEHOLD,DEPOSITS,False,ACTIVE,2026-08-21,202916.67,204057.23,7,DPD_1_30,False,,False,False,0,0,PTY-LENDER_A-00000159,ANON-LENDER_A-00000159,PERSON,synthetic,WCDS-0.1
FAC-LENDER_A-00000160,LENDER_A,LENDER_A-100160,,TERM_LOAN,PERSONAL_9M,NGN,100000,100000,100000,2026-06-10,2026-06-10,2027-03-07,270,0.316196,FIXED,MONTHLY,13709.98,PERSONAL,HOUSEHOLD,DEPOSITS,False,DEFAULTED,2026-08-21,88333.33,90629.0,180,DPD_90_PLUS,True,2026-05-23,False,False,0,0,PTY-LENDER_A-00000160,ANON-LENDER_A-00000160,PERSON,synthetic,WCDS-0.1
FAC-LENDER_A-00000161,LENDER_A,LENDER_A-100161,,TERM_LOAN,SALARY_3M,NGN,400000,400000,400000,2026-03-13,2026-03-13,2026-06-11,90,0.312955,FIXED,MONTHLY,143622.28,UNSECURED_PERSONAL,HOUSEHOLD,DEPOSITS,False,CLOSED,2026-08-21,0,0.0,0,CURRENT,False,,False,False,0,0,PTY-LENDER_A-00000161,ANON-LENDER_A-00000161,PERSON,synthetic,WCDS-0.1
FAC-LENDER_A-00000162,LENDER_A,LENDER_A-100162,,TERM_LOAN,SALARY_6M,NGN,500000,500000,500000,2025-02-14,2025-02-14,2025-08-13,180,0.335969,FIXED,MONTHLY,97140.29,UNSECURED_PERSONAL,HOUSEHOLD,DEPOSITS,False,CLOSED,2026-08-21,0,0.0,0,CURRENT,False,,False,False,0,0,PTY-LENDER_A-00000162,ANON-LENDER_A-00000162,PERSON,synthetic,WCDS-0.1
FAC-LENDER_A-00000163,LENDER_A,LENDER_A-100163,,TERM_LOAN,SALARY_3M,NGN,1000000,1000000,1000000,2026-01-03,2026-01-03,2026-04-03,90,0.360666,FIXED,MONTHLY,362977.12,UNSECURED_PERSONAL,HOUSEHOLD,DEPOSITS,False,CLOSED,2026-08-21,0,0.0,0,CURRENT,False,,False,False,0,0,PTY-LENDER_A-00000163,ANON-LENDER_A-00000163,PERSON,synthetic,WCDS-0.1
FAC-LENDER_A-00000164,LENDER_A,LENDER_A-100164,,TERM_LOAN,SALARY_6M,NGN,500000,500000,500000,2026-05-06,2026-05-06,2026-11-02,180,0.309658,FIXED,MONTHLY,96058.99,UNSECURED_PERSONAL,HOUSEHOLD,DEPOSITS,False,ACTIVE,2026-08-21,202777.78,202777.78,0,CURRENT,False,,False,False,0,0,PTY-LENDER_A-00000164,ANON-LENDER_A-00000164,PERSON,synthetic,WCDS-0.1
FAC-LENDER_A-00000165,LENDER_A,LENDER_A-100165,,TERM_LOAN,PERSONAL_9M,NGN,750000,750000,750000,2026-06-04,2026-06-04,2027-03-01,270,0.394431,FIXED,MONTHLY,107647.58,PERSONAL,HOUSEHOLD,DEPOSITS,False,ACTIVE,2026-08-21,533333.33,533333.33,0,CURRENT,False,,False,False,0,0,PTY-LENDER_A-00000165,ANON-LENDER_A-00000165,PERSON,synthetic,WCDS-0.1
FAC-LENDER_A-00000166,LENDER_A,LENDER_A-100166,,TERM_LOAN,SALARY_6M,NGN,200000,200000,200000,2025-01-19,2025-01-19,2025-07-18,180,0.311825,FIXED,MONTHLY,38459.23,UNSECURED_PERSONAL,HOUSEHOLD,DEPOSITS,False,CLOSED,2026-08-21,0,0.0,0,CURRENT,False,,False,False,0,0,PTY-LENDER_A-00000166,ANON-LENDER_A-00000166,PERSON,synthetic,WCDS-0.1
FAC-LENDER_A-00000167,LENDER_A,LENDER_A-100167,,TERM_LOAN,SALARY_6M,NGN,400000,400000,400000,2025-06-04,2025-06-04,2025-12-01,180,0.327402,FIXED,MONTHLY,77430.57,UNSECURED_PERSONAL,HOUSEHOLD,DEPOSITS,False,ACTIVE,2026-08-21,23333.33,23961.23,35,DPD_31_60,False,,False,False,0,0,PTY-LENDER_A-00000167,ANON-LENDER_A-00000167,PERSON,synthetic,WCDS-0.1
FAC-LENDER_A-00000168,LENDER_A,LENDER_A-100168,,TERM_LOAN,PERSONAL_9M,NGN,1000000,1000000,1000000,2026-01-06,2026-01-06,2026-10-03,270,0.322198,FIXED,MONTHLY,137593.1,PERSONAL,HOUSEHOLD,DEPOSITS,False,ACTIVE,2026-08-21,159259.26,159259.26,0,CURRENT,False,,False,False,0,0,PTY-LENDER_A-00000168,ANON-LENDER_A-00000168,PERSON,synthetic,WCDS-0.1
FAC-LENDER_A-00000169,LENDER_A,LENDER_A-100169,,TERM_LOAN,PERSONAL_9M,NGN,400000,400000,400000,2026-04-16,2026-04-16,2027-01-11,270,0.322014,FIXED,MONTHLY,55031.2,PERSONAL,HOUSEHOLD,DEPOSITS,False,ACTIVE,2026-08-21,216518.52,217855.65,7,DPD_1_30,False,,False,False,0,0,PTY-LENDER_A-00000169,ANON-LENDER_A-00000169,PERSON,synthetic,WCDS-0.1
FAC-LENDER_A-00000170,LENDER_A,LENDER_A-100170,,TERM_LOAN,PERSONAL_9M,NGN,1000000,1000000,1000000,2026-07-16,2026-07-16,2027-04-12,270,0.381419,FIXED,MONTHLY,142460.59,PERSONAL,HOUSEHOLD,DEPOSITS,False,ACTIVE,2026-08-21,866666.67,866666.67,0,CURRENT,False,,False,False,0,0,PTY-LENDER_A-00000170,ANON-LENDER_A-00000170,PERSON,synthetic,WCDS-0.1
FAC-LENDER_A-00000171,LENDER_A,LENDER_A-100171,,TERM_LOAN,SALARY_6M,NGN,300000,300000,300000,2025-08-29,2025-08-29,2026-02-25,180,0.343217,FIXED,MONTHLY,58462.87,UNSECURED_PERSONAL,HOUSEHOLD,DEPOSITS,False,CLOSED,2026-08-21,0,0.0,0,CURRENT,False,,False,False,0,0,PTY-LENDER_A-00000171,ANON-LENDER_A-00000171,PERSON,synthetic,WCDS-0.1
FAC-LENDER_A-00000172,LENDER_A,LENDER_A-100172,,TERM_LOAN,SALARY_3M,NGN,200000,200000,200000,2026-07-11,2026-07-11,2026-10-09,90,0.321769,FIXED,MONTHLY,71956.01,UNSECURED_PERSONAL,HOUSEHOLD,DEPOSITS,False,ACTIVE,2026-08-21,108888.89,108888.89,0,CURRENT,False,,False,False,0,0,PTY-LENDER_A-00000172,ANON-LENDER_A-00000172,PERSON,synthetic,WCDS-0.1
FAC-LENDER_A-00000173,LENDER_A,LENDER_A-100173,,TERM_LOAN,SALARY_3M,NGN,400000,400000,400000,2025-09-26,2025-09-26,2025-12-25,90,0.363658,FIXED,MONTHLY,145289.21,UNSECURED_PERSONAL,HOUSEHOLD,DEPOSITS,False,ACTIVE,2026-08-21,4666.67,4699.21,7,DPD_1_30,False,,False,False,0,0,PTY-LENDER_A-00000173,ANON-LENDER_A-00000173,PERSON,synthetic,WCDS-0.1
FAC-LENDER_A-00000174,LENDER_A,LENDER_A-100174,,TERM_LOAN,SALARY_3M,NGN,200000,200000,200000,2026-03-03,2026-03-03,2026-06-01,90,0.39322,FIXED,MONTHLY,73130.56,UNSECURED_PERSONAL,HOUSEHOLD,DEPOSITS,False,ACTIVE,2026-08-21,2333.33,2350.93,7,DPD_1_30,False,,False,False,0,0,PTY-LENDER_A-00000174,ANON-LENDER_A-00000174,PERSON,synthetic,WCDS-0.1
FAC-LENDER_A-00000175,LENDER_A,LENDER_A-100175,,TERM_LOAN,SALARY_6M,NGN,750000,750000,750000,2025-05-16,2025-05-16,2025-11-12,180,0.26979,FIXED,MONTHLY,141630.88,UNSECURED_PERSONAL,HOUSEHOLD,DEPOSITS,False,CLOSED,2026-08-21,0,0.0,0,CURRENT,False,,False,False,0,0,PTY-LENDER_A-00000175,ANON-LENDER_A-00000175,PERSON,synthetic,WCDS-0.1
FAC-LENDER_A-00000176,LENDER_A,LENDER_A-100176,,TERM_LOAN,SALARY_3M,NGN,300000,300000,300000,2024-12-12,2024-12-12,2025-03-12,90,0.325868,FIXED,MONTHLY,108035.11,UNSECURED_PERSONAL,HOUSEHOLD,DEPOSITS,False,CLOSED,2026-08-21,0,0.0,0,CURRENT,False,,False,False,0,0,PTY-LENDER_A-00000176,ANON-LENDER_A-00000176,PERSON,synthetic,WCDS-0.1
FAC-LENDER_A-00000177,LENDER_A,LENDER_A-100177,,TERM_LOAN,PERSONAL_9M,NGN,100000,100000,100000,2026-08-04,2026-08-04,2027-05-01,270,0.327432,FIXED,MONTHLY,13802.33,PERSONAL,HOUSEHOLD,DEPOSITS,False,ACTIVE,2026-08-21,93703.7,93703.7,0,CURRENT,False,,False,False,0,0,PTY-LENDER_A-00000177,ANON-LENDER_A-00000177,PERSON,synthetic,WCDS-0.1
FAC-LENDER_A-00000178,LENDER_A,LENDER_A-100178,,TERM_LOAN,SALARY_6M,NGN,400000,400000,400000,2026-04-11,2026-04-11,2026-10-08,180,0.352082,FIXED,MONTHLY,78241.96,UNSECURED_PERSONAL,HOUSEHOLD,DEPOSITS,False,ACTIVE,2026-08-21,106666.67,106666.67,0,CURRENT,False,,False,False,0,0,PTY-LENDER_A-00000178,ANON-LENDER_A-00000178,PERSON,synthetic,WCDS-0.1
FAC-LENDER_A-00000179,LENDER_A,LENDER_A-100179,,TERM_LOAN,PERSONAL_9M,NGN,250000,250000,250000,2025-03-17,2025-03-17,2025-12-12,270,0.325625,FIXED,MONTHLY,34468.7,PERSONAL,HOUSEHOLD,DEPOSITS,False,CLOSED,2026-08-21,0,0.0,0,CURRENT,False,,False,False,0,0,PTY-LENDER_A-00000179,ANON-LENDER_A-00000179,PERSON,synthetic,WCDS-0.1
FAC-LENDER_A-00000180,LENDER_A,LENDER_A-100180,,TERM_LOAN,PERSONAL_9M,NGN,100000,100000,100000,2025-05-22,2025-05-22,2026-02-16,270,0.327649,FIXED,MONTHLY,13804.11,PERSONAL,HOUSEHOLD,DEPOSITS,False,CLOSED,2026-08-21,0,0.0,0,CURRENT,False,,False,False,0,0,PTY-LENDER_A-00000180,ANON-LENDER_A-00000180,PERSON,synthetic,WCDS-0.1
FAC-LENDER_A-00000181,LENDER_A,LENDER_A-100181,,TERM_LOAN,PERSONAL_9M,NGN,500000,500000,500000,2025-06-10,2025-06-10,2026-03-07,270,0.349091,FIXED,MONTHLY,69901.77,PERSONAL,HOUSEHOLD,DEPOSITS,False,CLOSED,2026-08-21,0,0.0,0,CURRENT,False,,False,False,0,0,PTY-LENDER_A-00000181,ANON-LENDER_A-00000181,PERSON,synthetic,WCDS-0.1
FAC-LENDER_A-00000182,LENDER_A,LENDER_A-100182,,TERM_LOAN,PERSONAL_9M,NGN,750000,750000,750000,2025-08-06,2025-08-06,2026-05-03,270,0.300625,FIXED,MONTHLY,101865.0,PERSONAL,HOUSEHOLD,DEPOSITS,False,CLOSED,2026-08-21,0,0.0,0,CURRENT,False,,False,False,0,0,PTY-LENDER_A-00000182,ANON-LENDER_A-00000182,PERSON,synthetic,WCDS-0.1
FAC-LENDER_A-00000183,LENDER_A,LENDER_A-100183,,TERM_LOAN,PERSONAL_9M,NGN,150000,150000,150000,2025-07-02,2025-07-02,2026-03-29,270,0.350665,FIXED,MONTHLY,20989.93,PERSONAL,HOUSEHOLD,DEPOSITS,False,ACTIVE,2026-08-21,8750.0,9002.19,35,DPD_31_60,False,,False,False,0,0,PTY-LENDER_A-00000183,ANON-LENDER_A-00000183,PERSON,synthetic,WCDS-0.1
FAC-LENDER_A-00000184,LENDER_A,LENDER_A-100184,,TERM_LOAN,PERSONAL_9M,NGN,150000,150000,150000,2025-02-14,2025-02-14,2025-11-11,270,0.289166,FIXED,MONTHLY,20231.72,PERSONAL,HOUSEHOLD,DEPOSITS,False,CLOSED,2026-08-21,0,0.0,0,CURRENT,False,,False,False,0,0,PTY-LENDER_A-00000184,ANON-LENDER_A-00000184,PERSON,synthetic,WCDS-0.1
FAC-LENDER_A-00000185,LENDER_A,LENDER_A-100185,,TERM_LOAN,PERSONAL_9M,NGN,200000,200000,200000,2025-12-13,2025-12-13,2026-09-09,270,0.367285,FIXED,MONTHLY,28259.79,PERSONAL,HOUSEHOLD,DEPOSITS,False,ACTIVE,2026-08-21,14074.07,14074.07,0,CURRENT,False,,False,False,0,0,PTY-LENDER_A-00000185,ANON-LENDER_A-00000185,PERSON,synthetic,WCDS-0.1
FAC-LENDER_A-00000186,LENDER_A,LENDER_A-100186,,TERM_LOAN,PERSONAL_9M,NGN,150000,150000,150000,2026-02-11,2026-02-11,2026-11-08,270,0.298344,FIXED,MONTHLY,20344.88,PERSONAL,HOUSEHOLD,DEPOSITS,False,DEFAULTED,2026-08-21,66388.89,68016.84,95,DPD_90_PLUS,True,2026-08-16,False,False,0,0,PTY-LENDER_A-00000186,ANON-LENDER_A-00000186,PERSON,synthetic,WCDS-0.1
FAC-LENDER_A-00000187,LENDER_A,LENDER_A-100187,,TERM_LOAN,PERSONAL_9M,NGN,400000,400000,400000,2025-09-22,2025-09-22,2026-06-19,270,0.349536,FIXED,MONTHLY,55936.04,PERSONAL,HOUSEHOLD,DEPOSITS,False,CLOSED,2026-08-21,0,0.0,0,CURRENT,False,,False,False,0,0,PTY-LENDER_A-00000187,ANON-LENDER_A-00000187,PERSON,synthetic,WCDS-0.1
FAC-LENDER_A-00000188,LENDER_A,LENDER_A-100188,,TERM_LOAN,SALARY_6M,NGN,100000,100000,100000,2025-08-16,2025-08-16,2026-02-12,180,0.313065,FIXED,MONTHLY,19239.8,UNSECURED_PERSONAL,HOUSEHOLD,DEPOSITS,False,CLOSED,2026-08-21,0,0.0,0,CURRENT,False,,False,False,0,0,PTY-LENDER_A-00000188,ANON-LENDER_A-00000188,PERSON,synthetic,WCDS-0.1
FAC-LENDER_A-00000189,LENDER_A,LENDER_A-100189,,TERM_LOAN,SALARY_6M,NGN,150000,150000,150000,2026-05-11,2026-05-11,2026-11-07,180,0.31423,FIXED,MONTHLY,28874.06,UNSECURED_PERSONAL,HOUSEHOLD,DEPOSITS,False,ACTIVE,2026-08-21,65000.0,65000.0,0,CURRENT,False,,False,False,0,0,PTY-LENDER_A-00000189,ANON-LENDER_A-00000189,PERSON,synthetic,WCDS-0.1
FAC-LENDER_A-00000190,LENDER_A,LENDER_A-100190,,TERM_LOAN,PERSONAL_9M,NGN,100000,100000,100000,2025-05-08,2025-05-08,2026-02-02,270,0.346518,FIXED,MONTHLY,13959.2,PERSONAL,HOUSEHOLD,DEPOSITS,False,ACTIVE,2026-08-21,10833.33,11141.88,65,DPD_61_90,False,,False,False,0,0,PTY-LENDER_A-00000190,ANON-LENDER_A-00000190,PERSON,synthetic,WCDS-0.1
FAC-LENDER_A-00000191,LENDER_A,LENDER_A-100191,,TERM_LOAN,SALARY_3M,NGN,750000,750000,750000,2026-04-28,2026-04-28,2026-07-27,90,0.322589,FIXED,MONTHLY,269885.61,UNSECURED_PERSONAL,HOUSEHOLD,DEPOSITS,False,ACTIVE,2026-08-21,18750.0,18998.57,15,DPD_1_30,False,,False,False,0,0,PTY-LENDER_A-00000191,ANON-LENDER_A-00000191,PERSON,synthetic,WCDS-0.1
FAC-LENDER_A-00000192,LENDER_A,LENDER_A-100192,,TERM_LOAN,PERSONAL_9M,NGN,200000,200000,200000,2026-07-02,2026-07-02,2027-03-29,270,0.290119,FIXED,MONTHLY,26991.31,PERSONAL,HOUSEHOLD,DEPOSITS,False,ACTIVE,2026-08-21,162962.96,162962.96,0,CURRENT,False,,False,False,0,0,PTY-LENDER_A-00000192,ANON-LENDER_A-00000192,PERSON,synthetic,WCDS-0.1
FAC-LENDER_A-00000193,LENDER_A,LENDER_A-100193,,TERM_LOAN,SALARY_3M,NGN,400000,400000,400000,2025-07-26,2025-07-26,2025-10-24,90,0.352531,FIXED,MONTHLY,144923.39,UNSECURED_PERSONAL,HOUSEHOLD,DEPOSITS,False,ACTIVE,2026-08-21,43333.33,44588.92,65,DPD_61_90,False,,False,False,0,0,PTY-LENDER_A-00000193,ANON-LENDER_A-00000193,PERSON,synthetic,WCDS-0.1
FAC-LENDER_A-00000194,LENDER_A,LENDER_A-100194,,TERM_LOAN,PERSONAL_9M,NGN,400000,400000,400000,2026-06-05,2026-06-05,2027-03-02,270,0.286284,FIXED,MONTHLY,53856.52,PERSONAL,HOUSEHOLD,DEPOSITS,False,ACTIVE,2026-08-21,285925.93,285925.93,0,CURRENT,False,,False,False,0,0,PTY-LENDER_A-00000194,ANON-LENDER_A-00000194,PERSON,synthetic,WCDS-0.1
FAC-LENDER_A-00000195,LENDER_A,LENDER_A-100195,,TERM_LOAN,PERSONAL_9M,NGN,200000,200000,200000,2025-09-04,2025-09-04,2026-06-01,270,0.310239,FIXED,MONTHLY,27322.05,PERSONAL,HOUSEHOLD,DEPOSITS,False,CLOSED,2026-08-21,0,0.0,0,CURRENT,False,,False,False,0,0,PTY-LENDER_A-00000195,ANON-LENDER_A-00000195,PERSON,synthetic,WCDS-0.1
FAC-LENDER_A-00000196,LENDER_A,LENDER_A-100196,,TERM_LOAN,PERSONAL_9M,NGN,500000,500000,500000,2026-04-01,2026-04-01,2026-12-27,270,0.317228,FIXED,MONTHLY,68592.31,PERSONAL,HOUSEHOLD,DEPOSITS,False,ACTIVE,2026-08-21,237037.04,237037.04,0,CURRENT,False,,False,False,0,0,PTY-LENDER_A-00000196,ANON-LENDER_A-00000196,PERSON,synthetic,WCDS-0.1
FAC-LENDER_A-00000197,LENDER_A,LENDER_A-100197,,TERM_LOAN,SALARY_6M,NGN,200000,200000,200000,2025-02-18,2025-02-18,2025-08-17,180,0.29715,FIXED,MONTHLY,38217.99,UNSECURED_PERSONAL,HOUSEHOLD,DEPOSITS,False,CLOSED,2026-08-21,0,0.0,0,CURRENT,False,,False,False,0,0,PTY-LENDER_A-00000197,ANON-LENDER_A-00000197,PERSON,synthetic,WCDS-0.1
FAC-LENDER_A-00000198,LENDER_A,LENDER_A-100198,,TERM_LOAN,SALARY_6M,NGN,200000,200000,200000,2026-01-04,2026-01-04,2026-07-03,180,0.321019,FIXED,MONTHLY,38610.35,UNSECURED_PERSONAL,HOUSEHOLD,DEPOSITS,False,CLOSED,2026-08-21,0,0.0,0,CURRENT,False,,False,False,0,0,PTY-LENDER_A-00000198,ANON-LENDER_A-00000198,PERSON,synthetic,WCDS-0.1
FAC-LENDER_A-00000199,LENDER_A,LENDER_A-100199,,TERM_LOAN,SALARY_3M,NGN,150000,150000,150000,2025-10-13,2025-10-13,2026-01-11,90,0.391939,FIXED,MONTHLY,54832.12,UNSECURED_PERSONAL,HOUSEHOLD,DEPOSITS,False,ACTIVE,2026-08-21,8750.0,9031.87,35,DPD_31_60,False,,True,False,0,0,PTY-LENDER_A-00000199,ANON-LENDER_A-00000199,PERSON,synthetic,WCDS-0.1
FAC-LENDER_A-00000200,LENDER_A,LENDER_A-100200,,TERM_LOAN,SALARY_3M,NGN,400000,400000,400000,2026-03-30,2026-03-30,2026-06-28,90,0.392505,FIXED,MONTHLY,146237.61,UNSECURED_PERSONAL,HOUSEHOLD,DEPOSITS,False,CLOSED,2026-08-21,0,0.0,0,CURRENT,False,,False,False,0,0,PTY-LENDER_A-00000200,ANON-LENDER_A-00000200,PERSON,synthetic,WCDS-0.1
FAC-LENDER_A-00000201,LENDER_A,LENDER_A-100201,,TERM_LOAN,PERSONAL_9M,NGN,200000,200000,200000,2025-05-20,2025-05-20,2026-02-14,270,0.363141,FIXED,MONTHLY,28191.67,PERSONAL,HOUSEHOLD,DEPOSITS,False,CLOSED,2026-08-21,0,0.0,0,CURRENT,False,,False,False,0,0,PTY-LENDER_A-00000201,ANON-LENDER_A-00000201,PERSON,synthetic,WCDS-0.1
FAC-LENDER_A-00000202,LENDER_A,LENDER_A-100202,,TERM_LOAN,PERSONAL_9M,NGN,300000,300000,300000,2025-05-09,2025-05-09,2026-02-03,270,0.396351,FIXED,MONTHLY,43106.36,PERSONAL,HOUSEHOLD,DEPOSITS,False,CLOSED,2026-08-21,0,0.0,0,CURRENT,False,,False,False,0,0,PTY-LENDER_A-00000202,ANON-LENDER_A-00000202,PERSON,synthetic,WCDS-0.1
FAC-LENDER_A-00000203,LENDER_A,LENDER_A-100203,,TERM_LOAN,SALARY_3M,NGN,400000,400000,400000,2025-01-04,2025-01-04,2025-04-04,90,0.3287,FIXED,MONTHLY,144139.92,UNSECURED_PERSONAL,HOUSEHOLD,DEPOSITS,False,DEFAULTED,2026-08-21,60000.0,61620.99,180,DPD_90_PLUS,True,2026-05-23,False,False,0,0,PTY-LENDER_A-00000203,ANON-LENDER_A-00000203,PERSON,synthetic,WCDS-0.1
FAC-LENDER_A-00000204,LENDER_A,LENDER_A-100204,,TERM_LOAN,SALARY_3M,NGN,200000,200000,200000,2025-11-28,2025-11-28,2026-02-26,90,0.345825,FIXED,MONTHLY,72351.46,UNSECURED_PERSONAL,HOUSEHOLD,DEPOSITS,False,CLOSED,2026-08-21,0,0.0,0,CURRENT,False,,False,False,0,0,PTY-LENDER_A-00000204,ANON-LENDER_A-00000204,PERSON,synthetic,WCDS-0.1
FAC-LENDER_A-00000205,LENDER_A,LENDER_A-100205,,TERM_LOAN,PERSONAL_9M,NGN,1000000,1000000,1000000,2026-04-06,2026-04-06,2027-01-01,270,0.392115,FIXED,MONTHLY,143339.76,PERSONAL,HOUSEHOLD,DEPOSITS,False,ACTIVE,2026-08-21,492592.59,492592.59,0,CURRENT,False,,False,False,0,0,PTY-LENDER_A-00000205,ANON-LENDER_A-00000205,PERSON,synthetic,WCDS-0.1
FAC-LENDER_A-00000206,LENDER_A,LENDER_A-100206,,TERM_LOAN,SALARY_3M,NGN,500000,500000,500000,2026-05-10,2026-05-10,2026-08-08,90,0.391574,FIXED,MONTHLY,182758.75,UNSECURED_PERSONAL,HOUSEHOLD,DEPOSITS,False,DEFAULTED,2026-08-21,75000.0,77413.81,-4,DPD_90_PLUS,True,2026-08-16,False,False,0,0,PTY-LENDER_A-00000206,ANON-LENDER_A-00000206,PERSON,synthetic,WCDS-0.1
FAC-LENDER_A-00000207,LENDER_A,LENDER_A-100207,,TERM_LOAN,SALARY_3M,NGN,500000,500000,500000,2025-03-15,2025-03-15,2025-06-13,90,0.354135,FIXED,MONTHLY,181220.17,UNSECURED_PERSONAL,HOUSEHOLD,DEPOSITS,False,CLOSED,2026-08-21,0,0.0,0,CURRENT,False,,False,False,0,0,PTY-LENDER_A-00000207,ANON-LENDER_A-00000207,PERSON,synthetic,WCDS-0.1
FAC-LENDER_A-00000208,LENDER_A,LENDER_A-100208,,TERM_LOAN,SALARY_6M,NGN,150000,150000,150000,2025-09-02,2025-09-02,2026-03-01,180,0.269793,FIXED,MONTHLY,28326.21,UNSECURED_PERSONAL,HOUSEHOLD,DEPOSITS,False,ACTIVE,2026-08-21,3750.0,3791.58,15,DPD_1_30,False,,False,False,0,0,PTY-LENDER_A-00000208,ANON-LENDER_A-00000208,PERSON,synthetic,WCDS-0.1
FAC-LENDER_A-00000209,LENDER_A,LENDER_A-100209,,TERM_LOAN,PERSONAL_9M,NGN,200000,200000,200000,2025-04-18,2025-04-18,2026-01-13,270,0.379571,FIXED,MONTHLY,28461.75,PERSONAL,HOUSEHOLD,DEPOSITS,False,CLOSED,2026-08-21,0,0.0,0,CURRENT,False,,False,False,0,0,PTY-LENDER_A-00000209,ANON-LENDER_A-00000209,PERSON,synthetic,WCDS-0.1
FAC-LENDER_A-00000210,LENDER_A,LENDER_A-100210,,TERM_LOAN,SALARY_3M,NGN,1000000,1000000,1000000,2025-02-17,2025-02-17,2025-05-18,90,0.30063,FIXED,MONTHLY,358042.66,UNSECURED_PERSONAL,HOUSEHOLD,DEPOSITS,False,CLOSED,2026-08-21,0,0.0,0,CURRENT,False,,False,False,0,0,PTY-LENDER_A-00000210,ANON-LENDER_A-00000210,PERSON,synthetic,WCDS-0.1
FAC-LENDER_A-00000211,LENDER_A,LENDER_A-100211,,TERM_LOAN,SALARY_3M,NGN,500000,500000,500000,2025-04-30,2025-04-30,2025-07-29,90,0.393141,FIXED,MONTHLY,182823.13,UNSECURED_PERSONAL,HOUSEHOLD,DEPOSITS,False,CLOSED,2026-08-21,0,0.0,0,CURRENT,False,,False,False,0,0,PTY-LENDER_A-00000211,ANON-LENDER_A-00000211,PERSON,synthetic,WCDS-0.1
FAC-LENDER_A-00000212,LENDER_A,LENDER_A-100212,,TERM_LOAN,PERSONAL_9M,NGN,1000000,1000000,1000000,2024-12-31,2024-12-31,2025-09-27,270,0.344326,FIXED,MONTHLY,139411.92,PERSONAL,HOUSEHOLD,DEPOSITS,False,CLOSED,2026-08-21,0,0.0,0,CURRENT,False,,False,False,0,0,PTY-LENDER_A-00000212,ANON-LENDER_A-00000212,PERSON,synthetic,WCDS-0.1
FAC-LENDER_A-00000213,LENDER_A,LENDER_A-100213,,TERM_LOAN,SALARY_3M,NGN,500000,500000,500000,2026-02-01,2026-02-01,2026-05-02,90,0.317229,FIXED,MONTHLY,179703.48,UNSECURED_PERSONAL,HOUSEHOLD,DEPOSITS,False,CLOSED,2026-08-21,0,0.0,0,CURRENT,False,,False,False,0,0,PTY-LENDER_A-00000213,ANON-LENDER_A-00000213,PERSON,synthetic,WCDS-0.1
FAC-LENDER_A-00000214,LENDER_A,LENDER_A-100214,,TERM_LOAN,PERSONAL_9M,NGN,1000000,1000000,1000000,2025-03-10,2025-03-10,2025-12-05,270,0.288122,FIXED,MONTHLY,134792.33,PERSONAL,HOUSEHOLD,DEPOSITS,False,ACTIVE,2026-08-21,25000.0,25296.02,15,DPD_1_30,False,,False,False,0,0,PTY-LENDER_A-00000214,ANON-LENDER_A-00000214,PERSON,synthetic,WCDS-0.1
FAC-LENDER_A-00000215,LENDER_A,LENDER_A-100215,,TERM_LOAN,SALARY_3M,NGN,500000,500000,500000,2025-07-25,2025-07-25,2025-10-23,90,0.360915,FIXED,MONTHLY,181498.78,UNSECURED_PERSONAL,HOUSEHOLD,DEPOSITS,False,CLOSED,2026-08-21,0,0.0,0,CURRENT,False,,False,False,0,0,PTY-LENDER_A-00000215,ANON-LENDER_A-00000215,PERSON,synthetic,WCDS-0.1
FAC-LENDER_A-00000216,LENDER_A,LENDER_A-100216,,TERM_LOAN,PERSONAL_9M,NGN,150000,150000,150000,2024-12-24,2024-12-24,2025-09-20,270,0.321376,FIXED,MONTHLY,20628.84,PERSONAL,HOUSEHOLD,DEPOSITS,False,ACTIVE,2026-08-21,1750.0,1760.79,7,DPD_1_30,False,,False,False,0,0,PTY-LENDER_A-00000216,ANON-LENDER_A-00000216,PERSON,synthetic,WCDS-0.1
FAC-LENDER_A-00000217,LENDER_A,LENDER_A-100217,,TERM_LOAN,PERSONAL_9M,NGN,200000,200000,200000,2025-04-23,2025-04-23,2026-01-18,270,0.345522,FIXED,MONTHLY,27902.03,PERSONAL,HOUSEHOLD,DEPOSITS,False,DEFAULTED,2026-08-21,30000.0,30851.97,180,DPD_90_PLUS,True,2026-05-23,False,False,0,0,PTY-LENDER_A-00000217,ANON-LENDER_A-00000217,PERSON,synthetic,WCDS-0.1
FAC-LENDER_A-00000218,LENDER_A,LENDER_A-100218,,TERM_LOAN,SALARY_3M,NGN,300000,300000,300000,2026-01-17,2026-01-17,2026-04-17,90,0.316182,FIXED,MONTHLY,107796.28,UNSECURED_PERSONAL,HOUSEHOLD,DEPOSITS,False,CLOSED,2026-08-21,0,0.0,0,CURRENT,False,,False,False,0,0,PTY-LENDER_A-00000218,ANON-LENDER_A-00000218,PERSON,synthetic,WCDS-0.1
FAC-LENDER_A-00000219,LENDER_A,LENDER_A-100219,,TERM_LOAN,PERSONAL_9M,NGN,500000,500000,500000,2025-02-01,2025-02-01,2025-10-29,270,0.392005,FIXED,MONTHLY,71665.33,PERSONAL,HOUSEHOLD,DEPOSITS,False,CLOSED,2026-08-21,0,0.0,0,CURRENT,False,,False,False,0,0,PTY-LENDER_A-00000219,ANON-LENDER_A-00000219,PERSON,synthetic,WCDS-0.1
FAC-LENDER_A-00000220,LENDER_A,LENDER_A-100220,,TERM_LOAN,SALARY_3M,NGN,400000,400000,400000,2025-11-05,2025-11-05,2026-02-03,90,0.304394,FIXED,MONTHLY,143340.82,UNSECURED_PERSONAL,HOUSEHOLD,DEPOSITS,False,CLOSED,2026-08-21,0,0.0,0,CURRENT,False,,False,False,0,0,PTY-LENDER_A-00000220,ANON-LENDER_A-00000220,PERSON,synthetic,WCDS-0.1
FAC-LENDER_A-00000221,LENDER_A,LENDER_A-100221,,TERM_LOAN,SALARY_6M,NGN,400000,400000,400000,2026-02-01,2026-02-01,2026-07-31,180,0.366738,FIXED,MONTHLY,78723.82,UNSECURED_PERSONAL,HOUSEHOLD,DEPOSITS,False,CLOSED,2026-08-21,0,0.0,0,CURRENT,False,,False,False,0,0,PTY-LENDER_A-00000221,ANON-LENDER_A-00000221,PERSON,synthetic,WCDS-0.1
FAC-LENDER_A-00000222,LENDER_A,LENDER_A-100222,,TERM_LOAN,SALARY_3M,NGN,500000,500000,500000,2026-05-23,2026-05-23,2026-08-21,90,0.359703,FIXED,MONTHLY,181448.97,UNSECURED_PERSONAL,HOUSEHOLD,DEPOSITS,False,CLOSED,2026-08-21,0,0.0,0,CURRENT,False,,False,False,0,0,PTY-LENDER_A-00000222,ANON-LENDER_A-00000222,PERSON,synthetic,WCDS-0.1
FAC-LENDER_A-00000223,LENDER_A,LENDER_A-100223,,TERM_LOAN,SALARY_3M,NGN,150000,150000,150000,2025-09-10,2025-09-10,2025-12-09,90,0.419412,FIXED,MONTHLY,55170.83,UNSECURED_PERSONAL,HOUSEHOLD,DEPOSITS,False,CLOSED,2026-08-21,0,0.0,0,CURRENT,False,,False,False,0,0,PTY-LENDER_A-00000223,ANON-LENDER_A-00000223,PERSON,synthetic,WCDS-0.1
FAC-LENDER_A-00000224,LENDER_A,LENDER_A-100224,,TERM_LOAN,PERSONAL_9M,NGN,750000,750000,750000,2025-08-17,2025-08-17,2026-05-14,270,0.331134,FIXED,MONTHLY,103745.7,PERSONAL,HOUSEHOLD,DEPOSITS,False,CLOSED,2026-08-21,0,0.0,0,CURRENT,False,,False,False,0,0,PTY-LENDER_A-00000224,ANON-LENDER_A-00000224,PERSON,synthetic,WCDS-0.1
FAC-LENDER_A-00000225,LENDER_A,LENDER_A-100225,,TERM_LOAN,SALARY_6M,NGN,300000,300000,300000,2026-06-14,2026-06-14,2026-12-11,180,0.369393,FIXED,MONTHLY,59108.32,UNSECURED_PERSONAL,HOUSEHOLD,DEPOSITS,False,ACTIVE,2026-08-21,186666.67,186666.67,0,CURRENT,False,,False,False,0,0,PTY-LENDER_A-00000225,ANON-LENDER_A-00000225,PERSON,synthetic,WCDS-0.1
FAC-LENDER_A-00000226,LENDER_A,LENDER_A-100226,,TERM_LOAN,PERSONAL_9M,NGN,200000,200000,200000,2026-07-11,2026-07-11,2027-04-07,270,0.376132,FIXED,MONTHLY,28405.21,PERSONAL,HOUSEHOLD,DEPOSITS,False,ACTIVE,2026-08-21,169629.63,169629.63,0,CURRENT,False,,False,False,0,0,PTY-LENDER_A-00000226,ANON-LENDER_A-00000226,PERSON,synthetic,WCDS-0.1
FAC-LENDER_A-00000227,LENDER_A,LENDER_A-100227,,TERM_LOAN,SALARY_3M,NGN,250000,250000,250000,2025-08-01,2025-08-01,2025-10-30,90,0.372909,FIXED,MONTHLY,90995.84,UNSECURED_PERSONAL,HOUSEHOLD,DEPOSITS,False,CLOSED,2026-08-21,0,0.0,0,CURRENT,False,,False,False,0,0,PTY-LENDER_A-00000227,ANON-LENDER_A-00000227,PERSON,synthetic,WCDS-0.1
FAC-LENDER_A-00000228,LENDER_A,LENDER_A-100228,,TERM_LOAN,SALARY_6M,NGN,400000,400000,400000,2025-07-27,2025-07-27,2026-01-23,180,0.263886,FIXED,MONTHLY,75342.38,UNSECURED_PERSONAL,HOUSEHOLD,DEPOSITS,False,CLOSED,2026-08-21,0,0.0,0,CURRENT,False,,False,False,0,0,PTY-LENDER_A-00000228,ANON-LENDER_A-00000228,PERSON,synthetic,WCDS-0.1
FAC-LENDER_A-00000229,LENDER_A,LENDER_A-100229,,TERM_LOAN,SALARY_6M,NGN,300000,300000,300000,2025-11-29,2025-11-29,2026-05-28,180,0.276523,FIXED,MONTHLY,56818.39,UNSECURED_PERSONAL,HOUSEHOLD,DEPOSITS,False,WRITTEN_OFF,2026-08-21,2329.85,2382.81,130,DPD_90_PLUS,True,2026-07-12,False,True,45000.0,10277.35,PTY-LENDER_A-00000229,ANON-LENDER_A-00000229,PERSON,synthetic,WCDS-0.1
FAC-LENDER_A-00000230,LENDER_A,LENDER_A-100230,,TERM_LOAN,SALARY_3M,NGN,300000,300000,300000,2025-03-27,2025-03-27,2025-06-25,90,0.314131,FIXED,MONTHLY,107745.7,UNSECURED_PERSONAL,HOUSEHOLD,DEPOSITS,False,CLOSED,2026-08-21,0,0.0,0,CURRENT,False,,False,False,0,0,PTY-LENDER_A-00000230,ANON-LENDER_A-00000230,PERSON,synthetic,WCDS-0.1
FAC-LENDER_A-00000231,LENDER_A,LENDER_A-100231,,TERM_LOAN,PERSONAL_9M,NGN,750000,750000,750000,2026-05-14,2026-05-14,2027-02-08,270,0.300719,FIXED,MONTHLY,101870.79,PERSONAL,HOUSEHOLD,DEPOSITS,False,ACTIVE,2026-08-21,493750.0,499851.91,15,DPD_1_30,False,,False,False,0,0,PTY-LENDER_A-00000231,ANON-LENDER_A-00000231,PERSON,synthetic,WCDS-0.1
FAC-LENDER_A-00000232,LENDER_A,LENDER_A-100232,,TERM_LOAN,PERSONAL_9M,NGN,150000,150000,150000,2025-01-25,2025-01-25,2025-10-22,270,0.360141,FIXED,MONTHLY,21106.76,PERSONAL,HOUSEHOLD,DEPOSITS,False,CLOSED,2026-08-21,0,0.0,0,CURRENT,False,,False,False,0,0,PTY-LENDER_A-00000232,ANON-LENDER_A-00000232,PERSON,synthetic,WCDS-0.1
FAC-LENDER_A-00000233,LENDER_A,LENDER_A-100233,,TERM_LOAN,PERSONAL_9M,NGN,200000,200000,200000,2025-08-06,2025-08-06,2026-05-03,270,0.365417,FIXED,MONTHLY,28229.08,PERSONAL,HOUSEHOLD,DEPOSITS,False,CLOSED,2026-08-21,0,0.0,0,CURRENT,False,,False,False,0,0,PTY-LENDER_A-00000233,ANON-LENDER_A-00000233,PERSON,synthetic,WCDS-0.1
FAC-LENDER_A-00000234,LENDER_A,LENDER_A-100234,,TERM_LOAN,SALARY_6M,NGN,100000,100000,100000,2025-08-07,2025-08-07,2026-02-03,180,0.284118,FIXED,MONTHLY,19001.88,UNSECURED_PERSONAL,HOUSEHOLD,DEPOSITS,False,CLOSED,2026-08-21,0,0.0,0,CURRENT,False,,False,False,0,0,PTY-LENDER_A-00000234,ANON-LENDER_A-00000234,PERSON,synthetic,WCDS-0.1
FAC-LENDER_A-00000235,LENDER_A,LENDER_A-100235,,TERM_LOAN,PERSONAL_9M,NGN,150000,150000,150000,2026-06-05,2026-06-05,2027-03-02,270,0.346198,FIXED,MONTHLY,20934.86,PERSONAL,HOUSEHOLD,DEPOSITS,False,ACTIVE,2026-08-21,107222.22,107222.22,0,CURRENT,False,,False,False,0,0,PTY-LENDER_A-00000235,ANON-LENDER_A-00000235,PERSON,synthetic,WCDS-0.1
FAC-LENDER_A-00000236,LENDER_A,LENDER_A-100236,,TERM_LOAN,SALARY_6M,NGN,150000,150000,150000,2026-04-05,2026-04-05,2026-10-02,180,0.346264,FIXED,MONTHLY,29269.01,UNSECURED_PERSONAL,HOUSEHOLD,DEPOSITS,False,DEFAULTED,2026-08-21,57500.0,59136.45,130,DPD_90_PLUS,True,2026-07-12,False,False,0,0,PTY-LENDER_A-00000236,ANON-LENDER_A-00000236,PERSON,synthetic,WCDS-0.1
FAC-LENDER_A-00000237,LENDER_A,LENDER_A-100237,,TERM_LOAN,PERSONAL_9M,NGN,200000,200000,200000,2026-04-01,2026-04-01,2026-12-27,270,0.385355,FIXED,MONTHLY,28556.83,PERSONAL,HOUSEHOLD,DEPOSITS,False,ACTIVE,2026-08-21,94814.81,94814.81,0,CURRENT,False,,False,False,0,0,PTY-LENDER_A-00000237,ANON-LENDER_A-00000237,PERSON,synthetic,WCDS-0.1
FAC-LENDER_A-00000238,LENDER_A,LENDER_A-100238,,TERM_LOAN,SALARY_3M,NGN,300000,300000,300000,2026-02-24,2026-02-24,2026-05-25,90,0.409285,FIXED,MONTHLY,110091.97,UNSECURED_PERSONAL,HOUSEHOLD,DEPOSITS,False,CLOSED,2026-08-21,0,0.0,0,CURRENT,False,,False,False,0,0,PTY-LENDER_A-00000238,ANON-LENDER_A-00000238,PERSON,synthetic,WCDS-0.1
FAC-LENDER_A-00000239,LENDER_A,LENDER_A-100239,,TERM_LOAN,PERSONAL_9M,NGN,300000,300000,300000,2026-05-23,2026-05-23,2027-02-17,270,0.393698,FIXED,MONTHLY,43040.95,PERSONAL,HOUSEHOLD,DEPOSITS,False,ACTIVE,2026-08-21,200000.0,200000.0,0,CURRENT,False,,False,False,0,0,PTY-LENDER_A-00000239,ANON-LENDER_A-00000239,PERSON,synthetic,WCDS-0.1
FAC-LENDER_A-00000240,LENDER_A,LENDER_A-100240,,TERM_LOAN,SALARY_6M,NGN,1000000,1000000,1000000,2026-05-08,2026-05-08,2026-11-04,180,0.326101,FIXED,MONTHLY,193469.49,UNSECURED_PERSONAL,HOUSEHOLD,DEPOSITS,False,ACTIVE,2026-08-21,416666.67,416666.67,0,CURRENT,False,,False,False,0,0,PTY-LENDER_A-00000240,ANON-LENDER_A-00000240,PERSON,synthetic,WCDS-0.1
FAC-LENDER_A-00000241,LENDER_A,LENDER_A-100241,,TERM_LOAN,PERSONAL_9M,NGN,400000,400000,400000,2025-01-11,2025-01-11,2025-10-08,270,0.298503,FIXED,MONTHLY,54258.25,PERSONAL,HOUSEHOLD,DEPOSITS,False,CLOSED,2026-08-21,0,0.0,0,CURRENT,False,,False,False,0,0,PTY-LENDER_A-00000241,ANON-LENDER_A-00000241,PERSON,synthetic,WCDS-0.1
FAC-LENDER_A-00000242,LENDER_A,LENDER_A-100242,,TERM_LOAN,PERSONAL_9M,NGN,300000,300000,300000,2026-01-08,2026-01-08,2026-10-05,270,0.393826,FIXED,MONTHLY,43044.1,PERSONAL,HOUSEHOLD,DEPOSITS,False,ACTIVE,2026-08-21,53500.0,53904.08,7,DPD_1_30,False,,False,False,0,0,PTY-LENDER_A-00000242,ANON-LENDER_A-00000242,PERSON,synthetic,WCDS-0.1
FAC-LENDER_A-00000243,LENDER_A,LENDER_A-100243,,TERM_LOAN,PERSONAL_9M,NGN,1000000,1000000,1000000,2025-10-19,2025-10-19,2026-07-16,270,0.339765,FIXED,MONTHLY,139036.97,PERSONAL,HOUSEHOLD,DEPOSITS,False,CLOSED,2026-08-21,0,0.0,0,CURRENT,False,,False,False,0,0,PTY-LENDER_A-00000243,ANON-LENDER_A-00000243,PERSON,synthetic,WCDS-0.1
FAC-LENDER_A-00000244,LENDER_A,LENDER_A-100244,,TERM_LOAN,SALARY_6M,NGN,300000,300000,300000,2025-05-04,2025-05-04,2025-10-31,180,0.289385,FIXED,MONTHLY,57135.53,UNSECURED_PERSONAL,HOUSEHOLD,DEPOSITS,False,CLOSED,2026-08-21,0,0.0,0,CURRENT,False,,False,False,0,0,PTY-LENDER_A-00000244,ANON-LENDER_A-00000244,PERSON,synthetic,WCDS-0.1
FAC-LENDER_A-00000245,LENDER_A,LENDER_A-100245,,TERM_LOAN,SALARY_3M,NGN,400000,400000,400000,2026-03-17,2026-03-17,2026-06-15,90,0.30719,FIXED,MONTHLY,143432.72,UNSECURED_PERSONAL,HOUSEHOLD,DEPOSITS,False,CLOSED,2026-08-21,0,0.0,0,CURRENT,False,,False,False,0,0,PTY-LENDER_A-00000245,ANON-LENDER_A-00000245,PERSON,synthetic,WCDS-0.1
FAC-LENDER_A-00000246,LENDER_A,LENDER_A-100246,,TERM_LOAN,SALARY_6M,NGN,200000,200000,200000,2025-07-28,2025-07-28,2026-01-24,180,0.348104,FIXED,MONTHLY,39055.59,UNSECURED_PERSONAL,HOUSEHOLD,DEPOSITS,False,CLOSED,2026-08-21,0,0.0,0,CURRENT,False,,False,False,0,0,PTY-LENDER_A-00000246,ANON-LENDER_A-00000246,PERSON,synthetic,WCDS-0.1
FAC-LENDER_A-00000247,LENDER_A,LENDER_A-100247,,TERM_LOAN,SALARY_6M,NGN,250000,250000,250000,2026-03-20,2026-03-20,2026-09-16,180,0.289009,FIXED,MONTHLY,47605.2,UNSECURED_PERSONAL,HOUSEHOLD,DEPOSITS,False,ACTIVE,2026-08-21,36111.11,36111.11,0,CURRENT,False,,False,False,0,0,PTY-LENDER_A-00000247,ANON-LENDER_A-00000247,PERSON,synthetic,WCDS-0.1
FAC-LENDER_A-00000248,LENDER_A,LENDER_A-100248,,TERM_LOAN,SALARY_3M,NGN,200000,200000,200000,2025-09-10,2025-09-10,2025-12-09,90,0.334825,FIXED,MONTHLY,72170.65,UNSECURED_PERSONAL,HOUSEHOLD,DEPOSITS,False,DEFAULTED,2026-08-21,30000.0,30825.6,95,DPD_90_PLUS,True,2026-08-16,False,False,0,0,PTY-LENDER_A-00000248,ANON-LENDER_A-00000248,PERSON,synthetic,WCDS-0.1
FAC-LENDER_A-00000249,LENDER_A,LENDER_A-100249,,TERM_LOAN,SALARY_6M,NGN,750000,750000,750000,2025-09-30,2025-09-30,2026-03-29,180,0.279121,FIXED,MONTHLY,142206.09,UNSECURED_PERSONAL,HOUSEHOLD,DEPOSITS,False,CLOSED,2026-08-21,0,0.0,0,CURRENT,False,,False,False,0,0,PTY-LENDER_A-00000249,ANON-LENDER_A-00000249,PERSON,synthetic,WCDS-0.1
FAC-LENDER_A-00000250,LENDER_A,LENDER_A-100250,,TERM_LOAN,SALARY_3M,NGN,250000,250000,250000,2024-12-22,2024-12-22,2025-03-22,90,0.310806,FIXED,MONTHLY,89719.76,UNSECURED_PERSONAL,HOUSEHOLD,DEPOSITS,False,CLOSED,2026-08-21,0,0.0,0,CURRENT,False,,False,False,0,0,PTY-LENDER_A-00000250,ANON-LENDER_A-00000250,PERSON,synthetic,WCDS-0.1
FAC-LENDER_A-00000251,LENDER_A,LENDER_A-100251,,TERM_LOAN,PERSONAL_9M,NGN,750000,750000,750000,2025-10-23,2025-10-23,2026-07-20,270,0.385881,FIXED,MONTHLY,107120.5,PERSONAL,HOUSEHOLD,DEPOSITS,False,CLOSED,2026-08-21,0,0.0,0,CURRENT,False,,False,False,0,0,PTY-LENDER_A-00000251,ANON-LENDER_A-00000251,PERSON,synthetic,WCDS-0.1
FAC-LENDER_A-00000252,LENDER_A,LENDER_A-100252,,TERM_LOAN,PERSONAL_9M,NGN,400000,400000,400000,2025-06-25,2025-06-25,2026-03-22,270,0.385895,FIXED,MONTHLY,57131.39,PERSONAL,HOUSEHOLD,DEPOSITS,False,CLOSED,2026-08-21,0,0.0,0,CURRENT,False,,False,False,0,0,PTY-LENDER_A-00000252,ANON-LENDER_A-00000252,PERSON,synthetic,WCDS-0.1
FAC-LENDER_A-00000253,LENDER_A,LENDER_A-100253,,TERM_LOAN,PERSONAL_9M,NGN,300000,300000,300000,2026-05-28,2026-05-28,2027-02-22,270,0.303359,FIXED,MONTHLY,40813.41,PERSONAL,HOUSEHOLD,DEPOSITS,False,ACTIVE,2026-08-21,205555.56,205555.56,0,CURRENT,False,,False,False,0,0,PTY-LENDER_A-00000253,ANON-LENDER_A-00000253,PERSON,synthetic,WCDS-0.1
FAC-LENDER_A-00000254,LENDER_A,LENDER_A-100254,,TERM_LOAN,PERSONAL_9M,NGN,150000,150000,150000,2026-04-02,2026-04-02,2026-12-28,270,0.379037,FIXED,MONTHLY,21339.73,PERSONAL,HOUSEHOLD,DEPOSITS,False,DEFAULTED,2026-08-21,94166.67,97100.31,130,DPD_90_PLUS,True,2026-07-12,False,False,0,0,PTY-LENDER_A-00000254,ANON-LENDER_A-00000254,PERSON,synthetic,WCDS-0.1
FAC-LENDER_A-00000255,LENDER_A,LENDER_A-100255,,TERM_LOAN,SALARY_3M,NGN,1000000,1000000,1000000,2025-06-26,2025-06-26,2025-09-24,90,0.34069,FIXED,MONTHLY,361335.27,UNSECURED_PERSONAL,HOUSEHOLD,DEPOSITS,False,CLOSED,2026-08-21,0,0.0,0,CURRENT,False,,False,False,0,0,PTY-LENDER_A-00000255,ANON-LENDER_A-00000255,PERSON,synthetic,WCDS-0.1
FAC-LENDER_A-00000256,LENDER_A,LENDER_A-100256,,TERM_LOAN,SALARY_6M,NGN,1000000,1000000,1000000,2025-05-01,2025-05-01,2025-10-28,180,0.276444,FIXED,MONTHLY,189388.12,UNSECURED_PERSONAL,HOUSEHOLD,DEPOSITS,False,CLOSED,2026-08-21,0,0.0,0,CURRENT,False,,False,False,0,0,PTY-LENDER_A-00000256,ANON-LENDER_A-00000256,PERSON,synthetic,WCDS-0.1
FAC-LENDER_A-00000257,LENDER_A,LENDER_A-100257,,TERM_LOAN,SALARY_6M,NGN,200000,200000,200000,2025-07-05,2025-07-05,2026-01-01,180,0.276774,FIXED,MONTHLY,37883.04,UNSECURED_PERSONAL,HOUSEHOLD,DEPOSITS,False,DEFAULTED,2026-08-21,30000.0,30682.46,180,DPD_90_PLUS,True,2026-05-23,False,False,0,0,PTY-LENDER_A-00000257,ANON-LENDER_A-00000257,PERSON,synthetic,WCDS-0.1
FAC-LENDER_A-00000258,LENDER_A,LENDER_A-100258,,TERM_LOAN,PERSONAL_9M,NGN,300000,300000,300000,2025-04-12,2025-04-12,2026-01-07,270,0.343881,FIXED,MONTHLY,41812.59,PERSONAL,HOUSEHOLD,DEPOSITS,False,ACTIVE,2026-08-21,7500.0,7605.99,15,DPD_1_30,False,,False,False,0,0,PTY-LENDER_A-00000258,ANON-LENDER_A-00000258,PERSON,synthetic,WCDS-0.1
FAC-LENDER_A-00000259,LENDER_A,LENDER_A-100259,,TERM_LOAN,PERSONAL_9M,NGN,300000,300000,300000,2026-07-15,2026-07-15,2027-04-11,270,0.397588,FIXED,MONTHLY,43136.87,PERSONAL,HOUSEHOLD,DEPOSITS,False,ACTIVE,2026-08-21,258888.89,258888.89,0,CURRENT,False,,False,False,0,0,PTY-LENDER_A-00000259,ANON-LENDER_A-00000259,PERSON,synthetic,WCDS-0.1
FAC-LENDER_A-00000260,LENDER_A,LENDER_A-100260,,TERM_LOAN,PERSONAL_9M,NGN,250000,250000,250000,2026-06-20,2026-06-20,2027-03-17,270,0.396647,FIXED,MONTHLY,35928.05,PERSONAL,HOUSEHOLD,DEPOSITS,False,ACTIVE,2026-08-21,192592.59,192592.59,0,CURRENT,False,,False,False,0,0,PTY-LENDER_A-00000260,ANON-LENDER_A-00000260,PERSON,synthetic,WCDS-0.1
FAC-LENDER_A-00000261,LENDER_A,LENDER_A-100261,,TERM_LOAN,SALARY_6M,NGN,200000,200000,200000,2025-12-06,2025-12-06,2026-06-04,180,0.335483,FIXED,MONTHLY,38848.12,UNSECURED_PERSONAL,HOUSEHOLD,DEPOSITS,False,CLOSED,2026-08-21,0,0.0,0,CURRENT,False,,False,False,0,0,PTY-LENDER_A-00000261,ANON-LENDER_A-00000261,PERSON,synthetic,WCDS-0.1
FAC-LENDER_A-00000262,LENDER_A,LENDER_A-100262,,TERM_LOAN,SALARY_6M,NGN,500000,500000,500000,2026-03-09,2026-03-09,2026-09-05,180,0.273187,FIXED,MONTHLY,94560.22,UNSECURED_PERSONAL,HOUSEHOLD,DEPOSITS,False,ACTIVE,2026-08-21,41666.67,41666.67,0,CURRENT,False,,False,False,0,0,PTY-LENDER_A-00000262,ANON-LENDER_A-00000262,PERSON,synthetic,WCDS-0.1
FAC-LENDER_A-00000263,LENDER_A,LENDER_A-100263,,TERM_LOAN,SALARY_6M,NGN,100000,100000,100000,2026-03-23,2026-03-23,2026-09-19,180,0.320218,FIXED,MONTHLY,19298.6,UNSECURED_PERSONAL,HOUSEHOLD,DEPOSITS,False,ACTIVE,2026-08-21,16111.11,16111.11,0,CURRENT,False,,False,False,0,0,PTY-LENDER_A-00000263,ANON-LENDER_A-00000263,PERSON,synthetic,WCDS-0.1
FAC-LENDER_A-00000264,LENDER_A,LENDER_A-100264,,TERM_LOAN,SALARY_6M,NGN,400000,400000,400000,2026-02-15,2026-02-15,2026-08-14,180,0.379775,FIXED,MONTHLY,79152.41,UNSECURED_PERSONAL,HOUSEHOLD,DEPOSITS,False,CLOSED,2026-08-21,0,0.0,0,CURRENT,False,,False,False,0,0,PTY-LENDER_A-00000264,ANON-LENDER_A-00000264,PERSON,synthetic,WCDS-0.1
FAC-LENDER_A-00000265,LENDER_A,LENDER_A-100265,,TERM_LOAN,PERSONAL_9M,NGN,300000,300000,300000,2025-04-03,2025-04-03,2025-12-29,270,0.361104,FIXED,MONTHLY,42237.27,PERSONAL,HOUSEHOLD,DEPOSITS,False,CLOSED,2026-08-21,0,0.0,0,CURRENT,False,,False,False,0,0,PTY-LENDER_A-00000265,ANON-LENDER_A-00000265,PERSON,synthetic,WCDS-0.1
FAC-LENDER_A-00000266,LENDER_A,LENDER_A-100266,,TERM_LOAN,SALARY_6M,NGN,300000,300000,300000,2026-01-11,2026-01-11,2026-07-10,180,0.32697,FIXED,MONTHLY,58062.28,UNSECURED_PERSONAL,HOUSEHOLD,DEPOSITS,False,CLOSED,2026-08-21,0,0.0,0,CURRENT,False,,False,False,0,0,PTY-LENDER_A-00000266,ANON-LENDER_A-00000266,PERSON,synthetic,WCDS-0.1
FAC-LENDER_A-00000267,LENDER_A,LENDER_A-100267,,TERM_LOAN,PERSONAL_9M,NGN,300000,300000,300000,2025-10-21,2025-10-21,2026-07-18,270,0.347259,FIXED,MONTHLY,41895.87,PERSONAL,HOUSEHOLD,DEPOSITS,False,CLOSED,2026-08-21,0,0.0,0,CURRENT,False,,False,False,0,0,PTY-LENDER_A-00000267,ANON-LENDER_A-00000267,PERSON,synthetic,WCDS-0.1
FAC-LENDER_A-00000268,LENDER_A,LENDER_A-100268,,TERM_LOAN,SALARY_6M,NGN,200000,200000,200000,2025-10-18,2025-10-18,2026-04-16,180,0.305563,FIXED,MONTHLY,38356.29,UNSECURED_PERSONAL,HOUSEHOLD,DEPOSITS,False,CLOSED,2026-08-21,0,0.0,0,CURRENT,False,,False,False,0,0,PTY-LENDER_A-00000268,ANON-LENDER_A-00000268,PERSON,synthetic,WCDS-0.1
FAC-LENDER_A-00000269,LENDER_A,LENDER_A-100269,,TERM_LOAN,PERSONAL_9M,NGN,300000,300000,300000,2025-04-08,2025-04-08,2026-01-03,270,0.390881,FIXED,MONTHLY,42971.5,PERSONAL,HOUSEHOLD,DEPOSITS,False,CLOSED,2026-08-21,0,0.0,0,CURRENT,False,,False,False,0,0,PTY-LENDER_A-00000269,ANON-LENDER_A-00000269,PERSON,synthetic,WCDS-0.1
FAC-LENDER_A-00000270,LENDER_A,LENDER_A-100270,,TERM_LOAN,SALARY_6M,NGN,200000,200000,200000,2026-04-22,2026-04-22,2026-10-19,180,0.292536,FIXED,MONTHLY,38142.14,UNSECURED_PERSONAL,HOUSEHOLD,DEPOSITS,False,ACTIVE,2026-08-21,65555.56,65555.56,0,CURRENT,False,,False,False,0,0,PTY-LENDER_A-00000270,ANON-LENDER_A-00000270,PERSON,synthetic,WCDS-0.1
FAC-LENDER_A-00000271,LENDER_A,LENDER_A-100271,,TERM_LOAN,PERSONAL_9M,NGN,250000,250000,250000,2025-12-16,2025-12-16,2026-09-12,270,0.36038,FIXED,MONTHLY,35182.85,PERSONAL,HOUSEHOLD,DEPOSITS,False,ACTIVE,2026-08-21,20370.37,20370.37,0,CURRENT,False,,False,False,0,0,PTY-LENDER_A-00000271,ANON-LENDER_A-00000271,PERSON,synthetic,WCDS-0.1
FAC-LENDER_A-00000272,LENDER_A,LENDER_A-100272,,TERM_LOAN,SALARY_3M,NGN,100000,100000,100000,2025-01-25,2025-01-25,2025-04-25,90,0.349596,FIXED,MONTHLY,36206.73,UNSECURED_PERSONAL,HOUSEHOLD,DEPOSITS,False,WRITTEN_OFF,2026-08-21,1320.97,1358.93,130,DPD_90_PLUS,True,2026-07-12,False,True,15000.0,1783.87,PTY-LENDER_A-00000272,ANON-LENDER_A-00000272,PERSON,synthetic,WCDS-0.1
FAC-LENDER_A-00000273,LENDER_A,LENDER_A-100273,,TERM_LOAN,SALARY_6M,NGN,100000,100000,100000,2026-05-12,2026-05-12,2026-11-08,180,0.350709,FIXED,MONTHLY,19549.21,UNSECURED_PERSONAL,HOUSEHOLD,DEPOSITS,False,ACTIVE,2026-08-21,43888.89,43888.89,0,CURRENT,False,,False,False,0,0,PTY-LENDER_A-00000273,ANON-LENDER_A-00000273,PERSON,synthetic,WCDS-0.1
FAC-LENDER_A-00000274,LENDER_A,LENDER_A-100274,,TERM_LOAN,SALARY_3M,NGN,200000,200000,200000,2025-06-10,2025-06-10,2025-09-08,90,0.327866,FIXED,MONTHLY,72056.25,UNSECURED_PERSONAL,HOUSEHOLD,DEPOSITS,False,ACTIVE,2026-08-21,11666.67,11981.06,35,DPD_31_60,False,,False,False,0,0,PTY-LENDER_A-00000274,ANON-LENDER_A-00000274,PERSON,synthetic,WCDS-0.1
FAC-LENDER_A-00000275,LENDER_A,LENDER_A-100275,,TERM_LOAN,SALARY_6M,NGN,200000,200000,200000,2025-10-19,2025-10-19,2026-04-17,180,0.379661,FIXED,MONTHLY,39574.33,UNSECURED_PERSONAL,HOUSEHOLD,DEPOSITS,False,ACTIVE,2026-08-21,11666.67,12030.72,35,DPD_31_60,False,,True,False,0,0,PTY-LENDER_A-00000275,ANON-LENDER_A-00000275,PERSON,synthetic,WCDS-0.1
FAC-LENDER_A-00000276,LENDER_A,LENDER_A-100276,,TERM_LOAN,SALARY_6M,NGN,750000,750000,750000,2025-02-01,2025-02-01,2025-07-31,180,0.272876,FIXED,MONTHLY,141821.13,UNSECURED_PERSONAL,HOUSEHOLD,DEPOSITS,False,CLOSED,2026-08-21,0,0.0,0,CURRENT,False,,False,False,0,0,PTY-LENDER_A-00000276,ANON-LENDER_A-00000276,PERSON,synthetic,WCDS-0.1
FAC-LENDER_A-00000277,LENDER_A,LENDER_A-100277,,TERM_LOAN,SALARY_6M,NGN,250000,250000,250000,2026-04-18,2026-04-18,2026-10-15,180,0.276104,FIXED,MONTHLY,47340.04,UNSECURED_PERSONAL,HOUSEHOLD,DEPOSITS,False,ACTIVE,2026-08-21,76388.89,76388.89,0,CURRENT,False,,False,False,0,0,PTY-LENDER_A-00000277,ANON-LENDER_A-00000277,PERSON,synthetic,WCDS-0.1
FAC-LENDER_A-00000278,LENDER_A,LENDER_A-100278,,TERM_LOAN,SALARY_3M,NGN,400000,400000,400000,2025-10-13,2025-10-13,2026-01-11,90,0.387734,FIXED,MONTHLY,146080.76,UNSECURED_PERSONAL,HOUSEHOLD,DEPOSITS,False,CLOSED,2026-08-21,0,0.0,0,CURRENT,False,,False,False,0,0,PTY-LENDER_A-00000278,ANON-LENDER_A-00000278,PERSON,synthetic,WCDS-0.1
FAC-LENDER_A-00000279,LENDER_A,LENDER_A-100279,,TERM_LOAN,SALARY_6M,NGN,500000,500000,500000,2025-03-02,2025-03-02,2025-08-29,180,0.281059,FIXED,MONTHLY,94883.72,UNSECURED_PERSONAL,HOUSEHOLD,DEPOSITS,False,CLOSED,2026-08-21,0,0.0,0,CURRENT,False,,False,False,0,0,PTY-LENDER_A-00000279,ANON-LENDER_A-00000279,PERSON,synthetic,WCDS-0.1
FAC-LENDER_A-00000280,LENDER_A,LENDER_A-100280,,TERM_LOAN,SALARY_6M,NGN,400000,400000,400000,2025-11-30,2025-11-30,2026-05-29,180,0.271446,FIXED,MONTHLY,75590.93,UNSECURED_PERSONAL,HOUSEHOLD,DEPOSITS,False,CLOSED,2026-08-21,0,0.0,0,CURRENT,False,,False,False,0,0,PTY-LENDER_A-00000280,ANON-LENDER_A-00000280,PERSON,synthetic,WCDS-0.1
FAC-LENDER_A-00000281,LENDER_A,LENDER_A-100281,,TERM_LOAN,SALARY_6M,NGN,300000,300000,300000,2024-12-23,2024-12-23,2025-06-21,180,0.313608,FIXED,MONTHLY,57732.81,UNSECURED_PERSONAL,HOUSEHOLD,DEPOSITS,False,ACTIVE,2026-08-21,3500.0,3521.05,7,DPD_1_30,False,,False,False,0,0,PTY-LENDER_A-00000281,ANON-LENDER_A-00000281,PERSON,synthetic,WCDS-0.1
FAC-LENDER_A-00000282,LENDER_A,LENDER_A-100282,,TERM_LOAN,SALARY_3M,NGN,150000,150000,150000,2025-04-22,2025-04-22,2025-07-21,90,0.301372,FIXED,MONTHLY,53715.55,UNSECURED_PERSONAL,HOUSEHOLD,DEPOSITS,False,CLOSED,2026-08-21,0,0.0,0,CURRENT,False,,False,False,0,0,PTY-LENDER_A-00000282,ANON-LENDER_A-00000282,PERSON,synthetic,WCDS-0.1
FAC-LENDER_A-00000283,LENDER_A,LENDER_A-100283,,TERM_LOAN,PERSONAL_9M,NGN,300000,300000,300000,2026-04-13,2026-04-13,2027-01-08,270,0.387414,FIXED,MONTHLY,42886.01,PERSONAL,HOUSEHOLD,DEPOSITS,False,ACTIVE,2026-08-21,155555.56,155555.56,0,CURRENT,False,,False,False,0,0,PTY-LENDER_A-00000283,ANON-LENDER_A-00000283,PERSON,synthetic,WCDS-0.1
FAC-LENDER_A-00000284,LENDER_A,LENDER_A-100284,,TERM_LOAN,SALARY_3M,NGN,750000,750000,750000,2026-03-08,2026-03-08,2026-06-06,90,0.412876,FIXED,MONTHLY,275451.28,UNSECURED_PERSONAL,HOUSEHOLD,DEPOSITS,False,CLOSED,2026-08-21,0,0.0,0,CURRENT,False,,False,False,0,0,PTY-LENDER_A-00000284,ANON-LENDER_A-00000284,PERSON,synthetic,WCDS-0.1
FAC-LENDER_A-00000285,LENDER_A,LENDER_A-100285,,TERM_LOAN,SALARY_6M,NGN,1000000,1000000,1000000,2025-12-31,2025-12-31,2026-06-29,180,0.304835,FIXED,MONTHLY,191721.6,UNSECURED_PERSONAL,HOUSEHOLD,DEPOSITS,False,ACTIVE,2026-08-21,11666.67,11734.87,7,DPD_1_30,False,,False,False,0,0,PTY-LENDER_A-00000285,ANON-LENDER_A-00000285,PERSON,synthetic,WCDS-0.1
FAC-LENDER_A-00000286,LENDER_A,LENDER_A-100286,,TERM_LOAN,PERSONAL_9M,NGN,750000,750000,750000,2025-02-17,2025-02-17,2025-11-14,270,0.374484,FIXED,MONTHLY,106417.99,PERSONAL,HOUSEHOLD,DEPOSITS,False,ACTIVE,2026-08-21,8750.0,8812.84,7,DPD_1_30,False,,False,False,0,0,PTY-LENDER_A-00000286,ANON-LENDER_A-00000286,PERSON,synthetic,WCDS-0.1
FAC-LENDER_A-00000287,LENDER_A,LENDER_A-100287,,TERM_LOAN,PERSONAL_9M,NGN,1000000,1000000,1000000,2026-01-16,2026-01-16,2026-10-13,270,0.287411,FIXED,MONTHLY,134733.93,PERSONAL,HOUSEHOLD,DEPOSITS,False,ACTIVE,2026-08-21,196296.3,196296.3,0,CURRENT,False,,False,False,0,0,PTY-LENDER_A-00000287,ANON-LENDER_A-00000287,PERSON,synthetic,WCDS-0.1
FAC-LENDER_A-00000288,LENDER_A,LENDER_A-100288,,TERM_LOAN,SALARY_3M,NGN,250000,250000,250000,2024-12-22,2024-12-22,2025-03-22,90,0.317982,FIXED,MONTHLY,89867.22,UNSECURED_PERSONAL,HOUSEHOLD,DEPOSITS,False,CLOSED,2026-08-21,0,0.0,0,CURRENT,False,,False,False,0,0,PTY-LENDER_A-00000288,ANON-LENDER_A-00000288,PERSON,synthetic,WCDS-0.1
FAC-LENDER_A-00000289,LENDER_A,LENDER_A-100289,,TERM_LOAN,SALARY_3M,NGN,1000000,1000000,1000000,2025-06-12,2025-06-12,2025-09-10,90,0.407867,FIXED,MONTHLY,366856.63,UNSECURED_PERSONAL,HOUSEHOLD,DEPOSITS,False,CLOSED,2026-08-21,0,0.0,0,CURRENT,False,,False,False,0,0,PTY-LENDER_A-00000289,ANON-LENDER_A-00000289,PERSON,synthetic,WCDS-0.1
FAC-LENDER_A-00000290,LENDER_A,LENDER_A-100290,,TERM_LOAN,PERSONAL_9M,NGN,100000,100000,100000,2025-07-02,2025-07-02,2026-03-29,270,0.37683,FIXED,MONTHLY,14208.34,PERSONAL,HOUSEHOLD,DEPOSITS,False,CLOSED,2026-08-21,0,0.0,0,CURRENT,False,,False,False,0,0,PTY-LENDER_A-00000290,ANON-LENDER_A-00000290,PERSON,synthetic,WCDS-0.1
FAC-LENDER_A-00000291,LENDER_A,LENDER_A-100291,,TERM_LOAN,SALARY_6M,NGN,400000,400000,400000,2026-06-07,2026-06-07,2026-12-04,180,0.286148,FIXED,MONTHLY,76074.28,UNSECURED_PERSONAL,HOUSEHOLD,DEPOSITS,False,ACTIVE,2026-08-21,233333.33,233333.33,0,CURRENT,False,,False,False,0,0,PTY-LENDER_A-00000291,ANON-LENDER_A-00000291,PERSON,synthetic,WCDS-0.1
FAC-LENDER_A-00000292,LENDER_A,LENDER_A-100292,,TERM_LOAN,SALARY_6M,NGN,100000,100000,100000,2025-10-22,2025-10-22,2026-04-20,180,0.367306,FIXED,MONTHLY,19685.62,UNSECURED_PERSONAL,HOUSEHOLD,DEPOSITS,False,CLOSED,2026-08-21,0,0.0,0,CURRENT,False,,False,False,0,0,PTY-LENDER_A-00000292,ANON-LENDER_A-00000292,PERSON,synthetic,WCDS-0.1
FAC-LENDER_A-00000293,LENDER_A,LENDER_A-100293,,TERM_LOAN,PERSONAL_9M,NGN,500000,500000,500000,2025-07-24,2025-07-24,2026-04-20,270,0.3974,FIXED,MONTHLY,71887.06,PERSONAL,HOUSEHOLD,DEPOSITS,False,DEFAULTED,2026-08-21,75000.0,77449.73,180,DPD_90_PLUS,True,2026-05-23,False,False,0,0,PTY-LENDER_A-00000293,ANON-LENDER_A-00000293,PERSON,synthetic,WCDS-0.1
FAC-LENDER_A-00000294,LENDER_A,LENDER_A-100294,,TERM_LOAN,PERSONAL_9M,NGN,1000000,1000000,1000000,2026-03-28,2026-03-28,2026-12-23,270,0.361928,FIXED,MONTHLY,140858.59,PERSONAL,HOUSEHOLD,DEPOSITS,False,ACTIVE,2026-08-21,459259.26,459259.26,0,CURRENT,False,,False,False,0,0,PTY-LENDER_A-00000294,ANON-LENDER_A-00000294,PERSON,synthetic,WCDS-0.1
FAC-LENDER_A-00000295,LENDER_A,LENDER_A-100295,,TERM_LOAN,PERSONAL_9M,NGN,200000,200000,200000,2025-12-26,2025-12-26,2026-09-22,270,0.344471,FIXED,MONTHLY,27884.76,PERSONAL,HOUSEHOLD,DEPOSITS,False,ACTIVE,2026-08-21,28703.7,29110.04,15,DPD_1_30,False,,False,False,0,0,PTY-LENDER_A-00000295,ANON-LENDER_A-00000295,PERSON,synthetic,WCDS-0.1
FAC-LENDER_A-00000296,LENDER_A,LENDER_A-100296,,TERM_LOAN,PERSONAL_9M,NGN,1000000,1000000,1000000,2025-06-03,2025-06-03,2026-02-28,270,0.33556,FIXED,MONTHLY,138691.42,PERSONAL,HOUSEHOLD,DEPOSITS,False,CLOSED,2026-08-21,0,0.0,0,CURRENT,False,,False,False,0,0,PTY-LENDER_A-00000296,ANON-LENDER_A-00000296,PERSON,synthetic,WCDS-0.1
FAC-LENDER_A-00000297,LENDER_A,LENDER_A-100297,,TERM_LOAN,SALARY_6M,NGN,250000,250000,250000,2026-04-18,2026-04-18,2026-10-15,180,0.289701,FIXED,MONTHLY,47619.44,UNSECURED_PERSONAL,HOUSEHOLD,DEPOSITS,False,ACTIVE,2026-08-21,76388.89,76388.89,0,CURRENT,False,,False,False,0,0,PTY-LENDER_A-00000297,ANON-LENDER_A-00000297,PERSON,synthetic,WCDS-0.1
FAC-LENDER_A-00000298,LENDER_A,LENDER_A-100298,,TERM_LOAN,SALARY_3M,NGN,250000,250000,250000,2026-01-12,2026-01-12,2026-04-12,90,0.379224,FIXED,MONTHLY,91125.6,UNSECURED_PERSONAL,HOUSEHOLD,DEPOSITS,False,CLOSED,2026-08-21,0,0.0,0,CURRENT,False,,False,False,0,0,PTY-LENDER_A-00000298,ANON-LENDER_A-00000298,PERSON,synthetic,WCDS-0.1
FAC-LENDER_A-00000299,LENDER_A,LENDER_A-100299,,TERM_LOAN,SALARY_3M,NGN,250000,250000,250000,2026-06-27,2026-06-27,2026-09-25,90,0.371273,FIXED,MONTHLY,90962.24,UNSECURED_PERSONAL,HOUSEHOLD,DEPOSITS,False,ACTIVE,2026-08-21,97222.22,97222.22,0,CURRENT,False,,False,False,0,0,PTY-LENDER_A-00000299,ANON-LENDER_A-00000299,PERSON,synthetic,WCDS-0.1
FAC-LENDER_A-00000300,LENDER_A,LENDER_A-100300,,TERM_LOAN,SALARY_3M,NGN,200000,200000,200000,2025-03-14,2025-03-14,2025-06-12,90,0.328121,FIXED,MONTHLY,72060.43,UNSECURED_PERSONAL,HOUSEHOLD,DEPOSITS,False,WRITTEN_OFF,2026-08-21,1728.33,1774.94,180,DPD_90_PLUS,True,2026-05-23,False,True,30000.0,4331.06,PTY-LENDER_A-00000300,ANON-LENDER_A-00000300,PERSON,synthetic,WCDS-0.1
FAC-LENDER_A-00000301,LENDER_A,LENDER_A-100301,,TERM_LOAN,SALARY_3M,NGN,1000000,1000000,1000000,2025-12-28,2025-12-28,2026-03-28,90,0.392705,FIXED,MONTHLY,365610.42,UNSECURED_PERSONAL,HOUSEHOLD,DEPOSITS,False,CLOSED,2026-08-21,0,0.0,0,CURRENT,False,,False,False,0,0,PTY-LENDER_A-00000301,ANON-LENDER_A-00000301,PERSON,synthetic,WCDS-0.1
FAC-LENDER_A-00000302,LENDER_A,LENDER_A-100302,,TERM_LOAN,PERSONAL_9M,NGN,200000,200000,200000,2025-05-31,2025-05-31,2026-02-25,270,0.351,FIXED,MONTHLY,27992.09,PERSONAL,HOUSEHOLD,DEPOSITS,False,CLOSED,2026-08-21,0,0.0,0,CURRENT,False,,False,False,0,0,PTY-LENDER_A-00000302,ANON-LENDER_A-00000302,PERSON,synthetic,WCDS-0.1
FAC-LENDER_A-00000303,LENDER_A,LENDER_A-100303,,TERM_LOAN,SALARY_6M,NGN,1000000,1000000,1000000,2025-09-19,2025-09-19,2026-03-18,180,0.30133,FIXED,MONTHLY,191433.5,UNSECURED_PERSONAL,HOUSEHOLD,DEPOSITS,False,CLOSED,2026-08-21,0,0.0,0,CURRENT,False,,False,False,0,0,PTY-LENDER_A-00000303,ANON-LENDER_A-00000303,PERSON,synthetic,WCDS-0.1
FAC-LENDER_A-00000304,LENDER_A,LENDER_A-100304,,TERM_LOAN,PERSONAL_9M,NGN,750000,750000,750000,2025-12-08,2025-12-08,2026-09-04,270,0.302065,FIXED,MONTHLY,101953.81,PERSONAL,HOUSEHOLD,DEPOSITS,False,ACTIVE,2026-08-21,82638.89,84690.59,35,DPD_31_60,False,,False,False,0,0,PTY-LENDER_A-00000304,ANON-LENDER_A-00000304,PERSON,synthetic,WCDS-0.1
FAC-LENDER_A-00000305,LENDER_A,LENDER_A-100305,,TERM_LOAN,PERSONAL_9M,NGN,500000,500000,500000,2025-06-11,2025-06-11,2026-03-08,270,0.389769,FIXED,MONTHLY,71573.46,PERSONAL,HOUSEHOLD,DEPOSITS,False,CLOSED,2026-08-21,0,0.0,0,CURRENT,False,,False,False,0,0,PTY-LENDER_A-00000305,ANON-LENDER_A-00000305,PERSON,synthetic,WCDS-0.1
FAC-LENDER_A-00000306,LENDER_A,LENDER_A-100306,,TERM_LOAN,PERSONAL_9M,NGN,150000,150000,150000,2025-05-08,2025-05-08,2026-02-02,270,0.3044,FIXED,MONTHLY,20419.55,PERSONAL,HOUSEHOLD,DEPOSITS,False,ACTIVE,2026-08-21,8750.0,8968.92,35,DPD_31_60,False,,True,False,0,0,PTY-LENDER_A-00000306,ANON-LENDER_A-00000306,PERSON,synthetic,WCDS-0.1
FAC-LENDER_A-00000307,LENDER_A,LENDER_A-100307,,TERM_LOAN,PERSONAL_9M,NGN,100000,100000,100000,2026-05-29,2026-05-29,2027-02-23,270,0.312215,FIXED,MONTHLY,13677.27,PERSONAL,HOUSEHOLD,DEPOSITS,False,ACTIVE,2026-08-21,68888.89,68888.89,0,CURRENT,False,,False,False,0,0,PTY-LENDER_A-00000307,ANON-LENDER_A-00000307,PERSON,synthetic,WCDS-0.1
FAC-LENDER_A-00000308,LENDER_A,LENDER_A-100308,,TERM_LOAN,SALARY_6M,NGN,250000,250000,250000,2025-09-05,2025-09-05,2026-03-04,180,0.346917,FIXED,MONTHLY,48795.09,UNSECURED_PERSONAL,HOUSEHOLD,DEPOSITS,False,CLOSED,2026-08-21,0,0.0,0,CURRENT,False,,False,False,0,0,PTY-LENDER_A-00000308,ANON-LENDER_A-00000308,PERSON,synthetic,WCDS-0.1
FAC-LENDER_A-00000309,LENDER_A,LENDER_A-100309,,TERM_LOAN,PERSONAL_9M,NGN,150000,150000,150000,2025-04-08,2025-04-08,2026-01-03,270,0.302803,FIXED,MONTHLY,20399.85,PERSONAL,HOUSEHOLD,DEPOSITS,False,ACTIVE,2026-08-21,16250.0,16654.43,65,DPD_61_90,False,,False,False,0,0,PTY-LENDER_A-00000309,ANON-LENDER_A-00000309,PERSON,synthetic,WCDS-0.1
FAC-LENDER_A-00000310,LENDER_A,LENDER_A-100310,,TERM_LOAN,SALARY_6M,NGN,300000,300000,300000,2025-07-18,2025-07-18,2026-01-14,180,0.307596,FIXED,MONTHLY,57584.56,UNSECURED_PERSONAL,HOUSEHOLD,DEPOSITS,False,CLOSED,2026-08-21,0,0.0,0,CURRENT,False,,False,False,0,0,PTY-LENDER_A-00000310,ANON-LENDER_A-00000310,PERSON,synthetic,WCDS-0.1
FAC-LENDER_A-00000311,LENDER_A,LENDER_A-100311,,TERM_LOAN,SALARY_6M,NGN,750000,750000,750000,2026-05-03,2026-05-03,2026-10-30,180,0.297011,FIXED,MONTHLY,143308.88,UNSECURED_PERSONAL,HOUSEHOLD,DEPOSITS,False,ACTIVE,2026-08-21,310416.67,314205.59,15,DPD_1_30,False,,False,False,0,0,PTY-LENDER_A-00000311,ANON-LENDER_A-00000311,PERSON,synthetic,WCDS-0.1
FAC-LENDER_A-00000312,LENDER_A,LENDER_A-100312,,TERM_LOAN,SALARY_3M,NGN,400000,400000,400000,2025-09-25,2025-09-25,2025-12-24,90,0.38669,FIXED,MONTHLY,146046.42,UNSECURED_PERSONAL,HOUSEHOLD,DEPOSITS,False,CLOSED,2026-08-21,0,0.0,0,CURRENT,False,,False,False,0,0,PTY-LENDER_A-00000312,ANON-LENDER_A-00000312,PERSON,synthetic,WCDS-0.1
FAC-LENDER_A-00000313,LENDER_A,LENDER_A-100313,,TERM_LOAN,SALARY_6M,NGN,1000000,1000000,1000000,2024-12-21,2024-12-21,2025-06-19,180,0.286553,FIXED,MONTHLY,190218.96,UNSECURED_PERSONAL,HOUSEHOLD,DEPOSITS,False,CLOSED,2026-08-21,0,0.0,0,CURRENT,False,,False,False,0,0,PTY-LENDER_A-00000313,ANON-LENDER_A-00000313,PERSON,synthetic,WCDS-0.1
FAC-LENDER_A-00000314,LENDER_A,LENDER_A-100314,,TERM_LOAN,SALARY_6M,NGN,250000,250000,250000,2025-03-18,2025-03-18,2025-09-14,180,0.278289,FIXED,MONTHLY,47384.94,UNSECURED_PERSONAL,HOUSEHOLD,DEPOSITS,False,CLOSED,2026-08-21,0,0.0,0,CURRENT,False,,False,False,0,0,PTY-LENDER_A-00000314,ANON-LENDER_A-00000314,PERSON,synthetic,WCDS-0.1
FAC-LENDER_A-00000315,LENDER_A,LENDER_A-100315,,TERM_LOAN,SALARY_6M,NGN,750000,750000,750000,2025-04-27,2025-04-27,2025-10-24,180,0.300508,FIXED,MONTHLY,143524.45,UNSECURED_PERSONAL,HOUSEHOLD,DEPOSITS,False,CLOSED,2026-08-21,0,0.0,0,CURRENT,False,,False,False,0,0,PTY-LENDER_A-00000315,ANON-LENDER_A-00000315,PERSON,synthetic,WCDS-0.1
FAC-LENDER_A-00000316,LENDER_A,LENDER_A-100316,,TERM_LOAN,SALARY_6M,NGN,200000,200000,200000,2025-02-02,2025-02-02,2025-08-01,180,0.280312,FIXED,MONTHLY,37941.2,UNSECURED_PERSONAL,HOUSEHOLD,DEPOSITS,False,DEFAULTED,2026-08-21,30000.0,30691.18,180,DPD_90_PLUS,True,2026-05-23,False,False,0,0,PTY-LENDER_A-00000316,ANON-LENDER_A-00000316,PERSON,synthetic,WCDS-0.1
FAC-LENDER_A-00000317,LENDER_A,LENDER_A-100317,,TERM_LOAN,SALARY_3M,NGN,100000,100000,100000,2025-06-15,2025-06-15,2025-09-13,90,0.400688,FIXED,MONTHLY,36626.66,UNSECURED_PERSONAL,HOUSEHOLD,DEPOSITS,False,CLOSED,2026-08-21,0,0.0,0,CURRENT,False,,False,False,0,0,PTY-LENDER_A-00000317,ANON-LENDER_A-00000317,PERSON,synthetic,WCDS-0.1
FAC-LENDER_A-00000318,LENDER_A,LENDER_A-100318,,TERM_LOAN,SALARY_3M,NGN,1000000,1000000,1000000,2025-05-02,2025-05-02,2025-07-31,90,0.375684,FIXED,MONTHLY,364211.49,UNSECURED_PERSONAL,HOUSEHOLD,DEPOSITS,False,CLOSED,2026-08-21,0,0.0,0,CURRENT,False,,False,False,0,0,PTY-LENDER_A-00000318,ANON-LENDER_A-00000318,PERSON,synthetic,WCDS-0.1
FAC-LENDER_A-00000319,LENDER_A,LENDER_A-100319,,TERM_LOAN,SALARY_6M,NGN,750000,750000,750000,2026-07-26,2026-07-26,2027-01-22,180,0.340011,FIXED,MONTHLY,145959.56,UNSECURED_PERSONAL,HOUSEHOLD,DEPOSITS,False,ACTIVE,2026-08-21,641666.67,641666.67,0,CURRENT,False,,False,False,0,0,PTY-LENDER_A-00000319,ANON-LENDER_A-00000319,PERSON,synthetic,WCDS-0.1
FAC-LENDER_A-00000320,LENDER_A,LENDER_A-100320,,TERM_LOAN,SALARY_6M,NGN,1000000,1000000,1000000,2025-10-22,2025-10-22,2026-04-20,180,0.261422,FIXED,MONTHLY,188153.42,UNSECURED_PERSONAL,HOUSEHOLD,DEPOSITS,False,CLOSED,2026-08-21,0,0.0,0,CURRENT,False,,False,False,0,0,PTY-LENDER_A-00000320,ANON-LENDER_A-00000320,PERSON,synthetic,WCDS-0.1
FAC-LENDER_A-00000321,LENDER_A,LENDER_A-100321,,TERM_LOAN,SALARY_3M,NGN,150000,150000,150000,2026-05-05,2026-05-05,2026-08-03,90,0.397579,FIXED,MONTHLY,54901.66,UNSECURED_PERSONAL,HOUSEHOLD,DEPOSITS,False,CLOSED,2026-08-21,0,0.0,0,CURRENT,False,,False,False,0,0,PTY-LENDER_A-00000321,ANON-LENDER_A-00000321,PERSON,synthetic,WCDS-0.1
FAC-LENDER_A-00000322,LENDER_A,LENDER_A-100322,,TERM_LOAN,SALARY_6M,NGN,300000,300000,300000,2025-07-01,2025-07-01,2025-12-28,180,0.334374,FIXED,MONTHLY,58244.83,UNSECURED_PERSONAL,HOUSEHOLD,DEPOSITS,False,CLOSED,2026-08-21,0,0.0,0,CURRENT,False,,False,False,0,0,PTY-LENDER_A-00000322,ANON-LENDER_A-00000322,PERSON,synthetic,WCDS-0.1
FAC-LENDER_A-00000323,LENDER_A,LENDER_A-100323,,TERM_LOAN,PERSONAL_9M,NGN,250000,250000,250000,2025-10-08,2025-10-08,2026-07-05,270,0.309185,FIXED,MONTHLY,34130.89,PERSONAL,HOUSEHOLD,DEPOSITS,False,CLOSED,2026-08-21,0,0.0,0,CURRENT,False,,False,False,0,0,PTY-LENDER_A-00000323,ANON-LENDER_A-00000323,PERSON,synthetic,WCDS-0.1
FAC-LENDER_A-00000324,LENDER_A,LENDER_A-100324,,TERM_LOAN,SALARY_3M,NGN,150000,150000,150000,2025-06-22,2025-06-22,2025-09-20,90,0.401744,FIXED,MONTHLY,54953.01,UNSECURED_PERSONAL,HOUSEHOLD,DEPOSITS,False,CLOSED,2026-08-21,0,0.0,0,CURRENT,False,,False,False,0,0,PTY-LENDER_A-00000324,ANON-LENDER_A-00000324,PERSON,synthetic,WCDS-0.1
FAC-LENDER_A-00000325,LENDER_A,LENDER_A-100325,,TERM_LOAN,SALARY_3M,NGN,150000,150000,150000,2025-03-18,2025-03-18,2025-06-16,90,0.366324,FIXED,MONTHLY,54516.33,UNSECURED_PERSONAL,HOUSEHOLD,DEPOSITS,False,ACTIVE,2026-08-21,8750.0,9013.45,35,DPD_31_60,False,,False,False,0,0,PTY-LENDER_A-00000325,ANON-LENDER_A-00000325,PERSON,synthetic,WCDS-0.1
FAC-LENDER_A-00000326,LENDER_A,LENDER_A-100326,,TERM_LOAN,PERSONAL_9M,NGN,100000,100000,100000,2025-12-19,2025-12-19,2026-09-15,270,0.396861,FIXED,MONTHLY,14372.98,PERSONAL,HOUSEHOLD,DEPOSITS,False,ACTIVE,2026-08-21,9259.26,9259.26,0,CURRENT,False,,False,False,0,0,PTY-LENDER_A-00000326,ANON-LENDER_A-00000326,PERSON,synthetic,WCDS-0.1
FAC-LENDER_A-00000327,LENDER_A,LENDER_A-100327,,TERM_LOAN,SALARY_3M,NGN,150000,150000,150000,2025-10-28,2025-10-28,2026-01-26,90,0.404174,FIXED,MONTHLY,54982.97,UNSECURED_PERSONAL,HOUSEHOLD,DEPOSITS,False,ACTIVE,2026-08-21,16250.0,16789.82,65,DPD_61_90,False,,False,False,0,0,PTY-LENDER_A-00000327,ANON-LENDER_A-00000327,PERSON,synthetic,WCDS-0.1
FAC-LENDER_A-00000328,LENDER_A,LENDER_A-100328,,TERM_LOAN,SALARY_3M,NGN,200000,200000,200000,2025-06-30,2025-06-30,2025-09-28,90,0.303948,FIXED,MONTHLY,71663.08,UNSECURED_PERSONAL,HOUSEHOLD,DEPOSITS,False,ACTIVE,2026-08-21,21666.67,22207.94,65,DPD_61_90,False,,False,False,0,0,PTY-LENDER_A-00000328,ANON-LENDER_A-00000328,PERSON,synthetic,WCDS-0.1
FAC-LENDER_A-00000329,LENDER_A,LENDER_A-100329,,TERM_LOAN,PERSONAL_9M,NGN,1000000,1000000,1000000,2025-09-06,2025-09-06,2026-06-03,270,0.381933,FIXED,MONTHLY,142502.87,PERSONAL,HOUSEHOLD,DEPOSITS,False,CLOSED,2026-08-21,0,0.0,0,CURRENT,False,,False,False,0,0,PTY-LENDER_A-00000329,ANON-LENDER_A-00000329,PERSON,synthetic,WCDS-0.1
FAC-LENDER_A-00000330,LENDER_A,LENDER_A-100330,,TERM_LOAN,SALARY_3M,NGN,1000000,1000000,1000000,2025-08-22,2025-08-22,2025-11-20,90,0.388769,FIXED,MONTHLY,365286.98,UNSECURED_PERSONAL,HOUSEHOLD,DEPOSITS,False,CLOSED,2026-08-21,0,0.0,0,CURRENT,False,,False,False,0,0,PTY-LENDER_A-00000330,ANON-LENDER_A-00000330,PERSON,synthetic,WCDS-0.1
FAC-LENDER_A-00000331,LENDER_A,LENDER_A-100331,,TERM_LOAN,PERSONAL_9M,NGN,500000,500000,500000,2025-09-11,2025-09-11,2026-06-08,270,0.320871,FIXED,MONTHLY,68742.04,PERSONAL,HOUSEHOLD,DEPOSITS,False,CLOSED,2026-08-21,0,0.0,0,CURRENT,False,,False,False,0,0,PTY-LENDER_A-00000331,ANON-LENDER_A-00000331,PERSON,synthetic,WCDS-0.1
FAC-LENDER_A-00000332,LENDER_A,LENDER_A-100332,,TERM_LOAN,SALARY_6M,NGN,1000000,1000000,1000000,2025-07-23,2025-07-23,2026-01-19,180,0.37911,FIXED,MONTHLY,197826.42,UNSECURED_PERSONAL,HOUSEHOLD,DEPOSITS,False,CLOSED,2026-08-21,0,0.0,0,CURRENT,False,,False,False,0,0,PTY-LENDER_A-00000332,ANON-LENDER_A-00000332,PERSON,synthetic,WCDS-0.1
FAC-LENDER_A-00000333,LENDER_A,LENDER_A-100333,,TERM_LOAN,PERSONAL_9M,NGN,300000,300000,300000,2025-12-02,2025-12-02,2026-08-29,270,0.290283,FIXED,MONTHLY,40491.0,PERSONAL,HOUSEHOLD,DEPOSITS,False,ACTIVE,2026-08-21,12388.89,12457.86,7,DPD_1_30,False,,False,False,0,0,PTY-LENDER_A-00000333,ANON-LENDER_A-00000333,PERSON,synthetic,WCDS-0.1
FAC-LENDER_A-00000334,LENDER_A,LENDER_A-100334,,TERM_LOAN,PERSONAL_9M,NGN,200000,200000,200000,2025-07-09,2025-07-09,2026-04-05,270,0.365401,FIXED,MONTHLY,28228.82,PERSONAL,HOUSEHOLD,DEPOSITS,False,CLOSED,2026-08-21,0,0.0,0,CURRENT,True,,False,False,0,0,PTY-LENDER_A-00000334,ANON-LENDER_A-00000334,PERSON,synthetic,WCDS-0.1
FAC-LENDER_A-00000335,LENDER_A,LENDER_A-100335,,TERM_LOAN,SALARY_6M,NGN,300000,300000,300000,2026-04-29,2026-04-29,2026-10-26,180,0.260623,FIXED,MONTHLY,56426.33,UNSECURED_PERSONAL,HOUSEHOLD,DEPOSITS,False,ACTIVE,2026-08-21,110000.0,110000.0,0,CURRENT,False,,False,False,0,0,PTY-LENDER_A-00000335,ANON-LENDER_A-00000335,PERSON,synthetic,WCDS-0.1
FAC-LENDER_A-00000336,LENDER_A,LENDER_A-100336,,TERM_LOAN,SALARY_6M,NGN,150000,150000,150000,2026-07-16,2026-07-16,2027-01-12,180,0.313861,FIXED,MONTHLY,28869.52,UNSECURED_PERSONAL,HOUSEHOLD,DEPOSITS,False,ACTIVE,2026-08-21,120000.0,120000.0,0,CURRENT,False,,False,False,0,0,PTY-LENDER_A-00000336,ANON-LENDER_A-00000336,PERSON,synthetic,WCDS-0.1
FAC-LENDER_A-00000337,LENDER_A,LENDER_A-100337,,TERM_LOAN,SALARY_6M,NGN,100000,100000,100000,2025-10-17,2025-10-17,2026-04-15,180,0.331631,FIXED,MONTHLY,19392.4,UNSECURED_PERSONAL,HOUSEHOLD,DEPOSITS,False,CLOSED,2026-08-21,0,0.0,0,CURRENT,False,,False,False,0,0,PTY-LENDER_A-00000337,ANON-LENDER_A-00000337,PERSON,synthetic,WCDS-0.1
FAC-LENDER_A-00000338,LENDER_A,LENDER_A-100338,,TERM_LOAN,SALARY_3M,NGN,1000000,1000000,1000000,2026-02-19,2026-02-19,2026-05-20,90,0.3935,FIXED,MONTHLY,365675.82,UNSECURED_PERSONAL,HOUSEHOLD,DEPOSITS,False,CLOSED,2026-08-21,0,0.0,0,CURRENT,False,,False,False,0,0,PTY-LENDER_A-00000338,ANON-LENDER_A-00000338,PERSON,synthetic,WCDS-0.1
FAC-LENDER_A-00000339,LENDER_A,LENDER_A-100339,,TERM_LOAN,SALARY_3M,NGN,150000,150000,150000,2026-02-21,2026-02-21,2026-05-22,90,0.32034,FIXED,MONTHLY,53949.4,UNSECURED_PERSONAL,HOUSEHOLD,DEPOSITS,False,CLOSED,2026-08-21,0,0.0,0,CURRENT,False,,False,False,0,0,PTY-LENDER_A-00000339,ANON-LENDER_A-00000339,PERSON,synthetic,WCDS-0.1
FAC-LENDER_A-00000340,LENDER_A,LENDER_A-100340,,TERM_LOAN,SALARY_6M,NGN,250000,250000,250000,2025-03-22,2025-03-22,2025-09-18,180,0.318108,FIXED,MONTHLY,48203.13,UNSECURED_PERSONAL,HOUSEHOLD,DEPOSITS,False,CLOSED,2026-08-21,0,0.0,0,CURRENT,False,,False,False,0,0,PTY-LENDER_A-00000340,ANON-LENDER_A-00000340,PERSON,synthetic,WCDS-0.1
FAC-LENDER_A-00000341,LENDER_A,LENDER_A-100341,,TERM_LOAN,SALARY_6M,NGN,400000,400000,400000,2025-07-18,2025-07-18,2026-01-14,180,0.272837,FIXED,MONTHLY,75636.64,UNSECURED_PERSONAL,HOUSEHOLD,DEPOSITS,False,ACTIVE,2026-08-21,10000.0,10112.12,15,DPD_1_30,False,,False,False,0,0,PTY-LENDER_A-00000341,ANON-LENDER_A-00000341,PERSON,synthetic,WCDS-0.1
FAC-LENDER_A-00000342,LENDER_A,LENDER_A-100342,,TERM_LOAN,PERSONAL_9M,NGN,200000,200000,200000,2025-10-08,2025-10-08,2026-07-05,270,0.377857,FIXED,MONTHLY,28433.57,PERSONAL,HOUSEHOLD,DEPOSITS,False,CLOSED,2026-08-21,0,0.0,0,CURRENT,False,,False,False,0,0,PTY-LENDER_A-00000342,ANON-LENDER_A-00000342,PERSON,synthetic,WCDS-0.1
FAC-LENDER_A-00000343,LENDER_A,LENDER_A-100343,,TERM_LOAN,SALARY_6M,NGN,400000,400000,400000,2025-10-17,2025-10-17,2026-04-15,180,0.284102,FIXED,MONTHLY,76007.01,UNSECURED_PERSONAL,HOUSEHOLD,DEPOSITS,False,ACTIVE,2026-08-21,4666.67,4692.09,7,DPD_1_30,False,,False,False,0,0,PTY-LENDER_A-00000343,ANON-LENDER_A-00000343,PERSON,synthetic,WCDS-0.1
FAC-LENDER_A-00000344,LENDER_A,LENDER_A-100344,,TERM_LOAN,SALARY_6M,NGN,500000,500000,500000,2025-10-28,2025-10-28,2026-04-26,180,0.376132,FIXED,MONTHLY,98790.8,UNSECURED_PERSONAL,HOUSEHOLD,DEPOSITS,False,ACTIVE,2026-08-21,12500.0,12693.22,15,DPD_1_30,False,,False,False,0,0,PTY-LENDER_A-00000344,ANON-LENDER_A-00000344,PERSON,synthetic,WCDS-0.1
FAC-LENDER_A-00000345,LENDER_A,LENDER_A-100345,,TERM_LOAN,PERSONAL_9M,NGN,1000000,1000000,1000000,2026-02-08,2026-02-08,2026-11-05,270,0.347662,FIXED,MONTHLY,139686.08,PERSONAL,HOUSEHOLD,DEPOSITS,False,ACTIVE,2026-08-21,281481.48,281481.48,0,CURRENT,False,,False,False,0,0,PTY-LENDER_A-00000345,ANON-LENDER_A-00000345,PERSON,synthetic,WCDS-0.1
FAC-LENDER_A-00000346,LENDER_A,LENDER_A-100346,,TERM_LOAN,PERSONAL_9M,NGN,250000,250000,250000,2025-05-20,2025-05-20,2026-02-14,270,0.335395,FIXED,MONTHLY,34669.45,PERSONAL,HOUSEHOLD,DEPOSITS,False,ACTIVE,2026-08-21,6250.0,6336.15,15,DPD_1_30,False,,False,False,0,0,PTY-LENDER_A-00000346,ANON-LENDER_A-00000346,PERSON,synthetic,WCDS-0.1
FAC-LENDER_A-00000347,LENDER_A,LENDER_A-100347,,TERM_LOAN,SALARY_6M,NGN,750000,750000,750000,2026-03-22,2026-03-22,2026-09-18,180,0.268299,FIXED,MONTHLY,141538.98,UNSECURED_PERSONAL,HOUSEHOLD,DEPOSITS,False,ACTIVE,2026-08-21,116666.67,116666.67,0,CURRENT,False,,False,False,0,0,PTY-LENDER_A-00000347,ANON-LENDER_A-00000347,PERSON,synthetic,WCDS-0.1
FAC-LENDER_A-00000348,LENDER_A,LENDER_A-100348,,TERM_LOAN,SALARY_6M,NGN,150000,150000,150000,2025-05-09,2025-05-09,2025-11-05,180,0.33904,FIXED,MONTHLY,29179.94,UNSECURED_PERSONAL,HOUSEHOLD,DEPOSITS,False,DEFAULTED,2026-08-21,22500.0,23126.99,180,DPD_90_PLUS,True,2026-05-23,False,False,0,0,PTY-LENDER_A-00000348,ANON-LENDER_A-00000348,PERSON,synthetic,WCDS-0.1
FAC-LENDER_A-00000349,LENDER_A,LENDER_A-100349,,TERM_LOAN,PERSONAL_9M,NGN,100000,100000,100000,2025-08-08,2025-08-08,2026-05-05,270,0.363005,FIXED,MONTHLY,14094.71,PERSONAL,HOUSEHOLD,DEPOSITS,False,ACTIVE,2026-08-21,1166.67,1174.79,7,DPD_1_30,False,,False,False,0,0,PTY-LENDER_A-00000349,ANON-LENDER_A-00000349,PERSON,synthetic,WCDS-0.1
FAC-LENDER_A-00000350,LENDER_A,LENDER_A-100350,,TERM_LOAN,SALARY_3M,NGN,250000,250000,250000,2025-08-13,2025-08-13,2025-11-11,90,0.397476,FIXED,MONTHLY,91500.64,UNSECURED_PERSONAL,HOUSEHOLD,DEPOSITS,False,CLOSED,2026-08-21,0,0.0,0,CURRENT,False,,False,False,0,0,PTY-LENDER_A-00000350,ANON-LENDER_A-00000350,PERSON,synthetic,WCDS-0.1
FAC-LENDER_A-00000351,LENDER_A,LENDER_A-100351,,TERM_LOAN,PERSONAL_9M,NGN,500000,500000,500000,2025-09-06,2025-09-06,2026-06-03,270,0.357404,FIXED,MONTHLY,70243.38,PERSONAL,HOUSEHOLD,DEPOSITS,False,DEFAULTED,2026-08-21,75000.0,77203.17,130,DPD_90_PLUS,True,2026-07-12,True,False,0,0,PTY-LENDER_A-00000351,ANON-LENDER_A-00000351,PERSON,synthetic,WCDS-0.1
FAC-LENDER_A-00000352,LENDER_A,LENDER_A-100352,,TERM_LOAN,PERSONAL_9M,NGN,250000,250000,250000,2025-05-12,2025-05-12,2026-02-06,270,0.342256,FIXED,MONTHLY,34810.43,PERSONAL,HOUSEHOLD,DEPOSITS,False,CLOSED,2026-08-21,0,0.0,0,CURRENT,False,,False,False,0,0,PTY-LENDER_A-00000352,ANON-LENDER_A-00000352,PERSON,synthetic,WCDS-0.1
FAC-LENDER_A-00000353,LENDER_A,LENDER_A-100353,,TERM_LOAN,SALARY_3M,NGN,400000,400000,400000,2026-07-17,2026-07-17,2026-10-15,90,0.355568,FIXED,MONTHLY,145023.23,UNSECURED_PERSONAL,HOUSEHOLD,DEPOSITS,False,ACTIVE,2026-08-21,244444.44,244444.44,0,CURRENT,False,,False,False,0,0,PTY-LENDER_A-00000353,ANON-LENDER_A-00000353,PERSON,synthetic,WCDS-0.1
FAC-LENDER_A-00000354,LENDER_A,LENDER_A-100354,,TERM_LOAN,PERSONAL_9M,NGN,200000,200000,200000,2025-08-20,2025-08-20,2026-05-17,270,0.290303,FIXED,MONTHLY,26994.32,PERSONAL,HOUSEHOLD,DEPOSITS,False,CLOSED,2026-08-21,0,0.0,0,CURRENT,False,,False,False,0,0,PTY-LENDER_A-00000354,ANON-LENDER_A-00000354,PERSON,synthetic,WCDS-0.1
FAC-LENDER_A-00000355,LENDER_A,LENDER_A-100355,,TERM_LOAN,SALARY_6M,NGN,150000,150000,150000,2025-05-20,2025-05-20,2025-11-16,180,0.284824,FIXED,MONTHLY,28511.53,UNSECURED_PERSONAL,HOUSEHOLD,DEPOSITS,False,ACTIVE,2026-08-21,1750.0,1759.56,7,DPD_1_30,False,,False,False,0,0,PTY-LENDER_A-00000355,ANON-LENDER_A-00000355,PERSON,synthetic,WCDS-0.1
FAC-LENDER_A-00000356,LENDER_A,LENDER_A-100356,,TERM_LOAN,PERSONAL_9M,NGN,150000,150000,150000,2026-07-19,2026-07-19,2027-04-15,270,0.285362,FIXED,MONTHLY,20184.83,PERSONAL,HOUSEHOLD,DEPOSITS,False,ACTIVE,2026-08-21,140416.67,143710.06,35,DPD_31_60,False,,False,False,0,0,PTY-LENDER_A-00000356,ANON-LENDER_A-00000356,PERSON,synthetic,WCDS-0.1
FAC-LENDER_A-00000357,LENDER_A,LENDER_A-100357,,TERM_LOAN,SALARY_3M,NGN,1000000,1000000,1000000,2026-02-14,2026-02-14,2026-05-15,90,0.381257,FIXED,MONTHLY,364669.5,UNSECURED_PERSONAL,HOUSEHOLD,DEPOSITS,False,CLOSED,2026-08-21,0,0.0,0,CURRENT,False,,False,False,0,0,PTY-LENDER_A-00000357,ANON-LENDER_A-00000357,PERSON,synthetic,WCDS-0.1
FAC-LENDER_A-00000358,LENDER_A,LENDER_A-100358,,TERM_LOAN,SALARY_6M,NGN,200000,200000,200000,2026-02-02,2026-02-02,2026-08-01,180,0.311164,FIXED,MONTHLY,38448.36,UNSECURED_PERSONAL,HOUSEHOLD,DEPOSITS,False,CLOSED,2026-08-21,0,0.0,0,CURRENT,False,,False,False,0,0,PTY-LENDER_A-00000358,ANON-LENDER_A-00000358,PERSON,synthetic,WCDS-0.1
FAC-LENDER_A-00000359,LENDER_A,LENDER_A-100359,,TERM_LOAN,SALARY_3M,NGN,750000,750000,750000,2024-12-13,2024-12-13,2025-03-13,90,0.351856,FIXED,MONTHLY,271689.76,UNSECURED_PERSONAL,HOUSEHOLD,DEPOSITS,False,CLOSED,2026-08-21,0,0.0,0,CURRENT,False,,False,False,0,0,PTY-LENDER_A-00000359,ANON-LENDER_A-00000359,PERSON,synthetic,WCDS-0.1
FAC-LENDER_A-00000360,LENDER_A,LENDER_A-100360,,TERM_LOAN,PERSONAL_9M,NGN,150000,150000,150000,2024-12-28,2024-12-28,2025-09-24,270,0.313401,FIXED,MONTHLY,20530.52,PERSONAL,HOUSEHOLD,DEPOSITS,False,CLOSED,2026-08-21,0,0.0,0,CURRENT,False,,False,False,0,0,PTY-LENDER_A-00000360,ANON-LENDER_A-00000360,PERSON,synthetic,WCDS-0.1
FAC-LENDER_A-00000361,LENDER_A,LENDER_A-100361,,TERM_LOAN,SALARY_6M,NGN,150000,150000,150000,2025-11-16,2025-11-16,2026-05-15,180,0.282435,FIXED,MONTHLY,28482.08,UNSECURED_PERSONAL,HOUSEHOLD,DEPOSITS,False,CLOSED,2026-08-21,0,0.0,0,CURRENT,False,,False,False,0,0,PTY-LENDER_A-00000361,ANON-LENDER_A-00000361,PERSON,synthetic,WCDS-0.1
FAC-LENDER_A-00000362,LENDER_A,LENDER_A-100362,,TERM_LOAN,SALARY_6M,NGN,500000,500000,500000,2024-12-18,2024-12-18,2025-06-16,180,0.37591,FIXED,MONTHLY,98781.69,UNSECURED_PERSONAL,HOUSEHOLD,DEPOSITS,False,CLOSED,2026-08-21,0,0.0,0,CURRENT,False,,False,False,0,0,PTY-LENDER_A-00000362,ANON-LENDER_A-00000362,PERSON,synthetic,WCDS-0.1
FAC-LENDER_A-00000363,LENDER_A,LENDER_A-100363,,TERM_LOAN,PERSONAL_9M,NGN,300000,300000,300000,2024-12-15,2024-12-15,2025-09-11,270,0.300703,FIXED,MONTHLY,40747.94,PERSONAL,HOUSEHOLD,DEPOSITS,False,CLOSED,2026-08-21,0,0.0,0,CURRENT,False,,False,False,0,0,PTY-LENDER_A-00000363,ANON-LENDER_A-00000363,PERSON,synthetic,WCDS-0.1
FAC-LENDER_A-00000364,LENDER_A,LENDER_A-100364,,TERM_LOAN,SALARY_3M,NGN,400000,400000,400000,2026-03-20,2026-03-20,2026-06-18,90,0.316074,FIXED,MONTHLY,143724.8,UNSECURED_PERSONAL,HOUSEHOLD,DEPOSITS,False,CLOSED,2026-08-21,0,0.0,0,CURRENT,False,,False,False,0,0,PTY-LENDER_A-00000364,ANON-LENDER_A-00000364,PERSON,synthetic,WCDS-0.1
FAC-LENDER_A-00000365,LENDER_A,LENDER_A-100365,,TERM_LOAN,SALARY_3M,NGN,750000,750000,750000,2025-02-07,2025-02-07,2025-05-08,90,0.350189,FIXED,MONTHLY,271586.97,UNSECURED_PERSONAL,HOUSEHOLD,DEPOSITS,False,CLOSED,2026-08-21,0,0.0,0,CURRENT,False,,False,False,0,0,PTY-LENDER_A-00000365,ANON-LENDER_A-00000365,PERSON,synthetic,WCDS-0.1
FAC-LENDER_A-00000366,LENDER_A,LENDER_A-100366,,TERM_LOAN,SALARY_6M,NGN,300000,300000,300000,2026-03-21,2026-03-21,2026-09-17,180,0.379988,FIXED,MONTHLY,59369.57,UNSECURED_PERSONAL,HOUSEHOLD,DEPOSITS,False,ACTIVE,2026-08-21,45000.0,45000.0,0,CURRENT,False,,False,False,0,0,PTY-LENDER_A-00000366,ANON-LENDER_A-00000366,PERSON,synthetic,WCDS-0.1
FAC-LENDER_A-00000367,LENDER_A,LENDER_A-100367,,TERM_LOAN,SALARY_3M,NGN,750000,750000,750000,2026-03-25,2026-03-25,2026-06-23,90,0.401038,FIXED,MONTHLY,274721.53,UNSECURED_PERSONAL,HOUSEHOLD,DEPOSITS,False,CLOSED,2026-08-21,0,0.0,0,CURRENT,False,,False,False,0,0,PTY-LENDER_A-00000367,ANON-LENDER_A-00000367,PERSON,synthetic,WCDS-0.1
FAC-LENDER_A-00000368,LENDER_A,LENDER_A-100368,,TERM_LOAN,SALARY_6M,NGN,750000,750000,750000,2025-06-12,2025-06-12,2025-12-09,180,0.32739,FIXED,MONTHLY,145181.57,UNSECURED_PERSONAL,HOUSEHOLD,DEPOSITS,False,ACTIVE,2026-08-21,8750.0,8804.94,7,DPD_1_30,False,,False,False,0,0,PTY-LENDER_A-00000368,ANON-LENDER_A-00000368,PERSON,synthetic,WCDS-0.1
FAC-LENDER_A-00000369,LENDER_A,LENDER_A-100369,,TERM_LOAN,SALARY_3M,NGN,300000,300000,300000,2026-07-09,2026-07-09,2026-10-07,90,0.353262,FIXED,MONTHLY,108710.58,UNSECURED_PERSONAL,HOUSEHOLD,DEPOSITS,False,ACTIVE,2026-08-21,156666.67,156666.67,0,CURRENT,False,,False,False,0,0,PTY-LENDER_A-00000369,ANON-LENDER_A-00000369,PERSON,synthetic,WCDS-0.1
FAC-LENDER_A-00000370,LENDER_A,LENDER_A-100370,,TERM_LOAN,PERSONAL_9M,NGN,750000,750000,750000,2025-01-26,2025-01-26,2025-10-23,270,0.334879,FIXED,MONTHLY,103976.53,PERSONAL,HOUSEHOLD,DEPOSITS,False,CLOSED,2026-08-21,0,0.0,0,CURRENT,False,,False,False,0,0,PTY-LENDER_A-00000370,ANON-LENDER_A-00000370,PERSON,synthetic,WCDS-0.1
FAC-LENDER_A-00000371,LENDER_A,LENDER_A-100371,,TERM_LOAN,SALARY_6M,NGN,1000000,1000000,1000000,2026-06-30,2026-06-30,2026-12-27,180,0.292147,FIXED,MONTHLY,190678.72,UNSECURED_PERSONAL,HOUSEHOLD,DEPOSITS,False,ACTIVE,2026-08-21,722777.78,726827.37,7,DPD_1_30,False,,False,False,0,0,PTY-LENDER_A-00000371,ANON-LENDER_A-00000371,PERSON,synthetic,WCDS-0.1
FAC-LENDER_A-00000372,LENDER_A,LENDER_A-100372,,TERM_LOAN,PERSONAL_9M,NGN,250000,250000,250000,2025-10-11,2025-10-11,2026-07-08,270,0.331019,FIXED,MONTHLY,34579.53,PERSONAL,HOUSEHOLD,DEPOSITS,False,ACTIVE,2026-08-21,14583.33,14980.1,35,DPD_31_60,False,,True,False,0,0,PTY-LENDER_A-00000372,ANON-LENDER_A-00000372,PERSON,synthetic,WCDS-0.1
FAC-LENDER_A-00000373,LENDER_A,LENDER_A-100373,,TERM_LOAN,SALARY_3M,NGN,250000,250000,250000,2026-01-09,2026-01-09,2026-04-09,90,0.331538,FIXED,MONTHLY,90145.75,UNSECURED_PERSONAL,HOUSEHOLD,DEPOSITS,False,ACTIVE,2026-08-21,6250.0,6335.16,15,DPD_1_30,False,,False,False,0,0,PTY-LENDER_A-00000373,ANON-LENDER_A-00000373,PERSON,synthetic,WCDS-0.1
FAC-LENDER_A-00000374,LENDER_A,LENDER_A-100374,,TERM_LOAN,PERSONAL_9M,NGN,500000,500000,500000,2026-02-23,2026-02-23,2026-11-20,270,0.36529,FIXED,MONTHLY,70567.49,PERSONAL,HOUSEHOLD,DEPOSITS,False,ACTIVE,2026-08-21,168518.52,168518.52,0,CURRENT,False,,False,False,0,0,PTY-LENDER_A-00000374,ANON-LENDER_A-00000374,PERSON,synthetic,WCDS-0.1
FAC-LENDER_A-00000375,LENDER_A,LENDER_A-100375,,TERM_LOAN,PERSONAL_9M,NGN,400000,400000,400000,2025-02-12,2025-02-12,2025-11-09,270,0.376653,FIXED,MONTHLY,56827.55,PERSONAL,HOUSEHOLD,DEPOSITS,False,CLOSED,2026-08-21,0,0.0,0,CURRENT,False,,False,False,0,0,PTY-LENDER_A-00000375,ANON-LENDER_A-00000375,PERSON,synthetic,WCDS-0.1
FAC-LENDER_A-00000376,LENDER_A,LENDER_A-100376,,TERM_LOAN,SALARY_6M,NGN,300000,300000,300000,2025-03-03,2025-03-03,2025-08-30,180,0.298838,FIXED,MONTHLY,57368.62,UNSECURED_PERSONAL,HOUSEHOLD,DEPOSITS,False,DEFAULTED,2026-08-21,45000.0,46105.29,180,DPD_90_PLUS,True,2026-05-23,True,False,0,0,PTY-LENDER_A-00000376,ANON-LENDER_A-00000376,PERSON,synthetic,WCDS-0.1
FAC-LENDER_A-00000377,LENDER_A,LENDER_A-100377,,TERM_LOAN,SALARY_6M,NGN,200000,200000,200000,2026-03-29,2026-03-29,2026-09-25,180,0.354283,FIXED,MONTHLY,39157.16,UNSECURED_PERSONAL,HOUSEHOLD,DEPOSITS,False,ACTIVE,2026-08-21,38888.89,38888.89,0,CURRENT,False,,False,False,0,0,PTY-LENDER_A-00000377,ANON-LENDER_A-00000377,PERSON,synthetic,WCDS-0.1
FAC-LENDER_A-00000378,LENDER_A,LENDER_A-100378,,TERM_LOAN,PERSONAL_9M,NGN,500000,500000,500000,2025-03-28,2025-03-28,2025-12-23,270,0.371377,FIXED,MONTHLY,70817.62,PERSONAL,HOUSEHOLD,DEPOSITS,False,CLOSED,2026-08-21,0,0.0,0,CURRENT,False,,False,False,0,0,PTY-LENDER_A-00000378,ANON-LENDER_A-00000378,PERSON,synthetic,WCDS-0.1
FAC-LENDER_A-00000379,LENDER_A,LENDER_A-100379,,TERM_LOAN,SALARY_3M,NGN,150000,150000,150000,2025-06-25,2025-06-25,2025-09-23,90,0.375888,FIXED,MONTHLY,54634.24,UNSECURED_PERSONAL,HOUSEHOLD,DEPOSITS,False,CLOSED,2026-08-21,0,0.0,0,CURRENT,False,,False,False,0,0,PTY-LENDER_A-00000379,ANON-LENDER_A-00000379,PERSON,synthetic,WCDS-0.1
FAC-LENDER_A-00000380,LENDER_A,LENDER_A-100380,,TERM_LOAN,SALARY_6M,NGN,400000,400000,400000,2024-12-24,2024-12-24,2025-06-22,180,0.37236,FIXED,MONTHLY,78908.65,UNSECURED_PERSONAL,HOUSEHOLD,DEPOSITS,False,CLOSED,2026-08-21,0,0.0,0,CURRENT,False,,False,False,0,0,PTY-LENDER_A-00000380,ANON-LENDER_A-00000380,PERSON,synthetic,WCDS-0.1
FAC-LENDER_A-00000381,LENDER_A,LENDER_A-100381,,TERM_LOAN,SALARY_6M,NGN,400000,400000,400000,2026-06-08,2026-06-08,2026-12-05,180,0.347927,FIXED,MONTHLY,78105.36,UNSECURED_PERSONAL,HOUSEHOLD,DEPOSITS,False,ACTIVE,2026-08-21,245555.56,249066.6,15,DPD_1_30,False,,False,False,0,0,PTY-LENDER_A-00000381,ANON-LENDER_A-00000381,PERSON,synthetic,WCDS-0.1
FAC-LENDER_A-00000382,LENDER_A,LENDER_A-100382,,TERM_LOAN,SALARY_6M,NGN,300000,300000,300000,2025-09-15,2025-09-15,2026-03-14,180,0.376175,FIXED,MONTHLY,59275.56,UNSECURED_PERSONAL,HOUSEHOLD,DEPOSITS,False,ACTIVE,2026-08-21,7500.0,7615.94,15,DPD_1_30,False,,False,False,0,0,PTY-LENDER_A-00000382,ANON-LENDER_A-00000382,PERSON,synthetic,WCDS-0.1
FAC-LENDER_A-00000383,LENDER_A,LENDER_A-100383,,TERM_LOAN,SALARY_6M,NGN,400000,400000,400000,2026-06-23,2026-06-23,2026-12-20,180,0.329352,FIXED,MONTHLY,77494.68,UNSECURED_PERSONAL,HOUSEHOLD,DEPOSITS,False,ACTIVE,2026-08-21,268888.89,268888.89,0,CURRENT,False,,False,False,0,0,PTY-LENDER_A-00000383,ANON-LENDER_A-00000383,PERSON,synthetic,WCDS-0.1
FAC-LENDER_A-00000384,LENDER_A,LENDER_A-100384,,TERM_LOAN,SALARY_3M,NGN,750000,750000,750000,2025-05-01,2025-05-01,2025-07-30,90,0.375142,FIXED,MONTHLY,273125.16,UNSECURED_PERSONAL,HOUSEHOLD,DEPOSITS,False,CLOSED,2026-08-21,0,0.0,0,CURRENT,False,,False,False,0,0,PTY-LENDER_A-00000384,ANON-LENDER_A-00000384,PERSON,synthetic,WCDS-0.1
FAC-LENDER_A-00000385,LENDER_A,LENDER_A-100385,,TERM_LOAN,SALARY_3M,NGN,300000,300000,300000,2026-03-02,2026-03-02,2026-05-31,90,0.414964,FIXED,MONTHLY,110231.98,UNSECURED_PERSONAL,HOUSEHOLD,DEPOSITS,False,ACTIVE,2026-08-21,17500.0,18096.87,35,DPD_31_60,False,,False,False,0,0,PTY-LENDER_A-00000385,ANON-LENDER_A-00000385,PERSON,synthetic,WCDS-0.1
FAC-LENDER_A-00000386,LENDER_A,LENDER_A-100386,,TERM_LOAN,PERSONAL_9M,NGN,200000,200000,200000,2026-06-19,2026-06-19,2027-03-16,270,0.28989,FIXED,MONTHLY,26987.54,PERSONAL,HOUSEHOLD,DEPOSITS,False,ACTIVE,2026-08-21,153333.33,153333.33,0,CURRENT,False,,False,False,0,0,PTY-LENDER_A-00000386,ANON-LENDER_A-00000386,PERSON,synthetic,WCDS-0.1
FAC-LENDER_A-00000387,LENDER_A,LENDER_A-100387,,TERM_LOAN,PERSONAL_9M,NGN,150000,150000,150000,2026-05-06,2026-05-06,2027-01-31,270,0.308097,FIXED,MONTHLY,20465.13,PERSONAL,HOUSEHOLD,DEPOSITS,False,ACTIVE,2026-08-21,90555.56,90555.56,0,CURRENT,False,,False,False,0,0,PTY-LENDER_A-00000387,ANON-LENDER_A-00000387,PERSON,synthetic,WCDS-0.1
FAC-LENDER_A-00000388,LENDER_A,LENDER_A-100388,,TERM_LOAN,PERSONAL_9M,NGN,750000,750000,750000,2026-08-02,2026-08-02,2027-04-29,270,0.307143,FIXED,MONTHLY,102266.8,PERSONAL,HOUSEHOLD,DEPOSITS,False,ACTIVE,2026-08-21,697222.22,697222.22,0,CURRENT,False,,False,False,0,0,PTY-LENDER_A-00000388,ANON-LENDER_A-00000388,PERSON,synthetic,WCDS-0.1
FAC-LENDER_A-00000389,LENDER_A,LENDER_A-100389,,TERM_LOAN,PERSONAL_9M,NGN,200000,200000,200000,2025-04-09,2025-04-09,2026-01-04,270,0.383241,FIXED,MONTHLY,28522.07,PERSONAL,HOUSEHOLD,DEPOSITS,False,CLOSED,2026-08-21,0,0.0,0,CURRENT,False,,False,False,0,0,PTY-LENDER_A-00000389,ANON-LENDER_A-00000389,PERSON,synthetic,WCDS-0.1
FAC-LENDER_A-00000390,LENDER_A,LENDER_A-100390,,TERM_LOAN,SALARY_6M,NGN,400000,400000,400000,2025-10-09,2025-10-09,2026-04-07,180,0.347692,FIXED,MONTHLY,78097.62,UNSECURED_PERSONAL,HOUSEHOLD,DEPOSITS,False,CLOSED,2026-08-21,0,0.0,0,CURRENT,False,,False,False,0,0,PTY-LENDER_A-00000390,ANON-LENDER_A-00000390,PERSON,synthetic,WCDS-0.1
FAC-LENDER_A-00000391,LENDER_A,LENDER_A-100391,,TERM_LOAN,PERSONAL_9M,NGN,200000,200000,200000,2026-06-02,2026-06-02,2027-02-27,270,0.295978,FIXED,MONTHLY,27087.61,PERSONAL,HOUSEHOLD,DEPOSITS,False,ACTIVE,2026-08-21,140740.74,140740.74,0,CURRENT,False,,False,False,0,0,PTY-LENDER_A-00000391,ANON-LENDER_A-00000391,PERSON,synthetic,WCDS-0.1
FAC-LENDER_A-00000392,LENDER_A,LENDER_A-100392,,TERM_LOAN,PERSONAL_9M,NGN,250000,250000,250000,2026-03-09,2026-03-09,2026-12-04,270,0.332812,FIXED,MONTHLY,34616.38,PERSONAL,HOUSEHOLD,DEPOSITS,False,ACTIVE,2026-08-21,124305.56,127705.86,65,DPD_61_90,False,,False,False,0,0,PTY-LENDER_A-00000392,ANON-LENDER_A-00000392,PERSON,synthetic,WCDS-0.1
FAC-LENDER_A-00000393,LENDER_A,LENDER_A-100393,,TERM_LOAN,SALARY_3M,NGN,150000,150000,150000,2024-12-16,2024-12-16,2025-03-16,90,0.353086,FIXED,MONTHLY,54353.12,UNSECURED_PERSONAL,HOUSEHOLD,DEPOSITS,False,ACTIVE,2026-08-21,1750.0,1761.85,7,DPD_1_30,False,,False,False,0,0,PTY-LENDER_A-00000393,ANON-LENDER_A-00000393,PERSON,synthetic,WCDS-0.1
FAC-LENDER_A-00000394,LENDER_A,LENDER_A-100394,,TERM_LOAN,SALARY_3M,NGN,300000,300000,300000,2026-05-17,2026-05-17,2026-08-15,90,0.342184,FIXED,MONTHLY,108437.42,UNSECURED_PERSONAL,HOUSEHOLD,DEPOSITS,False,CLOSED,2026-08-21,0,0.0,0,CURRENT,False,,False,False,0,0,PTY-LENDER_A-00000394,ANON-LENDER_A-00000394,PERSON,synthetic,WCDS-0.1
FAC-LENDER_A-00000395,LENDER_A,LENDER_A-100395,,TERM_LOAN,PERSONAL_9M,NGN,100000,100000,100000,2025-10-07,2025-10-07,2026-07-04,270,0.31419,FIXED,MONTHLY,13693.5,PERSONAL,HOUSEHOLD,DEPOSITS,False,CLOSED,2026-08-21,0,0.0,0,CURRENT,False,,False,False,0,0,PTY-LENDER_A-00000395,ANON-LENDER_A-00000395,PERSON,synthetic,WCDS-0.1
FAC-LENDER_A-00000396,LENDER_A,LENDER_A-100396,,TERM_LOAN,PERSONAL_9M,NGN,100000,100000,100000,2025-12-09,2025-12-09,2026-09-05,270,0.32701,FIXED,MONTHLY,13798.87,PERSONAL,HOUSEHOLD,DEPOSITS,False,ACTIVE,2026-08-21,5555.56,5555.56,0,CURRENT,False,,False,False,0,0,PTY-LENDER_A-00000396,ANON-LENDER_A-00000396,PERSON,synthetic,WCDS-0.1
FAC-LENDER_A-00000397,LENDER_A,LENDER_A-100397,,TERM_LOAN,PERSONAL_9M,NGN,100000,100000,100000,2025-08-07,2025-08-07,2026-05-04,270,0.351272,FIXED,MONTHLY,13998.27,PERSONAL,HOUSEHOLD,DEPOSITS,False,DEFAULTED,2026-08-21,15000.0,15433.07,95,DPD_90_PLUS,True,2026-08-16,True,False,0,0,PTY-LENDER_A-00000397,ANON-LENDER_A-00000397,PERSON,synthetic,WCDS-0.1
FAC-LENDER_A-00000398,LENDER_A,LENDER_A-100398,,TERM_LOAN,PERSONAL_9M,NGN,200000,200000,200000,2025-04-16,2025-04-16,2026-01-11,270,0.323849,FIXED,MONTHLY,27545.78,PERSONAL,HOUSEHOLD,DEPOSITS,False,DEFAULTED,2026-08-21,30000.0,30798.53,95,DPD_90_PLUS,True,2026-08-16,False,False,0,0,PTY-LENDER_A-00000398,ANON-LENDER_A-00000398,PERSON,synthetic,WCDS-0.1
FAC-LENDER_A-00000399,LENDER_A,LENDER_A-100399,,TERM_LOAN,SALARY_3M,NGN,100000,100000,100000,2025-06-30,2025-06-30,2025-09-28,90,0.302003,FIXED,MONTHLY,35815.55,UNSECURED_PERSONAL,HOUSEHOLD,DEPOSITS,False,CLOSED,2026-08-21,0,0.0,0,CURRENT,False,,False,False,0,0,PTY-LENDER_A-00000399,ANON-LENDER_A-00000399,PERSON,synthetic,WCDS-0.1
FAC-LENDER_A-00000400,LENDER_A,LENDER_A-100400,,TERM_LOAN,PERSONAL_9M,NGN,500000,500000,500000,2026-05-19,2026-05-19,2027-02-13,270,0.329852,FIXED,MONTHLY,69111.11,PERSONAL,HOUSEHOLD,DEPOSITS,False,ACTIVE,2026-08-21,325925.93,325925.93,0,CURRENT,False,,False,False,0,0,PTY-LENDER_A-00000400,ANON-LENDER_A-00000400,PERSON,synthetic,WCDS-0.1
FAC-LENDER_A-00000401,LENDER_A,LENDER_A-100401,,TERM_LOAN,SALARY_3M,NGN,1000000,1000000,1000000,2026-01-15,2026-01-15,2026-04-15,90,0.364519,FIXED,MONTHLY,363293.77,UNSECURED_PERSONAL,HOUSEHOLD,DEPOSITS,False,WRITTEN_OFF,2026-08-21,8796.56,9060.11,130,DPD_90_PLUS,True,2026-07-12,False,True,150000.0,28620.9,PTY-LENDER_A-00000401,ANON-LENDER_A-00000401,PERSON,synthetic,WCDS-0.1
FAC-LENDER_A-00000402,LENDER_A,LENDER_A-100402,,TERM_LOAN,SALARY_6M,NGN,250000,250000,250000,2026-06-13,2026-06-13,2026-12-10,180,0.337179,FIXED,MONTHLY,48594.99,UNSECURED_PERSONAL,HOUSEHOLD,DEPOSITS,False,ACTIVE,2026-08-21,154166.67,154166.67,0,CURRENT,False,,False,False,0,0,PTY-LENDER_A-00000402,ANON-LENDER_A-00000402,PERSON,synthetic,WCDS-0.1
FAC-LENDER_A-00000403,LENDER_A,LENDER_A-100403,,TERM_LOAN,SALARY_3M,NGN,300000,300000,300000,2026-02-13,2026-02-13,2026-05-14,90,0.410955,FIXED,MONTHLY,110133.15,UNSECURED_PERSONAL,HOUSEHOLD,DEPOSITS,False,CLOSED,2026-08-21,0,0.0,0,CURRENT,False,,False,False,0,0,PTY-LENDER_A-00000403,ANON-LENDER_A-00000403,PERSON,synthetic,WCDS-0.1
FAC-LENDER_A-00000404,LENDER_A,LENDER_A-100404,,TERM_LOAN,SALARY_6M,NGN,1000000,1000000,1000000,2025-02-28,2025-02-28,2025-08-27,180,0.34418,FIXED,MONTHLY,194955.43,UNSECURED_PERSONAL,HOUSEHOLD,DEPOSITS,False,ACTIVE,2026-08-21,25000.0,25353.61,15,DPD_1_30,False,,False,False,0,0,PTY-LENDER_A-00000404,ANON-LENDER_A-00000404,PERSON,synthetic,WCDS-0.1
FAC-LENDER_A-00000405,LENDER_A,LENDER_A-100405,,TERM_LOAN,SALARY_6M,NGN,150000,150000,150000,2026-07-12,2026-07-12,2027-01-08,180,0.280036,FIXED,MONTHLY,28452.49,UNSECURED_PERSONAL,HOUSEHOLD,DEPOSITS,False,ACTIVE,2026-08-21,116666.67,116666.67,0,CURRENT,False,,False,False,0,0,PTY-LENDER_A-00000405,ANON-LENDER_A-00000405,PERSON,synthetic,WCDS-0.1
FAC-LENDER_A-00000406,LENDER_A,LENDER_A-100406,,TERM_LOAN,PERSONAL_9M,NGN,150000,150000,150000,2025-03-21,2025-03-21,2025-12-16,270,0.311554,FIXED,MONTHLY,20507.74,PERSONAL,HOUSEHOLD,DEPOSITS,False,CLOSED,2026-08-21,0,0.0,0,CURRENT,False,,False,False,0,0,PTY-LENDER_A-00000406,ANON-LENDER_A-00000406,PERSON,synthetic,WCDS-0.1
FAC-LENDER_A-00000407,LENDER_A,LENDER_A-100407,,TERM_LOAN,SALARY_6M,NGN,200000,200000,200000,2025-11-23,2025-11-23,2026-05-22,180,0.319953,FIXED,MONTHLY,38592.84,UNSECURED_PERSONAL,HOUSEHOLD,DEPOSITS,False,ACTIVE,2026-08-21,2333.33,2347.65,7,DPD_1_30,False,,False,False,0,0,PTY-LENDER_A-00000407,ANON-LENDER_A-00000407,PERSON,synthetic,WCDS-0.1
FAC-LENDER_A-00000408,LENDER_A,LENDER_A-100408,,TERM_LOAN,PERSONAL_9M,NGN,1000000,1000000,1000000,2026-08-09,2026-08-09,2027-05-06,270,0.29384,FIXED,MONTHLY,135262.35,PERSONAL,HOUSEHOLD,DEPOSITS,False,ACTIVE,2026-08-21,955555.56,955555.56,0,CURRENT,False,,False,False,0,0,PTY-LENDER_A-00000408,ANON-LENDER_A-00000408,PERSON,synthetic,WCDS-0.1
FAC-LENDER_A-00000409,LENDER_A,LENDER_A-100409,,TERM_LOAN,SALARY_6M,NGN,200000,200000,200000,2026-02-09,2026-02-09,2026-08-08,180,0.289346,FIXED,MONTHLY,38089.71,UNSECURED_PERSONAL,HOUSEHOLD,DEPOSITS,False,DEFAULTED,2026-08-21,30000.0,30713.46,95,DPD_90_PLUS,True,2026-08-16,False,False,0,0,PTY-LENDER_A-00000409,ANON-LENDER_A-00000409,PERSON,synthetic,WCDS-0.1
FAC-LENDER_A-00000410,LENDER_A,LENDER_A-100410,,TERM_LOAN,SALARY_6M,NGN,250000,250000,250000,2025-09-16,2025-09-16,2026-03-15,180,0.369674,FIXED,MONTHLY,49262.7,UNSECURED_PERSONAL,HOUSEHOLD,DEPOSITS,False,CLOSED,2026-08-21,0,0.0,0,CURRENT,False,,False,False,0,0,PTY-LENDER_A-00000410,ANON-LENDER_A-00000410,PERSON,synthetic,WCDS-0.1
FAC-LENDER_A-00000411,LENDER_A,LENDER_A-100411,,TERM_LOAN,PERSONAL_9M,NGN,400000,400000,400000,2026-04-11,2026-04-11,2027-01-06,270,0.37912,FIXED,MONTHLY,56908.65,PERSONAL,HOUSEHOLD,DEPOSITS,False,ACTIVE,2026-08-21,204444.44,204444.44,0,CURRENT,False,,False,False,0,0,PTY-LENDER_A-00000411,ANON-LENDER_A-00000411,PERSON,synthetic,WCDS-0.1
FAC-LENDER_A-00000412,LENDER_A,LENDER_A-100412,,TERM_LOAN,SALARY_3M,NGN,500000,500000,500000,2026-06-02,2026-06-02,2026-08-31,90,0.408233,FIXED,MONTHLY,183443.36,UNSECURED_PERSONAL,HOUSEHOLD,DEPOSITS,False,ACTIVE,2026-08-21,84722.22,87564.94,35,DPD_31_60,False,,False,False,0,0,PTY-LENDER_A-00000412,ANON-LENDER_A-00000412,PERSON,synthetic,WCDS-0.1
FAC-LENDER_A-00000413,LENDER_A,LENDER_A-100413,,TERM_LOAN,SALARY_6M,NGN,100000,100000,100000,2025-07-30,2025-07-30,2026-01-26,180,0.297284,FIXED,MONTHLY,19110.09,UNSECURED_PERSONAL,HOUSEHOLD,DEPOSITS,False,CLOSED,2026-08-21,0,0.0,0,CURRENT,False,,False,False,0,0,PTY-LENDER_A-00000413,ANON-LENDER_A-00000413,PERSON,synthetic,WCDS-0.1
FAC-LENDER_A-00000414,LENDER_A,LENDER_A-100414,,TERM_LOAN,SALARY_6M,NGN,400000,400000,400000,2024-12-14,2024-12-14,2025-06-12,180,0.296469,FIXED,MONTHLY,76413.6,UNSECURED_PERSONAL,HOUSEHOLD,DEPOSITS,False,DEFAULTED,2026-08-21,60000.0,61462.04,130,DPD_90_PLUS,True,2026-07-12,False,False,0,0,PTY-LENDER_A-00000414,ANON-LENDER_A-00000414,PERSON,synthetic,WCDS-0.1
FAC-LENDER_A-00000415,LENDER_A,LENDER_A-100415,,TERM_LOAN,SALARY_3M,NGN,100000,100000,100000,2025-06-18,2025-06-18,2025-09-16,90,0.387896,FIXED,MONTHLY,36521.52,UNSECURED_PERSONAL,HOUSEHOLD,DEPOSITS,False,CLOSED,2026-08-21,0,0.0,0,CURRENT,False,,False,False,0,0,PTY-LENDER_A-00000415,ANON-LENDER_A-00000415,PERSON,synthetic,WCDS-0.1
FAC-LENDER_A-00000416,LENDER_A,LENDER_A-100416,,TERM_LOAN,SALARY_3M,NGN,400000,400000,400000,2026-08-10,2026-08-10,2026-11-08,90,0.364985,FIXED,MONTHLY,145332.85,UNSECURED_PERSONAL,HOUSEHOLD,DEPOSITS,False,ACTIVE,2026-08-21,355777.78,358268.12,7,DPD_1_30,False,,False,False,0,0,PTY-LENDER_A-00000416,ANON-LENDER_A-00000416,PERSON,synthetic,WCDS-0.1
FAC-LENDER_A-00000417,LENDER_A,LENDER_A-100417,,TERM_LOAN,SALARY_3M,NGN,1000000,1000000,1000000,2025-12-11,2025-12-11,2026-03-11,90,0.345153,FIXED,MONTHLY,361702.07,UNSECURED_PERSONAL,HOUSEHOLD,DEPOSITS,False,CLOSED,2026-08-21,0,0.0,0,CURRENT,False,,False,False,0,0,PTY-LENDER_A-00000417,ANON-LENDER_A-00000417,PERSON,synthetic,WCDS-0.1
FAC-LENDER_A-00000418,LENDER_A,LENDER_A-100418,,TERM_LOAN,SALARY_6M,NGN,150000,150000,150000,2026-06-28,2026-06-28,2026-12-25,180,0.376707,FIXED,MONTHLY,29644.33,UNSECURED_PERSONAL,HOUSEHOLD,DEPOSITS,False,ACTIVE,2026-08-21,121250.0,125004.17,65,DPD_61_90,False,,False,False,0,0,PTY-LENDER_A-00000418,ANON-LENDER_A-00000418,PERSON,synthetic,WCDS-0.1
FAC-LENDER_A-00000419,LENDER_A,LENDER_A-100419,,TERM_LOAN,PERSONAL_9M,NGN,150000,150000,150000,2024-12-25,2024-12-25,2025-09-21,270,0.324699,FIXED,MONTHLY,20669.81,PERSONAL,HOUSEHOLD,DEPOSITS,False,CLOSED,2026-08-21,0,0.0,0,CURRENT,False,,False,False,0,0,PTY-LENDER_A-00000419,ANON-LENDER_A-00000419,PERSON,synthetic,WCDS-0.1
FAC-LENDER_A-00000420,LENDER_A,LENDER_A-100420,,TERM_LOAN,PERSONAL_9M,NGN,100000,100000,100000,2025-05-23,2025-05-23,2026-02-17,270,0.28898,FIXED,MONTHLY,13486.29,PERSONAL,HOUSEHOLD,DEPOSITS,False,CLOSED,2026-08-21,0,0.0,0,CURRENT,False,,False,False,0,0,PTY-LENDER_A-00000420,ANON-LENDER_A-00000420,PERSON,synthetic,WCDS-0.1
FAC-LENDER_A-00000421,LENDER_A,LENDER_A-100421,,TERM_LOAN,SALARY_6M,NGN,400000,400000,400000,2025-09-20,2025-09-20,2026-03-19,180,0.295001,FIXED,MONTHLY,76365.33,UNSECURED_PERSONAL,HOUSEHOLD,DEPOSITS,False,CLOSED,2026-08-21,0,0.0,0,CURRENT,False,,False,False,0,0,PTY-LENDER_A-00000421,ANON-LENDER_A-00000421,PERSON,synthetic,WCDS-0.1
FAC-LENDER_A-00000422,LENDER_A,LENDER_A-100422,,TERM_LOAN,PERSONAL_9M,NGN,150000,150000,150000,2026-03-05,2026-03-05,2026-11-30,270,0.296333,FIXED,MONTHLY,20320.09,PERSONAL,HOUSEHOLD,DEPOSITS,False,ACTIVE,2026-08-21,56111.11,56111.11,0,CURRENT,False,,False,False,0,0,PTY-LENDER_A-00000422,ANON-LENDER_A-00000422,PERSON,synthetic,WCDS-0.1
FAC-LENDER_A-00000423,LENDER_A,LENDER_A-100423,,TERM_LOAN,SALARY_6M,NGN,250000,250000,250000,2025-05-06,2025-05-06,2025-11-02,180,0.297684,FIXED,MONTHLY,47783.46,UNSECURED_PERSONAL,HOUSEHOLD,DEPOSITS,False,CLOSED,2026-08-21,0,0.0,0,CURRENT,False,,False,False,0,0,PTY-LENDER_A-00000423,ANON-LENDER_A-00000423,PERSON,synthetic,WCDS-0.1
FAC-LENDER_A-00000424,LENDER_A,LENDER_A-100424,,TERM_LOAN,PERSONAL_9M,NGN,300000,300000,300000,2026-07-01,2026-07-01,2027-03-28,270,0.298914,FIXED,MONTHLY,40703.81,PERSONAL,HOUSEHOLD,DEPOSITS,False,ACTIVE,2026-08-21,243333.33,243333.33,0,CURRENT,False,,False,False,0,0,PTY-LENDER_A-00000424,ANON-LENDER_A-00000424,PERSON,synthetic,WCDS-0.1
FAC-LENDER_A-00000425,LENDER_A,LENDER_A-100425,,TERM_LOAN,SALARY_6M,NGN,500000,500000,500000,2025-03-04,2025-03-04,2025-08-31,180,0.277799,FIXED,MONTHLY,94749.72,UNSECURED_PERSONAL,HOUSEHOLD,DEPOSITS,False,CLOSED,2026-08-21,0,0.0,0,CURRENT,False,,False,False,0,0,PTY-LENDER_A-00000425,ANON-LENDER_A-00000425,PERSON,synthetic,WCDS-0.1
FAC-LENDER_A-00000426,LENDER_A,LENDER_A-100426,,TERM_LOAN,SALARY_6M,NGN,750000,750000,750000,2025-01-19,2025-01-19,2025-07-18,180,0.358411,FIXED,MONTHLY,147093.81,UNSECURED_PERSONAL,HOUSEHOLD,DEPOSITS,False,ACTIVE,2026-08-21,8750.0,8810.14,7,DPD_1_30,False,,False,False,0,0,PTY-LENDER_A-00000426,ANON-LENDER_A-00000426,PERSON,synthetic,WCDS-0.1
FAC-LENDER_A-00000427,LENDER_A,LENDER_A-100427,,TERM_LOAN,SALARY_3M,NGN,150000,150000,150000,2026-07-30,2026-07-30,2026-10-28,90,0.329982,FIXED,MONTHLY,54068.28,UNSECURED_PERSONAL,HOUSEHOLD,DEPOSITS,False,ACTIVE,2026-08-21,113333.33,113333.33,0,CURRENT,False,,False,False,0,0,PTY-LENDER_A-00000427,ANON-LENDER_A-00000427,PERSON,synthetic,WCDS-0.1
FAC-LENDER_A-00000428,LENDER_A,LENDER_A-100428,,TERM_LOAN,SALARY_6M,NGN,400000,400000,400000,2026-05-17,2026-05-17,2026-11-13,180,0.286675,FIXED,MONTHLY,76091.58,UNSECURED_PERSONAL,HOUSEHOLD,DEPOSITS,False,ACTIVE,2026-08-21,186666.67,186666.67,0,CURRENT,False,,False,False,0,0,PTY-LENDER_A-00000428,ANON-LENDER_A-00000428,PERSON,synthetic,WCDS-0.1
FAC-LENDER_A-00000429,LENDER_A,LENDER_A-100429,,TERM_LOAN,SALARY_3M,NGN,250000,250000,250000,2025-05-14,2025-05-14,2025-08-12,90,0.331058,FIXED,MONTHLY,90135.9,UNSECURED_PERSONAL,HOUSEHOLD,DEPOSITS,False,ACTIVE,2026-08-21,6250.0,6335.03,15,DPD_1_30,False,,False,False,0,0,PTY-LENDER_A-00000429,ANON-LENDER_A-00000429,PERSON,synthetic,WCDS-0.1
FAC-LENDER_A-00000430,LENDER_A,LENDER_A-100430,,TERM_LOAN,SALARY_3M,NGN,100000,100000,100000,2025-04-26,2025-04-26,2025-07-25,90,0.311037,FIXED,MONTHLY,35889.81,UNSECURED_PERSONAL,HOUSEHOLD,DEPOSITS,False,CLOSED,2026-08-21,0,0.0,0,CURRENT,False,,False,False,0,0,PTY-LENDER_A-00000430,ANON-LENDER_A-00000430,PERSON,synthetic,WCDS-0.1
FAC-LENDER_A-00000431,LENDER_A,LENDER_A-100431,,TERM_LOAN,SALARY_6M,NGN,100000,100000,100000,2025-07-16,2025-07-16,2026-01-12,180,0.311979,FIXED,MONTHLY,19230.88,UNSECURED_PERSONAL,HOUSEHOLD,DEPOSITS,False,CLOSED,2026-08-21,0,0.0,0,CURRENT,False,,False,False,0,0,PTY-LENDER_A-00000431,ANON-LENDER_A-00000431,PERSON,synthetic,WCDS-0.1
FAC-LENDER_A-00000432,LENDER_A,LENDER_A-100432,,TERM_LOAN,SALARY_6M,NGN,750000,750000,750000,2026-03-12,2026-03-12,2026-09-08,180,0.285766,FIXED,MONTHLY,142615.71,UNSECURED_PERSONAL,HOUSEHOLD,DEPOSITS,False,ACTIVE,2026-08-21,75000.0,75000.0,0,CURRENT,False,,False,False,0,0,PTY-LENDER_A-00000432,ANON-LENDER_A-00000432,PERSON,synthetic,WCDS-0.1
FAC-LENDER_A-00000433,LENDER_A,LENDER_A-100433,,TERM_LOAN,SALARY_6M,NGN,1000000,1000000,1000000,2025-04-08,2025-04-08,2025-10-05,180,0.289494,FIXED,MONTHLY,190460.71,UNSECURED_PERSONAL,HOUSEHOLD,DEPOSITS,False,CLOSED,2026-08-21,0,0.0,0,CURRENT,False,,False,False,0,0,PTY-LENDER_A-00000433,ANON-LENDER_A-00000433,PERSON,synthetic,WCDS-0.1
FAC-LENDER_A-00000434,LENDER_A,LENDER_A-100434,,TERM_LOAN,PERSONAL_9M,NGN,250000,250000,250000,2025-02-01,2025-02-01,2025-10-29,270,0.303935,FIXED,MONTHLY,34023.02,PERSONAL,HOUSEHOLD,DEPOSITS,False,ACTIVE,2026-08-21,6250.0,6328.07,15,DPD_1_30,False,,False,False,0,0,PTY-LENDER_A-00000434,ANON-LENDER_A-00000434,PERSON,synthetic,WCDS-0.1
FAC-LENDER_A-00000435,LENDER_A,LENDER_A-100435,,TERM_LOAN,PERSONAL_9M,NGN,750000,750000,750000,2025-08-24,2025-08-24,2026-05-21,270,0.323093,FIXED,MONTHLY,103250.05,PERSONAL,HOUSEHOLD,DEPOSITS,False,ACTIVE,2026-08-21,81250.0,83407.64,65,DPD_61_90,False,,False,False,0,0,PTY-LENDER_A-00000435,ANON-LENDER_A-00000435,PERSON,synthetic,WCDS-0.1
FAC-LENDER_A-00000436,LENDER_A,LENDER_A-100436,,TERM_LOAN,SALARY_3M,NGN,100000,100000,100000,2025-10-28,2025-10-28,2026-01-26,90,0.346606,FIXED,MONTHLY,36182.15,UNSECURED_PERSONAL,HOUSEHOLD,DEPOSITS,False,CLOSED,2026-08-21,0,0.0,0,CURRENT,False,,False,False,0,0,PTY-LENDER_A-00000436,ANON-LENDER_A-00000436,PERSON,synthetic,WCDS-0.1
FAC-LENDER_A-00000437,LENDER_A,LENDER_A-100437,,TERM_LOAN,SALARY_3M,NGN,200000,200000,200000,2026-05-01,2026-05-01,2026-07-30,90,0.418984,FIXED,MONTHLY,73554.07,UNSECURED_PERSONAL,HOUSEHOLD,DEPOSITS,False,CLOSED,2026-08-21,0,0.0,0,CURRENT,False,,False,False,0,0,PTY-LENDER_A-00000437,ANON-LENDER_A-00000437,PERSON,synthetic,WCDS-0.1
FAC-LENDER_A-00000438,LENDER_A,LENDER_A-100438,,TERM_LOAN,PERSONAL_9M,NGN,100000,100000,100000,2025-12-30,2025-12-30,2026-09-26,270,0.374948,FIXED,MONTHLY,14192.88,PERSONAL,HOUSEHOLD,DEPOSITS,False,ACTIVE,2026-08-21,13333.33,13333.33,0,CURRENT,False,,False,False,0,0,PTY-LENDER_A-00000438,ANON-LENDER_A-00000438,PERSON,synthetic,WCDS-0.1
FAC-LENDER_A-00000439,LENDER_A,LENDER_A-100439,,TERM_LOAN,SALARY_3M,NGN,200000,200000,200000,2025-12-12,2025-12-12,2026-03-12,90,0.41792,FIXED,MONTHLY,73536.58,UNSECURED_PERSONAL,HOUSEHOLD,DEPOSITS,False,CLOSED,2026-08-21,0,0.0,0,CURRENT,False,,False,False,0,0,PTY-LENDER_A-00000439,ANON-LENDER_A-00000439,PERSON,synthetic,WCDS-0.1
FAC-LENDER_A-00000440,LENDER_A,LENDER_A-100440,,TERM_LOAN,SALARY_3M,NGN,400000,400000,400000,2025-01-07,2025-01-07,2025-04-07,90,0.396745,FIXED,MONTHLY,146377.01,UNSECURED_PERSONAL,HOUSEHOLD,DEPOSITS,False,CLOSED,2026-08-21,0,0.0,0,CURRENT,False,,False,False,0,0,PTY-LENDER_A-00000440,ANON-LENDER_A-00000440,PERSON,synthetic,WCDS-0.1
FAC-LENDER_A-00000441,LENDER_A,LENDER_A-100441,,TERM_LOAN,SALARY_6M,NGN,1000000,1000000,1000000,2025-09-29,2025-09-29,2026-03-28,180,0.282588,FIXED,MONTHLY,189893.08,UNSECURED_PERSONAL,HOUSEHOLD,DEPOSITS,False,CLOSED,2026-08-21,0,0.0,0,CURRENT,False,,False,False,0,0,PTY-LENDER_A-00000441,ANON-LENDER_A-00000441,PERSON,synthetic,WCDS-0.1
FAC-LENDER_A-00000442,LENDER_A,LENDER_A-100442,,TERM_LOAN,SALARY_3M,NGN,1000000,1000000,1000000,2025-04-09,2025-04-09,2025-07-08,90,0.304556,FIXED,MONTHLY,358365.3,UNSECURED_PERSONAL,HOUSEHOLD,DEPOSITS,False,CLOSED,2026-08-21,0,0.0,0,CURRENT,False,,False,False,0,0,PTY-LENDER_A-00000442,ANON-LENDER_A-00000442,PERSON,synthetic,WCDS-0.1
FAC-LENDER_A-00000443,LENDER_A,LENDER_A-100443,,TERM_LOAN,PERSONAL_9M,NGN,200000,200000,200000,2025-09-14,2025-09-14,2026-06-11,270,0.295659,FIXED,MONTHLY,27082.37,PERSONAL,HOUSEHOLD,DEPOSITS,False,CLOSED,2026-08-21,0,0.0,0,CURRENT,False,,False,False,0,0,PTY-LENDER_A-00000443,ANON-LENDER_A-00000443,PERSON,synthetic,WCDS-0.1
FAC-LENDER_A-00000444,LENDER_A,LENDER_A-100444,,TERM_LOAN,SALARY_3M,NGN,1000000,1000000,1000000,2025-08-03,2025-08-03,2025-11-01,90,0.317725,FIXED,MONTHLY,359447.75,UNSECURED_PERSONAL,HOUSEHOLD,DEPOSITS,False,DEFAULTED,2026-08-21,150000.0,153917.16,130,DPD_90_PLUS,True,2026-07-12,False,False,0,0,PTY-LENDER_A-00000444,ANON-LENDER_A-00000444,PERSON,synthetic,WCDS-0.1
FAC-LENDER_A-00000445,LENDER_A,LENDER_A-100445,,TERM_LOAN,SALARY_3M,NGN,200000,200000,200000,2025-05-21,2025-05-21,2025-08-19,90,0.347471,FIXED,MONTHLY,72378.53,UNSECURED_PERSONAL,HOUSEHOLD,DEPOSITS,False,ACTIVE,2026-08-21,5000.0,5071.4,15,DPD_1_30,False,,False,False,0,0,PTY-LENDER_A-00000445,ANON-LENDER_A-00000445,PERSON,synthetic,WCDS-0.1
FAC-LENDER_A-00000446,LENDER_A,LENDER_A-100446,,TERM_LOAN,PERSONAL_9M,NGN,400000,400000,400000,2025-12-26,2025-12-26,2026-09-22,270,0.300904,FIXED,MONTHLY,54337.19,PERSONAL,HOUSEHOLD,DEPOSITS,False,ACTIVE,2026-08-21,47407.41,47407.41,0,CURRENT,False,,False,False,0,0,PTY-LENDER_A-00000446,ANON-LENDER_A-00000446,PERSON,synthetic,WCDS-0.1
FAC-LENDER_A-00000447,LENDER_A,LENDER_A-100447,,TERM_LOAN,SALARY_6M,NGN,200000,200000,200000,2026-02-11,2026-02-11,2026-08-10,180,0.305406,FIXED,MONTHLY,38353.71,UNSECURED_PERSONAL,HOUSEHOLD,DEPOSITS,False,ACTIVE,2026-08-21,2333.33,2347.0,7,DPD_1_30,False,,False,False,0,0,PTY-LENDER_A-00000447,ANON-LENDER_A-00000447,PERSON,synthetic,WCDS-0.1
FAC-LENDER_A-00000448,LENDER_A,LENDER_A-100448,,TERM_LOAN,PERSONAL_9M,NGN,100000,100000,100000,2026-02-06,2026-02-06,2026-11-03,270,0.326992,FIXED,MONTHLY,13798.72,PERSONAL,HOUSEHOLD,DEPOSITS,False,ACTIVE,2026-08-21,27407.41,27407.41,0,CURRENT,False,,False,False,0,0,PTY-LENDER_A-00000448,ANON-LENDER_A-00000448,PERSON,synthetic,WCDS-0.1
FAC-LENDER_A-00000449,LENDER_A,LENDER_A-100449,,TERM_LOAN,PERSONAL_9M,NGN,150000,150000,150000,2025-03-21,2025-03-21,2025-12-16,270,0.306507,FIXED,MONTHLY,20445.53,PERSONAL,HOUSEHOLD,DEPOSITS,False,CLOSED,2026-08-21,0,0.0,0,CURRENT,False,,False,False,0,0,PTY-LENDER_A-00000449,ANON-LENDER_A-00000449,PERSON,synthetic,WCDS-0.1
FAC-LENDER_A-00000450,LENDER_A,LENDER_A-100450,,TERM_LOAN,SALARY_3M,NGN,150000,150000,150000,2025-09-02,2025-09-02,2025-12-01,90,0.389441,FIXED,MONTHLY,54801.33,UNSECURED_PERSONAL,HOUSEHOLD,DEPOSITS,False,CLOSED,2026-08-21,0,0.0,0,CURRENT,False,,False,False,0,0,PTY-LENDER_A-00000450,ANON-LENDER_A-00000450,PERSON,synthetic,WCDS-0.1
FAC-LENDER_A-00000451,LENDER_A,LENDER_A-100451,,TERM_LOAN,SALARY_6M,NGN,150000,150000,150000,2026-08-10,2026-08-10,2027-02-06,180,0.289945,FIXED,MONTHLY,28574.66,UNSECURED_PERSONAL,HOUSEHOLD,DEPOSITS,False,ACTIVE,2026-08-21,140833.33,140833.33,0,CURRENT,False,,False,False,0,0,PTY-LENDER_A-00000451,ANON-LENDER_A-00000451,PERSON,synthetic,WCDS-0.1
FAC-LENDER_A-00000452,LENDER_A,LENDER_A-100452,,TERM_LOAN,SALARY_6M,NGN,750000,750000,750000,2025-07-20,2025-07-20,2026-01-16,180,0.310358,FIXED,MONTHLY,144131.68,UNSECURED_PERSONAL,HOUSEHOLD,DEPOSITS,False,CLOSED,2026-08-21,0,0.0,0,CURRENT,False,,False,False,0,0,PTY-LENDER_A-00000452,ANON-LENDER_A-00000452,PERSON,synthetic,WCDS-0.1
FAC-LENDER_A-00000453,LENDER_A,LENDER_A-100453,,TERM_LOAN,PERSONAL_9M,NGN,250000,250000,250000,2026-02-26,2026-02-26,2026-11-23,270,0.374648,FIXED,MONTHLY,35476.02,PERSONAL,HOUSEHOLD,DEPOSITS,False,ACTIVE,2026-08-21,87037.04,87037.04,0,CURRENT,False,,False,False,0,0,PTY-LENDER_A-00000453,ANON-LENDER_A-00000453,PERSON,synthetic,WCDS-0.1
FAC-LENDER_A-00000454,LENDER_A,LENDER_A-100454,,TERM_LOAN,SALARY_6M,NGN,150000,150000,150000,2026-05-28,2026-05-28,2026-11-24,180,0.26401,FIXED,MONTHLY,28254.91,UNSECURED_PERSONAL,HOUSEHOLD,DEPOSITS,False,ACTIVE,2026-08-21,79166.67,79166.67,0,CURRENT,False,,False,False,0,0,PTY-LENDER_A-00000454,ANON-LENDER_A-00000454,PERSON,synthetic,WCDS-0.1
FAC-LENDER_A-00000455,LENDER_A,LENDER_A-100455,,TERM_LOAN,SALARY_3M,NGN,400000,400000,400000,2024-12-11,2024-12-11,2025-03-11,90,0.406552,FIXED,MONTHLY,146699.42,UNSECURED_PERSONAL,HOUSEHOLD,DEPOSITS,False,DEFAULTED,2026-08-21,60000.0,62004.91,180,DPD_90_PLUS,True,2026-05-23,False,False,0,0,PTY-LENDER_A-00000455,ANON-LENDER_A-00000455,PERSON,synthetic,WCDS-0.1
FAC-LENDER_A-00000456,LENDER_A,LENDER_A-100456,,TERM_LOAN,SALARY_6M,NGN,200000,200000,200000,2026-06-18,2026-06-18,2026-12-15,180,0.338436,FIXED,MONTHLY,38896.67,UNSECURED_PERSONAL,HOUSEHOLD,DEPOSITS,False,ACTIVE,2026-08-21,128888.89,128888.89,0,CURRENT,False,,False,False,0,0,PTY-LENDER_A-00000456,ANON-LENDER_A-00000456,PERSON,synthetic,WCDS-0.1
FAC-LENDER_A-00000457,LENDER_A,LENDER_A-100457,,TERM_LOAN,PERSONAL_9M,NGN,1000000,1000000,1000000,2025-11-13,2025-11-13,2026-08-10,270,0.363664,FIXED,MONTHLY,141001.27,PERSONAL,HOUSEHOLD,DEPOSITS,False,CLOSED,2026-08-21,0,0.0,0,CURRENT,False,,False,False,0,0,PTY-LENDER_A-00000457,ANON-LENDER_A-00000457,PERSON,synthetic,WCDS-0.1
FAC-LENDER_A-00000458,LENDER_A,LENDER_A-100458,,TERM_LOAN,PERSONAL_9M,NGN,750000,750000,750000,2026-03-07,2026-03-07,2026-12-02,270,0.327148,FIXED,MONTHLY,103500.01,PERSONAL,HOUSEHOLD,DEPOSITS,False,ACTIVE,2026-08-21,286111.11,286111.11,0,CURRENT,False,,False,False,0,0,PTY-LENDER_A-00000458,ANON-LENDER_A-00000458,PERSON,synthetic,WCDS-0.1
FAC-LENDER_A-00000459,LENDER_A,LENDER_A-100459,,TERM_LOAN,PERSONAL_9M,NGN,750000,750000,750000,2026-01-19,2026-01-19,2026-10-16,270,0.378868,FIXED,MONTHLY,106688.19,PERSONAL,HOUSEHOLD,DEPOSITS,False,ACTIVE,2026-08-21,155555.56,155555.56,0,CURRENT,False,,False,False,0,0,PTY-LENDER_A-00000459,ANON-LENDER_A-00000459,PERSON,synthetic,WCDS-0.1
FAC-LENDER_A-00000460,LENDER_A,LENDER_A-100460,,TERM_LOAN,SALARY_6M,NGN,150000,150000,150000,2025-09-30,2025-09-30,2026-03-29,180,0.336583,FIXED,MONTHLY,29149.65,UNSECURED_PERSONAL,HOUSEHOLD,DEPOSITS,False,ACTIVE,2026-08-21,3750.0,3801.87,15,DPD_1_30,False,,False,False,0,0,PTY-LENDER_A-00000460,ANON-LENDER_A-00000460,PERSON,synthetic,WCDS-0.1
FAC-LENDER_A-00000461,LENDER_A,LENDER_A-100461,,TERM_LOAN,PERSONAL_9M,NGN,1000000,1000000,1000000,2025-07-11,2025-07-11,2026-04-07,270,0.311801,FIXED,MONTHLY,136738.55,PERSONAL,HOUSEHOLD,DEPOSITS,False,CLOSED,2026-08-21,0,0.0,0,CURRENT,False,,False,False,0,0,PTY-LENDER_A-00000461,ANON-LENDER_A-00000461,PERSON,synthetic,WCDS-0.1
FAC-LENDER_A-00000462,LENDER_A,LENDER_A-100462,,TERM_LOAN,SALARY_6M,NGN,750000,750000,750000,2025-04-22,2025-04-22,2025-10-19,180,0.304328,FIXED,MONTHLY,143759.96,UNSECURED_PERSONAL,HOUSEHOLD,DEPOSITS,False,CLOSED,2026-08-21,0,0.0,0,CURRENT,False,,False,False,0,0,PTY-LENDER_A-00000462,ANON-LENDER_A-00000462,PERSON,synthetic,WCDS-0.1
FAC-LENDER_A-00000463,LENDER_A,LENDER_A-100463,,TERM_LOAN,PERSONAL_9M,NGN,150000,150000,150000,2026-05-16,2026-05-16,2027-02-10,270,0.298136,FIXED,MONTHLY,20342.31,PERSONAL,HOUSEHOLD,DEPOSITS,False,ACTIVE,2026-08-21,96111.11,96111.11,0,CURRENT,False,,False,False,0,0,PTY-LENDER_A-00000463,ANON-LENDER_A-00000463,PERSON,synthetic,WCDS-0.1
FAC-LENDER_A-00000464,LENDER_A,LENDER_A-100464,,TERM_LOAN,SALARY_3M,NGN,1000000,1000000,1000000,2026-06-10,2026-06-10,2026-09-08,90,0.396982,FIXED,MONTHLY,365961.96,UNSECURED_PERSONAL,HOUSEHOLD,DEPOSITS,False,ACTIVE,2026-08-21,258333.33,266762.4,35,DPD_31_60,False,,False,False,0,0,PTY-LENDER_A-00000464,ANON-LENDER_A-00000464,PERSON,synthetic,WCDS-0.1
FAC-LENDER_A-00000465,LENDER_A,LENDER_A-100465,,TERM_LOAN,SALARY_6M,NGN,250000,250000,250000,2025-04-11,2025-04-11,2025-10-08,180,0.324262,FIXED,MONTHLY,48329.58,UNSECURED_PERSONAL,HOUSEHOLD,DEPOSITS,False,CLOSED,2026-08-21,0,0.0,0,CURRENT,False,,False,False,0,0,PTY-LENDER_A-00000465,ANON-LENDER_A-00000465,PERSON,synthetic,WCDS-0.1
FAC-LENDER_A-00000466,LENDER_A,LENDER_A-100466,,TERM_LOAN,PERSONAL_9M,NGN,1000000,1000000,1000000,2025-01-03,2025-01-03,2025-09-30,270,0.284167,FIXED,MONTHLY,134467.34,PERSONAL,HOUSEHOLD,DEPOSITS,False,CLOSED,2026-08-21,0,0.0,0,CURRENT,False,,False,False,0,0,PTY-LENDER_A-00000466,ANON-LENDER_A-00000466,PERSON,synthetic,WCDS-0.1
FAC-LENDER_A-00000467,LENDER_A,LENDER_A-100467,,TERM_LOAN,SALARY_3M,NGN,200000,200000,200000,2026-01-07,2026-01-07,2026-04-07,90,0.374433,FIXED,MONTHLY,72821.73,UNSECURED_PERSONAL,HOUSEHOLD,DEPOSITS,False,ACTIVE,2026-08-21,5000.0,5076.94,15,DPD_1_30,False,,False,False,0,0,PTY-LENDER_A-00000467,ANON-LENDER_A-00000467,PERSON,synthetic,WCDS-0.1
FAC-LENDER_A-00000468,LENDER_A,LENDER_A-100468,,TERM_LOAN,SALARY_6M,NGN,250000,250000,250000,2026-03-13,2026-03-13,2026-09-09,180,0.310805,FIXED,MONTHLY,48053.07,UNSECURED_PERSONAL,HOUSEHOLD,DEPOSITS,False,ACTIVE,2026-08-21,32638.89,33055.78,15,DPD_1_30,False,,False,False,0,0,PTY-LENDER_A-00000468,ANON-LENDER_A-00000468,PERSON,synthetic,WCDS-0.1
FAC-LENDER_A-00000469,LENDER_A,LENDER_A-100469,,TERM_LOAN,SALARY_3M,NGN,150000,150000,150000,2025-07-10,2025-07-10,2025-10-08,90,0.330946,FIXED,MONTHLY,54080.16,UNSECURED_PERSONAL,HOUSEHOLD,DEPOSITS,False,CLOSED,2026-08-21,0,0.0,0,CURRENT,False,,False,False,0,0,PTY-LENDER_A-00000469,ANON-LENDER_A-00000469,PERSON,synthetic,WCDS-0.1
FAC-LENDER_A-00000470,LENDER_A,LENDER_A-100470,,TERM_LOAN,SALARY_3M,NGN,1000000,1000000,1000000,2025-06-08,2025-06-08,2025-09-06,90,0.366247,FIXED,MONTHLY,363435.79,UNSECURED_PERSONAL,HOUSEHOLD,DEPOSITS,False,CLOSED,2026-08-21,0,0.0,0,CURRENT,False,,False,False,0,0,PTY-LENDER_A-00000470,ANON-LENDER_A-00000470,PERSON,synthetic,WCDS-0.1
FAC-LENDER_A-00000471,LENDER_A,LENDER_A-100471,,TERM_LOAN,SALARY_3M,NGN,150000,150000,150000,2025-01-12,2025-01-12,2025-04-12,90,0.317957,FIXED,MONTHLY,53920.02,UNSECURED_PERSONAL,HOUSEHOLD,DEPOSITS,False,CLOSED,2026-08-21,25000.0,1760.67,7,DPD_1_30,False,,False,False,0,0,PTY-LENDER_A-00000471,ANON-LENDER_A-00000471,PERSON,synthetic,WCDS-0.1
FAC-LENDER_A-00000472,LENDER_A,LENDER_A-100472,,TERM_LOAN,SALARY_6M,NGN,300000,300000,300000,2025-07-15,2025-07-15,2026-01-11,180,0.364097,FIXED,MONTHLY,58977.74,UNSECURED_PERSONAL,HOUSEHOLD,DEPOSITS,False,CLOSED,2026-08-21,0,0.0,0,CURRENT,False,,False,False,0,0,PTY-LENDER_A-00000472,ANON-LENDER_A-00000472,PERSON,synthetic,WCDS-0.1
FAC-LENDER_A-00000473,LENDER_A,LENDER_A-100473,,TERM_LOAN,SALARY_6M,NGN,200000,200000,200000,2025-06-26,2025-06-26,2025-12-23,180,0.316766,FIXED,MONTHLY,38540.44,UNSECURED_PERSONAL,HOUSEHOLD,DEPOSITS,False,CLOSED,2026-08-21,0,0.0,0,CURRENT,False,,False,False,0,0,PTY-LENDER_A-00000473,ANON-LENDER_A-00000473,PERSON,synthetic,WCDS-0.1
FAC-LENDER_A-00000474,LENDER_A,LENDER_A-100474,,TERM_LOAN,PERSONAL_9M,NGN,750000,750000,750000,2025-11-09,2025-11-09,2026-08-06,270,0.30851,FIXED,MONTHLY,102351.04,PERSONAL,HOUSEHOLD,DEPOSITS,False,ACTIVE,2026-08-21,81250.0,83310.25,65,DPD_61_90,False,,True,False,0,0,PTY-LENDER_A-00000474,ANON-LENDER_A-00000474,PERSON,synthetic,WCDS-0.1
FAC-LENDER_A-00000475,LENDER_A,LENDER_A-100475,,TERM_LOAN,SALARY_6M,NGN,150000,150000,150000,2025-12-21,2025-12-21,2026-06-19,180,0.296367,FIXED,MONTHLY,28653.83,UNSECURED_PERSONAL,HOUSEHOLD,DEPOSITS,False,CLOSED,2026-08-21,0,0.0,0,CURRENT,False,,False,False,0,0,PTY-LENDER_A-00000475,ANON-LENDER_A-00000475,PERSON,synthetic,WCDS-0.1
FAC-LENDER_A-00000476,LENDER_A,LENDER_A-100476,,TERM_LOAN,SALARY_6M,NGN,500000,500000,500000,2026-05-12,2026-05-12,2026-11-08,180,0.313173,FIXED,MONTHLY,96203.47,UNSECURED_PERSONAL,HOUSEHOLD,DEPOSITS,False,ACTIVE,2026-08-21,219444.44,219444.44,0,CURRENT,False,,False,False,0,0,PTY-LENDER_A-00000476,ANON-LENDER_A-00000476,PERSON,synthetic,WCDS-0.1
FAC-LENDER_A-00000477,LENDER_A,LENDER_A-100477,,TERM_LOAN,PERSONAL_9M,NGN,400000,400000,400000,2026-06-15,2026-06-15,2027-03-12,270,0.368913,FIXED,MONTHLY,56573.1,PERSONAL,HOUSEHOLD,DEPOSITS,False,ACTIVE,2026-08-21,300740.74,300740.74,0,CURRENT,False,,False,False,0,0,PTY-LENDER_A-00000477,ANON-LENDER_A-00000477,PERSON,synthetic,WCDS-0.1
FAC-LENDER_A-00000478,LENDER_A,LENDER_A-100478,,TERM_LOAN,SALARY_3M,NGN,1000000,1000000,1000000,2025-01-06,2025-01-06,2025-04-06,90,0.319077,FIXED,MONTHLY,359558.81,UNSECURED_PERSONAL,HOUSEHOLD,DEPOSITS,False,CLOSED,2026-08-21,0,0.0,0,CURRENT,False,,False,False,0,0,PTY-LENDER_A-00000478,ANON-LENDER_A-00000478,PERSON,synthetic,WCDS-0.1
FAC-LENDER_A-00000479,LENDER_A,LENDER_A-100479,,TERM_LOAN,SALARY_3M,NGN,100000,100000,100000,2025-05-01,2025-05-01,2025-07-30,90,0.323132,FIXED,MONTHLY,35989.21,UNSECURED_PERSONAL,HOUSEHOLD,DEPOSITS,False,CLOSED,2026-08-21,0,0.0,0,CURRENT,False,,False,False,0,0,PTY-LENDER_A-00000479,ANON-LENDER_A-00000479,PERSON,synthetic,WCDS-0.1
FAC-LENDER_A-00000480,LENDER_A,LENDER_A-100480,,TERM_LOAN,SALARY_6M,NGN,1000000,1000000,1000000,2025-07-01,2025-07-01,2025-12-28,180,0.283893,FIXED,MONTHLY,190000.35,UNSECURED_PERSONAL,HOUSEHOLD,DEPOSITS,False,CLOSED,2026-08-21,0,0.0,0,CURRENT,False,,False,False,0,0,PTY-LENDER_A-00000480,ANON-LENDER_A-00000480,PERSON,synthetic,WCDS-0.1
FAC-LENDER_A-00000481,LENDER_A,LENDER_A-100481,,TERM_LOAN,PERSONAL_9M,NGN,750000,750000,750000,2026-02-11,2026-02-11,2026-11-08,270,0.324696,FIXED,MONTHLY,103348.84,PERSONAL,HOUSEHOLD,DEPOSITS,False,DEFAULTED,2026-08-21,331944.44,340803.16,130,DPD_90_PLUS,True,2026-07-12,False,False,0,0,PTY-LENDER_A-00000481,ANON-LENDER_A-00000481,PERSON,synthetic,WCDS-0.1
FAC-LENDER_A-00000482,LENDER_A,LENDER_A-100482,,TERM_LOAN,PERSONAL_9M,NGN,150000,150000,150000,2025-10-24,2025-10-24,2026-07-21,270,0.311039,FIXED,MONTHLY,20501.4,PERSONAL,HOUSEHOLD,DEPOSITS,False,CLOSED,2026-08-21,0,0.0,0,CURRENT,False,,False,False,0,0,PTY-LENDER_A-00000482,ANON-LENDER_A-00000482,PERSON,synthetic,WCDS-0.1
FAC-LENDER_A-00000483,LENDER_A,LENDER_A-100483,,TERM_LOAN,SALARY_3M,NGN,250000,250000,250000,2025-12-24,2025-12-24,2026-03-24,90,0.305958,FIXED,MONTHLY,89620.14,UNSECURED_PERSONAL,HOUSEHOLD,DEPOSITS,False,CLOSED,2026-08-21,0,0.0,0,CURRENT,False,,False,False,0,0,PTY-LENDER_A-00000483,ANON-LENDER_A-00000483,PERSON,synthetic,WCDS-0.1
FAC-LENDER_A-00000484,LENDER_A,LENDER_A-100484,,TERM_LOAN,PERSONAL_9M,NGN,100000,100000,100000,2025-04-13,2025-04-13,2026-01-08,270,0.282406,FIXED,MONTHLY,13432.26,PERSONAL,HOUSEHOLD,DEPOSITS,False,ACTIVE,2026-08-21,10833.33,11084.79,65,DPD_61_90,False,,False,False,0,0,PTY-LENDER_A-00000484,ANON-LENDER_A-00000484,PERSON,synthetic,WCDS-0.1
FAC-LENDER_A-00000485,LENDER_A,LENDER_A-100485,,TERM_LOAN,SALARY_6M,NGN,300000,300000,300000,2025-06-04,2025-06-04,2025-12-01,180,0.261016,FIXED,MONTHLY,56436.0,UNSECURED_PERSONAL,HOUSEHOLD,DEPOSITS,False,ACTIVE,2026-08-21,32500.0,33197.23,65,DPD_61_90,False,,False,False,0,0,PTY-LENDER_A-00000485,ANON-LENDER_A-00000485,PERSON,synthetic,WCDS-0.1
FAC-LENDER_A-00000486,LENDER_A,LENDER_A-100486,,TERM_LOAN,PERSONAL_9M,NGN,500000,500000,500000,2024-12-21,2024-12-21,2025-09-17,270,0.316257,FIXED,MONTHLY,68552.44,PERSONAL,HOUSEHOLD,DEPOSITS,False,CLOSED,2026-08-21,0,0.0,0,CURRENT,False,,False,False,0,0,PTY-LENDER_A-00000486,ANON-LENDER_A-00000486,PERSON,synthetic,WCDS-0.1
FAC-LENDER_A-00000487,LENDER_A,LENDER_A-100487,,TERM_LOAN,SALARY_6M,NGN,1000000,1000000,1000000,2024-12-11,2024-12-11,2025-06-09,180,0.339483,FIXED,MONTHLY,194569.35,UNSECURED_PERSONAL,HOUSEHOLD,DEPOSITS,False,CLOSED,2026-08-21,0,0.0,0,CURRENT,False,,False,False,0,0,PTY-LENDER_A-00000487,ANON-LENDER_A-00000487,PERSON,synthetic,WCDS-0.1
FAC-LENDER_A-00000488,LENDER_A,LENDER_A-100488,,TERM_LOAN,SALARY_6M,NGN,400000,400000,400000,2025-11-01,2025-11-01,2026-04-30,180,0.272973,FIXED,MONTHLY,75641.11,UNSECURED_PERSONAL,HOUSEHOLD,DEPOSITS,False,CLOSED,2026-08-21,0,0.0,0,CURRENT,False,,False,False,0,0,PTY-LENDER_A-00000488,ANON-LENDER_A-00000488,PERSON,synthetic,WCDS-0.1
FAC-LENDER_A-00000489,LENDER_A,LENDER_A-100489,,TERM_LOAN,SALARY_3M,NGN,1000000,1000000,1000000,2025-12-08,2025-12-08,2026-03-08,90,0.385331,FIXED,MONTHLY,365004.4,UNSECURED_PERSONAL,HOUSEHOLD,DEPOSITS,False,ACTIVE,2026-08-21,108333.33,111764.37,65,DPD_61_90,False,,False,False,0,0,PTY-LENDER_A-00000489,ANON-LENDER_A-00000489,PERSON,synthetic,WCDS-0.1
FAC-LENDER_A-00000490,LENDER_A,LENDER_A-100490,,TERM_LOAN,PERSONAL_9M,NGN,200000,200000,200000,2026-07-16,2026-07-16,2027-04-12,270,0.359264,FIXED,MONTHLY,28127.93,PERSONAL,HOUSEHOLD,DEPOSITS,False,ACTIVE,2026-08-21,173333.33,173333.33,0,CURRENT,False,,False,False,0,0,PTY-LENDER_A-00000490,ANON-LENDER_A-00000490,PERSON,synthetic,WCDS-0.1
FAC-LENDER_A-00000491,LENDER_A,LENDER_A-100491,,TERM_LOAN,SALARY_6M,NGN,100000,100000,100000,2024-12-22,2024-12-22,2025-06-20,180,0.291131,FIXED,MONTHLY,19059.53,UNSECURED_PERSONAL,HOUSEHOLD,DEPOSITS,False,ACTIVE,2026-08-21,1166.67,1173.18,7,DPD_1_30,False,,False,False,0,0,PTY-LENDER_A-00000491,ANON-LENDER_A-00000491,PERSON,synthetic,WCDS-0.1
FAC-LENDER_A-00000492,LENDER_A,LENDER_A-100492,,TERM_LOAN,SALARY_3M,NGN,1000000,1000000,1000000,2025-04-11,2025-04-11,2025-07-10,90,0.368645,FIXED,MONTHLY,363632.93,UNSECURED_PERSONAL,HOUSEHOLD,DEPOSITS,False,ACTIVE,2026-08-21,108333.33,111615.79,65,DPD_61_90,False,,False,False,0,0,PTY-LENDER_A-00000492,ANON-LENDER_A-00000492,PERSON,synthetic,WCDS-0.1
FAC-LENDER_A-00000493,LENDER_A,LENDER_A-100493,,TERM_LOAN,PERSONAL_9M,NGN,200000,200000,200000,2025-10-15,2025-10-15,2026-07-12,270,0.380877,FIXED,MONTHLY,28483.21,PERSONAL,HOUSEHOLD,DEPOSITS,False,CLOSED,2026-08-21,0,0.0,0,CURRENT,False,,False,False,0,0,PTY-LENDER_A-00000493,ANON-LENDER_A-00000493,PERSON,synthetic,WCDS-0.1
FAC-LENDER_A-00000494,LENDER_A,LENDER_A-100494,,TERM_LOAN,SALARY_3M,NGN,400000,400000,400000,2026-05-12,2026-05-12,2026-08-10,90,0.315353,FIXED,MONTHLY,143701.11,UNSECURED_PERSONAL,HOUSEHOLD,DEPOSITS,False,CLOSED,2026-08-21,0,0.0,0,CURRENT,False,,False,False,0,0,PTY-LENDER_A-00000494,ANON-LENDER_A-00000494,PERSON,synthetic,WCDS-0.1
FAC-LENDER_A-00000495,LENDER_A,LENDER_A-100495,,TERM_LOAN,SALARY_6M,NGN,400000,400000,400000,2025-11-18,2025-11-18,2026-05-17,180,0.364572,FIXED,MONTHLY,78652.59,UNSECURED_PERSONAL,HOUSEHOLD,DEPOSITS,False,CLOSED,2026-08-21,0,0.0,0,CURRENT,False,,False,False,0,0,PTY-LENDER_A-00000495,ANON-LENDER_A-00000495,PERSON,synthetic,WCDS-0.1
FAC-LENDER_A-00000496,LENDER_A,LENDER_A-100496,,TERM_LOAN,PERSONAL_9M,NGN,150000,150000,150000,2025-04-15,2025-04-15,2026-01-10,270,0.286441,FIXED,MONTHLY,20198.13,PERSONAL,HOUSEHOLD,DEPOSITS,False,ACTIVE,2026-08-21,8750.0,8956.0,35,DPD_31_60,False,,False,False,0,0,PTY-LENDER_A-00000496,ANON-LENDER_A-00000496,PERSON,synthetic,WCDS-0.1
FAC-LENDER_A-00000497,LENDER_A,LENDER_A-100497,,TERM_LOAN,SALARY_3M,NGN,200000,200000,200000,2026-03-24,2026-03-24,2026-06-22,90,0.4041,FIXED,MONTHLY,73309.4,UNSECURED_PERSONAL,HOUSEHOLD,DEPOSITS,False,DEFAULTED,2026-08-21,30000.0,30996.41,180,DPD_90_PLUS,True,2026-05-23,False,False,0,0,PTY-LENDER_A-00000497,ANON-LENDER_A-00000497,PERSON,synthetic,WCDS-0.1
FAC-LENDER_A-00000498,LENDER_A,LENDER_A-100498,,TERM_LOAN,PERSONAL_9M,NGN,200000,200000,200000,2026-05-21,2026-05-21,2027-02-15,270,0.297187,FIXED,MONTHLY,27107.49,PERSONAL,HOUSEHOLD,DEPOSITS,False,ACTIVE,2026-08-21,131851.85,131851.85,0,CURRENT,False,,False,False,0,0,PTY-LENDER_A-00000498,ANON-LENDER_A-00000498,PERSON,synthetic,WCDS-0.1
FAC-LENDER_A-00000499,LENDER_A,LENDER_A-100499,,TERM_LOAN,SALARY_3M,NGN,750000,750000,750000,2025-11-04,2025-11-04,2026-02-02,90,0.375724,FIXED,MONTHLY,273161.06,UNSECURED_PERSONAL,HOUSEHOLD,DEPOSITS,False,CLOSED,2026-08-21,0,0.0,0,CURRENT,False,,False,False,0,0,PTY-LENDER_A-00000499,ANON-LENDER_A-00000499,PERSON,synthetic,WCDS-0.1
FAC-LENDER_A-00000500,LENDER_A,LENDER_A-100500,,TERM_LOAN,SALARY_3M,NGN,200000,200000,200000,2025-05-24,2025-05-24,2025-08-22,90,0.392825,FIXED,MONTHLY,73124.07,UNSECURED_PERSONAL,HOUSEHOLD,DEPOSITS,False,CLOSED,2026-08-21,0,0.0,0,CURRENT,False,,False,False,0,0,PTY-LENDER_A-00000500,ANON-LENDER_A-00000500,PERSON,synthetic,WCDS-0.1
FAC-LENDER_A-00000501,LENDER_A,LENDER_A-100501,,TERM_LOAN,SALARY_3M,NGN,1000000,1000000,1000000,2026-01-19,2026-01-19,2026-04-19,90,0.348407,FIXED,MONTHLY,361969.54,UNSECURED_PERSONAL,HOUSEHOLD,DEPOSITS,False,ACTIVE,2026-08-21,11666.67,11744.62,7,DPD_1_30,False,,False,False,0,0,PTY-LENDER_A-00000501,ANON-LENDER_A-00000501,PERSON,synthetic,WCDS-0.1
FAC-LENDER_A-00000502,LENDER_A,LENDER_A-100502,,TERM_LOAN,PERSONAL_9M,NGN,250000,250000,250000,2026-07-24,2026-07-24,2027-04-20,270,0.370822,FIXED,MONTHLY,35397.4,PERSONAL,HOUSEHOLD,DEPOSITS,False,ACTIVE,2026-08-21,224074.07,224074.07,0,CURRENT,False,,False,False,0,0,PTY-LENDER_A-00000502,ANON-LENDER_A-00000502,PERSON,synthetic,WCDS-0.1
FAC-LENDER_A-00000503,LENDER_A,LENDER_A-100503,,TERM_LOAN,SALARY_6M,NGN,300000,300000,300000,2026-04-01,2026-04-01,2026-09-28,180,0.289859,FIXED,MONTHLY,57147.2,UNSECURED_PERSONAL,HOUSEHOLD,DEPOSITS,False,ACTIVE,2026-08-21,63333.33,63333.33,0,CURRENT,False,,False,False,0,0,PTY-LENDER_A-00000503,ANON-LENDER_A-00000503,PERSON,synthetic,WCDS-0.1
FAC-LENDER_A-00000504,LENDER_A,LENDER_A-100504,,TERM_LOAN,SALARY_3M,NGN,300000,300000,300000,2025-10-18,2025-10-18,2026-01-16,90,0.3604,FIXED,MONTHLY,108886.58,UNSECURED_PERSONAL,HOUSEHOLD,DEPOSITS,False,CLOSED,2026-08-21,0,0.0,0,CURRENT,False,,False,False,0,0,PTY-LENDER_A-00000504,ANON-LENDER_A-00000504,PERSON,synthetic,WCDS-0.1
FAC-LENDER_A-00000505,LENDER_A,LENDER_A-100505,,TERM_LOAN,PERSONAL_9M,NGN,200000,200000,200000,2025-08-26,2025-08-26,2026-05-23,270,0.33204,FIXED,MONTHLY,27680.41,PERSONAL,HOUSEHOLD,DEPOSITS,False,DEFAULTED,2026-08-21,30000.0,30818.73,180,DPD_90_PLUS,True,2026-05-23,False,False,0,0,PTY-LENDER_A-00000505,ANON-LENDER_A-00000505,PERSON,synthetic,WCDS-0.1
FAC-LENDER_A-00000506,LENDER_A,LENDER_A-100506,,TERM_LOAN,SALARY_3M,NGN,250000,250000,250000,2025-12-25,2025-12-25,2026-03-25,90,0.319786,FIXED,MONTHLY,89904.28,UNSECURED_PERSONAL,HOUSEHOLD,DEPOSITS,False,ACTIVE,2026-08-21,2916.67,2934.55,7,DPD_1_30,False,,False,False,0,0,PTY-LENDER_A-00000506,ANON-LENDER_A-00000506,PERSON,synthetic,WCDS-0.1
FAC-LENDER_A-00000507,LENDER_A,LENDER_A-100507,,TERM_LOAN,SALARY_3M,NGN,150000,150000,150000,2025-08-01,2025-08-01,2025-10-30,90,0.315745,FIXED,MONTHLY,53892.74,UNSECURED_PERSONAL,HOUSEHOLD,DEPOSITS,False,ACTIVE,2026-08-21,1750.0,1760.6,7,DPD_1_30,False,,False,False,0,0,PTY-LENDER_A-00000507,ANON-LENDER_A-00000507,PERSON,synthetic,WCDS-0.1
FAC-LENDER_A-00000508,LENDER_A,LENDER_A-100508,,TERM_LOAN,PERSONAL_9M,NGN,100000,100000,100000,2024-12-11,2024-12-11,2025-09-07,270,0.356839,FIXED,MONTHLY,14044.03,PERSONAL,HOUSEHOLD,DEPOSITS,False,DEFAULTED,2026-08-21,15000.0,15439.94,180,DPD_90_PLUS,True,2026-05-23,False,False,0,0,PTY-LENDER_A-00000508,ANON-LENDER_A-00000508,PERSON,synthetic,WCDS-0.1
FAC-LENDER_A-00000509,LENDER_A,LENDER_A-100509,,TERM_LOAN,SALARY_6M,NGN,150000,150000,150000,2025-01-28,2025-01-28,2025-07-27,180,0.34277,FIXED,MONTHLY,29225.93,UNSECURED_PERSONAL,HOUSEHOLD,DEPOSITS,False,CLOSED,2026-08-21,0,0.0,0,CURRENT,False,,False,False,0,0,PTY-LENDER_A-00000509,ANON-LENDER_A-00000509,PERSON,synthetic,WCDS-0.1
FAC-LENDER_A-00000510,LENDER_A,LENDER_A-100510,,TERM_LOAN,SALARY_3M,NGN,300000,300000,300000,2025-06-07,2025-06-07,2025-09-05,90,0.384224,FIXED,MONTHLY,109474.02,UNSECURED_PERSONAL,HOUSEHOLD,DEPOSITS,False,CLOSED,2026-08-21,0,0.0,0,CURRENT,False,,False,False,0,0,PTY-LENDER_A-00000510,ANON-LENDER_A-00000510,PERSON,synthetic,WCDS-0.1
FAC-LENDER_A-00000511,LENDER_A,LENDER_A-100511,,TERM_LOAN,SALARY_3M,NGN,500000,500000,500000,2026-04-26,2026-04-26,2026-07-25,90,0.379498,FIXED,MONTHLY,182262.47,UNSECURED_PERSONAL,HOUSEHOLD,DEPOSITS,False,CLOSED,2026-08-21,0,0.0,0,CURRENT,False,,False,False,0,0,PTY-LENDER_A-00000511,ANON-LENDER_A-00000511,PERSON,synthetic,WCDS-0.1
FAC-LENDER_A-00000512,LENDER_A,LENDER_A-100512,,TERM_LOAN,SALARY_6M,NGN,250000,250000,250000,2026-01-19,2026-01-19,2026-07-18,180,0.293925,FIXED,MONTHLY,47706.22,UNSECURED_PERSONAL,HOUSEHOLD,DEPOSITS,False,ACTIVE,2026-08-21,2916.67,2933.11,7,DPD_1_30,False,,False,False,0,0,PTY-LENDER_A-00000512,ANON-LENDER_A-00000512,PERSON,synthetic,WCDS-0.1
FAC-LENDER_A-00000513,LENDER_A,LENDER_A-100513,,TERM_LOAN,SALARY_6M,NGN,300000,300000,300000,2026-02-28,2026-02-28,2026-08-27,180,0.376774,FIXED,MONTHLY,59290.33,UNSECURED_PERSONAL,HOUSEHOLD,DEPOSITS,False,ACTIVE,2026-08-21,10000.0,10000.0,0,CURRENT,False,,False,False,0,0,PTY-LENDER_A-00000513,ANON-LENDER_A-00000513,PERSON,synthetic,WCDS-0.1
FAC-LENDER_A-00000514,LENDER_A,LENDER_A-100514,,TERM_LOAN,SALARY_6M,NGN,250000,250000,250000,2026-08-09,2026-08-09,2027-02-05,180,0.284923,FIXED,MONTHLY,47521.25,UNSECURED_PERSONAL,HOUSEHOLD,DEPOSITS,False,ACTIVE,2026-08-21,233333.33,233333.33,0,CURRENT,False,,False,False,0,0,PTY-LENDER_A-00000514,ANON-LENDER_A-00000514,PERSON,synthetic,WCDS-0.1
FAC-LENDER_A-00000515,LENDER_A,LENDER_A-100515,,TERM_LOAN,SALARY_6M,NGN,200000,200000,200000,2026-05-11,2026-05-11,2026-11-07,180,0.273252,FIXED,MONTHLY,37825.14,UNSECURED_PERSONAL,HOUSEHOLD,DEPOSITS,False,ACTIVE,2026-08-21,89000.0,89466.4,7,DPD_1_30,False,,False,False,0,0,PTY-LENDER_A-00000515,ANON-LENDER_A-00000515,PERSON,synthetic,WCDS-0.1
FAC-LENDER_A-00000516,LENDER_A,LENDER_A-100516,,TERM_LOAN,PERSONAL_9M,NGN,250000,250000,250000,2025-05-01,2025-05-01,2026-01-26,270,0.388574,FIXED,MONTHLY,35762.17,PERSONAL,HOUSEHOLD,DEPOSITS,False,WRITTEN_OFF,2026-08-21,374.28,386.24,180,DPD_90_PLUS,True,2026-05-23,False,True,37500.0,1637.83,PTY-LENDER_A-00000516,ANON-LENDER_A-00000516,PERSON,synthetic,WCDS-0.1
FAC-LENDER_A-00000517,LENDER_A,LENDER_A-100517,,TERM_LOAN,SALARY_6M,NGN,500000,500000,500000,2026-04-15,2026-04-15,2026-10-12,180,0.294868,FIXED,MONTHLY,95451.2,UNSECURED_PERSONAL,HOUSEHOLD,DEPOSITS,False,ACTIVE,2026-08-21,144444.44,144444.44,0,CURRENT,False,,False,False,0,0,PTY-LENDER_A-00000517,ANON-LENDER_A-00000517,PERSON,synthetic,WCDS-0.1
FAC-LENDER_A-00000518,LENDER_A,LENDER_A-100518,,TERM_LOAN,PERSONAL_9M,NGN,200000,200000,200000,2025-09-09,2025-09-09,2026-06-06,270,0.38224,FIXED,MONTHLY,28505.62,PERSONAL,HOUSEHOLD,DEPOSITS,False,CLOSED,2026-08-21,0,0.0,0,CURRENT,False,,False,False,0,0,PTY-LENDER_A-00000518,ANON-LENDER_A-00000518,PERSON,synthetic,WCDS-0.1
FAC-LENDER_A-00000519,LENDER_A,LENDER_A-100519,,TERM_LOAN,SALARY_3M,NGN,400000,400000,400000,2025-08-26,2025-08-26,2025-11-24,90,0.352526,FIXED,MONTHLY,144923.22,UNSECURED_PERSONAL,HOUSEHOLD,DEPOSITS,False,CLOSED,2026-08-21,0,0.0,0,CURRENT,False,,False,False,0,0,PTY-LENDER_A-00000519,ANON-LENDER_A-00000519,PERSON,synthetic,WCDS-0.1
FAC-LENDER_A-00000520,LENDER_A,LENDER_A-100520,,TERM_LOAN,SALARY_6M,NGN,750000,750000,750000,2025-06-06,2025-06-06,2025-12-03,180,0.375477,FIXED,MONTHLY,148145.85,UNSECURED_PERSONAL,HOUSEHOLD,DEPOSITS,False,CLOSED,2026-08-21,0,0.0,0,CURRENT,False,,False,False,0,0,PTY-LENDER_A-00000520,ANON-LENDER_A-00000520,PERSON,synthetic,WCDS-0.1
FAC-LENDER_A-00000521,LENDER_A,LENDER_A-100521,,TERM_LOAN,SALARY_3M,NGN,200000,200000,200000,2026-04-27,2026-04-27,2026-07-26,90,0.395629,FIXED,MONTHLY,73170.16,UNSECURED_PERSONAL,HOUSEHOLD,DEPOSITS,False,CLOSED,2026-08-21,0,0.0,0,CURRENT,False,,False,False,0,0,PTY-LENDER_A-00000521,ANON-LENDER_A-00000521,PERSON,synthetic,WCDS-0.1
FAC-LENDER_A-00000522,LENDER_A,LENDER_A-100522,,TERM_LOAN,SALARY_3M,NGN,500000,500000,500000,2025-08-09,2025-08-09,2025-11-07,90,0.37089,FIXED,MONTHLY,181908.72,UNSECURED_PERSONAL,HOUSEHOLD,DEPOSITS,False,CLOSED,2026-08-21,0,0.0,0,CURRENT,False,,False,False,0,0,PTY-LENDER_A-00000522,ANON-LENDER_A-00000522,PERSON,synthetic,WCDS-0.1
FAC-LENDER_A-00000523,LENDER_A,LENDER_A-100523,,TERM_LOAN,SALARY_3M,NGN,750000,750000,750000,2025-03-30,2025-03-30,2025-06-28,90,0.403509,FIXED,MONTHLY,274873.85,UNSECURED_PERSONAL,HOUSEHOLD,DEPOSITS,False,CLOSED,2026-08-21,0,0.0,0,CURRENT,False,,False,False,0,0,PTY-LENDER_A-00000523,ANON-LENDER_A-00000523,PERSON,synthetic,WCDS-0.1
FAC-LENDER_A-00000524,LENDER_A,LENDER_A-100524,,TERM_LOAN,SALARY_6M,NGN,100000,100000,100000,2025-02-20,2025-02-20,2025-08-19,180,0.265517,FIXED,MONTHLY,18849.0,UNSECURED_PERSONAL,HOUSEHOLD,DEPOSITS,False,ACTIVE,2026-08-21,1166.67,1172.61,7,DPD_1_30,False,,False,False,0,0,PTY-LENDER_A-00000524,ANON-LENDER_A-00000524,PERSON,synthetic,WCDS-0.1
FAC-LENDER_A-00000525,LENDER_A,LENDER_A-100525,,TERM_LOAN,PERSONAL_9M,NGN,400000,400000,400000,2025-02-26,2025-02-26,2025-11-23,270,0.397347,FIXED,MONTHLY,57507.92,PERSONAL,HOUSEHOLD,DEPOSITS,False,CLOSED,2026-08-21,0,0.0,0,CURRENT,False,,False,False,0,0,PTY-LENDER_A-00000525,ANON-LENDER_A-00000525,PERSON,synthetic,WCDS-0.1
FAC-LENDER_A-00000526,LENDER_A,LENDER_A-100526,,TERM_LOAN,SALARY_3M,NGN,750000,750000,750000,2025-08-22,2025-08-22,2025-11-20,90,0.38407,FIXED,MONTHLY,273675.52,UNSECURED_PERSONAL,HOUSEHOLD,DEPOSITS,False,CLOSED,2026-08-21,0,0.0,0,CURRENT,False,,False,False,0,0,PTY-LENDER_A-00000526,ANON-LENDER_A-00000526,PERSON,synthetic,WCDS-0.1
FAC-LENDER_A-00000527,LENDER_A,LENDER_A-100527,,TERM_LOAN,PERSONAL_9M,NGN,100000,100000,100000,2026-07-31,2026-07-31,2027-04-27,270,0.379173,FIXED,MONTHLY,14227.6,PERSONAL,HOUSEHOLD,DEPOSITS,False,ACTIVE,2026-08-21,92222.22,92222.22,0,CURRENT,False,,False,False,0,0,PTY-LENDER_A-00000527,ANON-LENDER_A-00000527,PERSON,synthetic,WCDS-0.1
FAC-LENDER_A-00000528,LENDER_A,LENDER_A-100528,,TERM_LOAN,SALARY_3M,NGN,150000,150000,150000,2025-03-26,2025-03-26,2025-06-24,90,0.318831,FIXED,MONTHLY,53930.8,UNSECURED_PERSONAL,HOUSEHOLD,DEPOSITS,False,CLOSED,2026-08-21,0,0.0,0,CURRENT,False,,False,False,0,0,PTY-LENDER_A-00000528,ANON-LENDER_A-00000528,PERSON,synthetic,WCDS-0.1
FAC-LENDER_A-00000529,LENDER_A,LENDER_A-100529,,TERM_LOAN,PERSONAL_9M,NGN,500000,500000,500000,2025-06-25,2025-06-25,2026-03-22,270,0.340832,FIXED,MONTHLY,69562.33,PERSONAL,HOUSEHOLD,DEPOSITS,False,ACTIVE,2026-08-21,12500.0,12675.08,15,DPD_1_30,False,,False,False,0,0,PTY-LENDER_A-00000529,ANON-LENDER_A-00000529,PERSON,synthetic,WCDS-0.1
FAC-LENDER_A-00000530,LENDER_A,LENDER_A-100530,,TERM_LOAN,SALARY_3M,NGN,750000,750000,750000,2025-05-11,2025-05-11,2025-08-09,90,0.30946,FIXED,MONTHLY,269076.28,UNSECURED_PERSONAL,HOUSEHOLD,DEPOSITS,False,CLOSED,2026-08-21,0,0.0,0,CURRENT,False,,False,False,0,0,PTY-LENDER_A-00000530,ANON-LENDER_A-00000530,PERSON,synthetic,WCDS-0.1
FAC-LENDER_A-00000531,LENDER_A,LENDER_A-100531,,TERM_LOAN,SALARY_6M,NGN,500000,500000,500000,2026-07-06,2026-07-06,2027-01-02,180,0.349429,FIXED,MONTHLY,97693.42,UNSECURED_PERSONAL,HOUSEHOLD,DEPOSITS,False,ACTIVE,2026-08-21,372222.22,372222.22,0,CURRENT,False,,False,False,0,0,PTY-LENDER_A-00000531,ANON-LENDER_A-00000531,PERSON,synthetic,WCDS-0.1
FAC-LENDER_A-00000532,LENDER_A,LENDER_A-100532,,TERM_LOAN,PERSONAL_9M,NGN,300000,300000,300000,2025-03-09,2025-03-09,2025-12-04,270,0.352504,FIXED,MONTHLY,42025.22,PERSONAL,HOUSEHOLD,DEPOSITS,False,CLOSED,2026-08-21,0,0.0,0,CURRENT,False,,False,False,0,0,PTY-LENDER_A-00000532,ANON-LENDER_A-00000532,PERSON,synthetic,WCDS-0.1
FAC-LENDER_A-00000533,LENDER_A,LENDER_A-100533,,TERM_LOAN,SALARY_3M,NGN,250000,250000,250000,2025-05-03,2025-05-03,2025-08-01,90,0.378552,FIXED,MONTHLY,91111.79,UNSECURED_PERSONAL,HOUSEHOLD,DEPOSITS,False,CLOSED,2026-08-21,0,0.0,0,CURRENT,False,,False,False,0,0,PTY-LENDER_A-00000533,ANON-LENDER_A-00000533,PERSON,synthetic,WCDS-0.1
FAC-LENDER_A-00000534,LENDER_A,LENDER_A-100534,,TERM_LOAN,SALARY_6M,NGN,750000,750000,750000,2026-04-17,2026-04-17,2026-10-14,180,0.331994,FIXED,MONTHLY,145465.39,UNSECURED_PERSONAL,HOUSEHOLD,DEPOSITS,False,ACTIVE,2026-08-21,225000.0,225000.0,0,CURRENT,False,,False,False,0,0,PTY-LENDER_A-00000534,ANON-LENDER_A-00000534,PERSON,synthetic,WCDS-0.1
FAC-LENDER_A-00000535,LENDER_A,LENDER_A-100535,,TERM_LOAN,PERSONAL_9M,NGN,300000,300000,300000,2025-01-28,2025-01-28,2025-10-25,270,0.322617,FIXED,MONTHLY,41288.27,PERSONAL,HOUSEHOLD,DEPOSITS,False,CLOSED,2026-08-21,0,0.0,0,CURRENT,False,,False,False,0,0,PTY-LENDER_A-00000535,ANON-LENDER_A-00000535,PERSON,synthetic,WCDS-0.1
FAC-LENDER_A-00000536,LENDER_A,LENDER_A-100536,,TERM_LOAN,SALARY_3M,NGN,500000,500000,500000,2026-04-24,2026-04-24,2026-07-23,90,0.384252,FIXED,MONTHLY,182457.83,UNSECURED_PERSONAL,HOUSEHOLD,DEPOSITS,False,CLOSED,2026-08-21,0,0.0,0,CURRENT,False,,False,False,0,0,PTY-LENDER_A-00000536,ANON-LENDER_A-00000536,PERSON,synthetic,WCDS-0.1
FAC-LENDER_A-00000537,LENDER_A,LENDER_A-100537,,TERM_LOAN,SALARY_3M,NGN,750000,750000,750000,2026-01-28,2026-01-28,2026-04-28,90,0.323511,FIXED,MONTHLY,269942.43,UNSECURED_PERSONAL,HOUSEHOLD,DEPOSITS,False,ACTIVE,2026-08-21,8750.0,8804.29,7,DPD_1_30,False,,False,False,0,0,PTY-LENDER_A-00000537,ANON-LENDER_A-00000537,PERSON,synthetic,WCDS-0.1
FAC-LENDER_A-00000538,LENDER_A,LENDER_A-100538,,TERM_LOAN,PERSONAL_9M,NGN,150000,150000,150000,2025-05-07,2025-05-07,2026-02-01,270,0.391195,FIXED,MONTHLY,21489.62,PERSONAL,HOUSEHOLD,DEPOSITS,False,CLOSED,2026-08-21,0,0.0,0,CURRENT,False,,False,False,0,0,PTY-LENDER_A-00000538,ANON-LENDER_A-00000538,PERSON,synthetic,WCDS-0.1
FAC-LENDER_A-00000539,LENDER_A,LENDER_A-100539,,TERM_LOAN,SALARY_3M,NGN,1000000,1000000,1000000,2026-06-23,2026-06-23,2026-09-21,90,0.370718,FIXED,MONTHLY,363803.3,UNSECURED_PERSONAL,HOUSEHOLD,DEPOSITS,False,ACTIVE,2026-08-21,344444.44,344444.44,0,CURRENT,False,,False,False,0,0,PTY-LENDER_A-00000539,ANON-LENDER_A-00000539,PERSON,synthetic,WCDS-0.1
FAC-LENDER_A-00000540,LENDER_A,LENDER_A-100540,,TERM_LOAN,SALARY_3M,NGN,200000,200000,200000,2026-04-02,2026-04-02,2026-07-01,90,0.351937,FIXED,MONTHLY,72451.94,UNSECURED_PERSONAL,HOUSEHOLD,DEPOSITS,False,CLOSED,2026-08-21,0,0.0,0,CURRENT,False,,False,False,0,0,PTY-LENDER_A-00000540,ANON-LENDER_A-00000540,PERSON,synthetic,WCDS-0.1
FAC-LENDER_A-00000541,LENDER_A,LENDER_A-100541,,TERM_LOAN,SALARY_6M,NGN,500000,500000,500000,2025-11-30,2025-11-30,2026-05-29,180,0.332739,FIXED,MONTHLY,97007.55,UNSECURED_PERSONAL,HOUSEHOLD,DEPOSITS,False,CLOSED,2026-08-21,0,0.0,0,CURRENT,False,,False,False,0,0,PTY-LENDER_A-00000541,ANON-LENDER_A-00000541,PERSON,synthetic,WCDS-0.1
FAC-LENDER_A-00000542,LENDER_A,LENDER_A-100542,,TERM_LOAN,SALARY_3M,NGN,200000,200000,200000,2025-06-15,2025-06-15,2025-09-13,90,0.415631,FIXED,MONTHLY,73498.96,UNSECURED_PERSONAL,HOUSEHOLD,DEPOSITS,False,CLOSED,2026-08-21,0,0.0,0,CURRENT,False,,False,False,0,0,PTY-LENDER_A-00000542,ANON-LENDER_A-00000542,PERSON,synthetic,WCDS-0.1
FAC-LENDER_A-00000543,LENDER_A,LENDER_A-100543,,TERM_LOAN,PERSONAL_9M,NGN,400000,400000,400000,2025-01-22,2025-01-22,2025-10-19,270,0.381169,FIXED,MONTHLY,56976.03,PERSONAL,HOUSEHOLD,DEPOSITS,False,CLOSED,2026-08-21,0,0.0,0,CURRENT,False,,False,False,0,0,PTY-LENDER_A-00000543,ANON-LENDER_A-00000543,PERSON,synthetic,WCDS-0.1
FAC-LENDER_A-00000544,LENDER_A,LENDER_A-100544,,TERM_LOAN,SALARY_6M,NGN,200000,200000,200000,2026-02-10,2026-02-10,2026-08-09,180,0.3349,FIXED,MONTHLY,38838.54,UNSECURED_PERSONAL,HOUSEHOLD,DEPOSITS,False,CLOSED,2026-08-21,0,0.0,0,CURRENT,False,,False,False,0,0,PTY-LENDER_A-00000544,ANON-LENDER_A-00000544,PERSON,synthetic,WCDS-0.1
FAC-LENDER_A-00000545,LENDER_A,LENDER_A-100545,,TERM_LOAN,SALARY_6M,NGN,1000000,1000000,1000000,2025-04-07,2025-04-07,2025-10-04,180,0.298686,FIXED,MONTHLY,191216.18,UNSECURED_PERSONAL,HOUSEHOLD,DEPOSITS,False,CLOSED,2026-08-21,0,0.0,0,CURRENT,False,,False,False,0,0,PTY-LENDER_A-00000545,ANON-LENDER_A-00000545,PERSON,synthetic,WCDS-0.1
FAC-LENDER_A-00000546,LENDER_A,LENDER_A-100546,,TERM_LOAN,PERSONAL_9M,NGN,300000,300000,300000,2025-06-05,2025-06-05,2026-03-02,270,0.360909,FIXED,MONTHLY,42232.46,PERSONAL,HOUSEHOLD,DEPOSITS,False,ACTIVE,2026-08-21,7500.0,7611.24,15,DPD_1_30,False,,False,False,0,0,PTY-LENDER_A-00000546,ANON-LENDER_A-00000546,PERSON,synthetic,WCDS-0.1
FAC-LENDER_A-00000547,LENDER_A,LENDER_A-100547,,TERM_LOAN,PERSONAL_9M,NGN,100000,100000,100000,2026-01-19,2026-01-19,2026-10-16,270,0.297439,FIXED,MONTHLY,13555.82,PERSONAL,HOUSEHOLD,DEPOSITS,False,ACTIVE,2026-08-21,20740.74,20740.74,0,CURRENT,False,,False,False,0,0,PTY-LENDER_A-00000547,ANON-LENDER_A-00000547,PERSON,synthetic,WCDS-0.1
FAC-LENDER_A-00000548,LENDER_A,LENDER_A-100548,,TERM_LOAN,SALARY_3M,NGN,100000,100000,100000,2025-10-13,2025-10-13,2026-01-11,90,0.394264,FIXED,MONTHLY,36573.86,UNSECURED_PERSONAL,HOUSEHOLD,DEPOSITS,False,CLOSED,2026-08-21,0,0.0,0,CURRENT,False,,False,False,0,0,PTY-LENDER_A-00000548,ANON-LENDER_A-00000548,PERSON,synthetic,WCDS-0.1
FAC-LENDER_A-00000549,LENDER_A,LENDER_A-100549,,TERM_LOAN,PERSONAL_9M,NGN,1000000,1000000,1000000,2025-12-25,2025-12-25,2026-09-21,270,0.334311,FIXED,MONTHLY,138588.76,PERSONAL,HOUSEHOLD,DEPOSITS,False,ACTIVE,2026-08-21,126481.48,127292.41,7,DPD_1_30,False,,False,False,0,0,PTY-LENDER_A-00000549,ANON-LENDER_A-00000549,PERSON,synthetic,WCDS-0.1
FAC-LENDER_A-00000550,LENDER_A,LENDER_A-100550,,TERM_LOAN,PERSONAL_9M,NGN,300000,300000,300000,2026-06-24,2026-06-24,2027-03-21,270,0.374117,FIXED,MONTHLY,42558.13,PERSONAL,HOUSEHOLD,DEPOSITS,False,ACTIVE,2026-08-21,268055.56,276298.08,65,DPD_61_90,False,,False,False,0,0,PTY-LENDER_A-00000550,ANON-LENDER_A-00000550,PERSON,synthetic,WCDS-0.1
FAC-LENDER_A-00000551,LENDER_A,LENDER_A-100551,,TERM_LOAN,PERSONAL_9M,NGN,100000,100000,100000,2026-07-29,2026-07-29,2027-04-25,270,0.317518,FIXED,MONTHLY,13720.85,PERSONAL,HOUSEHOLD,DEPOSITS,False,ACTIVE,2026-08-21,92648.15,93212.32,7,DPD_1_30,False,,False,False,0,0,PTY-LENDER_A-00000551,ANON-LENDER_A-00000551,PERSON,synthetic,WCDS-0.1
FAC-LENDER_A-00000552,LENDER_A,LENDER_A-100552,,TERM_LOAN,SALARY_6M,NGN,250000,250000,250000,2025-07-31,2025-07-31,2026-01-27,180,0.364262,FIXED,MONTHLY,49151.5,UNSECURED_PERSONAL,HOUSEHOLD,DEPOSITS,False,ACTIVE,2026-08-21,2916.67,2937.04,7,DPD_1_30,False,,False,False,0,0,PTY-LENDER_A-00000552,ANON-LENDER_A-00000552,PERSON,synthetic,WCDS-0.1
FAC-LENDER_A-00000553,LENDER_A,LENDER_A-100553,,TERM_LOAN,SALARY_3M,NGN,300000,300000,300000,2025-05-09,2025-05-09,2025-08-07,90,0.365594,FIXED,MONTHLY,109014.64,UNSECURED_PERSONAL,HOUSEHOLD,DEPOSITS,False,CLOSED,2026-08-21,0,0.0,0,CURRENT,False,,False,False,0,0,PTY-LENDER_A-00000553,ANON-LENDER_A-00000553,PERSON,synthetic,WCDS-0.1
FAC-LENDER_A-00000554,LENDER_A,LENDER_A-100554,,TERM_LOAN,PERSONAL_9M,NGN,150000,150000,150000,2025-07-21,2025-07-21,2026-04-17,270,0.300855,FIXED,MONTHLY,20375.84,PERSONAL,HOUSEHOLD,DEPOSITS,False,CLOSED,2026-08-21,0,0.0,0,CURRENT,False,,False,False,0,0,PTY-LENDER_A-00000554,ANON-LENDER_A-00000554,PERSON,synthetic,WCDS-0.1
FAC-LENDER_A-00000555,LENDER_A,LENDER_A-100555,,TERM_LOAN,SALARY_6M,NGN,100000,100000,100000,2025-09-07,2025-09-07,2026-03-06,180,0.291709,FIXED,MONTHLY,19064.27,UNSECURED_PERSONAL,HOUSEHOLD,DEPOSITS,False,CLOSED,2026-08-21,0,0.0,0,CURRENT,False,,False,False,0,0,PTY-LENDER_A-00000555,ANON-LENDER_A-00000555,PERSON,synthetic,WCDS-0.1
FAC-LENDER_A-00000556,LENDER_A,LENDER_A-100556,,TERM_LOAN,PERSONAL_9M,NGN,100000,100000,100000,2025-10-07,2025-10-07,2026-07-04,270,0.391435,FIXED,MONTHLY,14328.39,PERSONAL,HOUSEHOLD,DEPOSITS,False,CLOSED,2026-08-21,0,0.0,0,CURRENT,False,,False,False,0,0,PTY-LENDER_A-00000556,ANON-LENDER_A-00000556,PERSON,synthetic,WCDS-0.1
FAC-LENDER_A-00000557,LENDER_A,LENDER_A-100557,,TERM_LOAN,SALARY_6M,NGN,1000000,1000000,1000000,2025-12-29,2025-12-29,2026-06-27,180,0.30297,FIXED,MONTHLY,191568.33,UNSECURED_PERSONAL,HOUSEHOLD,DEPOSITS,False,DEFAULTED,2026-08-21,150000.0,153735.25,95,DPD_90_PLUS,True,2026-08-16,False,False,0,0,PTY-LENDER_A-00000557,ANON-LENDER_A-00000557,PERSON,synthetic,WCDS-0.1
FAC-LENDER_A-00000558,LENDER_A,LENDER_A-100558,,TERM_LOAN,SALARY_6M,NGN,150000,150000,150000,2025-08-19,2025-08-19,2026-02-15,180,0.279124,FIXED,MONTHLY,28441.26,UNSECURED_PERSONAL,HOUSEHOLD,DEPOSITS,False,CLOSED,2026-08-21,0,0.0,0,CURRENT,False,,False,False,0,0,PTY-LENDER_A-00000558,ANON-LENDER_A-00000558,PERSON,synthetic,WCDS-0.1
FAC-LENDER_A-00000559,LENDER_A,LENDER_A-100559,,TERM_LOAN,SALARY_3M,NGN,1000000,1000000,1000000,2025-04-12,2025-04-12,2025-07-11,90,0.325602,FIXED,MONTHLY,360095.18,UNSECURED_PERSONAL,HOUSEHOLD,DEPOSITS,False,DEFAULTED,2026-08-21,150000.0,154014.28,180,DPD_90_PLUS,True,2026-05-23,False,False,0,0,PTY-LENDER_A-00000559,ANON-LENDER_A-00000559,PERSON,synthetic,WCDS-0.1
FAC-LENDER_A-00000560,LENDER_A,LENDER_A-100560,,TERM_LOAN,PERSONAL_9M,NGN,250000,250000,250000,2026-07-02,2026-07-02,2027-03-29,270,0.33348,FIXED,MONTHLY,34630.11,PERSONAL,HOUSEHOLD,DEPOSITS,False,ACTIVE,2026-08-21,203703.7,203703.7,0,CURRENT,False,,False,False,0,0,PTY-LENDER_A-00000560,ANON-LENDER_A-00000560,PERSON,synthetic,WCDS-0.1
FAC-LENDER_A-00000561,LENDER_A,LENDER_A-100561,,TERM_LOAN,SALARY_6M,NGN,300000,300000,300000,2025-02-04,2025-02-04,2025-08-03,180,0.369912,FIXED,MONTHLY,59121.12,UNSECURED_PERSONAL,HOUSEHOLD,DEPOSITS,False,ACTIVE,2026-08-21,3500.0,3524.83,7,DPD_1_30,False,,False,False,0,0,PTY-LENDER_A-00000561,ANON-LENDER_A-00000561,PERSON,synthetic,WCDS-0.1
FAC-LENDER_A-00000562,LENDER_A,LENDER_A-100562,,TERM_LOAN,PERSONAL_9M,NGN,1000000,1000000,1000000,2025-05-12,2025-05-12,2026-02-06,270,0.372459,FIXED,MONTHLY,141724.21,PERSONAL,HOUSEHOLD,DEPOSITS,False,CLOSED,2026-08-21,0,0.0,0,CURRENT,False,,False,False,0,0,PTY-LENDER_A-00000562,ANON-LENDER_A-00000562,PERSON,synthetic,WCDS-0.1
FAC-LENDER_A-00000563,LENDER_A,LENDER_A-100563,,TERM_LOAN,SALARY_3M,NGN,150000,150000,150000,2026-02-21,2026-02-21,2026-05-22,90,0.335572,FIXED,MONTHLY,54137.19,UNSECURED_PERSONAL,HOUSEHOLD,DEPOSITS,False,DEFAULTED,2026-08-21,22500.0,23120.58,130,DPD_90_PLUS,True,2026-07-12,False,False,0,0,PTY-LENDER_A-00000563,ANON-LENDER_A-00000563,PERSON,synthetic,WCDS-0.1
FAC-LENDER_A-00000564,LENDER_A,LENDER_A-100564,,TERM_LOAN,SALARY_3M,NGN,500000,500000,500000,2026-04-27,2026-04-27,2026-07-26,90,0.375232,FIXED,MONTHLY,182087.16,UNSECURED_PERSONAL,HOUSEHOLD,DEPOSITS,False,CLOSED,2026-08-21,0,0.0,0,CURRENT,False,,False,False,0,0,PTY-LENDER_A-00000564,ANON-LENDER_A-00000564,PERSON,synthetic,WCDS-0.1
FAC-LENDER_A-00000565,LENDER_A,LENDER_A-100565,,TERM_LOAN,SALARY_6M,NGN,150000,150000,150000,2026-03-07,2026-03-07,2026-09-03,180,0.365436,FIXED,MONTHLY,29505.38,UNSECURED_PERSONAL,HOUSEHOLD,DEPOSITS,False,ACTIVE,2026-08-21,10833.33,10833.33,0,CURRENT,False,,False,False,0,0,PTY-LENDER_A-00000565,ANON-LENDER_A-00000565,PERSON,synthetic,WCDS-0.1
FAC-LENDER_A-00000566,LENDER_A,LENDER_A-100566,,TERM_LOAN,SALARY_3M,NGN,300000,300000,300000,2025-01-17,2025-01-17,2025-04-17,90,0.386024,FIXED,MONTHLY,109518.4,UNSECURED_PERSONAL,HOUSEHOLD,DEPOSITS,False,CLOSED,2026-08-21,0,0.0,0,CURRENT,False,,False,False,0,0,PTY-LENDER_A-00000566,ANON-LENDER_A-00000566,PERSON,synthetic,WCDS-0.1
FAC-LENDER_A-00000567,LENDER_A,LENDER_A-100567,,TERM_LOAN,SALARY_6M,NGN,500000,500000,500000,2025-05-25,2025-05-25,2025-11-21,180,0.369318,FIXED,MONTHLY,98510.8,UNSECURED_PERSONAL,HOUSEHOLD,DEPOSITS,False,CLOSED,2026-08-21,0,0.0,0,CURRENT,False,,False,False,0,0,PTY-LENDER_A-00000567,ANON-LENDER_A-00000567,PERSON,synthetic,WCDS-0.1
FAC-LENDER_A-00000568,LENDER_A,LENDER_A-100568,,TERM_LOAN,PERSONAL_9M,NGN,150000,150000,150000,2024-12-20,2024-12-20,2025-09-16,270,0.280708,FIXED,MONTHLY,20127.45,PERSONAL,HOUSEHOLD,DEPOSITS,False,CLOSED,2026-08-21,0,0.0,0,CURRENT,False,,False,False,0,0,PTY-LENDER_A-00000568,ANON-LENDER_A-00000568,PERSON,synthetic,WCDS-0.1
FAC-LENDER_A-00000569,LENDER_A,LENDER_A-100569,,TERM_LOAN,SALARY_6M,NGN,300000,300000,300000,2026-05-15,2026-05-15,2026-11-11,180,0.302924,FIXED,MONTHLY,57469.36,UNSECURED_PERSONAL,HOUSEHOLD,DEPOSITS,False,ACTIVE,2026-08-21,136666.67,136666.67,0,CURRENT,False,,False,False,0,0,PTY-LENDER_A-00000569,ANON-LENDER_A-00000569,PERSON,synthetic,WCDS-0.1
FAC-LENDER_A-00000570,LENDER_A,LENDER_A-100570,,TERM_LOAN,SALARY_3M,NGN,750000,750000,750000,2026-03-04,2026-03-04,2026-06-02,90,0.411203,FIXED,MONTHLY,275348.12,UNSECURED_PERSONAL,HOUSEHOLD,DEPOSITS,False,CLOSED,2026-08-21,0,0.0,0,CURRENT,False,,False,False,0,0,PTY-LENDER_A-00000570,ANON-LENDER_A-00000570,PERSON,synthetic,WCDS-0.1
FAC-LENDER_A-00000571,LENDER_A,LENDER_A-100571,,TERM_LOAN,PERSONAL_9M,NGN,300000,300000,300000,2026-03-17,2026-03-17,2026-12-12,270,0.375698,FIXED,MONTHLY,42597.12,PERSONAL,HOUSEHOLD,DEPOSITS,False,ACTIVE,2026-08-21,125555.56,125555.56,0,CURRENT,False,,False,False,0,0,PTY-LENDER_A-00000571,ANON-LENDER_A-00000571,PERSON,synthetic,WCDS-0.1
FAC-LENDER_A-00000572,LENDER_A,LENDER_A-100572,,TERM_LOAN,PERSONAL_9M,NGN,400000,400000,400000,2026-07-31,2026-07-31,2027-04-27,270,0.384057,FIXED,MONTHLY,57070.97,PERSONAL,HOUSEHOLD,DEPOSITS,False,ACTIVE,2026-08-21,368888.89,368888.89,0,CURRENT,False,,False,False,0,0,PTY-LENDER_A-00000572,ANON-LENDER_A-00000572,PERSON,synthetic,WCDS-0.1
FAC-LENDER_A-00000573,LENDER_A,LENDER_A-100573,,TERM_LOAN,PERSONAL_9M,NGN,500000,500000,500000,2025-02-07,2025-02-07,2025-11-04,270,0.280604,FIXED,MONTHLY,67087.21,PERSONAL,HOUSEHOLD,DEPOSITS,False,CLOSED,2026-08-21,0,0.0,0,CURRENT,False,,False,False,0,0,PTY-LENDER_A-00000573,ANON-LENDER_A-00000573,PERSON,synthetic,WCDS-0.1
FAC-LENDER_A-00000574,LENDER_A,LENDER_A-100574,,TERM_LOAN,PERSONAL_9M,NGN,400000,400000,400000,2026-01-07,2026-01-07,2026-10-04,270,0.368972,FIXED,MONTHLY,56575.02,PERSONAL,HOUSEHOLD,DEPOSITS,False,ACTIVE,2026-08-21,65185.19,65185.19,0,CURRENT,False,,False,False,0,0,PTY-LENDER_A-00000574,ANON-LENDER_A-00000574,PERSON,synthetic,WCDS-0.1
FAC-LENDER_A-00000575,LENDER_A,LENDER_A-100575,,TERM_LOAN,SALARY_3M,NGN,300000,300000,300000,2026-01-25,2026-01-25,2026-04-25,90,0.377512,FIXED,MONTHLY,109308.51,UNSECURED_PERSONAL,HOUSEHOLD,DEPOSITS,False,CLOSED,2026-08-21,0,0.0,0,CURRENT,False,,False,False,0,0,PTY-LENDER_A-00000575,ANON-LENDER_A-00000575,PERSON,synthetic,WCDS-0.1
FAC-LENDER_A-00000576,LENDER_A,LENDER_A-100576,,TERM_LOAN,PERSONAL_9M,NGN,750000,750000,750000,2025-01-26,2025-01-26,2025-10-23,270,0.286527,FIXED,MONTHLY,100995.93,PERSONAL,HOUSEHOLD,DEPOSITS,False,CLOSED,2026-08-21,0,0.0,0,CURRENT,False,,False,False,0,0,PTY-LENDER_A-00000576,ANON-LENDER_A-00000576,PERSON,synthetic,WCDS-0.1
FAC-LENDER_A-00000577,LENDER_A,LENDER_A-100577,,TERM_LOAN,PERSONAL_9M,NGN,750000,750000,750000,2025-09-07,2025-09-07,2026-06-04,270,0.30369,FIXED,MONTHLY,102053.96,PERSONAL,HOUSEHOLD,DEPOSITS,False,CLOSED,2026-08-21,0,0.0,0,CURRENT,False,,False,False,0,0,PTY-LENDER_A-00000577,ANON-LENDER_A-00000577,PERSON,synthetic,WCDS-0.1
FAC-LENDER_A-00000578,LENDER_A,LENDER_A-100578,,TERM_LOAN,SALARY_3M,NGN,250000,250000,250000,2025-09-20,2025-09-20,2025-12-19,90,0.380555,FIXED,MONTHLY,91152.97,UNSECURED_PERSONAL,HOUSEHOLD,DEPOSITS,False,CLOSED,2026-08-21,0,0.0,0,CURRENT,False,,False,False,0,0,PTY-LENDER_A-00000578,ANON-LENDER_A-00000578,PERSON,synthetic,WCDS-0.1
FAC-LENDER_A-00000579,LENDER_A,LENDER_A-100579,,TERM_LOAN,SALARY_3M,NGN,400000,400000,400000,2025-09-22,2025-09-22,2025-12-21,90,0.339402,FIXED,MONTHLY,144491.74,UNSECURED_PERSONAL,HOUSEHOLD,DEPOSITS,False,DEFAULTED,2026-08-21,60000.0,61673.76,95,DPD_90_PLUS,True,2026-08-16,False,False,0,0,PTY-LENDER_A-00000579,ANON-LENDER_A-00000579,PERSON,synthetic,WCDS-0.1
FAC-LENDER_A-00000580,LENDER_A,LENDER_A-100580,,TERM_LOAN,PERSONAL_9M,NGN,500000,500000,500000,2025-11-01,2025-11-01,2026-07-29,270,0.365464,FIXED,MONTHLY,70574.62,PERSONAL,HOUSEHOLD,DEPOSITS,False,ACTIVE,2026-08-21,29166.67,30042.78,35,DPD_31_60,False,,True,False,0,0,PTY-LENDER_A-00000580,ANON-LENDER_A-00000580,PERSON,synthetic,WCDS-0.1
FAC-LENDER_A-00000581,LENDER_A,LENDER_A-100581,,TERM_LOAN,SALARY_6M,NGN,300000,300000,300000,2025-03-31,2025-03-31,2025-09-27,180,0.365346,FIXED,MONTHLY,59008.54,UNSECURED_PERSONAL,HOUSEHOLD,DEPOSITS,False,CLOSED,2026-08-21,0,0.0,0,CURRENT,False,,False,False,0,0,PTY-LENDER_A-00000581,ANON-LENDER_A-00000581,PERSON,synthetic,WCDS-0.1
FAC-LENDER_A-00000582,LENDER_A,LENDER_A-100582,,TERM_LOAN,SALARY_3M,NGN,1000000,1000000,1000000,2026-01-22,2026-01-22,2026-04-22,90,0.321092,FIXED,MONTHLY,359724.49,UNSECURED_PERSONAL,HOUSEHOLD,DEPOSITS,False,CLOSED,2026-08-21,0,0.0,0,CURRENT,False,,False,False,0,0,PTY-LENDER_A-00000582,ANON-LENDER_A-00000582,PERSON,synthetic,WCDS-0.1
FAC-LENDER_A-00000583,LENDER_A,LENDER_A-100583,,TERM_LOAN,SALARY_3M,NGN,1000000,1000000,1000000,2026-07-11,2026-07-11,2026-10-09,90,0.40636,FIXED,MONTHLY,366732.81,UNSECURED_PERSONAL,HOUSEHOLD,DEPOSITS,False,ACTIVE,2026-08-21,569444.44,578954.02,15,DPD_1_30,False,,False,False,0,0,PTY-LENDER_A-00000583,ANON-LENDER_A-00000583,PERSON,synthetic,WCDS-0.1
FAC-LENDER_A-00000584,LENDER_A,LENDER_A-100584,,TERM_LOAN,SALARY_3M,NGN,1000000,1000000,1000000,2025-11-18,2025-11-18,2026-02-16,90,0.369468,FIXED,MONTHLY,363700.57,UNSECURED_PERSONAL,HOUSEHOLD,DEPOSITS,False,CLOSED,2026-08-21,0,0.0,0,CURRENT,False,,False,False,0,0,PTY-LENDER_A-00000584,ANON-LENDER_A-00000584,PERSON,synthetic,WCDS-0.1
FAC-LENDER_A-00000585,LENDER_A,LENDER_A-100585,,TERM_LOAN,SALARY_6M,NGN,500000,500000,500000,2025-12-26,2025-12-26,2026-06-24,180,0.316652,FIXED,MONTHLY,96346.45,UNSECURED_PERSONAL,HOUSEHOLD,DEPOSITS,False,ACTIVE,2026-08-21,54166.67,55576.42,65,DPD_61_90,False,,False,False,0,0,PTY-LENDER_A-00000585,ANON-LENDER_A-00000585,PERSON,synthetic,WCDS-0.1
FAC-LENDER_A-00000586,LENDER_A,LENDER_A-100586,,TERM_LOAN,SALARY_3M,NGN,500000,500000,500000,2025-08-04,2025-08-04,2025-11-02,90,0.40286,FIXED,MONTHLY,183222.54,UNSECURED_PERSONAL,HOUSEHOLD,DEPOSITS,False,CLOSED,2026-08-21,0,0.0,0,CURRENT,False,,False,False,0,0,PTY-LENDER_A-00000586,ANON-LENDER_A-00000586,PERSON,synthetic,WCDS-0.1
FAC-LENDER_A-00000587,LENDER_A,LENDER_A-100587,,TERM_LOAN,PERSONAL_9M,NGN,200000,200000,200000,2025-03-03,2025-03-03,2025-11-28,270,0.376785,FIXED,MONTHLY,28415.95,PERSONAL,HOUSEHOLD,DEPOSITS,False,CLOSED,2026-08-21,0,0.0,0,CURRENT,False,,False,False,0,0,PTY-LENDER_A-00000587,ANON-LENDER_A-00000587,PERSON,synthetic,WCDS-0.1
FAC-LENDER_A-00000588,LENDER_A,LENDER_A-100588,,TERM_LOAN,SALARY_3M,NGN,750000,750000,750000,2025-08-09,2025-08-09,2025-11-07,90,0.319107,FIXED,MONTHLY,269670.96,UNSECURED_PERSONAL,HOUSEHOLD,DEPOSITS,False,CLOSED,2026-08-21,0,0.0,0,CURRENT,False,,False,False,0,0,PTY-LENDER_A-00000588,ANON-LENDER_A-00000588,PERSON,synthetic,WCDS-0.1
FAC-LENDER_A-00000589,LENDER_A,LENDER_A-100589,,TERM_LOAN,SALARY_3M,NGN,100000,100000,100000,2026-01-12,2026-01-12,2026-04-12,90,0.391377,FIXED,MONTHLY,36550.13,UNSECURED_PERSONAL,HOUSEHOLD,DEPOSITS,False,CLOSED,2026-08-21,0,0.0,0,CURRENT,False,,False,False,0,0,PTY-LENDER_A-00000589,ANON-LENDER_A-00000589,PERSON,synthetic,WCDS-0.1
FAC-LENDER_A-00000590,LENDER_A,LENDER_A-100590,,TERM_LOAN,SALARY_3M,NGN,100000,100000,100000,2025-09-14,2025-09-14,2025-12-13,90,0.394975,FIXED,MONTHLY,36579.71,UNSECURED_PERSONAL,HOUSEHOLD,DEPOSITS,False,CLOSED,2026-08-21,0,0.0,0,CURRENT,False,,False,False,0,0,PTY-LENDER_A-00000590,ANON-LENDER_A-00000590,PERSON,synthetic,WCDS-0.1
FAC-LENDER_A-00000591,LENDER_A,LENDER_A-100591,,TERM_LOAN,PERSONAL_9M,NGN,300000,300000,300000,2024-12-27,2024-12-27,2025-09-23,270,0.312819,FIXED,MONTHLY,41046.69,PERSONAL,HOUSEHOLD,DEPOSITS,False,CLOSED,2026-08-21,0,0.0,0,CURRENT,False,,False,False,0,0,PTY-LENDER_A-00000591,ANON-LENDER_A-00000591,PERSON,synthetic,WCDS-0.1
FAC-LENDER_A-00000592,LENDER_A,LENDER_A-100592,,TERM_LOAN,PERSONAL_9M,NGN,150000,150000,150000,2025-02-28,2025-02-28,2025-11-25,270,0.323836,FIXED,MONTHLY,20659.16,PERSONAL,HOUSEHOLD,DEPOSITS,False,CLOSED,2026-08-21,0,0.0,0,CURRENT,False,,False,False,0,0,PTY-LENDER_A-00000592,ANON-LENDER_A-00000592,PERSON,synthetic,WCDS-0.1
FAC-LENDER_A-00000593,LENDER_A,LENDER_A-100593,,TERM_LOAN,SALARY_6M,NGN,750000,750000,750000,2025-04-05,2025-04-05,2025-10-02,180,0.286748,FIXED,MONTHLY,142676.24,UNSECURED_PERSONAL,HOUSEHOLD,DEPOSITS,False,ACTIVE,2026-08-21,43750.0,44781.11,35,DPD_31_60,False,,True,False,0,0,PTY-LENDER_A-00000593,ANON-LENDER_A-00000593,PERSON,synthetic,WCDS-0.1
FAC-LENDER_A-00000594,LENDER_A,LENDER_A-100594,,TERM_LOAN,PERSONAL_9M,NGN,300000,300000,300000,2026-01-07,2026-01-07,2026-10-04,270,0.307599,FIXED,MONTHLY,40917.96,PERSONAL,HOUSEHOLD,DEPOSITS,False,ACTIVE,2026-08-21,48888.89,48888.89,0,CURRENT,False,,False,False,0,0,PTY-LENDER_A-00000594,ANON-LENDER_A-00000594,PERSON,synthetic,WCDS-0.1
FAC-LENDER_A-00000595,LENDER_A,LENDER_A-100595,,TERM_LOAN,PERSONAL_9M,NGN,250000,250000,250000,2025-06-13,2025-06-13,2026-03-10,270,0.378035,FIXED,MONTHLY,35545.61,PERSONAL,HOUSEHOLD,DEPOSITS,False,ACTIVE,2026-08-21,6250.0,6347.1,15,DPD_1_30,False,,False,False,0,0,PTY-LENDER_A-00000595,ANON-LENDER_A-00000595,PERSON,synthetic,WCDS-0.1
FAC-LENDER_A-00000596,LENDER_A,LENDER_A-100596,,TERM_LOAN,SALARY_3M,NGN,200000,200000,200000,2025-06-17,2025-06-17,2025-09-15,90,0.386431,FIXED,MONTHLY,73018.95,UNSECURED_PERSONAL,HOUSEHOLD,DEPOSITS,False,CLOSED,2026-08-21,0,0.0,0,CURRENT,False,,False,False,0,0,PTY-LENDER_A-00000596,ANON-LENDER_A-00000596,PERSON,synthetic,WCDS-0.1
FAC-LENDER_A-00000597,LENDER_A,LENDER_A-100597,,TERM_LOAN,PERSONAL_9M,NGN,1000000,1000000,1000000,2026-07-02,2026-07-02,2027-03-29,270,0.299335,FIXED,MONTHLY,135714.03,PERSONAL,HOUSEHOLD,DEPOSITS,False,ACTIVE,2026-08-21,923148.15,945860.29,65,DPD_61_90,False,,True,False,0,0,PTY-LENDER_A-00000597,ANON-LENDER_A-00000597,PERSON,synthetic,WCDS-0.1
FAC-LENDER_A-00000598,LENDER_A,LENDER_A-100598,,TERM_LOAN,SALARY_6M,NGN,100000,100000,100000,2025-10-25,2025-10-25,2026-04-23,180,0.370694,FIXED,MONTHLY,19713.46,UNSECURED_PERSONAL,HOUSEHOLD,DEPOSITS,False,DEFAULTED,2026-08-21,15000.0,15457.02,95,DPD_90_PLUS,True,2026-08-16,False,False,0,0,PTY-LENDER_A-00000598,ANON-LENDER_A-00000598,PERSON,synthetic,WCDS-0.1
FAC-LENDER_A-00000599,LENDER_A,LENDER_A-100599,,TERM_LOAN,SALARY_3M,NGN,500000,500000,500000,2026-03-18,2026-03-18,2026-06-16,90,0.372783,FIXED,MONTHLY,181986.52,UNSECURED_PERSONAL,HOUSEHOLD,DEPOSITS,False,ACTIVE,2026-08-21,12500.0,12691.5,15,DPD_1_30,False,,False,False,0,0,PTY-LENDER_A-00000599,ANON-LENDER_A-00000599,PERSON,synthetic,WCDS-0.1
FAC-LENDER_A-00000600,LENDER_A,LENDER_A-100600,,TERM_LOAN,SALARY_6M,NGN,200000,200000,200000,2025-08-26,2025-08-26,2026-02-22,180,0.281826,FIXED,MONTHLY,37966.09,UNSECURED_PERSONAL,HOUSEHOLD,DEPOSITS,False,ACTIVE,2026-08-21,21666.67,22168.55,65,DPD_61_90,False,,False,False,0,0,PTY-LENDER_A-00000600,ANON-LENDER_A-00000600,PERSON,synthetic,WCDS-0.1
FAC-LENDER_A-00000601,LENDER_A,LENDER_A-100601,,TERM_LOAN,SALARY_3M,NGN,250000,250000,250000,2025-02-22,2025-02-22,2025-05-23,90,0.308261,FIXED,MONTHLY,89667.47,UNSECURED_PERSONAL,HOUSEHOLD,DEPOSITS,False,ACTIVE,2026-08-21,14583.33,14952.82,35,DPD_31_60,False,,False,False,0,0,PTY-LENDER_A-00000601,ANON-LENDER_A-00000601,PERSON,synthetic,WCDS-0.1
FAC-LENDER_A-00000602,LENDER_A,LENDER_A-100602,,TERM_LOAN,SALARY_6M,NGN,100000,100000,100000,2025-02-13,2025-02-13,2025-08-12,180,0.277947,FIXED,MONTHLY,18951.17,UNSECURED_PERSONAL,HOUSEHOLD,DEPOSITS,False,CLOSED,2026-08-21,0,0.0,0,CURRENT,False,,False,False,0,0,PTY-LENDER_A-00000602,ANON-LENDER_A-00000602,PERSON,synthetic,WCDS-0.1
FAC-LENDER_A-00000603,LENDER_A,LENDER_A-100603,,TERM_LOAN,PERSONAL_9M,NGN,1000000,1000000,1000000,2026-08-10,2026-08-10,2027-05-07,270,0.295639,FIXED,MONTHLY,135410.24,PERSONAL,HOUSEHOLD,DEPOSITS,False,ACTIVE,2026-08-21,1000000,1024299.13,65,DPD_61_90,False,,False,False,0,0,PTY-LENDER_A-00000603,ANON-LENDER_A-00000603,PERSON,synthetic,WCDS-0.1
FAC-LENDER_A-00000604,LENDER_A,LENDER_A-100604,,TERM_LOAN,SALARY_3M,NGN,1000000,1000000,1000000,2025-05-29,2025-05-29,2025-08-27,90,0.377908,FIXED,MONTHLY,364394.25,UNSECURED_PERSONAL,HOUSEHOLD,DEPOSITS,False,CLOSED,2026-08-21,0,0.0,0,CURRENT,False,,False,False,0,0,PTY-LENDER_A-00000604,ANON-LENDER_A-00000604,PERSON,synthetic,WCDS-0.1
FAC-LENDER_A-00000605,LENDER_A,LENDER_A-100605,,TERM_LOAN,PERSONAL_9M,NGN,150000,150000,150000,2025-06-02,2025-06-02,2026-02-27,270,0.325748,FIXED,MONTHLY,20682.74,PERSONAL,HOUSEHOLD,DEPOSITS,False,CLOSED,2026-08-21,0,0.0,0,CURRENT,False,,False,False,0,0,PTY-LENDER_A-00000605,ANON-LENDER_A-00000605,PERSON,synthetic,WCDS-0.1
FAC-LENDER_A-00000606,LENDER_A,LENDER_A-100606,,TERM_LOAN,SALARY_6M,NGN,1000000,1000000,1000000,2025-06-19,2025-06-19,2025-12-16,180,0.287902,FIXED,MONTHLY,190329.81,UNSECURED_PERSONAL,HOUSEHOLD,DEPOSITS,False,CLOSED,2026-08-21,0,0.0,0,CURRENT,False,,False,False,0,0,PTY-LENDER_A-00000606,ANON-LENDER_A-00000606,PERSON,synthetic,WCDS-0.1
FAC-LENDER_A-00000607,LENDER_A,LENDER_A-100607,,TERM_LOAN,PERSONAL_9M,NGN,150000,150000,150000,2025-02-25,2025-02-25,2025-11-22,270,0.280854,FIXED,MONTHLY,20129.25,PERSONAL,HOUSEHOLD,DEPOSITS,False,CLOSED,2026-08-21,0,0.0,0,CURRENT,False,,False,False,0,0,PTY-LENDER_A-00000607,ANON-LENDER_A-00000607,PERSON,synthetic,WCDS-0.1
FAC-LENDER_A-00000608,LENDER_A,LENDER_A-100608,,TERM_LOAN,SALARY_6M,NGN,150000,150000,150000,2026-03-06,2026-03-06,2026-09-02,180,0.342532,FIXED,MONTHLY,29223.0,UNSECURED_PERSONAL,HOUSEHOLD,DEPOSITS,False,ACTIVE,2026-08-21,10000.0,10000.0,0,CURRENT,False,,False,False,0,0,PTY-LENDER_A-00000608,ANON-LENDER_A-00000608,PERSON,synthetic,WCDS-0.1
FAC-LENDER_A-00000609,LENDER_A,LENDER_A-100609,,TERM_LOAN,PERSONAL_9M,NGN,400000,400000,400000,2025-11-02,2025-11-02,2026-07-30,270,0.344333,FIXED,MONTHLY,55764.97,PERSONAL,HOUSEHOLD,DEPOSITS,False,DEFAULTED,2026-08-21,60000.0,61698.08,180,DPD_90_PLUS,True,2026-05-23,False,False,0,0,PTY-LENDER_A-00000609,ANON-LENDER_A-00000609,PERSON,synthetic,WCDS-0.1
FAC-LENDER_A-00000610,LENDER_A,LENDER_A-100610,,TERM_LOAN,PERSONAL_9M,NGN,1000000,1000000,1000000,2025-04-03,2025-04-03,2025-12-29,270,0.301446,FIXED,MONTHLY,135887.52,PERSONAL,HOUSEHOLD,DEPOSITS,False,CLOSED,2026-08-21,0,0.0,0,CURRENT,False,,False,False,0,0,PTY-LENDER_A-00000610,ANON-LENDER_A-00000610,PERSON,synthetic,WCDS-0.1
FAC-LENDER_A-00000611,LENDER_A,LENDER_A-100611,,TERM_LOAN,PERSONAL_9M,NGN,200000,200000,200000,2026-04-12,2026-04-12,2027-01-07,270,0.364659,FIXED,MONTHLY,28216.62,PERSONAL,HOUSEHOLD,DEPOSITS,False,ACTIVE,2026-08-21,105296.3,106032.68,7,DPD_1_30,False,,False,False,0,0,PTY-LENDER_A-00000611,ANON-LENDER_A-00000611,PERSON,synthetic,WCDS-0.1
FAC-LENDER_A-00000612,LENDER_A,LENDER_A-100612,,TERM_LOAN,SALARY_3M,NGN,1000000,1000000,1000000,2025-06-27,2025-06-27,2025-09-25,90,0.353591,FIXED,MONTHLY,362395.64,UNSECURED_PERSONAL,HOUSEHOLD,DEPOSITS,False,ACTIVE,2026-08-21,25000.0,25363.28,15,DPD_1_30,False,,False,False,0,0,PTY-LENDER_A-00000612,ANON-LENDER_A-00000612,PERSON,synthetic,WCDS-0.1
FAC-LENDER_A-00000613,LENDER_A,LENDER_A-100613,,TERM_LOAN,SALARY_3M,NGN,200000,200000,200000,2025-07-09,2025-07-09,2025-10-07,90,0.396102,FIXED,MONTHLY,73177.94,UNSECURED_PERSONAL,HOUSEHOLD,DEPOSITS,False,WRITTEN_OFF,2026-08-21,435.99,450.18,130,DPD_90_PLUS,True,2026-07-12,True,True,30000.0,6943.96,PTY-LENDER_A-00000613,ANON-LENDER_A-00000613,PERSON,synthetic,WCDS-0.1
FAC-LENDER_A-00000614,LENDER_A,LENDER_A-100614,,TERM_LOAN,SALARY_3M,NGN,100000,100000,100000,2025-07-14,2025-07-14,2025-10-12,90,0.352245,FIXED,MONTHLY,36228.5,UNSECURED_PERSONAL,HOUSEHOLD,DEPOSITS,False,DEFAULTED,2026-08-21,15000.0,15434.28,95,DPD_90_PLUS,True,2026-08-16,False,False,0,0,PTY-LENDER_A-00000614,ANON-LENDER_A-00000614,PERSON,synthetic,WCDS-0.1
FAC-LENDER_A-00000615,LENDER_A,LENDER_A-100615,,TERM_LOAN,SALARY_3M,NGN,200000,200000,200000,2025-03-23,2025-03-23,2025-06-21,90,0.378741,FIXED,MONTHLY,72892.55,UNSECURED_PERSONAL,HOUSEHOLD,DEPOSITS,False,CLOSED,2026-08-21,0,0.0,0,CURRENT,False,,False,False,0,0,PTY-LENDER_A-00000615,ANON-LENDER_A-00000615,PERSON,synthetic,WCDS-0.1
FAC-LENDER_A-00000616,LENDER_A,LENDER_A-100616,,TERM_LOAN,SALARY_6M,NGN,250000,250000,250000,2026-07-08,2026-07-08,2027-01-04,180,0.338826,FIXED,MONTHLY,48628.85,UNSECURED_PERSONAL,HOUSEHOLD,DEPOSITS,False,ACTIVE,2026-08-21,195138.89,197856.07,15,DPD_1_30,False,,False,False,0,0,PTY-LENDER_A-00000616,ANON-LENDER_A-00000616,PERSON,synthetic,WCDS-0.1
FAC-LENDER_A-00000617,LENDER_A,LENDER_A-100617,,TERM_LOAN,PERSONAL_9M,NGN,100000,100000,100000,2025-08-08,2025-08-08,2026-05-05,270,0.353823,FIXED,MONTHLY,14019.24,PERSONAL,HOUSEHOLD,DEPOSITS,False,CLOSED,2026-08-21,0,0.0,0,CURRENT,False,,False,False,0,0,PTY-LENDER_A-00000617,ANON-LENDER_A-00000617,PERSON,synthetic,WCDS-0.1
FAC-LENDER_A-00000618,LENDER_A,LENDER_A-100618,,TERM_LOAN,SALARY_6M,NGN,400000,400000,400000,2025-07-03,2025-07-03,2025-12-30,180,0.278893,FIXED,MONTHLY,75835.76,UNSECURED_PERSONAL,HOUSEHOLD,DEPOSITS,False,CLOSED,2026-08-21,0,0.0,0,CURRENT,False,,False,False,0,0,PTY-LENDER_A-00000618,ANON-LENDER_A-00000618,PERSON,synthetic,WCDS-0.1
FAC-LENDER_A-00000619,LENDER_A,LENDER_A-100619,,TERM_LOAN,SALARY_3M,NGN,1000000,1000000,1000000,2025-10-24,2025-10-24,2026-01-22,90,0.324037,FIXED,MONTHLY,359966.53,UNSECURED_PERSONAL,HOUSEHOLD,DEPOSITS,False,ACTIVE,2026-08-21,11666.67,11739.17,7,DPD_1_30,False,,False,False,0,0,PTY-LENDER_A-00000619,ANON-LENDER_A-00000619,PERSON,synthetic,WCDS-0.1
FAC-LENDER_A-00000620,LENDER_A,LENDER_A-100620,,TERM_LOAN,SALARY_6M,NGN,250000,250000,250000,2026-01-24,2026-01-24,2026-07-23,180,0.329952,FIXED,MONTHLY,48446.5,UNSECURED_PERSONAL,HOUSEHOLD,DEPOSITS,False,CLOSED,2026-08-21,0,0.0,0,CURRENT,False,,False,False,0,0,PTY-LENDER_A-00000620,ANON-LENDER_A-00000620,PERSON,synthetic,WCDS-0.1
FAC-LENDER_A-00000621,LENDER_A,LENDER_A-100621,,TERM_LOAN,PERSONAL_9M,NGN,150000,150000,150000,2025-01-16,2025-01-16,2025-10-13,270,0.301004,FIXED,MONTHLY,20377.68,PERSONAL,HOUSEHOLD,DEPOSITS,False,CLOSED,2026-08-21,0,0.0,0,CURRENT,False,,False,False,0,0,PTY-LENDER_A-00000621,ANON-LENDER_A-00000621,PERSON,synthetic,WCDS-0.1
FAC-LENDER_A-00000622,LENDER_A,LENDER_A-100622,,TERM_LOAN,SALARY_6M,NGN,1000000,1000000,1000000,2024-12-31,2024-12-31,2025-06-29,180,0.373642,FIXED,MONTHLY,197376.96,UNSECURED_PERSONAL,HOUSEHOLD,DEPOSITS,False,CLOSED,2026-08-21,0,0.0,0,CURRENT,False,,False,False,0,0,PTY-LENDER_A-00000622,ANON-LENDER_A-00000622,PERSON,synthetic,WCDS-0.1
FAC-LENDER_A-00000623,LENDER_A,LENDER_A-100623,,TERM_LOAN,SALARY_3M,NGN,400000,400000,400000,2025-04-29,2025-04-29,2025-07-28,90,0.353132,FIXED,MONTHLY,144943.16,UNSECURED_PERSONAL,HOUSEHOLD,DEPOSITS,False,CLOSED,2026-08-21,0,0.0,0,CURRENT,False,,False,False,0,0,PTY-LENDER_A-00000623,ANON-LENDER_A-00000623,PERSON,synthetic,WCDS-0.1
FAC-LENDER_A-00000624,LENDER_A,LENDER_A-100624,,TERM_LOAN,SALARY_6M,NGN,150000,150000,150000,2025-07-16,2025-07-16,2026-01-12,180,0.363443,FIXED,MONTHLY,29480.8,UNSECURED_PERSONAL,HOUSEHOLD,DEPOSITS,False,CLOSED,2026-08-21,0,0.0,0,CURRENT,False,,False,False,0,0,PTY-LENDER_A-00000624,ANON-LENDER_A-00000624,PERSON,synthetic,WCDS-0.1
FAC-LENDER_A-00000625,LENDER_A,LENDER_A-100625,,TERM_LOAN,SALARY_6M,NGN,500000,500000,500000,2025-08-15,2025-08-15,2026-02-11,180,0.34123,FIXED,MONTHLY,97356.47,UNSECURED_PERSONAL,HOUSEHOLD,DEPOSITS,False,CLOSED,2026-08-21,0,0.0,0,CURRENT,False,,False,False,0,0,PTY-LENDER_A-00000625,ANON-LENDER_A-00000625,PERSON,synthetic,WCDS-0.1
FAC-LENDER_A-00000626,LENDER_A,LENDER_A-100626,,TERM_LOAN,SALARY_3M,NGN,500000,500000,500000,2025-08-26,2025-08-26,2025-11-24,90,0.301167,FIXED,MONTHLY,179043.38,UNSECURED_PERSONAL,HOUSEHOLD,DEPOSITS,False,CLOSED,2026-08-21,0,0.0,0,CURRENT,False,,False,False,0,0,PTY-LENDER_A-00000626,ANON-LENDER_A-00000626,PERSON,synthetic,WCDS-0.1
FAC-LENDER_A-00000627,LENDER_A,LENDER_A-100627,,TERM_LOAN,PERSONAL_9M,NGN,300000,300000,300000,2026-02-05,2026-02-05,2026-11-02,270,0.322425,FIXED,MONTHLY,41283.53,PERSONAL,HOUSEHOLD,DEPOSITS,False,DEFAULTED,2026-08-21,126111.11,129453.14,95,DPD_90_PLUS,True,2026-08-16,False,False,0,0,PTY-LENDER_A-00000627,ANON-LENDER_A-00000627,PERSON,synthetic,WCDS-0.1
FAC-LENDER_A-00000628,LENDER_A,LENDER_A-100628,,TERM_LOAN,PERSONAL_9M,NGN,250000,250000,250000,2025-11-13,2025-11-13,2026-08-10,270,0.30396,FIXED,MONTHLY,34023.53,PERSONAL,HOUSEHOLD,DEPOSITS,False,CLOSED,2026-08-21,0,0.0,0,CURRENT,False,,False,False,0,0,PTY-LENDER_A-00000628,ANON-LENDER_A-00000628,PERSON,synthetic,WCDS-0.1
FAC-LENDER_A-00000629,LENDER_A,LENDER_A-100629,,TERM_LOAN,SALARY_3M,NGN,150000,150000,150000,2026-04-11,2026-04-11,2026-07-10,90,0.324332,FIXED,MONTHLY,53998.61,UNSECURED_PERSONAL,HOUSEHOLD,DEPOSITS,False,ACTIVE,2026-08-21,16250.0,16683.18,65,DPD_61_90,False,,False,False,0,0,PTY-LENDER_A-00000629,ANON-LENDER_A-00000629,PERSON,synthetic,WCDS-0.1
FAC-LENDER_A-00000630,LENDER_A,LENDER_A-100630,,TERM_LOAN,PERSONAL_9M,NGN,100000,100000,100000,2025-04-05,2025-04-05,2025-12-31,270,0.371709,FIXED,MONTHLY,14166.26,PERSONAL,HOUSEHOLD,DEPOSITS,False,CLOSED,2026-08-21,0,0.0,0,CURRENT,False,,False,False,0,0,PTY-LENDER_A-00000630,ANON-LENDER_A-00000630,PERSON,synthetic,WCDS-0.1
FAC-LENDER_A-00000631,LENDER_A,LENDER_A-100631,,TERM_LOAN,PERSONAL_9M,NGN,300000,300000,300000,2025-03-27,2025-03-27,2025-12-22,270,0.385718,FIXED,MONTHLY,42844.2,PERSONAL,HOUSEHOLD,DEPOSITS,False,CLOSED,2026-08-21,0,0.0,0,CURRENT,False,,False,False,0,0,PTY-LENDER_A-00000631,ANON-LENDER_A-00000631,PERSON,synthetic,WCDS-0.1
FAC-LENDER_A-00000632,LENDER_A,LENDER_A-100632,,TERM_LOAN,PERSONAL_9M,NGN,200000,200000,200000,2026-06-17,2026-06-17,2027-03-14,270,0.327746,FIXED,MONTHLY,27609.82,PERSONAL,HOUSEHOLD,DEPOSITS,False,ACTIVE,2026-08-21,151851.85,151851.85,0,CURRENT,False,,False,False,0,0,PTY-LENDER_A-00000632,ANON-LENDER_A-00000632,PERSON,synthetic,WCDS-0.1
FAC-LENDER_A-00000633,LENDER_A,LENDER_A-100633,,TERM_LOAN,SALARY_6M,NGN,500000,500000,500000,2026-02-14,2026-02-14,2026-08-13,180,0.372759,FIXED,MONTHLY,98652.18,UNSECURED_PERSONAL,HOUSEHOLD,DEPOSITS,False,CLOSED,2026-08-21,0,0.0,0,CURRENT,False,,False,False,0,0,PTY-LENDER_A-00000633,ANON-LENDER_A-00000633,PERSON,synthetic,WCDS-0.1
FAC-LENDER_A-00000634,LENDER_A,LENDER_A-100634,,TERM_LOAN,SALARY_3M,NGN,100000,100000,100000,2026-01-08,2026-01-08,2026-04-08,90,0.314444,FIXED,MONTHLY,35917.81,UNSECURED_PERSONAL,HOUSEHOLD,DEPOSITS,False,CLOSED,2026-08-21,0,0.0,0,CURRENT,False,,False,False,0,0,PTY-LENDER_A-00000634,ANON-LENDER_A-00000634,PERSON,synthetic,WCDS-0.1
FAC-LENDER_A-00000635,LENDER_A,LENDER_A-100635,,TERM_LOAN,SALARY_3M,NGN,1000000,1000000,1000000,2025-11-15,2025-11-15,2026-02-13,90,0.31209,FIXED,MONTHLY,358984.54,UNSECURED_PERSONAL,HOUSEHOLD,DEPOSITS,False,CLOSED,2026-08-21,0,0.0,0,CURRENT,False,,False,False,0,0,PTY-LENDER_A-00000635,ANON-LENDER_A-00000635,PERSON,synthetic,WCDS-0.1
FAC-LENDER_A-00000636,LENDER_A,LENDER_A-100636,,TERM_LOAN,SALARY_6M,NGN,500000,500000,500000,2026-01-08,2026-01-08,2026-07-07,180,0.33357,FIXED,MONTHLY,97041.69,UNSECURED_PERSONAL,HOUSEHOLD,DEPOSITS,False,CLOSED,2026-08-21,0,0.0,0,CURRENT,False,,False,False,0,0,PTY-LENDER_A-00000636,ANON-LENDER_A-00000636,PERSON,synthetic,WCDS-0.1
FAC-LENDER_A-00000637,LENDER_A,LENDER_A-100637,,TERM_LOAN,SALARY_6M,NGN,200000,200000,200000,2025-01-03,2025-01-03,2025-07-02,180,0.303809,FIXED,MONTHLY,38327.46,UNSECURED_PERSONAL,HOUSEHOLD,DEPOSITS,False,CLOSED,2026-08-21,0,0.0,0,CURRENT,False,,False,False,0,0,PTY-LENDER_A-00000637,ANON-LENDER_A-00000637,PERSON,synthetic,WCDS-0.1
FAC-LENDER_A-00000638,LENDER_A,LENDER_A-100638,,TERM_LOAN,SALARY_6M,NGN,250000,250000,250000,2025-01-20,2025-01-20,2025-07-19,180,0.287428,FIXED,MONTHLY,47572.72,UNSECURED_PERSONAL,HOUSEHOLD,DEPOSITS,False,CLOSED,2026-08-21,0,0.0,0,CURRENT,False,,False,False,0,0,PTY-LENDER_A-00000638,ANON-LENDER_A-00000638,PERSON,synthetic,WCDS-0.1
FAC-LENDER_A-00000639,LENDER_A,LENDER_A-100639,,TERM_LOAN,SALARY_3M,NGN,750000,750000,750000,2026-08-02,2026-08-02,2026-10-31,90,0.345706,FIXED,MONTHLY,271310.64,UNSECURED_PERSONAL,HOUSEHOLD,DEPOSITS,False,ACTIVE,2026-08-21,591666.67,591666.67,0,CURRENT,False,,False,False,0,0,PTY-LENDER_A-00000639,ANON-LENDER_A-00000639,PERSON,synthetic,WCDS-0.1
FAC-LENDER_A-00000640,LENDER_A,LENDER_A-100640,,TERM_LOAN,PERSONAL_9M,NGN,1000000,1000000,1000000,2025-09-22,2025-09-22,2026-06-19,270,0.381927,FIXED,MONTHLY,142502.35,PERSONAL,HOUSEHOLD,DEPOSITS,False,ACTIVE,2026-08-21,25000.0,25392.39,15,DPD_1_30,False,,False,False,0,0,PTY-LENDER_A-00000640,ANON-LENDER_A-00000640,PERSON,synthetic,WCDS-0.1
FAC-LENDER_A-00000641,LENDER_A,LENDER_A-100641,,TERM_LOAN,SALARY_6M,NGN,150000,150000,150000,2026-02-25,2026-02-25,2026-08-24,180,0.327457,FIXED,MONTHLY,29037.14,UNSECURED_PERSONAL,HOUSEHOLD,DEPOSITS,False,ACTIVE,2026-08-21,2500.0,2500.0,0,CURRENT,False,,False,False,0,0,PTY-LENDER_A-00000641,ANON-LENDER_A-00000641,PERSON,synthetic,WCDS-0.1
FAC-LENDER_A-00000642,LENDER_A,LENDER_A-100642,,TERM_LOAN,SALARY_6M,NGN,400000,400000,400000,2025-11-18,2025-11-18,2026-05-17,180,0.317185,FIXED,MONTHLY,77094.66,UNSECURED_PERSONAL,HOUSEHOLD,DEPOSITS,False,CLOSED,2026-08-21,0,0.0,0,CURRENT,False,,False,False,0,0,PTY-LENDER_A-00000642,ANON-LENDER_A-00000642,PERSON,synthetic,WCDS-0.1
FAC-LENDER_A-00000643,LENDER_A,LENDER_A-100643,,TERM_LOAN,SALARY_3M,NGN,500000,500000,500000,2026-04-09,2026-04-09,2026-07-08,90,0.367242,FIXED,MONTHLY,181758.8,UNSECURED_PERSONAL,HOUSEHOLD,DEPOSITS,False,CLOSED,2026-08-21,0,0.0,0,CURRENT,False,,False,False,0,0,PTY-LENDER_A-00000643,ANON-LENDER_A-00000643,PERSON,synthetic,WCDS-0.1
FAC-LENDER_A-00000644,LENDER_A,LENDER_A-100644,,TERM_LOAN,PERSONAL_9M,NGN,1000000,1000000,1000000,2026-02-14,2026-02-14,2026-11-11,270,0.349222,FIXED,MONTHLY,139814.33,PERSONAL,HOUSEHOLD,DEPOSITS,False,WRITTEN_OFF,2026-08-21,23159.06,23823.8,130,DPD_90_PLUS,True,2026-07-12,False,True,453703.7,87876.1,PTY-LENDER_A-00000644,ANON-LENDER_A-00000644,PERSON,synthetic,WCDS-0.1
FAC-LENDER_A-00000645,LENDER_A,LENDER_A-100645,,TERM_LOAN,SALARY_6M,NGN,200000,200000,200000,2026-02-21,2026-02-21,2026-08-20,180,0.269409,FIXED,MONTHLY,37761.97,UNSECURED_PERSONAL,HOUSEHOLD,DEPOSITS,False,CLOSED,2026-08-21,0,0.0,0,CURRENT,False,,False,False,0,0,PTY-LENDER_A-00000645,ANON-LENDER_A-00000645,PERSON,synthetic,WCDS-0.1
FAC-LENDER_A-00000646,LENDER_A,LENDER_A-100646,,TERM_LOAN,SALARY_6M,NGN,150000,150000,150000,2026-05-22,2026-05-22,2026-11-18,180,0.310618,FIXED,MONTHLY,28829.54,UNSECURED_PERSONAL,HOUSEHOLD,DEPOSITS,False,ACTIVE,2026-08-21,74166.67,74166.67,0,CURRENT,False,,False,False,0,0,PTY-LENDER_A-00000646,ANON-LENDER_A-00000646,PERSON,synthetic,WCDS-0.1
FAC-LENDER_A-00000647,LENDER_A,LENDER_A-100647,,TERM_LOAN,SALARY_6M,NGN,500000,500000,500000,2025-11-07,2025-11-07,2026-05-06,180,0.298025,FIXED,MONTHLY,95580.95,UNSECURED_PERSONAL,HOUSEHOLD,DEPOSITS,False,ACTIVE,2026-08-21,29166.67,29881.11,35,DPD_31_60,False,,False,False,0,0,PTY-LENDER_A-00000647,ANON-LENDER_A-00000647,PERSON,synthetic,WCDS-0.1
FAC-LENDER_A-00000648,LENDER_A,LENDER_A-100648,,TERM_LOAN,SALARY_6M,NGN,500000,500000,500000,2026-02-21,2026-02-21,2026-08-20,180,0.349747,FIXED,MONTHLY,97706.52,UNSECURED_PERSONAL,HOUSEHOLD,DEPOSITS,False,CLOSED,2026-08-21,0,0.0,0,CURRENT,False,,False,False,0,0,PTY-LENDER_A-00000648,ANON-LENDER_A-00000648,PERSON,synthetic,WCDS-0.1
FAC-LENDER_A-00000649,LENDER_A,LENDER_A-100649,,TERM_LOAN,PERSONAL_9M,NGN,150000,150000,150000,2026-01-08,2026-01-08,2026-10-05,270,0.359443,FIXED,MONTHLY,21098.15,PERSONAL,HOUSEHOLD,DEPOSITS,False,ACTIVE,2026-08-21,25000.0,25000.0,0,CURRENT,False,,False,False,0,0,PTY-LENDER_A-00000649,ANON-LENDER_A-00000649,PERSON,synthetic,WCDS-0.1
FAC-LENDER_A-00000650,LENDER_A,LENDER_A-100650,,TERM_LOAN,PERSONAL_9M,NGN,100000,100000,100000,2026-07-16,2026-07-16,2027-04-12,270,0.385443,FIXED,MONTHLY,14279.14,PERSONAL,HOUSEHOLD,DEPOSITS,False,ACTIVE,2026-08-21,87833.33,88482.6,7,DPD_1_30,False,,False,False,0,0,PTY-LENDER_A-00000650,ANON-LENDER_A-00000650,PERSON,synthetic,WCDS-0.1
FAC-LENDER_A-00000651,LENDER_A,LENDER_A-100651,,TERM_LOAN,PERSONAL_9M,NGN,200000,200000,200000,2026-05-17,2026-05-17,2027-02-11,270,0.292471,FIXED,MONTHLY,27029.97,PERSONAL,HOUSEHOLD,DEPOSITS,False,ACTIVE,2026-08-21,128888.89,128888.89,0,CURRENT,False,,False,False,0,0,PTY-LENDER_A-00000651,ANON-LENDER_A-00000651,PERSON,synthetic,WCDS-0.1
FAC-LENDER_A-00000652,LENDER_A,LENDER_A-100652,,TERM_LOAN,SALARY_6M,NGN,750000,750000,750000,2026-04-04,2026-04-04,2026-10-01,180,0.297124,FIXED,MONTHLY,143315.89,UNSECURED_PERSONAL,HOUSEHOLD,DEPOSITS,False,ACTIVE,2026-08-21,170833.33,170833.33,0,CURRENT,False,,False,False,0,0,PTY-LENDER_A-00000652,ANON-LENDER_A-00000652,PERSON,synthetic,WCDS-0.1
FAC-LENDER_A-00000653,LENDER_A,LENDER_A-100653,,TERM_LOAN,SALARY_6M,NGN,750000,750000,750000,2025-04-20,2025-04-20,2025-10-17,180,0.263429,FIXED,MONTHLY,141238.75,UNSECURED_PERSONAL,HOUSEHOLD,DEPOSITS,False,DEFAULTED,2026-08-21,112500.0,114935.81,130,DPD_90_PLUS,True,2026-07-12,False,False,0,0,PTY-LENDER_A-00000653,ANON-LENDER_A-00000653,PERSON,synthetic,WCDS-0.1
FAC-LENDER_A-00000654,LENDER_A,LENDER_A-100654,,TERM_LOAN,SALARY_3M,NGN,750000,750000,750000,2025-01-11,2025-01-11,2025-04-11,90,0.353381,FIXED,MONTHLY,271783.78,UNSECURED_PERSONAL,HOUSEHOLD,DEPOSITS,False,CLOSED,2026-08-21,0,0.0,0,CURRENT,False,,False,False,0,0,PTY-LENDER_A-00000654,ANON-LENDER_A-00000654,PERSON,synthetic,WCDS-0.1
FAC-LENDER_A-00000655,LENDER_A,LENDER_A-100655,,TERM_LOAN,SALARY_6M,NGN,1000000,1000000,1000000,2025-12-22,2025-12-22,2026-06-20,180,0.324054,FIXED,MONTHLY,193301.25,UNSECURED_PERSONAL,HOUSEHOLD,DEPOSITS,False,ACTIVE,2026-08-21,25000.0,25332.93,15,DPD_1_30,False,,False,False,0,0,PTY-LENDER_A-00000655,ANON-LENDER_A-00000655,PERSON,synthetic,WCDS-0.1
FAC-LENDER_A-00000656,LENDER_A,LENDER_A-100656,,TERM_LOAN,SALARY_6M,NGN,100000,100000,100000,2026-08-11,2026-08-11,2027-02-07,180,0.303894,FIXED,MONTHLY,19164.43,UNSECURED_PERSONAL,HOUSEHOLD,DEPOSITS,False,ACTIVE,2026-08-21,94444.44,94444.44,0,CURRENT,False,,False,False,0,0,PTY-LENDER_A-00000656,ANON-LENDER_A-00000656,PERSON,synthetic,WCDS-0.1
FAC-LENDER_A-00000657,LENDER_A,LENDER_A-100657,,TERM_LOAN,PERSONAL_9M,NGN,100000,100000,100000,2025-03-26,2025-03-26,2025-12-21,270,0.314411,FIXED,MONTHLY,13695.31,PERSONAL,HOUSEHOLD,DEPOSITS,False,DEFAULTED,2026-08-21,15000.0,15387.63,95,DPD_90_PLUS,True,2026-08-16,False,False,0,0,PTY-LENDER_A-00000657,ANON-LENDER_A-00000657,PERSON,synthetic,WCDS-0.1
FAC-LENDER_A-00000658,LENDER_A,LENDER_A-100658,,TERM_LOAN,SALARY_3M,NGN,100000,100000,100000,2025-01-27,2025-01-27,2025-04-27,90,0.301096,FIXED,MONTHLY,35808.09,UNSECURED_PERSONAL,HOUSEHOLD,DEPOSITS,False,CLOSED,2026-08-21,0,0.0,0,CURRENT,False,,False,False,0,0,PTY-LENDER_A-00000658,ANON-LENDER_A-00000658,PERSON,synthetic,WCDS-0.1
FAC-LENDER_A-00000659,LENDER_A,LENDER_A-100659,,TERM_LOAN,SALARY_3M,NGN,500000,500000,500000,2025-07-20,2025-07-20,2025-10-18,90,0.349408,FIXED,MONTHLY,181025.91,UNSECURED_PERSONAL,HOUSEHOLD,DEPOSITS,False,CLOSED,2026-08-21,0,0.0,0,CURRENT,False,,False,False,0,0,PTY-LENDER_A-00000659,ANON-LENDER_A-00000659,PERSON,synthetic,WCDS-0.1
FAC-LENDER_A-00000660,LENDER_A,LENDER_A-100660,,TERM_LOAN,PERSONAL_9M,NGN,300000,300000,300000,2025-10-24,2025-10-24,2026-07-21,270,0.341993,FIXED,MONTHLY,41766.04,PERSONAL,HOUSEHOLD,DEPOSITS,False,CLOSED,2026-08-21,0,0.0,0,CURRENT,False,,False,False,0,0,PTY-LENDER_A-00000660,ANON-LENDER_A-00000660,PERSON,synthetic,WCDS-0.1
FAC-LENDER_A-00000661,LENDER_A,LENDER_A-100661,,TERM_LOAN,SALARY_3M,NGN,200000,200000,200000,2026-03-25,2026-03-25,2026-06-23,90,0.363833,FIXED,MONTHLY,72647.49,UNSECURED_PERSONAL,HOUSEHOLD,DEPOSITS,False,CLOSED,2026-08-21,0,0.0,0,CURRENT,False,,False,False,0,0,PTY-LENDER_A-00000661,ANON-LENDER_A-00000661,PERSON,synthetic,WCDS-0.1
FAC-LENDER_A-00000662,LENDER_A,LENDER_A-100662,,TERM_LOAN,PERSONAL_9M,NGN,750000,750000,750000,2026-01-31,2026-01-31,2026-10-28,270,0.312656,FIXED,MONTHLY,102606.65,PERSONAL,HOUSEHOLD,DEPOSITS,False,ACTIVE,2026-08-21,188888.89,188888.89,0,CURRENT,False,,False,False,0,0,PTY-LENDER_A-00000662,ANON-LENDER_A-00000662,PERSON,synthetic,WCDS-0.1
FAC-LENDER_A-00000663,LENDER_A,LENDER_A-100663,,TERM_LOAN,SALARY_3M,NGN,300000,300000,300000,2025-11-09,2025-11-09,2026-02-07,90,0.318258,FIXED,MONTHLY,107847.46,UNSECURED_PERSONAL,HOUSEHOLD,DEPOSITS,False,CLOSED,2026-08-21,0,0.0,0,CURRENT,False,,False,False,0,0,PTY-LENDER_A-00000663,ANON-LENDER_A-00000663,PERSON,synthetic,WCDS-0.1
FAC-LENDER_A-00000664,LENDER_A,LENDER_A-100664,,TERM_LOAN,SALARY_3M,NGN,750000,750000,750000,2026-01-01,2026-01-01,2026-04-01,90,0.35261,FIXED,MONTHLY,271736.23,UNSECURED_PERSONAL,HOUSEHOLD,DEPOSITS,False,CLOSED,2026-08-21,0,0.0,0,CURRENT,False,,False,False,0,0,PTY-LENDER_A-00000664,ANON-LENDER_A-00000664,PERSON,synthetic,WCDS-0.1
FAC-LENDER_A-00000665,LENDER_A,LENDER_A-100665,,TERM_LOAN,SALARY_6M,NGN,100000,100000,100000,2025-09-07,2025-09-07,2026-03-06,180,0.355935,FIXED,MONTHLY,19592.16,UNSECURED_PERSONAL,HOUSEHOLD,DEPOSITS,False,CLOSED,2026-08-21,0,0.0,0,CURRENT,False,,False,False,0,0,PTY-LENDER_A-00000665,ANON-LENDER_A-00000665,PERSON,synthetic,WCDS-0.1
FAC-LENDER_A-00000666,LENDER_A,LENDER_A-100666,,TERM_LOAN,SALARY_6M,NGN,150000,150000,150000,2025-02-01,2025-02-01,2025-07-31,180,0.277531,FIXED,MONTHLY,28421.61,UNSECURED_PERSONAL,HOUSEHOLD,DEPOSITS,False,CLOSED,2026-08-21,0,0.0,0,CURRENT,False,,False,False,0,0,PTY-LENDER_A-00000666,ANON-LENDER_A-00000666,PERSON,synthetic,WCDS-0.1
FAC-LENDER_A-00000667,LENDER_A,LENDER_A-100667,,TERM_LOAN,SALARY_3M,NGN,150000,150000,150000,2025-11-30,2025-11-30,2026-02-28,90,0.323063,FIXED,MONTHLY,53982.97,UNSECURED_PERSONAL,HOUSEHOLD,DEPOSITS,False,CLOSED,2026-08-21,0,0.0,0,CURRENT,False,,False,False,0,0,PTY-LENDER_A-00000667,ANON-LENDER_A-00000667,PERSON,synthetic,WCDS-0.1
FAC-LENDER_A-00000668,LENDER_A,LENDER_A-100668,,TERM_LOAN,SALARY_3M,NGN,750000,750000,750000,2026-05-07,2026-05-07,2026-08-05,90,0.416997,FIXED,MONTHLY,275705.27,UNSECURED_PERSONAL,HOUSEHOLD,DEPOSITS,False,CLOSED,2026-08-21,0,0.0,0,CURRENT,False,,False,False,0,0,PTY-LENDER_A-00000668,ANON-LENDER_A-00000668,PERSON,synthetic,WCDS-0.1
FAC-LENDER_A-00000669,LENDER_A,LENDER_A-100669,,TERM_LOAN,SALARY_6M,NGN,400000,400000,400000,2026-03-02,2026-03-02,2026-08-29,180,0.316739,FIXED,MONTHLY,77080.01,UNSECURED_PERSONAL,HOUSEHOLD,DEPOSITS,False,ACTIVE,2026-08-21,17777.78,17777.78,0,CURRENT,False,,False,False,0,0,PTY-LENDER_A-00000669,ANON-LENDER_A-00000669,PERSON,synthetic,WCDS-0.1
FAC-LENDER_A-00000670,LENDER_A,LENDER_A-100670,,TERM_LOAN,SALARY_6M,NGN,750000,750000,750000,2025-10-10,2025-10-10,2026-04-08,180,0.372491,FIXED,MONTHLY,147961.74,UNSECURED_PERSONAL,HOUSEHOLD,DEPOSITS,False,CLOSED,2026-08-21,0,0.0,0,CURRENT,False,,False,False,0,0,PTY-LENDER_A-00000670,ANON-LENDER_A-00000670,PERSON,synthetic,WCDS-0.1
FAC-LENDER_A-00000671,LENDER_A,LENDER_A-100671,,TERM_LOAN,SALARY_3M,NGN,250000,250000,250000,2025-05-24,2025-05-24,2025-08-22,90,0.406502,FIXED,MONTHLY,91686.12,UNSECURED_PERSONAL,HOUSEHOLD,DEPOSITS,False,CLOSED,2026-08-21,0,0.0,0,CURRENT,False,,False,False,0,0,PTY-LENDER_A-00000671,ANON-LENDER_A-00000671,PERSON,synthetic,WCDS-0.1
FAC-LENDER_A-00000672,LENDER_A,LENDER_A-100672,,TERM_LOAN,SALARY_3M,NGN,100000,100000,100000,2026-06-29,2026-06-29,2026-09-27,90,0.320083,FIXED,MONTHLY,35964.15,UNSECURED_PERSONAL,HOUSEHOLD,DEPOSITS,False,ACTIVE,2026-08-21,41111.11,41111.11,0,CURRENT,False,,False,False,0,0,PTY-LENDER_A-00000672,ANON-LENDER_A-00000672,PERSON,synthetic,WCDS-0.1
FAC-LENDER_A-00000673,LENDER_A,LENDER_A-100673,,TERM_LOAN,SALARY_3M,NGN,250000,250000,250000,2026-03-03,2026-03-03,2026-06-01,90,0.38289,FIXED,MONTHLY,91200.94,UNSECURED_PERSONAL,HOUSEHOLD,DEPOSITS,False,CLOSED,2026-08-21,0,0.0,0,CURRENT,False,,False,False,0,0,PTY-LENDER_A-00000673,ANON-LENDER_A-00000673,PERSON,synthetic,WCDS-0.1
FAC-LENDER_A-00000674,LENDER_A,LENDER_A-100674,,TERM_LOAN,PERSONAL_9M,NGN,100000,100000,100000,2026-06-11,2026-06-11,2027-03-08,270,0.396358,FIXED,MONTHLY,14368.85,PERSONAL,HOUSEHOLD,DEPOSITS,False,ACTIVE,2026-08-21,73703.7,73703.7,0,CURRENT,False,,False,False,0,0,PTY-LENDER_A-00000674,ANON-LENDER_A-00000674,PERSON,synthetic,WCDS-0.1
FAC-LENDER_A-00000675,LENDER_A,LENDER_A-100675,,TERM_LOAN,SALARY_6M,NGN,250000,250000,250000,2025-09-21,2025-09-21,2026-03-20,180,0.324362,FIXED,MONTHLY,48331.65,UNSECURED_PERSONAL,HOUSEHOLD,DEPOSITS,False,DEFAULTED,2026-08-21,37500.0,38499.75,180,DPD_90_PLUS,True,2026-05-23,False,False,0,0,PTY-LENDER_A-00000675,ANON-LENDER_A-00000675,PERSON,synthetic,WCDS-0.1
FAC-LENDER_A-00000676,LENDER_A,LENDER_A-100676,,TERM_LOAN,PERSONAL_9M,NGN,500000,500000,500000,2025-08-10,2025-08-10,2026-05-07,270,0.303156,FIXED,MONTHLY,68014.01,PERSONAL,HOUSEHOLD,DEPOSITS,False,ACTIVE,2026-08-21,5833.33,5867.25,7,DPD_1_30,False,,False,False,0,0,PTY-LENDER_A-00000676,ANON-LENDER_A-00000676,PERSON,synthetic,WCDS-0.1
FAC-LENDER_A-00000677,LENDER_A,LENDER_A-100677,,TERM_LOAN,PERSONAL_9M,NGN,300000,300000,300000,2025-02-02,2025-02-02,2025-10-30,270,0.364795,FIXED,MONTHLY,42328.28,PERSONAL,HOUSEHOLD,DEPOSITS,False,CLOSED,2026-08-21,0,0.0,0,CURRENT,False,,False,False,0,0,PTY-LENDER_A-00000677,ANON-LENDER_A-00000677,PERSON,synthetic,WCDS-0.1
FAC-LENDER_A-00000678,LENDER_A,LENDER_A-100678,,TERM_LOAN,PERSONAL_9M,NGN,750000,750000,750000,2025-11-03,2025-11-03,2026-07-31,270,0.32172,FIXED,MONTHLY,103165.37,PERSONAL,HOUSEHOLD,DEPOSITS,False,ACTIVE,2026-08-21,43750.0,44906.87,35,DPD_31_60,False,,False,False,0,0,PTY-LENDER_A-00000678,ANON-LENDER_A-00000678,PERSON,synthetic,WCDS-0.1
FAC-LENDER_A-00000679,LENDER_A,LENDER_A-100679,,TERM_LOAN,SALARY_6M,NGN,300000,300000,300000,2025-11-15,2025-11-15,2026-05-14,180,0.279241,FIXED,MONTHLY,56885.4,UNSECURED_PERSONAL,HOUSEHOLD,DEPOSITS,False,CLOSED,2026-08-21,0,0.0,0,CURRENT,False,,False,False,0,0,PTY-LENDER_A-00000679,ANON-LENDER_A-00000679,PERSON,synthetic,WCDS-0.1
FAC-LENDER_A-00000680,LENDER_A,LENDER_A-100680,,TERM_LOAN,PERSONAL_9M,NGN,200000,200000,200000,2026-07-23,2026-07-23,2027-04-19,270,0.340715,FIXED,MONTHLY,27823.02,PERSONAL,HOUSEHOLD,DEPOSITS,False,ACTIVE,2026-08-21,178518.52,178518.52,0,CURRENT,False,,False,False,0,0,PTY-LENDER_A-00000680,ANON-LENDER_A-00000680,PERSON,synthetic,WCDS-0.1
FAC-LENDER_A-00000681,LENDER_A,LENDER_A-100681,,TERM_LOAN,SALARY_3M,NGN,1000000,1000000,1000000,2025-07-11,2025-07-11,2025-10-09,90,0.343689,FIXED,MONTHLY,361581.75,UNSECURED_PERSONAL,HOUSEHOLD,DEPOSITS,False,CLOSED,2026-08-21,0,0.0,0,CURRENT,False,,False,False,0,0,PTY-LENDER_A-00000681,ANON-LENDER_A-00000681,PERSON,synthetic,WCDS-0.1
FAC-LENDER_A-00000682,LENDER_A,LENDER_A-100682,,TERM_LOAN,SALARY_6M,NGN,400000,400000,400000,2025-06-18,2025-06-18,2025-12-15,180,0.351888,FIXED,MONTHLY,78235.59,UNSECURED_PERSONAL,HOUSEHOLD,DEPOSITS,False,CLOSED,2026-08-21,0,0.0,0,CURRENT,False,,False,False,0,0,PTY-LENDER_A-00000682,ANON-LENDER_A-00000682,PERSON,synthetic,WCDS-0.1
FAC-LENDER_A-00000683,LENDER_A,LENDER_A-100683,,TERM_LOAN,SALARY_3M,NGN,200000,200000,200000,2026-07-10,2026-07-10,2026-10-08,90,0.313256,FIXED,MONTHLY,71816.08,UNSECURED_PERSONAL,HOUSEHOLD,DEPOSITS,False,ACTIVE,2026-08-21,106666.67,106666.67,0,CURRENT,False,,False,False,0,0,PTY-LENDER_A-00000683,ANON-LENDER_A-00000683,PERSON,synthetic,WCDS-0.1
FAC-LENDER_A-00000684,LENDER_A,LENDER_A-100684,,TERM_LOAN,SALARY_6M,NGN,750000,750000,750000,2025-02-19,2025-02-19,2025-08-18,180,0.27185,FIXED,MONTHLY,141757.9,UNSECURED_PERSONAL,HOUSEHOLD,DEPOSITS,False,CLOSED,2026-08-21,0,0.0,0,CURRENT,False,,False,False,0,0,PTY-LENDER_A-00000684,ANON-LENDER_A-00000684,PERSON,synthetic,WCDS-0.1
FAC-LENDER_A-00000685,LENDER_A,LENDER_A-100685,,TERM_LOAN,PERSONAL_9M,NGN,150000,150000,150000,2026-07-29,2026-07-29,2027-04-25,270,0.306487,FIXED,MONTHLY,20445.27,PERSONAL,HOUSEHOLD,DEPOSITS,False,DEFAULTED,2026-08-21,150000,153778.6,95,DPD_90_PLUS,True,2026-08-16,False,False,0,0,PTY-LENDER_A-00000685,ANON-LENDER_A-00000685,PERSON,synthetic,WCDS-0.1
FAC-LENDER_A-00000686,LENDER_A,LENDER_A-100686,,TERM_LOAN,PERSONAL_9M,NGN,100000,100000,100000,2025-08-07,2025-08-07,2026-05-04,270,0.289595,FIXED,MONTHLY,13491.34,PERSONAL,HOUSEHOLD,DEPOSITS,False,CLOSED,2026-08-21,0,0.0,0,CURRENT,False,,False,False,0,0,PTY-LENDER_A-00000686,ANON-LENDER_A-00000686,PERSON,synthetic,WCDS-0.1
FAC-LENDER_A-00000687,LENDER_A,LENDER_A-100687,,TERM_LOAN,PERSONAL_9M,NGN,100000,100000,100000,2025-11-12,2025-11-12,2026-08-09,270,0.324288,FIXED,MONTHLY,13776.49,PERSONAL,HOUSEHOLD,DEPOSITS,False,CLOSED,2026-08-21,0,0.0,0,CURRENT,False,,False,False,0,0,PTY-LENDER_A-00000687,ANON-LENDER_A-00000687,PERSON,synthetic,WCDS-0.1
FAC-LENDER_A-00000688,LENDER_A,LENDER_A-100688,,TERM_LOAN,SALARY_3M,NGN,1000000,1000000,1000000,2026-05-04,2026-05-04,2026-08-02,90,0.388116,FIXED,MONTHLY,365233.28,UNSECURED_PERSONAL,HOUSEHOLD,DEPOSITS,False,CLOSED,2026-08-21,0,0.0,0,CURRENT,False,,False,False,0,0,PTY-LENDER_A-00000688,ANON-LENDER_A-00000688,PERSON,synthetic,WCDS-0.1
FAC-LENDER_A-00000689,LENDER_A,LENDER_A-100689,,TERM_LOAN,PERSONAL_9M,NGN,250000,250000,250000,2025-01-05,2025-01-05,2025-10-02,270,0.303174,FIXED,MONTHLY,34007.39,PERSONAL,HOUSEHOLD,DEPOSITS,False,CLOSED,2026-08-21,0,0.0,0,CURRENT,False,,False,False,0,0,PTY-LENDER_A-00000689,ANON-LENDER_A-00000689,PERSON,synthetic,WCDS-0.1
FAC-LENDER_A-00000690,LENDER_A,LENDER_A-100690,,TERM_LOAN,SALARY_3M,NGN,400000,400000,400000,2025-04-29,2025-04-29,2025-07-28,90,0.321468,FIXED,MONTHLY,143902.14,UNSECURED_PERSONAL,HOUSEHOLD,DEPOSITS,False,ACTIVE,2026-08-21,4666.67,4695.44,7,DPD_1_30,False,,False,False,0,0,PTY-LENDER_A-00000690,ANON-LENDER_A-00000690,PERSON,synthetic,WCDS-0.1
FAC-LENDER_A-00000691,LENDER_A,LENDER_A-100691,,TERM_LOAN,PERSONAL_9M,NGN,500000,500000,500000,2025-03-13,2025-03-13,2025-12-08,270,0.375095,FIXED,MONTHLY,70970.43,PERSONAL,HOUSEHOLD,DEPOSITS,False,CLOSED,2026-08-21,0,0.0,0,CURRENT,False,,False,False,0,0,PTY-LENDER_A-00000691,ANON-LENDER_A-00000691,PERSON,synthetic,WCDS-0.1
FAC-LENDER_A-00000692,LENDER_A,LENDER_A-100692,,TERM_LOAN,SALARY_6M,NGN,400000,400000,400000,2025-01-25,2025-01-25,2025-07-24,180,0.379812,FIXED,MONTHLY,79153.64,UNSECURED_PERSONAL,HOUSEHOLD,DEPOSITS,False,DEFAULTED,2026-08-21,60000.0,61873.05,180,DPD_90_PLUS,True,2026-05-23,False,False,0,0,PTY-LENDER_A-00000692,ANON-LENDER_A-00000692,PERSON,synthetic,WCDS-0.1
FAC-LENDER_A-00000693,LENDER_A,LENDER_A-100693,,TERM_LOAN,PERSONAL_9M,NGN,250000,250000,250000,2025-01-12,2025-01-12,2025-10-09,270,0.367104,FIXED,MONTHLY,35321.01,PERSONAL,HOUSEHOLD,DEPOSITS,False,CLOSED,2026-08-21,0,0.0,0,CURRENT,False,,False,False,0,0,PTY-LENDER_A-00000693,ANON-LENDER_A-00000693,PERSON,synthetic,WCDS-0.1
FAC-LENDER_A-00000694,LENDER_A,LENDER_A-100694,,TERM_LOAN,SALARY_6M,NGN,750000,750000,750000,2025-05-10,2025-05-10,2025-11-06,180,0.326029,FIXED,MONTHLY,145097.66,UNSECURED_PERSONAL,HOUSEHOLD,DEPOSITS,False,DEFAULTED,2026-08-21,112500.0,115514.65,95,DPD_90_PLUS,True,2026-08-16,True,False,0,0,PTY-LENDER_A-00000694,ANON-LENDER_A-00000694,PERSON,synthetic,WCDS-0.1
FAC-LENDER_A-00000695,LENDER_A,LENDER_A-100695,,TERM_LOAN,SALARY_3M,NGN,300000,300000,300000,2026-08-05,2026-08-05,2026-11-03,90,0.30416,FIXED,MONTHLY,107499.82,UNSECURED_PERSONAL,HOUSEHOLD,DEPOSITS,False,ACTIVE,2026-08-21,246666.67,246666.67,0,CURRENT,False,,False,False,0,0,PTY-LENDER_A-00000695,ANON-LENDER_A-00000695,PERSON,synthetic,WCDS-0.1
FAC-LENDER_A-00000696,LENDER_A,LENDER_A-100696,,TERM_LOAN,PERSONAL_9M,NGN,300000,300000,300000,2025-01-22,2025-01-22,2025-10-19,270,0.282604,FIXED,MONTHLY,40301.66,PERSONAL,HOUSEHOLD,DEPOSITS,False,CLOSED,2026-08-21,0,0.0,0,CURRENT,False,,False,False,0,0,PTY-LENDER_A-00000696,ANON-LENDER_A-00000696,PERSON,synthetic,WCDS-0.1
FAC-LENDER_A-00000697,LENDER_A,LENDER_A-100697,,TERM_LOAN,SALARY_6M,NGN,400000,400000,400000,2026-03-05,2026-03-05,2026-09-01,180,0.328593,FIXED,MONTHLY,77469.74,UNSECURED_PERSONAL,HOUSEHOLD,DEPOSITS,False,ACTIVE,2026-08-21,24444.44,24444.44,0,CURRENT,False,,False,False,0,0,PTY-LENDER_A-00000697,ANON-LENDER_A-00000697,PERSON,synthetic,WCDS-0.1
FAC-LENDER_A-00000698,LENDER_A,LENDER_A-100698,,TERM_LOAN,SALARY_6M,NGN,150000,150000,150000,2025-01-04,2025-01-04,2025-07-03,180,0.329859,FIXED,MONTHLY,29066.75,UNSECURED_PERSONAL,HOUSEHOLD,DEPOSITS,False,CLOSED,2026-08-21,0,0.0,0,CURRENT,False,,False,False,0,0,PTY-LENDER_A-00000698,ANON-LENDER_A-00000698,PERSON,synthetic,WCDS-0.1
FAC-LENDER_A-00000699,LENDER_A,LENDER_A-100699,,TERM_LOAN,SALARY_6M,NGN,200000,200000,200000,2025-03-30,2025-03-30,2025-09-26,180,0.348112,FIXED,MONTHLY,39055.72,UNSECURED_PERSONAL,HOUSEHOLD,DEPOSITS,False,ACTIVE,2026-08-21,5000.0,5071.53,15,DPD_1_30,False,,False,False,0,0,PTY-LENDER_A-00000699,ANON-LENDER_A-00000699,PERSON,synthetic,WCDS-0.1
FAC-LENDER_A-00000700,LENDER_A,LENDER_A-100700,,TERM_LOAN,PERSONAL_9M,NGN,300000,300000,300000,2026-07-04,2026-07-04,2027-03-31,270,0.388919,FIXED,MONTHLY,42923.11,PERSONAL,HOUSEHOLD,DEPOSITS,False,ACTIVE,2026-08-21,250166.67,252032.59,7,DPD_1_30,False,,False,False,0,0,PTY-LENDER_A-00000700,ANON-LENDER_A-00000700,PERSON,synthetic,WCDS-0.1
FAC-LENDER_A-00000701,LENDER_A,LENDER_A-100701,,TERM_LOAN,SALARY_6M,NGN,400000,400000,400000,2025-05-24,2025-05-24,2025-11-20,180,0.269417,FIXED,MONTHLY,75524.22,UNSECURED_PERSONAL,HOUSEHOLD,DEPOSITS,False,CLOSED,2026-08-21,0,0.0,0,CURRENT,False,,False,False,0,0,PTY-LENDER_A-00000701,ANON-LENDER_A-00000701,PERSON,synthetic,WCDS-0.1
FAC-LENDER_A-00000702,LENDER_A,LENDER_A-100702,,TERM_LOAN,PERSONAL_9M,NGN,100000,100000,100000,2025-07-16,2025-07-16,2026-04-12,270,0.307206,FIXED,MONTHLY,13636.09,PERSONAL,HOUSEHOLD,DEPOSITS,False,CLOSED,2026-08-21,0,0.0,0,CURRENT,False,,False,False,0,0,PTY-LENDER_A-00000702,ANON-LENDER_A-00000702,PERSON,synthetic,WCDS-0.1
FAC-LENDER_A-00000703,LENDER_A,LENDER_A-100703,,TERM_LOAN,SALARY_6M,NGN,1000000,1000000,1000000,2025-12-28,2025-12-28,2026-06-26,180,0.298318,FIXED,MONTHLY,191185.95,UNSECURED_PERSONAL,HOUSEHOLD,DEPOSITS,False,CLOSED,2026-08-21,0,0.0,0,CURRENT,False,,False,False,0,0,PTY-LENDER_A-00000703,ANON-LENDER_A-00000703,PERSON,synthetic,WCDS-0.1
FAC-LENDER_A-00000704,LENDER_A,LENDER_A-100704,,TERM_LOAN,PERSONAL_9M,NGN,1000000,1000000,1000000,2026-05-11,2026-05-11,2027-02-05,270,0.396525,FIXED,MONTHLY,143702.19,PERSONAL,HOUSEHOLD,DEPOSITS,False,ACTIVE,2026-08-21,622222.22,622222.22,0,CURRENT,False,,False,False,0,0,PTY-LENDER_A-00000704,ANON-LENDER_A-00000704,PERSON,synthetic,WCDS-0.1
FAC-LENDER_A-00000705,LENDER_A,LENDER_A-100705,,TERM_LOAN,SALARY_3M,NGN,750000,750000,750000,2025-01-03,2025-01-03,2025-04-03,90,0.334774,FIXED,MONTHLY,270636.75,UNSECURED_PERSONAL,HOUSEHOLD,DEPOSITS,False,ACTIVE,2026-08-21,8750.0,8806.18,7,DPD_1_30,False,,False,False,0,0,PTY-LENDER_A-00000705,ANON-LENDER_A-00000705,PERSON,synthetic,WCDS-0.1
FAC-LENDER_A-00000706,LENDER_A,LENDER_A-100706,,TERM_LOAN,SALARY_6M,NGN,200000,200000,200000,2026-03-26,2026-03-26,2026-09-22,180,0.291507,FIXED,MONTHLY,38125.23,UNSECURED_PERSONAL,HOUSEHOLD,DEPOSITS,False,ACTIVE,2026-08-21,35555.56,35555.56,0,CURRENT,False,,False,False,0,0,PTY-LENDER_A-00000706,ANON-LENDER_A-00000706,PERSON,synthetic,WCDS-0.1
FAC-LENDER_A-00000707,LENDER_A,LENDER_A-100707,,TERM_LOAN,PERSONAL_9M,NGN,1000000,1000000,1000000,2025-12-02,2025-12-02,2026-08-29,270,0.34856,FIXED,MONTHLY,139759.85,PERSONAL,HOUSEHOLD,DEPOSITS,False,ACTIVE,2026-08-21,29629.63,29629.63,0,CURRENT,False,,False,False,0,0,PTY-LENDER_A-00000707,ANON-LENDER_A-00000707,PERSON,synthetic,WCDS-0.1
FAC-LENDER_A-00000708,LENDER_A,LENDER_A-100708,,TERM_LOAN,PERSONAL_9M,NGN,150000,150000,150000,2026-04-18,2026-04-18,2027-01-13,270,0.362169,FIXED,MONTHLY,21131.76,PERSONAL,HOUSEHOLD,DEPOSITS,False,ACTIVE,2026-08-21,80555.56,80555.56,0,CURRENT,False,,False,False,0,0,PTY-LENDER_A-00000708,ANON-LENDER_A-00000708,PERSON,synthetic,WCDS-0.1
FAC-LENDER_A-00000709,LENDER_A,LENDER_A-100709,,TERM_LOAN,PERSONAL_9M,NGN,100000,100000,100000,2025-10-03,2025-10-03,2026-06-30,270,0.318489,FIXED,MONTHLY,13728.83,PERSONAL,HOUSEHOLD,DEPOSITS,False,CLOSED,2026-08-21,0,0.0,0,CURRENT,False,,False,False,0,0,PTY-LENDER_A-00000709,ANON-LENDER_A-00000709,PERSON,synthetic,WCDS-0.1
FAC-LENDER_A-00000710,LENDER_A,LENDER_A-100710,,TERM_LOAN,PERSONAL_9M,NGN,200000,200000,200000,2025-05-17,2025-05-17,2026-02-11,270,0.376336,FIXED,MONTHLY,28408.56,PERSONAL,HOUSEHOLD,DEPOSITS,False,CLOSED,2026-08-21,0,0.0,0,CURRENT,False,,False,False,0,0,PTY-LENDER_A-00000710,ANON-LENDER_A-00000710,PERSON,synthetic,WCDS-0.1
FAC-LENDER_A-00000711,LENDER_A,LENDER_A-100711,,TERM_LOAN,PERSONAL_9M,NGN,150000,150000,150000,2026-04-18,2026-04-18,2027-01-13,270,0.324858,FIXED,MONTHLY,20671.77,PERSONAL,HOUSEHOLD,DEPOSITS,False,ACTIVE,2026-08-21,82305.56,82818.33,7,DPD_1_30,False,,False,False,0,0,PTY-LENDER_A-00000711,ANON-LENDER_A-00000711,PERSON,synthetic,WCDS-0.1
FAC-LENDER_A-00000712,LENDER_A,LENDER_A-100712,,TERM_LOAN,SALARY_6M,NGN,100000,100000,100000,2025-08-25,2025-08-25,2026-02-21,180,0.33452,FIXED,MONTHLY,19416.15,UNSECURED_PERSONAL,HOUSEHOLD,DEPOSITS,False,CLOSED,2026-08-21,0,0.0,0,CURRENT,False,,False,False,0,0,PTY-LENDER_A-00000712,ANON-LENDER_A-00000712,PERSON,synthetic,WCDS-0.1
FAC-LENDER_A-00000713,LENDER_A,LENDER_A-100713,,TERM_LOAN,SALARY_3M,NGN,1000000,1000000,1000000,2026-01-07,2026-01-07,2026-04-07,90,0.313353,FIXED,MONTHLY,359088.4,UNSECURED_PERSONAL,HOUSEHOLD,DEPOSITS,False,CLOSED,2026-08-21,0,0.0,0,CURRENT,False,,False,False,0,0,PTY-LENDER_A-00000713,ANON-LENDER_A-00000713,PERSON,synthetic,WCDS-0.1
FAC-LENDER_A-00000714,LENDER_A,LENDER_A-100714,,TERM_LOAN,PERSONAL_9M,NGN,200000,200000,200000,2026-07-24,2026-07-24,2027-04-20,270,0.337963,FIXED,MONTHLY,27777.78,PERSONAL,HOUSEHOLD,DEPOSITS,False,ACTIVE,2026-08-21,179259.26,179259.26,0,CURRENT,False,,False,False,0,0,PTY-LENDER_A-00000714,ANON-LENDER_A-00000714,PERSON,synthetic,WCDS-0.1
FAC-LENDER_A-00000715,LENDER_A,LENDER_A-100715,,TERM_LOAN,SALARY_3M,NGN,300000,300000,300000,2026-01-18,2026-01-18,2026-04-18,90,0.408725,FIXED,MONTHLY,110078.15,UNSECURED_PERSONAL,HOUSEHOLD,DEPOSITS,False,ACTIVE,2026-08-21,7500.0,7625.98,15,DPD_1_30,False,,False,False,0,0,PTY-LENDER_A-00000715,ANON-LENDER_A-00000715,PERSON,synthetic,WCDS-0.1
FAC-LENDER_A-00000716,LENDER_A,LENDER_A-100716,,TERM_LOAN,SALARY_3M,NGN,150000,150000,150000,2025-07-10,2025-07-10,2025-10-08,90,0.374156,FIXED,MONTHLY,54612.88,UNSECURED_PERSONAL,HOUSEHOLD,DEPOSITS,False,CLOSED,2026-08-21,0,0.0,0,CURRENT,False,,False,False,0,0,PTY-LENDER_A-00000716,ANON-LENDER_A-00000716,PERSON,synthetic,WCDS-0.1
FAC-LENDER_A-00000717,LENDER_A,LENDER_A-100717,,TERM_LOAN,SALARY_3M,NGN,100000,100000,100000,2025-10-16,2025-10-16,2026-01-14,90,0.379558,FIXED,MONTHLY,36452.99,UNSECURED_PERSONAL,HOUSEHOLD,DEPOSITS,False,ACTIVE,2026-08-21,5833.33,6015.31,35,DPD_31_60,False,,False,False,0,0,PTY-LENDER_A-00000717,ANON-LENDER_A-00000717,PERSON,synthetic,WCDS-0.1
FAC-LENDER_A-00000718,LENDER_A,LENDER_A-100718,,TERM_LOAN,SALARY_3M,NGN,400000,400000,400000,2025-04-02,2025-04-02,2025-07-01,90,0.32774,FIXED,MONTHLY,144108.35,UNSECURED_PERSONAL,HOUSEHOLD,DEPOSITS,False,ACTIVE,2026-08-21,23333.33,23961.88,35,DPD_31_60,False,,False,False,0,0,PTY-LENDER_A-00000718,ANON-LENDER_A-00000718,PERSON,synthetic,WCDS-0.1
FAC-LENDER_A-00000719,LENDER_A,LENDER_A-100719,,TERM_LOAN,PERSONAL_9M,NGN,100000,100000,100000,2026-07-02,2026-07-02,2027-03-29,270,0.334958,FIXED,MONTHLY,13864.19,PERSONAL,HOUSEHOLD,DEPOSITS,False,ACTIVE,2026-08-21,81481.48,81481.48,0,CURRENT,False,,False,False,0,0,PTY-LENDER_A-00000719,ANON-LENDER_A-00000719,PERSON,synthetic,WCDS-0.1
FAC-LENDER_A-00000720,LENDER_A,LENDER_A-100720,,TERM_LOAN,SALARY_3M,NGN,100000,100000,100000,2025-08-21,2025-08-21,2025-11-19,90,0.36353,FIXED,MONTHLY,36321.25,UNSECURED_PERSONAL,HOUSEHOLD,DEPOSITS,False,CLOSED,2026-08-21,0,0.0,0,CURRENT,False,,False,False,0,0,PTY-LENDER_A-00000720,ANON-LENDER_A-00000720,PERSON,synthetic,WCDS-0.1
FAC-LENDER_A-00000721,LENDER_A,LENDER_A-100721,,TERM_LOAN,PERSONAL_9M,NGN,300000,300000,300000,2026-06-09,2026-06-09,2027-03-06,270,0.399519,FIXED,MONTHLY,43184.49,PERSONAL,HOUSEHOLD,DEPOSITS,False,ACTIVE,2026-08-21,218888.89,218888.89,0,CURRENT,False,,False,False,0,0,PTY-LENDER_A-00000721,ANON-LENDER_A-00000721,PERSON,synthetic,WCDS-0.1
FAC-LENDER_A-00000722,LENDER_A,LENDER_A-100722,,TERM_LOAN,SALARY_3M,NGN,1000000,1000000,1000000,2025-10-29,2025-10-29,2026-01-27,90,0.405441,FIXED,MONTHLY,366657.27,UNSECURED_PERSONAL,HOUSEHOLD,DEPOSITS,False,CLOSED,2026-08-21,0,0.0,0,CURRENT,False,,False,False,0,0,PTY-LENDER_A-00000722,ANON-LENDER_A-00000722,PERSON,synthetic,WCDS-0.1
FAC-LENDER_A-00000723,LENDER_A,LENDER_A-100723,,TERM_LOAN,PERSONAL_9M,NGN,500000,500000,500000,2025-02-24,2025-02-24,2025-11-21,270,0.296471,FIXED,MONTHLY,67739.31,PERSONAL,HOUSEHOLD,DEPOSITS,False,DEFAULTED,2026-08-21,75000.0,76827.56,130,DPD_90_PLUS,True,2026-07-12,False,False,0,0,PTY-LENDER_A-00000723,ANON-LENDER_A-00000723,PERSON,synthetic,WCDS-0.1
FAC-LENDER_A-00000724,LENDER_A,LENDER_A-100724,,TERM_LOAN,SALARY_6M,NGN,400000,400000,400000,2025-05-09,2025-05-09,2025-11-05,180,0.288843,FIXED,MONTHLY,76162.88,UNSECURED_PERSONAL,HOUSEHOLD,DEPOSITS,False,CLOSED,2026-08-21,0,0.0,0,CURRENT,False,,False,False,0,0,PTY-LENDER_A-00000724,ANON-LENDER_A-00000724,PERSON,synthetic,WCDS-0.1
FAC-LENDER_A-00000725,LENDER_A,LENDER_A-100725,,TERM_LOAN,SALARY_3M,NGN,200000,200000,200000,2025-09-29,2025-09-29,2025-12-28,90,0.324811,FIXED,MONTHLY,72006.02,UNSECURED_PERSONAL,HOUSEHOLD,DEPOSITS,False,CLOSED,2026-08-21,0,0.0,0,CURRENT,False,,False,False,0,0,PTY-LENDER_A-00000725,ANON-LENDER_A-00000725,PERSON,synthetic,WCDS-0.1
FAC-LENDER_A-00000726,LENDER_A,LENDER_A-100726,,TERM_LOAN,SALARY_3M,NGN,200000,200000,200000,2025-09-20,2025-09-20,2025-12-19,90,0.407837,FIXED,MONTHLY,73370.84,UNSECURED_PERSONAL,HOUSEHOLD,DEPOSITS,False,CLOSED,2026-08-21,0,0.0,0,CURRENT,False,,False,False,0,0,PTY-LENDER_A-00000726,ANON-LENDER_A-00000726,PERSON,synthetic,WCDS-0.1
FAC-LENDER_A-00000727,LENDER_A,LENDER_A-100727,,TERM_LOAN,SALARY_3M,NGN,100000,100000,100000,2025-09-19,2025-09-19,2025-12-18,90,0.363955,FIXED,MONTHLY,36324.75,UNSECURED_PERSONAL,HOUSEHOLD,DEPOSITS,False,ACTIVE,2026-08-21,5833.33,6007.83,35,DPD_31_60,False,,False,False,0,0,PTY-LENDER_A-00000727,ANON-LENDER_A-00000727,PERSON,synthetic,WCDS-0.1
FAC-LENDER_A-00000728,LENDER_A,LENDER_A-100728,,TERM_LOAN,PERSONAL_9M,NGN,300000,300000,300000,2026-03-09,2026-03-09,2026-12-04,270,0.392052,FIXED,MONTHLY,43000.37,PERSONAL,HOUSEHOLD,DEPOSITS,False,ACTIVE,2026-08-21,120166.67,121070.18,7,DPD_1_30,False,,False,False,0,0,PTY-LENDER_A-00000728,ANON-LENDER_A-00000728,PERSON,synthetic,WCDS-0.1
FAC-LENDER_A-00000729,LENDER_A,LENDER_A-100729,,TERM_LOAN,PERSONAL_9M,NGN,300000,300000,300000,2025-01-08,2025-01-08,2025-10-05,270,0.371494,FIXED,MONTHLY,42493.45,PERSONAL,HOUSEHOLD,DEPOSITS,False,CLOSED,2026-08-21,0,0.0,0,CURRENT,False,,False,False,0,0,PTY-LENDER_A-00000729,ANON-LENDER_A-00000729,PERSON,synthetic,WCDS-0.1
FAC-LENDER_A-00000730,LENDER_A,LENDER_A-100730,,TERM_LOAN,SALARY_3M,NGN,750000,750000,750000,2026-03-27,2026-03-27,2026-06-25,90,0.371563,FIXED,MONTHLY,272904.59,UNSECURED_PERSONAL,HOUSEHOLD,DEPOSITS,False,CLOSED,2026-08-21,0,0.0,0,CURRENT,False,,False,False,0,0,PTY-LENDER_A-00000730,ANON-LENDER_A-00000730,PERSON,synthetic,WCDS-0.1
FAC-LENDER_A-00000731,LENDER_A,LENDER_A-100731,,TERM_LOAN,SALARY_6M,NGN,750000,750000,750000,2025-04-13,2025-04-13,2025-10-10,180,0.345442,FIXED,MONTHLY,146294.39,UNSECURED_PERSONAL,HOUSEHOLD,DEPOSITS,False,CLOSED,2026-08-21,0,0.0,0,CURRENT,False,,False,False,0,0,PTY-LENDER_A-00000731,ANON-LENDER_A-00000731,PERSON,synthetic,WCDS-0.1
FAC-LENDER_A-00000732,LENDER_A,LENDER_A-100732,,TERM_LOAN,SALARY_3M,NGN,300000,300000,300000,2025-06-15,2025-06-15,2025-09-13,90,0.323191,FIXED,MONTHLY,107969.1,UNSECURED_PERSONAL,HOUSEHOLD,DEPOSITS,False,CLOSED,2026-08-21,0,0.0,0,CURRENT,False,,False,False,0,0,PTY-LENDER_A-00000732,ANON-LENDER_A-00000732,PERSON,synthetic,WCDS-0.1
FAC-LENDER_A-00000733,LENDER_A,LENDER_A-100733,,TERM_LOAN,SALARY_3M,NGN,750000,750000,750000,2025-03-28,2025-03-28,2025-06-26,90,0.380561,FIXED,MONTHLY,273459.22,UNSECURED_PERSONAL,HOUSEHOLD,DEPOSITS,False,CLOSED,2026-08-21,0,0.0,0,CURRENT,False,,False,False,0,0,PTY-LENDER_A-00000733,ANON-LENDER_A-00000733,PERSON,synthetic,WCDS-0.1
FAC-LENDER_A-00000734,LENDER_A,LENDER_A-100734,,TERM_LOAN,SALARY_3M,NGN,500000,500000,500000,2025-09-25,2025-09-25,2025-12-24,90,0.404013,FIXED,MONTHLY,183269.94,UNSECURED_PERSONAL,HOUSEHOLD,DEPOSITS,False,CLOSED,2026-08-21,0,0.0,0,CURRENT,False,,False,False,0,0,PTY-LENDER_A-00000734,ANON-LENDER_A-00000734,PERSON,synthetic,WCDS-0.1
FAC-LENDER_A-00000735,LENDER_A,LENDER_A-100735,,TERM_LOAN,PERSONAL_9M,NGN,100000,100000,100000,2025-02-24,2025-02-24,2025-11-21,270,0.344339,FIXED,MONTHLY,13941.3,PERSONAL,HOUSEHOLD,DEPOSITS,False,CLOSED,2026-08-21,0,0.0,0,CURRENT,False,,False,False,0,0,PTY-LENDER_A-00000735,ANON-LENDER_A-00000735,PERSON,synthetic,WCDS-0.1
FAC-LENDER_A-00000736,LENDER_A,LENDER_A-100736,,TERM_LOAN,SALARY_3M,NGN,1000000,1000000,1000000,2025-02-07,2025-02-07,2025-05-08,90,0.354828,FIXED,MONTHLY,362497.28,UNSECURED_PERSONAL,HOUSEHOLD,DEPOSITS,False,CLOSED,2026-08-21,0,0.0,0,CURRENT,False,,False,False,0,0,PTY-LENDER_A-00000736,ANON-LENDER_A-00000736,PERSON,synthetic,WCDS-0.1
FAC-LENDER_A-00000737,LENDER_A,LENDER_A-100737,,TERM_LOAN,PERSONAL_9M,NGN,100000,100000,100000,2026-01-29,2026-01-29,2026-10-26,270,0.341935,FIXED,MONTHLY,13921.54,PERSONAL,HOUSEHOLD,DEPOSITS,False,ACTIVE,2026-08-21,24444.44,24444.44,0,CURRENT,False,,False,False,0,0,PTY-LENDER_A-00000737,ANON-LENDER_A-00000737,PERSON,synthetic,WCDS-0.1
FAC-LENDER_A-00000738,LENDER_A,LENDER_A-100738,,TERM_LOAN,SALARY_6M,NGN,200000,200000,200000,2025-06-05,2025-06-05,2025-12-02,180,0.296546,FIXED,MONTHLY,38208.07,UNSECURED_PERSONAL,HOUSEHOLD,DEPOSITS,False,CLOSED,2026-08-21,0,0.0,0,CURRENT,False,,False,False,0,0,PTY-LENDER_A-00000738,ANON-LENDER_A-00000738,PERSON,synthetic,WCDS-0.1
FAC-LENDER_A-00000739,LENDER_A,LENDER_A-100739,,TERM_LOAN,SALARY_6M,NGN,750000,750000,750000,2026-05-11,2026-05-11,2026-11-07,180,0.342794,FIXED,MONTHLY,146131.16,UNSECURED_PERSONAL,HOUSEHOLD,DEPOSITS,False,ACTIVE,2026-08-21,333750.0,335944.12,7,DPD_1_30,False,,False,False,0,0,PTY-LENDER_A-00000739,ANON-LENDER_A-00000739,PERSON,synthetic,WCDS-0.1
FAC-LENDER_A-00000740,LENDER_A,LENDER_A-100740,,TERM_LOAN,PERSONAL_9M,NGN,1000000,1000000,1000000,2026-03-26,2026-03-26,2026-12-21,270,0.392541,FIXED,MONTHLY,143374.76,PERSONAL,HOUSEHOLD,DEPOSITS,False,ACTIVE,2026-08-21,451851.85,451851.85,0,CURRENT,False,,False,False,0,0,PTY-LENDER_A-00000740,ANON-LENDER_A-00000740,PERSON,synthetic,WCDS-0.1
FAC-LENDER_A-00000741,LENDER_A,LENDER_A-100741,,TERM_LOAN,PERSONAL_9M,NGN,250000,250000,250000,2025-05-03,2025-05-03,2026-01-28,270,0.334442,FIXED,MONTHLY,34649.87,PERSONAL,HOUSEHOLD,DEPOSITS,False,CLOSED,2026-08-21,0,0.0,0,CURRENT,False,,False,False,0,0,PTY-LENDER_A-00000741,ANON-LENDER_A-00000741,PERSON,synthetic,WCDS-0.1
FAC-LENDER_A-00000742,LENDER_A,LENDER_A-100742,,TERM_LOAN,SALARY_3M,NGN,150000,150000,150000,2026-05-10,2026-05-10,2026-08-08,90,0.338889,FIXED,MONTHLY,54178.08,UNSECURED_PERSONAL,HOUSEHOLD,DEPOSITS,False,CLOSED,2026-08-21,0,0.0,0,CURRENT,False,,False,False,0,0,PTY-LENDER_A-00000742,ANON-LENDER_A-00000742,PERSON,synthetic,WCDS-0.1
FAC-LENDER_A-00000743,LENDER_A,LENDER_A-100743,,TERM_LOAN,SALARY_6M,NGN,1000000,1000000,1000000,2026-03-01,2026-03-01,2026-08-28,180,0.303553,FIXED,MONTHLY,191616.25,UNSECURED_PERSONAL,HOUSEHOLD,DEPOSITS,False,ACTIVE,2026-08-21,38888.89,38888.89,0,CURRENT,False,,False,False,0,0,PTY-LENDER_A-00000743,ANON-LENDER_A-00000743,PERSON,synthetic,WCDS-0.1
FAC-LENDER_A-00000744,LENDER_A,LENDER_A-100744,,TERM_LOAN,PERSONAL_9M,NGN,200000,200000,200000,2026-02-26,2026-02-26,2026-11-23,270,0.38947,FIXED,MONTHLY,28624.47,PERSONAL,HOUSEHOLD,DEPOSITS,False,ACTIVE,2026-08-21,81296.3,83898.69,35,DPD_31_60,False,,False,False,0,0,PTY-LENDER_A-00000744,ANON-LENDER_A-00000744,PERSON,synthetic,WCDS-0.1
FAC-LENDER_A-00000745,LENDER_A,LENDER_A-100745,,TERM_LOAN,SALARY_6M,NGN,300000,300000,300000,2026-02-07,2026-02-07,2026-08-06,180,0.31035,FIXED,MONTHLY,57652.46,UNSECURED_PERSONAL,HOUSEHOLD,DEPOSITS,False,CLOSED,2026-08-21,0,0.0,0,CURRENT,False,,False,False,0,0,PTY-LENDER_A-00000745,ANON-LENDER_A-00000745,PERSON,synthetic,WCDS-0.1
FAC-LENDER_A-00000746,LENDER_A,LENDER_A-100746,,TERM_LOAN,SALARY_6M,NGN,100000,100000,100000,2025-04-29,2025-04-29,2025-10-26,180,0.284342,FIXED,MONTHLY,19003.73,UNSECURED_PERSONAL,HOUSEHOLD,DEPOSITS,False,CLOSED,2026-08-21,0,0.0,0,CURRENT,False,,False,False,0,0,PTY-LENDER_A-00000746,ANON-LENDER_A-00000746,PERSON,synthetic,WCDS-0.1
FAC-LENDER_A-00000747,LENDER_A,LENDER_A-100747,,TERM_LOAN,SALARY_6M,NGN,250000,250000,250000,2026-01-01,2026-01-01,2026-06-30,180,0.356895,FIXED,MONTHLY,49000.12,UNSECURED_PERSONAL,HOUSEHOLD,DEPOSITS,False,CLOSED,2026-08-21,0,0.0,0,CURRENT,False,,False,False,0,0,PTY-LENDER_A-00000747,ANON-LENDER_A-00000747,PERSON,synthetic,WCDS-0.1
FAC-LENDER_A-00000748,LENDER_A,LENDER_A-100748,,TERM_LOAN,PERSONAL_9M,NGN,100000,100000,100000,2025-12-04,2025-12-04,2026-08-31,270,0.289529,FIXED,MONTHLY,13490.8,PERSONAL,HOUSEHOLD,DEPOSITS,False,ACTIVE,2026-08-21,9537.04,9763.99,35,DPD_31_60,False,,False,False,0,0,PTY-LENDER_A-00000748,ANON-LENDER_A-00000748,PERSON,synthetic,WCDS-0.1
FAC-LENDER_A-00000749,LENDER_A,LENDER_A-100749,,TERM_LOAN,SALARY_3M,NGN,200000,200000,200000,2026-06-16,2026-06-16,2026-09-14,90,0.375436,FIXED,MONTHLY,72838.22,UNSECURED_PERSONAL,HOUSEHOLD,DEPOSITS,False,ACTIVE,2026-08-21,53333.33,53333.33,0,CURRENT,False,,False,False,0,0,PTY-LENDER_A-00000749,ANON-LENDER_A-00000749,PERSON,synthetic,WCDS-0.1
FAC-LENDER_A-00000750,LENDER_A,LENDER_A-100750,,TERM_LOAN,PERSONAL_9M,NGN,300000,300000,300000,2025-09-06,2025-09-06,2026-06-03,270,0.36004,FIXED,MONTHLY,42211.02,PERSONAL,HOUSEHOLD,DEPOSITS,False,ACTIVE,2026-08-21,32500.0,33461.75,65,DPD_61_90,False,,True,False,0,0,PTY-LENDER_A-00000750,ANON-LENDER_A-00000750,PERSON,synthetic,WCDS-0.1
FAC-LENDER_A-00000751,LENDER_A,LENDER_A-100751,,TERM_LOAN,PERSONAL_9M,NGN,1000000,1000000,1000000,2026-02-11,2026-02-11,2026-11-08,270,0.360651,FIXED,MONTHLY,140753.65,PERSONAL,HOUSEHOLD,DEPOSITS,False,DEFAULTED,2026-08-21,442592.59,455712.16,130,DPD_90_PLUS,True,2026-07-12,False,False,0,0,PTY-LENDER_A-00000751,ANON-LENDER_A-00000751,PERSON,synthetic,WCDS-0.1
FAC-LENDER_A-00000752,LENDER_A,LENDER_A-100752,,TERM_LOAN,SALARY_6M,NGN,150000,150000,150000,2025-05-31,2025-05-31,2025-11-27,180,0.352221,FIXED,MONTHLY,29342.46,UNSECURED_PERSONAL,HOUSEHOLD,DEPOSITS,False,ACTIVE,2026-08-21,8750.0,9003.31,35,DPD_31_60,False,,True,False,0,0,PTY-LENDER_A-00000752,ANON-LENDER_A-00000752,PERSON,synthetic,WCDS-0.1
FAC-LENDER_A-00000753,LENDER_A,LENDER_A-100753,,TERM_LOAN,SALARY_6M,NGN,1000000,1000000,1000000,2025-06-14,2025-06-14,2025-12-11,180,0.274643,FIXED,MONTHLY,189240.05,UNSECURED_PERSONAL,HOUSEHOLD,DEPOSITS,False,CLOSED,2026-08-21,0,0.0,0,CURRENT,False,,False,False,0,0,PTY-LENDER_A-00000753,ANON-LENDER_A-00000753,PERSON,synthetic,WCDS-0.1
FAC-LENDER_A-00000754,LENDER_A,LENDER_A-100754,,TERM_LOAN,PERSONAL_9M,NGN,1000000,1000000,1000000,2026-05-14,2026-05-14,2027-02-08,270,0.293116,FIXED,MONTHLY,135202.86,PERSONAL,HOUSEHOLD,DEPOSITS,False,ACTIVE,2026-08-21,633333.33,633333.33,0,CURRENT,False,,False,False,0,0,PTY-LENDER_A-00000754,ANON-LENDER_A-00000754,PERSON,synthetic,WCDS-0.1
FAC-LENDER_A-00000755,LENDER_A,LENDER_A-100755,,TERM_LOAN,SALARY_6M,NGN,500000,500000,500000,2025-09-21,2025-09-21,2026-03-20,180,0.372067,FIXED,MONTHLY,98623.76,UNSECURED_PERSONAL,HOUSEHOLD,DEPOSITS,False,CLOSED,2026-08-21,0,0.0,0,CURRENT,False,,False,False,0,0,PTY-LENDER_A-00000755,ANON-LENDER_A-00000755,PERSON,synthetic,WCDS-0.1
FAC-LENDER_A-00000756,LENDER_A,LENDER_A-100756,,TERM_LOAN,PERSONAL_9M,NGN,750000,750000,750000,2025-02-25,2025-02-25,2025-11-22,270,0.391253,FIXED,MONTHLY,107451.65,PERSONAL,HOUSEHOLD,DEPOSITS,False,ACTIVE,2026-08-21,8750.0,8815.66,7,DPD_1_30,False,,False,False,0,0,PTY-LENDER_A-00000756,ANON-LENDER_A-00000756,PERSON,synthetic,WCDS-0.1
FAC-LENDER_A-00000757,LENDER_A,LENDER_A-100757,,TERM_LOAN,SALARY_3M,NGN,300000,300000,300000,2026-01-25,2026-01-25,2026-04-25,90,0.359729,FIXED,MONTHLY,108870.03,UNSECURED_PERSONAL,HOUSEHOLD,DEPOSITS,False,CLOSED,2026-08-21,0,0.0,0,CURRENT,False,,False,False,0,0,PTY-LENDER_A-00000757,ANON-LENDER_A-00000757,PERSON,synthetic,WCDS-0.1
FAC-LENDER_A-00000758,LENDER_A,LENDER_A-100758,,TERM_LOAN,SALARY_3M,NGN,500000,500000,500000,2025-06-14,2025-06-14,2025-09-12,90,0.302878,FIXED,MONTHLY,179113.72,UNSECURED_PERSONAL,HOUSEHOLD,DEPOSITS,False,CLOSED,2026-08-21,0,0.0,0,CURRENT,False,,False,False,0,0,PTY-LENDER_A-00000758,ANON-LENDER_A-00000758,PERSON,synthetic,WCDS-0.1
FAC-LENDER_A-00000759,LENDER_A,LENDER_A-100759,,TERM_LOAN,PERSONAL_9M,NGN,250000,250000,250000,2025-10-27,2025-10-27,2026-07-24,270,0.305481,FIXED,MONTHLY,34054.78,PERSONAL,HOUSEHOLD,DEPOSITS,False,CLOSED,2026-08-21,0,0.0,0,CURRENT,False,,False,False,0,0,PTY-LENDER_A-00000759,ANON-LENDER_A-00000759,PERSON,synthetic,WCDS-0.1
FAC-LENDER_A-00000760,LENDER_A,LENDER_A-100760,,TERM_LOAN,SALARY_3M,NGN,150000,150000,150000,2025-09-04,2025-09-04,2025-12-03,90,0.30814,FIXED,MONTHLY,53798.99,UNSECURED_PERSONAL,HOUSEHOLD,DEPOSITS,False,CLOSED,2026-08-21,0,0.0,0,CURRENT,False,,False,False,0,0,PTY-LENDER_A-00000760,ANON-LENDER_A-00000760,PERSON,synthetic,WCDS-0.1
FAC-LENDER_A-00000761,LENDER_A,LENDER_A-100761,,TERM_LOAN,SALARY_3M,NGN,250000,250000,250000,2025-09-07,2025-09-07,2025-12-06,90,0.386928,FIXED,MONTHLY,91283.9,UNSECURED_PERSONAL,HOUSEHOLD,DEPOSITS,False,ACTIVE,2026-08-21,6250.0,6349.38,15,DPD_1_30,False,,False,False,0,0,PTY-LENDER_A-00000761,ANON-LENDER_A-00000761,PERSON,synthetic,WCDS-0.1
FAC-LENDER_A-00000762,LENDER_A,LENDER_A-100762,,TERM_LOAN,SALARY_3M,NGN,200000,200000,200000,2025-04-05,2025-04-05,2025-07-04,90,0.410674,FIXED,MONTHLY,73417.47,UNSECURED_PERSONAL,HOUSEHOLD,DEPOSITS,False,CLOSED,2026-08-21,0,0.0,0,CURRENT,False,,False,False,0,0,PTY-LENDER_A-00000762,ANON-LENDER_A-00000762,PERSON,synthetic,WCDS-0.1
FAC-LENDER_A-00000763,LENDER_A,LENDER_A-100763,,TERM_LOAN,SALARY_6M,NGN,500000,500000,500000,2026-06-15,2026-06-15,2026-12-12,180,0.363827,FIXED,MONTHLY,98285.12,UNSECURED_PERSONAL,HOUSEHOLD,DEPOSITS,False,ACTIVE,2026-08-21,326388.89,331268.99,15,DPD_1_30,False,,False,False,0,0,PTY-LENDER_A-00000763,ANON-LENDER_A-00000763,PERSON,synthetic,WCDS-0.1
FAC-LENDER_A-00000764,LENDER_A,LENDER_A-100764,,TERM_LOAN,PERSONAL_9M,NGN,100000,100000,100000,2026-01-10,2026-01-10,2026-10-07,270,0.31786,FIXED,MONTHLY,13723.66,PERSONAL,HOUSEHOLD,DEPOSITS,False,ACTIVE,2026-08-21,17407.41,17407.41,0,CURRENT,False,,False,False,0,0,PTY-LENDER_A-00000764,ANON-LENDER_A-00000764,PERSON,synthetic,WCDS-0.1
FAC-LENDER_A-00000765,LENDER_A,LENDER_A-100765,,TERM_LOAN,SALARY_3M,NGN,200000,200000,200000,2025-10-28,2025-10-28,2026-01-26,90,0.339806,FIXED,MONTHLY,72252.52,UNSECURED_PERSONAL,HOUSEHOLD,DEPOSITS,False,ACTIVE,2026-08-21,11666.67,11992.51,35,DPD_31_60,False,,False,False,0,0,PTY-LENDER_A-00000765,ANON-LENDER_A-00000765,PERSON,synthetic,WCDS-0.1
FAC-LENDER_A-00000766,LENDER_A,LENDER_A-100766,,TERM_LOAN,PERSONAL_9M,NGN,500000,500000,500000,2026-02-01,2026-02-01,2026-10-29,270,0.299916,FIXED,MONTHLY,67880.88,PERSONAL,HOUSEHOLD,DEPOSITS,False,ACTIVE,2026-08-21,127777.78,127777.78,0,CURRENT,False,,False,False,0,0,PTY-LENDER_A-00000766,ANON-LENDER_A-00000766,PERSON,synthetic,WCDS-0.1
FAC-LENDER_A-00000767,LENDER_A,LENDER_A-100767,,TERM_LOAN,SALARY_6M,NGN,100000,100000,100000,2025-11-06,2025-11-06,2026-05-05,180,0.350185,FIXED,MONTHLY,19544.9,UNSECURED_PERSONAL,HOUSEHOLD,DEPOSITS,False,CLOSED,2026-08-21,0,0.0,0,CURRENT,False,,False,False,0,0,PTY-LENDER_A-00000767,ANON-LENDER_A-00000767,PERSON,synthetic,WCDS-0.1
FAC-LENDER_A-00000768,LENDER_A,LENDER_A-100768,,TERM_LOAN,SALARY_6M,NGN,250000,250000,250000,2025-02-20,2025-02-20,2025-08-19,180,0.288517,FIXED,MONTHLY,47595.1,UNSECURED_PERSONAL,HOUSEHOLD,DEPOSITS,False,CLOSED,2026-08-21,0,0.0,0,CURRENT,False,,False,False,0,0,PTY-LENDER_A-00000768,ANON-LENDER_A-00000768,PERSON,synthetic,WCDS-0.1
FAC-LENDER_A-00000769,LENDER_A,LENDER_A-100769,,TERM_LOAN,SALARY_3M,NGN,750000,750000,750000,2025-03-11,2025-03-11,2025-06-09,90,0.313468,FIXED,MONTHLY,269323.35,UNSECURED_PERSONAL,HOUSEHOLD,DEPOSITS,False,CLOSED,2026-08-21,0,0.0,0,CURRENT,False,,False,False,0,0,PTY-LENDER_A-00000769,ANON-LENDER_A-00000769,PERSON,synthetic,WCDS-0.1
FAC-LENDER_A-00000770,LENDER_A,LENDER_A-100770,,TERM_LOAN,SALARY_6M,NGN,1000000,1000000,1000000,2025-09-28,2025-09-28,2026-03-27,180,0.320007,FIXED,MONTHLY,192968.57,UNSECURED_PERSONAL,HOUSEHOLD,DEPOSITS,False,ACTIVE,2026-08-21,11666.67,11738.27,7,DPD_1_30,False,,False,False,0,0,PTY-LENDER_A-00000770,ANON-LENDER_A-00000770,PERSON,synthetic,WCDS-0.1
FAC-LENDER_A-00000771,LENDER_A,LENDER_A-100771,,TERM_LOAN,PERSONAL_9M,NGN,200000,200000,200000,2026-01-13,2026-01-13,2026-10-10,270,0.378657,FIXED,MONTHLY,28446.71,PERSONAL,HOUSEHOLD,DEPOSITS,False,ACTIVE,2026-08-21,39370.37,39656.27,7,DPD_1_30,False,,False,False,0,0,PTY-LENDER_A-00000771,ANON-LENDER_A-00000771,PERSON,synthetic,WCDS-0.1
FAC-LENDER_A-00000772,LENDER_A,LENDER_A-100772,,TERM_LOAN,SALARY_3M,NGN,300000,300000,300000,2026-06-27,2026-06-27,2026-09-25,90,0.355124,FIXED,MONTHLY,108756.49,UNSECURED_PERSONAL,HOUSEHOLD,DEPOSITS,False,ACTIVE,2026-08-21,116666.67,116666.67,0,CURRENT,False,,False,False,0,0,PTY-LENDER_A-00000772,ANON-LENDER_A-00000772,PERSON,synthetic,WCDS-0.1
FAC-LENDER_A-00000773,LENDER_A,LENDER_A-100773,,TERM_LOAN,SALARY_3M,NGN,150000,150000,150000,2025-02-24,2025-02-24,2025-05-25,90,0.371315,FIXED,MONTHLY,54577.85,UNSECURED_PERSONAL,HOUSEHOLD,DEPOSITS,False,ACTIVE,2026-08-21,1750.0,1762.46,7,DPD_1_30,False,,False,False,0,0,PTY-LENDER_A-00000773,ANON-LENDER_A-00000773,PERSON,synthetic,WCDS-0.1
FAC-LENDER_A-00000774,LENDER_A,LENDER_A-100774,,TERM_LOAN,PERSONAL_9M,NGN,250000,250000,250000,2025-09-17,2025-09-17,2026-06-14,270,0.371019,FIXED,MONTHLY,35401.46,PERSONAL,HOUSEHOLD,DEPOSITS,False,CLOSED,2026-08-21,0,0.0,0,CURRENT,False,,False,False,0,0,PTY-LENDER_A-00000774,ANON-LENDER_A-00000774,PERSON,synthetic,WCDS-0.1
FAC-LENDER_A-00000775,LENDER_A,LENDER_A-100775,,TERM_LOAN,PERSONAL_9M,NGN,150000,150000,150000,2025-11-05,2025-11-05,2026-08-02,270,0.372734,FIXED,MONTHLY,21262.02,PERSONAL,HOUSEHOLD,DEPOSITS,False,CLOSED,2026-08-21,0,0.0,0,CURRENT,False,,False,False,0,0,PTY-LENDER_A-00000775,ANON-LENDER_A-00000775,PERSON,synthetic,WCDS-0.1
FAC-LENDER_A-00000776,LENDER_A,LENDER_A-100776,,TERM_LOAN,PERSONAL_9M,NGN,150000,150000,150000,2026-01-12,2026-01-12,2026-10-09,270,0.354753,FIXED,MONTHLY,21040.34,PERSONAL,HOUSEHOLD,DEPOSITS,False,ACTIVE,2026-08-21,27222.22,27222.22,0,CURRENT,False,,False,False,0,0,PTY-LENDER_A-00000776,ANON-LENDER_A-00000776,PERSON,synthetic,WCDS-0.1
FAC-LENDER_A-00000777,LENDER_A,LENDER_A-100777,,TERM_LOAN,SALARY_6M,NGN,250000,250000,250000,2026-02-17,2026-02-17,2026-08-16,180,0.292526,FIXED,MONTHLY,47677.48,UNSECURED_PERSONAL,HOUSEHOLD,DEPOSITS,False,CLOSED,2026-08-21,0,0.0,0,CURRENT,False,,False,False,0,0,PTY-LENDER_A-00000777,ANON-LENDER_A-00000777,PERSON,synthetic,WCDS-0.1
FAC-LENDER_A-00000778,LENDER_A,LENDER_A-100778,,TERM_LOAN,SALARY_3M,NGN,100000,100000,100000,2025-04-16,2025-04-16,2025-07-15,90,0.373592,FIXED,MONTHLY,36403.95,UNSECURED_PERSONAL,HOUSEHOLD,DEPOSITS,False,ACTIVE,2026-08-21,10833.33,11165.98,65,DPD_61_90,False,,True,False,0,0,PTY-LENDER_A-00000778,ANON-LENDER_A-00000778,PERSON,synthetic,WCDS-0.1
FAC-LENDER_A-00000779,LENDER_A,LENDER_A-100779,,TERM_LOAN,PERSONAL_9M,NGN,750000,750000,750000,2025-08-12,2025-08-12,2026-05-09,270,0.32703,FIXED,MONTHLY,103492.72,PERSONAL,HOUSEHOLD,DEPOSITS,False,CLOSED,2026-08-21,0,0.0,0,CURRENT,False,,False,False,0,0,PTY-LENDER_A-00000779,ANON-LENDER_A-00000779,PERSON,synthetic,WCDS-0.1
FAC-LENDER_A-00000780,LENDER_A,LENDER_A-100780,,TERM_LOAN,PERSONAL_9M,NGN,150000,150000,150000,2025-04-22,2025-04-22,2026-01-17,270,0.360504,FIXED,MONTHLY,21111.24,PERSONAL,HOUSEHOLD,DEPOSITS,False,CLOSED,2026-08-21,0,0.0,0,CURRENT,False,,False,False,0,0,PTY-LENDER_A-00000780,ANON-LENDER_A-00000780,PERSON,synthetic,WCDS-0.1
FAC-LENDER_A-00000781,LENDER_A,LENDER_A-100781,,TERM_LOAN,SALARY_3M,NGN,750000,750000,750000,2025-09-28,2025-09-28,2025-12-27,90,0.31115,FIXED,MONTHLY,269180.48,UNSECURED_PERSONAL,HOUSEHOLD,DEPOSITS,False,CLOSED,2026-08-21,0,0.0,0,CURRENT,False,,False,False,0,0,PTY-LENDER_A-00000781,ANON-LENDER_A-00000781,PERSON,synthetic,WCDS-0.1
FAC-LENDER_A-00000782,LENDER_A,LENDER_A-100782,,TERM_LOAN,SALARY_3M,NGN,200000,200000,200000,2025-11-20,2025-11-20,2026-02-18,90,0.385226,FIXED,MONTHLY,72999.15,UNSECURED_PERSONAL,HOUSEHOLD,DEPOSITS,False,ACTIVE,2026-08-21,21666.67,22352.69,65,DPD_61_90,False,,False,False,0,0,PTY-LENDER_A-00000782,ANON-LENDER_A-00000782,PERSON,synthetic,WCDS-0.1
FAC-LENDER_A-00000783,LENDER_A,LENDER_A-100783,,TERM_LOAN,SALARY_6M,NGN,750000,750000,750000,2025-03-30,2025-03-30,2025-09-26,180,0.339822,FIXED,MONTHLY,145947.91,UNSECURED_PERSONAL,HOUSEHOLD,DEPOSITS,False,CLOSED,2026-08-21,0,0.0,0,CURRENT,False,,False,False,0,0,PTY-LENDER_A-00000783,ANON-LENDER_A-00000783,PERSON,synthetic,WCDS-0.1
FAC-LENDER_A-00000784,LENDER_A,LENDER_A-100784,,TERM_LOAN,SALARY_3M,NGN,300000,300000,300000,2025-08-20,2025-08-20,2025-11-18,90,0.35704,FIXED,MONTHLY,108803.73,UNSECURED_PERSONAL,HOUSEHOLD,DEPOSITS,False,CLOSED,2026-08-21,0,0.0,0,CURRENT,False,,False,False,0,0,PTY-LENDER_A-00000784,ANON-LENDER_A-00000784,PERSON,synthetic,WCDS-0.1
FAC-LENDER_A-00000785,LENDER_A,LENDER_A-100785,,TERM_LOAN,SALARY_3M,NGN,400000,400000,400000,2025-01-19,2025-01-19,2025-04-19,90,0.315287,FIXED,MONTHLY,143698.94,UNSECURED_PERSONAL,HOUSEHOLD,DEPOSITS,False,CLOSED,2026-08-21,0,0.0,0,CURRENT,False,,False,False,0,0,PTY-LENDER_A-00000785,ANON-LENDER_A-00000785,PERSON,synthetic,WCDS-0.1
FAC-LENDER_A-00000786,LENDER_A,LENDER_A-100786,,TERM_LOAN,SALARY_6M,NGN,250000,250000,250000,2025-12-05,2025-12-05,2026-06-03,180,0.323929,FIXED,MONTHLY,48322.75,UNSECURED_PERSONAL,HOUSEHOLD,DEPOSITS,False,CLOSED,2026-08-21,0,0.0,0,CURRENT,False,,False,False,0,0,PTY-LENDER_A-00000786,ANON-LENDER_A-00000786,PERSON,synthetic,WCDS-0.1
FAC-LENDER_A-00000787,LENDER_A,LENDER_A-100787,,TERM_LOAN,PERSONAL_9M,NGN,500000,500000,500000,2025-05-23,2025-05-23,2026-02-17,270,0.320886,FIXED,MONTHLY,68742.64,PERSONAL,HOUSEHOLD,DEPOSITS,False,CLOSED,2026-08-21,0,0.0,0,CURRENT,False,,False,False,0,0,PTY-LENDER_A-00000787,ANON-LENDER_A-00000787,PERSON,synthetic,WCDS-0.1
FAC-LENDER_A-00000788,LENDER_A,LENDER_A-100788,,TERM_LOAN,PERSONAL_9M,NGN,150000,150000,150000,2025-01-01,2025-01-01,2025-09-28,270,0.30077,FIXED,MONTHLY,20374.79,PERSONAL,HOUSEHOLD,DEPOSITS,False,ACTIVE,2026-08-21,3750.0,3796.35,15,DPD_1_30,False,,False,False,0,0,PTY-LENDER_A-00000788,ANON-LENDER_A-00000788,PERSON,synthetic,WCDS-0.1
FAC-LENDER_A-00000789,LENDER_A,LENDER_A-100789,,TERM_LOAN,SALARY_3M,NGN,750000,750000,750000,2026-02-12,2026-02-12,2026-05-13,90,0.313719,FIXED,MONTHLY,269338.83,UNSECURED_PERSONAL,HOUSEHOLD,DEPOSITS,False,CLOSED,2026-08-21,0,0.0,0,CURRENT,False,,False,False,0,0,PTY-LENDER_A-00000789,ANON-LENDER_A-00000789,PERSON,synthetic,WCDS-0.1
FAC-LENDER_A-00000790,LENDER_A,LENDER_A-100790,,TERM_LOAN,PERSONAL_9M,NGN,500000,500000,500000,2025-09-10,2025-09-10,2026-06-07,270,0.362261,FIXED,MONTHLY,70443.0,PERSONAL,HOUSEHOLD,DEPOSITS,False,CLOSED,2026-08-21,0,0.0,0,CURRENT,False,,False,False,0,0,PTY-LENDER_A-00000790,ANON-LENDER_A-00000790,PERSON,synthetic,WCDS-0.1
FAC-LENDER_A-00000791,LENDER_A,LENDER_A-100791,,TERM_LOAN,PERSONAL_9M,NGN,100000,100000,100000,2026-03-14,2026-03-14,2026-12-09,270,0.378044,FIXED,MONTHLY,14218.32,PERSONAL,HOUSEHOLD,DEPOSITS,False,ACTIVE,2026-08-21,40740.74,40740.74,0,CURRENT,False,,False,False,0,0,PTY-LENDER_A-00000791,ANON-LENDER_A-00000791,PERSON,synthetic,WCDS-0.1
FAC-LENDER_A-00000792,LENDER_A,LENDER_A-100792,,TERM_LOAN,SALARY_6M,NGN,250000,250000,250000,2026-01-13,2026-01-13,2026-07-12,180,0.29498,FIXED,MONTHLY,47727.91,UNSECURED_PERSONAL,HOUSEHOLD,DEPOSITS,False,CLOSED,2026-08-21,0,0.0,0,CURRENT,False,,False,False,0,0,PTY-LENDER_A-00000792,ANON-LENDER_A-00000792,PERSON,synthetic,WCDS-0.1
FAC-LENDER_A-00000793,LENDER_A,LENDER_A-100793,,TERM_LOAN,SALARY_6M,NGN,500000,500000,500000,2025-08-24,2025-08-24,2026-02-20,180,0.328433,FIXED,MONTHLY,96830.59,UNSECURED_PERSONAL,HOUSEHOLD,DEPOSITS,False,DEFAULTED,2026-08-21,75000.0,77024.59,180,DPD_90_PLUS,True,2026-05-23,False,False,0,0,PTY-LENDER_A-00000793,ANON-LENDER_A-00000793,PERSON,synthetic,WCDS-0.1
FAC-LENDER_A-00000794,LENDER_A,LENDER_A-100794,,TERM_LOAN,SALARY_3M,NGN,400000,400000,400000,2025-01-26,2025-01-26,2025-04-26,90,0.361251,FIXED,MONTHLY,145210.07,UNSECURED_PERSONAL,HOUSEHOLD,DEPOSITS,False,WRITTEN_OFF,2026-08-21,5872.18,6046.53,130,DPD_90_PLUS,True,2026-07-12,False,True,60000.0,1645.47,PTY-LENDER_A-00000794,ANON-LENDER_A-00000794,PERSON,synthetic,WCDS-0.1
FAC-LENDER_A-00000795,LENDER_A,LENDER_A-100795,,TERM_LOAN,PERSONAL_9M,NGN,500000,500000,500000,2025-09-20,2025-09-20,2026-06-17,270,0.331806,FIXED,MONTHLY,69191.41,PERSONAL,HOUSEHOLD,DEPOSITS,False,ACTIVE,2026-08-21,5833.33,5870.45,7,DPD_1_30,False,,False,False,0,0,PTY-LENDER_A-00000795,ANON-LENDER_A-00000795,PERSON,synthetic,WCDS-0.1
FAC-LENDER_A-00000796,LENDER_A,LENDER_A-100796,,TERM_LOAN,SALARY_3M,NGN,750000,750000,750000,2026-03-22,2026-03-22,2026-06-20,90,0.348724,FIXED,MONTHLY,271496.68,UNSECURED_PERSONAL,HOUSEHOLD,DEPOSITS,False,CLOSED,2026-08-21,0,0.0,0,CURRENT,False,,False,False,0,0,PTY-LENDER_A-00000796,ANON-LENDER_A-00000796,PERSON,synthetic,WCDS-0.1
FAC-LENDER_A-00000797,LENDER_A,LENDER_A-100797,,TERM_LOAN,SALARY_3M,NGN,300000,300000,300000,2026-04-05,2026-04-05,2026-07-04,90,0.346151,FIXED,MONTHLY,108535.24,UNSECURED_PERSONAL,HOUSEHOLD,DEPOSITS,False,CLOSED,2026-08-21,0,0.0,0,CURRENT,False,,False,False,0,0,PTY-LENDER_A-00000797,ANON-LENDER_A-00000797,PERSON,synthetic,WCDS-0.1
FAC-LENDER_A-00000798,LENDER_A,LENDER_A-100798,,TERM_LOAN,SALARY_6M,NGN,500000,500000,500000,2026-03-25,2026-03-25,2026-09-21,180,0.261885,FIXED,MONTHLY,94095.73,UNSECURED_PERSONAL,HOUSEHOLD,DEPOSITS,False,ACTIVE,2026-08-21,86111.11,86111.11,0,CURRENT,False,,False,False,0,0,PTY-LENDER_A-00000798,ANON-LENDER_A-00000798,PERSON,synthetic,WCDS-0.1
FAC-LENDER_A-00000799,LENDER_A,LENDER_A-100799,,TERM_LOAN,PERSONAL_9M,NGN,500000,500000,500000,2026-02-08,2026-02-08,2026-11-05,270,0.334723,FIXED,MONTHLY,69311.31,PERSONAL,HOUSEHOLD,DEPOSITS,False,ACTIVE,2026-08-21,140740.74,140740.74,0,CURRENT,False,,False,False,0,0,PTY-LENDER_A-00000799,ANON-LENDER_A-00000799,PERSON,synthetic,WCDS-0.1
FAC-LENDER_A-00000800,LENDER_A,LENDER_A-100800,,TERM_LOAN,SALARY_3M,NGN,200000,200000,200000,2025-06-03,2025-06-03,2025-09-01,90,0.350895,FIXED,MONTHLY,72434.8,UNSECURED_PERSONAL,HOUSEHOLD,DEPOSITS,False,CLOSED,2026-08-21,0,0.0,0,CURRENT,False,,False,False,0,0,PTY-LENDER_A-00000800,ANON-LENDER_A-00000800,PERSON,synthetic,WCDS-0.1
FAC-LENDER_A-00000801,LENDER_A,LENDER_A-100801,,TERM_LOAN,PERSONAL_9M,NGN,300000,300000,300000,2025-06-17,2025-06-17,2026-03-14,270,0.30841,FIXED,MONTHLY,40937.96,PERSONAL,HOUSEHOLD,DEPOSITS,False,ACTIVE,2026-08-21,32500.0,33323.83,65,DPD_61_90,False,,False,False,0,0,PTY-LENDER_A-00000801,ANON-LENDER_A-00000801,PERSON,synthetic,WCDS-0.1
FAC-LENDER_A-00000802,LENDER_A,LENDER_A-100802,,TERM_LOAN,SALARY_6M,NGN,150000,150000,150000,2024-12-25,2024-12-25,2025-06-23,180,0.264544,FIXED,MONTHLY,28261.5,UNSECURED_PERSONAL,HOUSEHOLD,DEPOSITS,False,CLOSED,2026-08-21,0,0.0,0,CURRENT,False,,False,False,0,0,PTY-LENDER_A-00000802,ANON-LENDER_A-00000802,PERSON,synthetic,WCDS-0.1
FAC-LENDER_A-00000803,LENDER_A,LENDER_A-100803,,TERM_LOAN,SALARY_6M,NGN,750000,750000,750000,2025-02-28,2025-02-28,2025-08-27,180,0.27705,FIXED,MONTHLY,142078.46,UNSECURED_PERSONAL,HOUSEHOLD,DEPOSITS,False,CLOSED,2026-08-21,0,0.0,0,CURRENT,False,,False,False,0,0,PTY-LENDER_A-00000803,ANON-LENDER_A-00000803,PERSON,synthetic,WCDS-0.1
FAC-LENDER_A-00000804,LENDER_A,LENDER_A-100804,,TERM_LOAN,PERSONAL_9M,NGN,150000,150000,150000,2025-02-05,2025-02-05,2025-11-02,270,0.336694,FIXED,MONTHLY,20817.69,PERSONAL,HOUSEHOLD,DEPOSITS,False,ACTIVE,2026-08-21,3750.0,3801.89,15,DPD_1_30,False,,False,False,0,0,PTY-LENDER_A-00000804,ANON-LENDER_A-00000804,PERSON,synthetic,WCDS-0.1
FAC-LENDER_A-00000805,LENDER_A,LENDER_A-100805,,TERM_LOAN,SALARY_3M,NGN,750000,750000,750000,2025-05-04,2025-05-04,2025-08-02,90,0.3375,FIXED,MONTHLY,270804.79,UNSECURED_PERSONAL,HOUSEHOLD,DEPOSITS,False,CLOSED,2026-08-21,0,0.0,0,CURRENT,False,,False,False,0,0,PTY-LENDER_A-00000805,ANON-LENDER_A-00000805,PERSON,synthetic,WCDS-0.1
FAC-LENDER_A-00000806,LENDER_A,LENDER_A-100806,,TERM_LOAN,SALARY_6M,NGN,300000,300000,300000,2026-02-21,2026-02-21,2026-08-20,180,0.348058,FIXED,MONTHLY,58582.25,UNSECURED_PERSONAL,HOUSEHOLD,DEPOSITS,False,CLOSED,2026-08-21,0,0.0,0,CURRENT,False,,False,False,0,0,PTY-LENDER_A-00000806,ANON-LENDER_A-00000806,PERSON,synthetic,WCDS-0.1
FAC-LENDER_A-00000807,LENDER_A,LENDER_A-100807,,TERM_LOAN,PERSONAL_9M,NGN,300000,300000,300000,2026-06-10,2026-06-10,2027-03-07,270,0.367237,FIXED,MONTHLY,42388.48,PERSONAL,HOUSEHOLD,DEPOSITS,False,ACTIVE,2026-08-21,220000.0,220000.0,0,CURRENT,False,,False,False,0,0,PTY-LENDER_A-00000807,ANON-LENDER_A-00000807,PERSON,synthetic,WCDS-0.1
FAC-LENDER_A-00000808,LENDER_A,LENDER_A-100808,,TERM_LOAN,SALARY_6M,NGN,100000,100000,100000,2025-10-22,2025-10-22,2026-04-20,180,0.328743,FIXED,MONTHLY,19368.67,UNSECURED_PERSONAL,HOUSEHOLD,DEPOSITS,False,CLOSED,2026-08-21,0,0.0,0,CURRENT,False,,False,False,0,0,PTY-LENDER_A-00000808,ANON-LENDER_A-00000808,PERSON,synthetic,WCDS-0.1
FAC-LENDER_A-00000809,LENDER_A,LENDER_A-100809,,TERM_LOAN,SALARY_6M,NGN,200000,200000,200000,2025-10-28,2025-10-28,2026-04-26,180,0.269223,FIXED,MONTHLY,37758.92,UNSECURED_PERSONAL,HOUSEHOLD,DEPOSITS,False,CLOSED,2026-08-21,0,0.0,0,CURRENT,False,,False,False,0,0,PTY-LENDER_A-00000809,ANON-LENDER_A-00000809,PERSON,synthetic,WCDS-0.1
FAC-LENDER_A-00000810,LENDER_A,LENDER_A-100810,,TERM_LOAN,PERSONAL_9M,NGN,200000,200000,200000,2025-05-11,2025-05-11,2026-02-05,270,0.352459,FIXED,MONTHLY,28016.06,PERSONAL,HOUSEHOLD,DEPOSITS,False,CLOSED,2026-08-21,0,0.0,0,CURRENT,False,,False,False,0,0,PTY-LENDER_A-00000810,ANON-LENDER_A-00000810,PERSON,synthetic,WCDS-0.1
FAC-LENDER_A-00000811,LENDER_A,LENDER_A-100811,,TERM_LOAN,SALARY_3M,NGN,1000000,1000000,1000000,2026-07-09,2026-07-09,2026-10-07,90,0.321048,FIXED,MONTHLY,359720.83,UNSECURED_PERSONAL,HOUSEHOLD,DEPOSITS,False,ACTIVE,2026-08-21,522222.22,522222.22,0,CURRENT,False,,False,False,0,0,PTY-LENDER_A-00000811,ANON-LENDER_A-00000811,PERSON,synthetic,WCDS-0.1
FAC-LENDER_A-00000812,LENDER_A,LENDER_A-100812,,TERM_LOAN,SALARY_3M,NGN,750000,750000,750000,2025-06-15,2025-06-15,2025-09-13,90,0.310128,FIXED,MONTHLY,269117.49,UNSECURED_PERSONAL,HOUSEHOLD,DEPOSITS,False,ACTIVE,2026-08-21,8750.0,8802.04,7,DPD_1_30,False,,False,False,0,0,PTY-LENDER_A-00000812,ANON-LENDER_A-00000812,PERSON,synthetic,WCDS-0.1
FAC-LENDER_A-00000813,LENDER_A,LENDER_A-100813,,TERM_LOAN,SALARY_3M,NGN,400000,400000,400000,2026-06-17,2026-06-17,2026-09-15,90,0.328554,FIXED,MONTHLY,144135.1,UNSECURED_PERSONAL,HOUSEHOLD,DEPOSITS,False,ACTIVE,2026-08-21,111111.11,111111.11,0,CURRENT,False,,False,False,0,0,PTY-LENDER_A-00000813,ANON-LENDER_A-00000813,PERSON,synthetic,WCDS-0.1
FAC-LENDER_A-00000814,LENDER_A,LENDER_A-100814,,TERM_LOAN,SALARY_6M,NGN,750000,750000,750000,2025-10-07,2025-10-07,2026-04-05,180,0.273919,FIXED,MONTHLY,141885.44,UNSECURED_PERSONAL,HOUSEHOLD,DEPOSITS,False,CLOSED,2026-08-21,0,0.0,0,CURRENT,False,,False,False,0,0,PTY-LENDER_A-00000814,ANON-LENDER_A-00000814,PERSON,synthetic,WCDS-0.1
FAC-LENDER_A-00000815,LENDER_A,LENDER_A-100815,,TERM_LOAN,PERSONAL_9M,NGN,500000,500000,500000,2025-04-13,2025-04-13,2026-01-08,270,0.308039,FIXED,MONTHLY,68214.71,PERSONAL,HOUSEHOLD,DEPOSITS,False,CLOSED,2026-08-21,0,0.0,0,CURRENT,False,,False,False,0,0,PTY-LENDER_A-00000815,ANON-LENDER_A-00000815,PERSON,synthetic,WCDS-0.1
FAC-LENDER_A-00000816,LENDER_A,LENDER_A-100816,,TERM_LOAN,SALARY_6M,NGN,500000,500000,500000,2025-09-22,2025-09-22,2026-03-21,180,0.312168,FIXED,MONTHLY,96162.16,UNSECURED_PERSONAL,HOUSEHOLD,DEPOSITS,False,DEFAULTED,2026-08-21,75000.0,76924.32,130,DPD_90_PLUS,True,2026-07-12,True,False,0,0,PTY-LENDER_A-00000816,ANON-LENDER_A-00000816,PERSON,synthetic,WCDS-0.1
FAC-LENDER_A-00000817,LENDER_A,LENDER_A-100817,,TERM_LOAN,SALARY_6M,NGN,300000,300000,300000,2025-09-02,2025-09-02,2026-03-01,180,0.336491,FIXED,MONTHLY,58297.04,UNSECURED_PERSONAL,HOUSEHOLD,DEPOSITS,False,CLOSED,2026-08-21,0,0.0,0,CURRENT,False,,False,False,0,0,PTY-LENDER_A-00000817,ANON-LENDER_A-00000817,PERSON,synthetic,WCDS-0.1
FAC-LENDER_A-00000818,LENDER_A,LENDER_A-100818,,TERM_LOAN,SALARY_6M,NGN,250000,250000,250000,2024-12-17,2024-12-17,2025-06-15,180,0.290641,FIXED,MONTHLY,47638.75,UNSECURED_PERSONAL,HOUSEHOLD,DEPOSITS,False,ACTIVE,2026-08-21,2916.67,2932.92,7,DPD_1_30,False,,False,False,0,0,PTY-LENDER_A-00000818,ANON-LENDER_A-00000818,PERSON,synthetic,WCDS-0.1
FAC-LENDER_A-00000819,LENDER_A,LENDER_A-100819,,TERM_LOAN,SALARY_6M,NGN,1000000,1000000,1000000,2026-08-01,2026-08-01,2027-01-28,180,0.341326,FIXED,MONTHLY,194720.87,UNSECURED_PERSONAL,HOUSEHOLD,DEPOSITS,False,ACTIVE,2026-08-21,888888.89,888888.89,0,CURRENT,False,,False,False,0,0,PTY-LENDER_A-00000819,ANON-LENDER_A-00000819,PERSON,synthetic,WCDS-0.1
FAC-LENDER_A-00000820,LENDER_A,LENDER_A-100820,,TERM_LOAN,SALARY_3M,NGN,750000,750000,750000,2025-08-17,2025-08-17,2025-11-15,90,0.399803,FIXED,MONTHLY,274645.37,UNSECURED_PERSONAL,HOUSEHOLD,DEPOSITS,False,CLOSED,2026-08-21,0,0.0,0,CURRENT,False,,False,False,0,0,PTY-LENDER_A-00000820,ANON-LENDER_A-00000820,PERSON,synthetic,WCDS-0.1
FAC-LENDER_A-00000821,LENDER_A,LENDER_A-100821,,TERM_LOAN,SALARY_3M,NGN,100000,100000,100000,2024-12-11,2024-12-11,2025-03-11,90,0.333996,FIXED,MONTHLY,36078.5,UNSECURED_PERSONAL,HOUSEHOLD,DEPOSITS,False,CLOSED,2026-08-21,0,0.0,0,CURRENT,False,,False,False,0,0,PTY-LENDER_A-00000821,ANON-LENDER_A-00000821,PERSON,synthetic,WCDS-0.1
FAC-LENDER_A-00000822,LENDER_A,LENDER_A-100822,,TERM_LOAN,PERSONAL_9M,NGN,150000,150000,150000,2026-05-15,2026-05-15,2027-02-09,270,0.35657,FIXED,MONTHLY,21062.73,PERSONAL,HOUSEHOLD,DEPOSITS,False,ACTIVE,2026-08-21,104305.56,107362.45,35,DPD_31_60,False,,True,False,0,0,PTY-LENDER_A-00000822,ANON-LENDER_A-00000822,PERSON,synthetic,WCDS-0.1
FAC-LENDER_A-00000823,LENDER_A,LENDER_A-100823,,TERM_LOAN,SALARY_3M,NGN,150000,150000,150000,2026-02-04,2026-02-04,2026-05-05,90,0.378767,FIXED,MONTHLY,54669.73,UNSECURED_PERSONAL,HOUSEHOLD,DEPOSITS,False,CLOSED,2026-08-21,0,0.0,0,CURRENT,False,,False,False,0,0,PTY-LENDER_A-00000823,ANON-LENDER_A-00000823,PERSON,synthetic,WCDS-0.1
FAC-LENDER_A-00000824,LENDER_A,LENDER_A-100824,,TERM_LOAN,SALARY_6M,NGN,500000,500000,500000,2025-09-14,2025-09-14,2026-03-13,180,0.372342,FIXED,MONTHLY,98635.05,UNSECURED_PERSONAL,HOUSEHOLD,DEPOSITS,False,CLOSED,2026-08-21,0,0.0,0,CURRENT,False,,False,False,0,0,PTY-LENDER_A-00000824,ANON-LENDER_A-00000824,PERSON,synthetic,WCDS-0.1
FAC-LENDER_A-00000825,LENDER_A,LENDER_A-100825,,TERM_LOAN,SALARY_6M,NGN,400000,400000,400000,2026-06-11,2026-06-11,2026-12-08,180,0.293274,FIXED,MONTHLY,76308.57,UNSECURED_PERSONAL,HOUSEHOLD,DEPOSITS,False,ACTIVE,2026-08-21,242222.22,242222.22,0,CURRENT,False,,False,False,0,0,PTY-LENDER_A-00000825,ANON-LENDER_A-00000825,PERSON,synthetic,WCDS-0.1
FAC-LENDER_A-00000826,LENDER_A,LENDER_A-100826,,TERM_LOAN,SALARY_3M,NGN,500000,500000,500000,2026-02-10,2026-02-10,2026-05-11,90,0.397536,FIXED,MONTHLY,183003.77,UNSECURED_PERSONAL,HOUSEHOLD,DEPOSITS,False,CLOSED,2026-08-21,0,0.0,0,CURRENT,False,,False,False,0,0,PTY-LENDER_A-00000826,ANON-LENDER_A-00000826,PERSON,synthetic,WCDS-0.1
FAC-LENDER_A-00000827,LENDER_A,LENDER_A-100827,,TERM_LOAN,PERSONAL_9M,NGN,150000,150000,150000,2025-05-16,2025-05-16,2026-02-10,270,0.33175,FIXED,MONTHLY,20756.74,PERSONAL,HOUSEHOLD,DEPOSITS,False,ACTIVE,2026-08-21,1750.0,1761.13,7,DPD_1_30,False,,False,False,0,0,PTY-LENDER_A-00000827,ANON-LENDER_A-00000827,PERSON,synthetic,WCDS-0.1
FAC-LENDER_A-00000828,LENDER_A,LENDER_A-100828,,TERM_LOAN,SALARY_6M,NGN,750000,750000,750000,2026-07-23,2026-07-23,2027-01-19,180,0.26875,FIXED,MONTHLY,141566.8,UNSECURED_PERSONAL,HOUSEHOLD,DEPOSITS,False,ACTIVE,2026-08-21,710416.67,726109.11,65,DPD_61_90,False,,True,False,0,0,PTY-LENDER_A-00000828,ANON-LENDER_A-00000828,PERSON,synthetic,WCDS-0.1
FAC-LENDER_A-00000829,LENDER_A,LENDER_A-100829,,TERM_LOAN,SALARY_6M,NGN,200000,200000,200000,2025-09-08,2025-09-08,2026-03-07,180,0.371947,FIXED,MONTHLY,39447.53,UNSECURED_PERSONAL,HOUSEHOLD,DEPOSITS,False,ACTIVE,2026-08-21,21666.67,22329.04,65,DPD_61_90,False,,False,False,0,0,PTY-LENDER_A-00000829,ANON-LENDER_A-00000829,PERSON,synthetic,WCDS-0.1
FAC-LENDER_A-00000830,LENDER_A,LENDER_A-100830,,TERM_LOAN,SALARY_6M,NGN,500000,500000,500000,2026-06-01,2026-06-01,2026-11-28,180,0.372789,FIXED,MONTHLY,98653.44,UNSECURED_PERSONAL,HOUSEHOLD,DEPOSITS,False,ACTIVE,2026-08-21,275000.0,275000.0,0,CURRENT,False,,False,False,0,0,PTY-LENDER_A-00000830,ANON-LENDER_A-00000830,PERSON,synthetic,WCDS-0.1
FAC-LENDER_A-00000831,LENDER_A,LENDER_A-100831,,TERM_LOAN,SALARY_6M,NGN,150000,150000,150000,2025-01-08,2025-01-08,2025-07-07,180,0.374499,FIXED,MONTHLY,29617.11,UNSECURED_PERSONAL,HOUSEHOLD,DEPOSITS,False,CLOSED,2026-08-21,0,0.0,0,CURRENT,False,,False,False,0,0,PTY-LENDER_A-00000831,ANON-LENDER_A-00000831,PERSON,synthetic,WCDS-0.1
FAC-LENDER_A-00000832,LENDER_A,LENDER_A-100832,,TERM_LOAN,SALARY_3M,NGN,150000,150000,150000,2025-08-02,2025-08-02,2025-10-31,90,0.418992,FIXED,MONTHLY,55165.66,UNSECURED_PERSONAL,HOUSEHOLD,DEPOSITS,False,CLOSED,2026-08-21,0,0.0,0,CURRENT,False,,False,False,0,0,PTY-LENDER_A-00000832,ANON-LENDER_A-00000832,PERSON,synthetic,WCDS-0.1
FAC-LENDER_A-00000833,LENDER_A,LENDER_A-100833,,TERM_LOAN,SALARY_6M,NGN,250000,250000,250000,2026-02-12,2026-02-12,2026-08-11,180,0.269655,FIXED,MONTHLY,47207.52,UNSECURED_PERSONAL,HOUSEHOLD,DEPOSITS,False,CLOSED,2026-08-21,0,0.0,0,CURRENT,False,,False,False,0,0,PTY-LENDER_A-00000833,ANON-LENDER_A-00000833,PERSON,synthetic,WCDS-0.1
FAC-LENDER_A-00000834,LENDER_A,LENDER_A-100834,,TERM_LOAN,SALARY_6M,NGN,150000,150000,150000,2025-08-09,2025-08-09,2026-02-05,180,0.339288,FIXED,MONTHLY,29183.0,UNSECURED_PERSONAL,HOUSEHOLD,DEPOSITS,False,CLOSED,2026-08-21,0,0.0,0,CURRENT,False,,False,False,0,0,PTY-LENDER_A-00000834,ANON-LENDER_A-00000834,PERSON,synthetic,WCDS-0.1
FAC-LENDER_A-00000835,LENDER_A,LENDER_A-100835,,TERM_LOAN,SALARY_3M,NGN,250000,250000,250000,2026-07-17,2026-07-17,2026-10-15,90,0.406226,FIXED,MONTHLY,91680.44,UNSECURED_PERSONAL,HOUSEHOLD,DEPOSITS,False,ACTIVE,2026-08-21,155694.44,156907.4,7,DPD_1_30,False,,False,False,0,0,PTY-LENDER_A-00000835,ANON-LENDER_A-00000835,PERSON,synthetic,WCDS-0.1
FAC-LENDER_A-00000836,LENDER_A,LENDER_A-100836,,TERM_LOAN,PERSONAL_9M,NGN,300000,300000,300000,2025-03-18,2025-03-18,2025-12-13,270,0.287559,FIXED,MONTHLY,40423.83,PERSONAL,HOUSEHOLD,DEPOSITS,False,CLOSED,2026-08-21,0,0.0,0,CURRENT,False,,False,False,0,0,PTY-LENDER_A-00000836,ANON-LENDER_A-00000836,PERSON,synthetic,WCDS-0.1
FAC-LENDER_A-00000837,LENDER_A,LENDER_A-100837,,TERM_LOAN,SALARY_3M,NGN,400000,400000,400000,2026-06-15,2026-06-15,2026-09-13,90,0.40011,FIXED,MONTHLY,146487.64,UNSECURED_PERSONAL,HOUSEHOLD,DEPOSITS,False,ACTIVE,2026-08-21,102222.22,102222.22,0,CURRENT,False,,False,False,0,0,PTY-LENDER_A-00000837,ANON-LENDER_A-00000837,PERSON,synthetic,WCDS-0.1
FAC-LENDER_A-00000838,LENDER_A,LENDER_A-100838,,TERM_LOAN,PERSONAL_9M,NGN,1000000,1000000,1000000,2025-04-29,2025-04-29,2026-01-24,270,0.305401,FIXED,MONTHLY,136212.59,PERSONAL,HOUSEHOLD,DEPOSITS,False,DEFAULTED,2026-08-21,150000.0,153765.22,95,DPD_90_PLUS,True,2026-08-16,False,False,0,0,PTY-LENDER_A-00000838,ANON-LENDER_A-00000838,PERSON,synthetic,WCDS-0.1
FAC-LENDER_A-00000839,LENDER_A,LENDER_A-100839,,TERM_LOAN,SALARY_3M,NGN,100000,100000,100000,2026-03-20,2026-03-20,2026-06-18,90,0.364387,FIXED,MONTHLY,36328.3,UNSECURED_PERSONAL,HOUSEHOLD,DEPOSITS,False,CLOSED,2026-08-21,0,0.0,0,CURRENT,False,,False,False,0,0,PTY-LENDER_A-00000839,ANON-LENDER_A-00000839,PERSON,synthetic,WCDS-0.1
FAC-LENDER_A-00000840,LENDER_A,LENDER_A-100840,,TERM_LOAN,SALARY_3M,NGN,200000,200000,200000,2026-07-28,2026-07-28,2026-10-26,90,0.302288,FIXED,MONTHLY,71635.78,UNSECURED_PERSONAL,HOUSEHOLD,DEPOSITS,False,ACTIVE,2026-08-21,146666.67,146666.67,0,CURRENT,False,,False,False,0,0,PTY-LENDER_A-00000840,ANON-LENDER_A-00000840,PERSON,synthetic,WCDS-0.1
FAC-LENDER_A-00000841,LENDER_A,LENDER_A-100841,,TERM_LOAN,SALARY_6M,NGN,200000,200000,200000,2024-12-14,2024-12-14,2025-06-12,180,0.29688,FIXED,MONTHLY,38213.56,UNSECURED_PERSONAL,HOUSEHOLD,DEPOSITS,False,CLOSED,2026-08-21,0,0.0,0,CURRENT,False,,False,False,0,0,PTY-LENDER_A-00000841,ANON-LENDER_A-00000841,PERSON,synthetic,WCDS-0.1
FAC-LENDER_A-00000842,LENDER_A,LENDER_A-100842,,TERM_LOAN,PERSONAL_9M,NGN,250000,250000,250000,2026-06-08,2026-06-08,2027-03-05,270,0.351397,FIXED,MONTHLY,34998.27,PERSONAL,HOUSEHOLD,DEPOSITS,False,ACTIVE,2026-08-21,187731.48,190442.51,15,DPD_1_30,False,,False,False,0,0,PTY-LENDER_A-00000842,ANON-LENDER_A-00000842,PERSON,synthetic,WCDS-0.1
FAC-LENDER_A-00000843,LENDER_A,LENDER_A-100843,,TERM_LOAN,PERSONAL_9M,NGN,500000,500000,500000,2025-09-13,2025-09-13,2026-06-10,270,0.397863,FIXED,MONTHLY,71906.1,PERSONAL,HOUSEHOLD,DEPOSITS,False,CLOSED,2026-08-21,0,0.0,0,CURRENT,False,,False,False,0,0,PTY-LENDER_A-00000843,ANON-LENDER_A-00000843,PERSON,synthetic,WCDS-0.1
FAC-LENDER_A-00000844,LENDER_A,LENDER_A-100844,,TERM_LOAN,SALARY_3M,NGN,100000,100000,100000,2024-12-12,2024-12-12,2025-03-12,90,0.382091,FIXED,MONTHLY,36473.8,UNSECURED_PERSONAL,HOUSEHOLD,DEPOSITS,False,CLOSED,2026-08-21,0,0.0,0,CURRENT,False,,False,False,0,0,PTY-LENDER_A-00000844,ANON-LENDER_A-00000844,PERSON,synthetic,WCDS-0.1
FAC-LENDER_A-00000845,LENDER_A,LENDER_A-100845,,TERM_LOAN,SALARY_3M,NGN,400000,400000,400000,2025-01-22,2025-01-22,2025-04-22,90,0.307587,FIXED,MONTHLY,143445.77,UNSECURED_PERSONAL,HOUSEHOLD,DEPOSITS,False,CLOSED,2026-08-21,0,0.0,0,CURRENT,False,,False,False,0,0,PTY-LENDER_A-00000845,ANON-LENDER_A-00000845,PERSON,synthetic,WCDS-0.1
FAC-LENDER_A-00000846,LENDER_A,LENDER_A-100846,,TERM_LOAN,PERSONAL_9M,NGN,500000,500000,500000,2026-03-03,2026-03-03,2026-11-28,270,0.296005,FIXED,MONTHLY,67720.12,PERSONAL,HOUSEHOLD,DEPOSITS,False,ACTIVE,2026-08-21,183333.33,183333.33,0,CURRENT,False,,False,False,0,0,PTY-LENDER_A-00000846,ANON-LENDER_A-00000846,PERSON,synthetic,WCDS-0.1
FAC-LENDER_A-00000847,LENDER_A,LENDER_A-100847,,TERM_LOAN,SALARY_3M,NGN,300000,300000,300000,2025-06-11,2025-06-11,2025-09-09,90,0.358436,FIXED,MONTHLY,108838.15,UNSECURED_PERSONAL,HOUSEHOLD,DEPOSITS,False,CLOSED,2026-08-21,0,0.0,0,CURRENT,False,,False,False,0,0,PTY-LENDER_A-00000847,ANON-LENDER_A-00000847,PERSON,synthetic,WCDS-0.1
FAC-LENDER_A-00000848,LENDER_A,LENDER_A-100848,,TERM_LOAN,SALARY_3M,NGN,300000,300000,300000,2025-02-22,2025-02-22,2025-05-23,90,0.395069,FIXED,MONTHLY,109741.42,UNSECURED_PERSONAL,HOUSEHOLD,DEPOSITS,False,CLOSED,2026-08-21,0,0.0,0,CURRENT,False,,False,False,0,0,PTY-LENDER_A-00000848,ANON-LENDER_A-00000848,PERSON,synthetic,WCDS-0.1
FAC-LENDER_A-00000849,LENDER_A,LENDER_A-100849,,TERM_LOAN,PERSONAL_9M,NGN,200000,200000,200000,2025-03-18,2025-03-18,2025-12-13,270,0.363001,FIXED,MONTHLY,28189.36,PERSONAL,HOUSEHOLD,DEPOSITS,False,CLOSED,2026-08-21,0,0.0,0,CURRENT,False,,False,False,0,0,PTY-LENDER_A-00000849,ANON-LENDER_A-00000849,PERSON,synthetic,WCDS-0.1
FAC-LENDER_A-00000850,LENDER_A,LENDER_A-100850,,TERM_LOAN,SALARY_6M,NGN,100000,100000,100000,2025-01-17,2025-01-17,2025-07-16,180,0.359178,FIXED,MONTHLY,19618.81,UNSECURED_PERSONAL,HOUSEHOLD,DEPOSITS,False,CLOSED,2026-08-21,0,0.0,0,CURRENT,False,,False,False,0,0,PTY-LENDER_A-00000850,ANON-LENDER_A-00000850,PERSON,synthetic,WCDS-0.1
FAC-LENDER_A-00000851,LENDER_A,LENDER_A-100851,,TERM_LOAN,SALARY_6M,NGN,1000000,1000000,1000000,2025-03-10,2025-03-10,2025-09-06,180,0.323624,FIXED,MONTHLY,193265.89,UNSECURED_PERSONAL,HOUSEHOLD,DEPOSITS,False,CLOSED,2026-08-21,0,0.0,0,CURRENT,False,,False,False,0,0,PTY-LENDER_A-00000851,ANON-LENDER_A-00000851,PERSON,synthetic,WCDS-0.1
FAC-LENDER_A-00000852,LENDER_A,LENDER_A-100852,,TERM_LOAN,SALARY_3M,NGN,150000,150000,150000,2026-03-12,2026-03-12,2026-06-10,90,0.39244,FIXED,MONTHLY,54838.3,UNSECURED_PERSONAL,HOUSEHOLD,DEPOSITS,False,CLOSED,2026-08-21,0,0.0,0,CURRENT,False,,False,False,0,0,PTY-LENDER_A-00000852,ANON-LENDER_A-00000852,PERSON,synthetic,WCDS-0.1
FAC-LENDER_A-00000853,LENDER_A,LENDER_A-100853,,TERM_LOAN,PERSONAL_9M,NGN,100000,100000,100000,2026-06-17,2026-06-17,2027-03-14,270,0.301159,FIXED,MONTHLY,13586.39,PERSONAL,HOUSEHOLD,DEPOSITS,False,ACTIVE,2026-08-21,75925.93,75925.93,0,CURRENT,False,,False,False,0,0,PTY-LENDER_A-00000853,ANON-LENDER_A-00000853,PERSON,synthetic,WCDS-0.1
FAC-LENDER_A-00000854,LENDER_A,LENDER_A-100854,,TERM_LOAN,SALARY_6M,NGN,100000,100000,100000,2026-04-27,2026-04-27,2026-10-24,180,0.312161,FIXED,MONTHLY,19232.37,UNSECURED_PERSONAL,HOUSEHOLD,DEPOSITS,False,ACTIVE,2026-08-21,36722.22,36942.07,7,DPD_1_30,False,,False,False,0,0,PTY-LENDER_A-00000854,ANON-LENDER_A-00000854,PERSON,synthetic,WCDS-0.1
FAC-LENDER_A-00000855,LENDER_A,LENDER_A-100855,,TERM_LOAN,SALARY_6M,NGN,1000000,1000000,1000000,2026-04-15,2026-04-15,2026-10-12,180,0.281107,FIXED,MONTHLY,189771.31,UNSECURED_PERSONAL,HOUSEHOLD,DEPOSITS,False,ACTIVE,2026-08-21,288888.89,288888.89,0,CURRENT,False,,False,False,0,0,PTY-LENDER_A-00000855,ANON-LENDER_A-00000855,PERSON,synthetic,WCDS-0.1
FAC-LENDER_A-00000856,LENDER_A,LENDER_A-100856,,TERM_LOAN,SALARY_6M,NGN,250000,250000,250000,2025-09-12,2025-09-12,2026-03-11,180,0.313379,FIXED,MONTHLY,48105.95,UNSECURED_PERSONAL,HOUSEHOLD,DEPOSITS,False,CLOSED,2026-08-21,0,0.0,0,CURRENT,False,,False,False,0,0,PTY-LENDER_A-00000856,ANON-LENDER_A-00000856,PERSON,synthetic,WCDS-0.1
FAC-LENDER_A-00000857,LENDER_A,LENDER_A-100857,,TERM_LOAN,SALARY_6M,NGN,250000,250000,250000,2025-07-23,2025-07-23,2026-01-19,180,0.287334,FIXED,MONTHLY,47570.79,UNSECURED_PERSONAL,HOUSEHOLD,DEPOSITS,False,ACTIVE,2026-08-21,27083.33,27722.95,65,DPD_61_90,False,,True,False,0,0,PTY-LENDER_A-00000857,ANON-LENDER_A-00000857,PERSON,synthetic,WCDS-0.1
FAC-LENDER_A-00000858,LENDER_A,LENDER_A-100858,,TERM_LOAN,SALARY_3M,NGN,750000,750000,750000,2026-02-10,2026-02-10,2026-05-11,90,0.370211,FIXED,MONTHLY,272821.23,UNSECURED_PERSONAL,HOUSEHOLD,DEPOSITS,False,CLOSED,2026-08-21,0,0.0,0,CURRENT,False,,False,False,0,0,PTY-LENDER_A-00000858,ANON-LENDER_A-00000858,PERSON,synthetic,WCDS-0.1
FAC-LENDER_A-00000859,LENDER_A,LENDER_A-100859,,TERM_LOAN,SALARY_6M,NGN,250000,250000,250000,2025-09-02,2025-09-02,2026-03-01,180,0.346379,FIXED,MONTHLY,48784.03,UNSECURED_PERSONAL,HOUSEHOLD,DEPOSITS,False,CLOSED,2026-08-21,0,0.0,0,CURRENT,False,,False,False,0,0,PTY-LENDER_A-00000859,ANON-LENDER_A-00000859,PERSON,synthetic,WCDS-0.1
FAC-LENDER_A-00000860,LENDER_A,LENDER_A-100860,,TERM_LOAN,SALARY_6M,NGN,750000,750000,750000,2025-06-09,2025-06-09,2025-12-06,180,0.267158,FIXED,MONTHLY,141468.66,UNSECURED_PERSONAL,HOUSEHOLD,DEPOSITS,False,CLOSED,2026-08-21,0,0.0,0,CURRENT,False,,False,False,0,0,PTY-LENDER_A-00000860,ANON-LENDER_A-00000860,PERSON,synthetic,WCDS-0.1
FAC-LENDER_A-00000861,LENDER_A,LENDER_A-100861,,TERM_LOAN,PERSONAL_9M,NGN,200000,200000,200000,2024-12-28,2024-12-28,2025-09-24,270,0.352436,FIXED,MONTHLY,28015.7,PERSONAL,HOUSEHOLD,DEPOSITS,False,DEFAULTED,2026-08-21,30000.0,30869.02,130,DPD_90_PLUS,True,2026-07-12,True,False,0,0,PTY-LENDER_A-00000861,ANON-LENDER_A-00000861,PERSON,synthetic,WCDS-0.1
FAC-LENDER_A-00000862,LENDER_A,LENDER_A-100862,,TERM_LOAN,PERSONAL_9M,NGN,750000,750000,750000,2025-04-25,2025-04-25,2026-01-20,270,0.39948,FIXED,MONTHLY,107958.8,PERSONAL,HOUSEHOLD,DEPOSITS,False,CLOSED,2026-08-21,0,0.0,0,CURRENT,False,,False,False,0,0,PTY-LENDER_A-00000862,ANON-LENDER_A-00000862,PERSON,synthetic,WCDS-0.1
FAC-LENDER_A-00000863,LENDER_A,LENDER_A-100863,,TERM_LOAN,SALARY_6M,NGN,500000,500000,500000,2024-12-26,2024-12-26,2025-06-24,180,0.348341,FIXED,MONTHLY,97648.74,UNSECURED_PERSONAL,HOUSEHOLD,DEPOSITS,False,CLOSED,2026-08-21,0,0.0,0,CURRENT,False,,False,False,0,0,PTY-LENDER_A-00000863,ANON-LENDER_A-00000863,PERSON,synthetic,WCDS-0.1
FAC-LENDER_A-00000864,LENDER_A,LENDER_A-100864,,TERM_LOAN,SALARY_3M,NGN,500000,500000,500000,2026-06-27,2026-06-27,2026-09-25,90,0.411298,FIXED,MONTHLY,183569.31,UNSECURED_PERSONAL,HOUSEHOLD,DEPOSITS,False,ACTIVE,2026-08-21,194444.44,194444.44,0,CURRENT,False,,False,False,0,0,PTY-LENDER_A-00000864,ANON-LENDER_A-00000864,PERSON,synthetic,WCDS-0.1
FAC-LENDER_A-00000865,LENDER_A,LENDER_A-100865,,TERM_LOAN,PERSONAL_9M,NGN,500000,500000,500000,2025-04-08,2025-04-08,2026-01-03,270,0.284034,FIXED,MONTHLY,67228.2,PERSONAL,HOUSEHOLD,DEPOSITS,False,ACTIVE,2026-08-21,12500.0,12645.91,15,DPD_1_30,False,,False,False,0,0,PTY-LENDER_A-00000865,ANON-LENDER_A-00000865,PERSON,synthetic,WCDS-0.1
FAC-LENDER_A-00000866,LENDER_A,LENDER_A-100866,,TERM_LOAN,SALARY_3M,NGN,1000000,1000000,1000000,2026-07-30,2026-07-30,2026-10-28,90,0.383598,FIXED,MONTHLY,364861.97,UNSECURED_PERSONAL,HOUSEHOLD,DEPOSITS,False,ACTIVE,2026-08-21,755555.56,755555.56,0,CURRENT,False,,False,False,0,0,PTY-LENDER_A-00000866,ANON-LENDER_A-00000866,PERSON,synthetic,WCDS-0.1
FAC-LENDER_A-00000867,LENDER_A,LENDER_A-100867,,TERM_LOAN,SALARY_3M,NGN,150000,150000,150000,2026-07-26,2026-07-26,2026-10-24,90,0.348794,FIXED,MONTHLY,54300.2,UNSECURED_PERSONAL,HOUSEHOLD,DEPOSITS,False,ACTIVE,2026-08-21,106666.67,106666.67,0,CURRENT,False,,False,False,0,0,PTY-LENDER_A-00000867,ANON-LENDER_A-00000867,PERSON,synthetic,WCDS-0.1
FAC-LENDER_A-00000868,LENDER_A,LENDER_A-100868,,TERM_LOAN,PERSONAL_9M,NGN,100000,100000,100000,2025-05-03,2025-05-03,2026-01-28,270,0.382951,FIXED,MONTHLY,14258.65,PERSONAL,HOUSEHOLD,DEPOSITS,False,CLOSED,2026-08-21,0,0.0,0,CURRENT,False,,False,False,0,0,PTY-LENDER_A-00000868,ANON-LENDER_A-00000868,PERSON,synthetic,WCDS-0.1
FAC-LENDER_A-00000869,LENDER_A,LENDER_A-100869,,TERM_LOAN,SALARY_6M,NGN,750000,750000,750000,2026-08-10,2026-08-10,2027-02-06,180,0.344376,FIXED,MONTHLY,146228.67,UNSECURED_PERSONAL,HOUSEHOLD,DEPOSITS,False,ACTIVE,2026-08-21,747916.67,769086.37,35,DPD_31_60,False,,True,False,0,0,PTY-LENDER_A-00000869,ANON-LENDER_A-00000869,PERSON,synthetic,WCDS-0.1
FAC-LENDER_A-00000870,LENDER_A,LENDER_A-100870,,TERM_LOAN,SALARY_6M,NGN,300000,300000,300000,2025-02-02,2025-02-02,2025-08-01,180,0.299949,FIXED,MONTHLY,57396.0,UNSECURED_PERSONAL,HOUSEHOLD,DEPOSITS,False,CLOSED,2026-08-21,0,0.0,0,CURRENT,False,,False,False,0,0,PTY-LENDER_A-00000870,ANON-LENDER_A-00000870,PERSON,synthetic,WCDS-0.1
FAC-LENDER_A-00000871,LENDER_A,LENDER_A-100871,,TERM_LOAN,SALARY_6M,NGN,100000,100000,100000,2025-03-02,2025-03-02,2025-08-29,180,0.34216,FIXED,MONTHLY,19478.94,UNSECURED_PERSONAL,HOUSEHOLD,DEPOSITS,False,DEFAULTED,2026-08-21,15000.0,15421.84,95,DPD_90_PLUS,True,2026-08-16,False,False,0,0,PTY-LENDER_A-00000871,ANON-LENDER_A-00000871,PERSON,synthetic,WCDS-0.1
FAC-LENDER_A-00000872,LENDER_A,LENDER_A-100872,,TERM_LOAN,PERSONAL_9M,NGN,100000,100000,100000,2025-08-02,2025-08-02,2026-04-29,270,0.323871,FIXED,MONTHLY,13773.06,PERSONAL,HOUSEHOLD,DEPOSITS,False,CLOSED,2026-08-21,0,0.0,0,CURRENT,False,,False,False,0,0,PTY-LENDER_A-00000872,ANON-LENDER_A-00000872,PERSON,synthetic,WCDS-0.1
FAC-LENDER_A-00000873,LENDER_A,LENDER_A-100873,,TERM_LOAN,SALARY_3M,NGN,200000,200000,200000,2025-09-03,2025-09-03,2025-12-02,90,0.377781,FIXED,MONTHLY,72876.76,UNSECURED_PERSONAL,HOUSEHOLD,DEPOSITS,False,CLOSED,2026-08-21,0,0.0,0,CURRENT,False,,False,False,0,0,PTY-LENDER_A-00000873,ANON-LENDER_A-00000873,PERSON,synthetic,WCDS-0.1
FAC-LENDER_A-00000874,LENDER_A,LENDER_A-100874,,TERM_LOAN,PERSONAL_9M,NGN,250000,250000,250000,2025-12-24,2025-12-24,2026-09-20,270,0.392698,FIXED,MONTHLY,35846.91,PERSONAL,HOUSEHOLD,DEPOSITS,False,ACTIVE,2026-08-21,27777.78,27777.78,0,CURRENT,False,,False,False,0,0,PTY-LENDER_A-00000874,ANON-LENDER_A-00000874,PERSON,synthetic,WCDS-0.1
FAC-LENDER_A-00000875,LENDER_A,LENDER_A-100875,,TERM_LOAN,SALARY_3M,NGN,150000,150000,150000,2025-07-26,2025-07-26,2025-10-24,90,0.407752,FIXED,MONTHLY,55027.08,UNSECURED_PERSONAL,HOUSEHOLD,DEPOSITS,False,CLOSED,2026-08-21,0,0.0,0,CURRENT,False,,False,False,0,0,PTY-LENDER_A-00000875,ANON-LENDER_A-00000875,PERSON,synthetic,WCDS-0.1
FAC-LENDER_A-00000876,LENDER_A,LENDER_A-100876,,TERM_LOAN,PERSONAL_9M,NGN,1000000,1000000,1000000,2025-02-12,2025-02-12,2025-11-09,270,0.294725,FIXED,MONTHLY,135335.09,PERSONAL,HOUSEHOLD,DEPOSITS,False,ACTIVE,2026-08-21,108333.33,110957.6,65,DPD_61_90,False,,False,False,0,0,PTY-LENDER_A-00000876,ANON-LENDER_A-00000876,PERSON,synthetic,WCDS-0.1
FAC-LENDER_A-00000877,LENDER_A,LENDER_A-100877,,TERM_LOAN,SALARY_3M,NGN,250000,250000,250000,2025-04-30,2025-04-30,2025-07-29,90,0.344178,FIXED,MONTHLY,90405.47,UNSECURED_PERSONAL,HOUSEHOLD,DEPOSITS,False,CLOSED,2026-08-21,0,0.0,0,CURRENT,False,,False,False,0,0,PTY-LENDER_A-00000877,ANON-LENDER_A-00000877,PERSON,synthetic,WCDS-0.1
FAC-LENDER_A-00000878,LENDER_A,LENDER_A-100878,,TERM_LOAN,SALARY_3M,NGN,150000,150000,150000,2026-02-24,2026-02-24,2026-05-25,90,0.346882,FIXED,MONTHLY,54276.63,UNSECURED_PERSONAL,HOUSEHOLD,DEPOSITS,False,CLOSED,2026-08-21,0,0.0,0,CURRENT,False,,False,False,0,0,PTY-LENDER_A-00000878,ANON-LENDER_A-00000878,PERSON,synthetic,WCDS-0.1
FAC-LENDER_A-00000879,LENDER_A,LENDER_A-100879,,TERM_LOAN,PERSONAL_9M,NGN,100000,100000,100000,2025-10-15,2025-10-15,2026-07-12,270,0.384999,FIXED,MONTHLY,14275.49,PERSONAL,HOUSEHOLD,DEPOSITS,False,CLOSED,2026-08-21,0,0.0,0,CURRENT,False,,False,False,0,0,PTY-LENDER_A-00000879,ANON-LENDER_A-00000879,PERSON,synthetic,WCDS-0.1
FAC-LENDER_A-00000880,LENDER_A,LENDER_A-100880,,TERM_LOAN,SALARY_6M,NGN,750000,750000,750000,2026-07-21,2026-07-21,2027-01-17,180,0.371807,FIXED,MONTHLY,147919.58,UNSECURED_PERSONAL,HOUSEHOLD,DEPOSITS,False,ACTIVE,2026-08-21,620833.33,620833.33,0,CURRENT,False,,False,False,0,0,PTY-LENDER_A-00000880,ANON-LENDER_A-00000880,PERSON,synthetic,WCDS-0.1
FAC-LENDER_A-00000881,LENDER_A,LENDER_A-100881,,TERM_LOAN,PERSONAL_9M,NGN,400000,400000,400000,2025-06-16,2025-06-16,2026-03-13,270,0.307879,FIXED,MONTHLY,54566.51,PERSONAL,HOUSEHOLD,DEPOSITS,False,CLOSED,2026-08-21,0,0.0,0,CURRENT,False,,False,False,0,0,PTY-LENDER_A-00000881,ANON-LENDER_A-00000881,PERSON,synthetic,WCDS-0.1
FAC-LENDER_A-00000882,LENDER_A,LENDER_A-100882,,TERM_LOAN,PERSONAL_9M,NGN,1000000,1000000,1000000,2025-01-27,2025-01-27,2025-10-24,270,0.338338,FIXED,MONTHLY,138919.7,PERSONAL,HOUSEHOLD,DEPOSITS,False,CLOSED,2026-08-21,0,0.0,0,CURRENT,False,,False,False,0,0,PTY-LENDER_A-00000882,ANON-LENDER_A-00000882,PERSON,synthetic,WCDS-0.1
FAC-LENDER_A-00000883,LENDER_A,LENDER_A-100883,,TERM_LOAN,SALARY_3M,NGN,300000,300000,300000,2025-12-22,2025-12-22,2026-03-22,90,0.33649,FIXED,MONTHLY,108297.01,UNSECURED_PERSONAL,HOUSEHOLD,DEPOSITS,False,CLOSED,2026-08-21,0,0.0,0,CURRENT,False,,False,False,0,0,PTY-LENDER_A-00000883,ANON-LENDER_A-00000883,PERSON,synthetic,WCDS-0.1
FAC-LENDER_A-00000884,LENDER_A,LENDER_A-100884,,TERM_LOAN,SALARY_6M,NGN,300000,300000,300000,2025-05-02,2025-05-02,2025-10-29,180,0.35237,FIXED,MONTHLY,58688.57,UNSECURED_PERSONAL,HOUSEHOLD,DEPOSITS,False,DEFAULTED,2026-08-21,45000.0,46303.29,95,DPD_90_PLUS,True,2026-08-16,False,False,0,0,PTY-LENDER_A-00000884,ANON-LENDER_A-00000884,PERSON,synthetic,WCDS-0.1
FAC-LENDER_A-00000885,LENDER_A,LENDER_A-100885,,TERM_LOAN,SALARY_3M,NGN,200000,200000,200000,2026-02-27,2026-02-27,2026-05-28,90,0.319295,FIXED,MONTHLY,71915.35,UNSECURED_PERSONAL,HOUSEHOLD,DEPOSITS,False,CLOSED,2026-08-21,0,0.0,0,CURRENT,False,,False,False,0,0,PTY-LENDER_A-00000885,ANON-LENDER_A-00000885,PERSON,synthetic,WCDS-0.1
FAC-LENDER_A-00000886,LENDER_A,LENDER_A-100886,,TERM_LOAN,SALARY_6M,NGN,400000,400000,400000,2026-02-04,2026-02-04,2026-08-03,180,0.297995,FIXED,MONTHLY,76463.77,UNSECURED_PERSONAL,HOUSEHOLD,DEPOSITS,False,CLOSED,2026-08-21,0,0.0,0,CURRENT,False,,False,False,0,0,PTY-LENDER_A-00000886,ANON-LENDER_A-00000886,PERSON,synthetic,WCDS-0.1
FAC-LENDER_A-00000887,LENDER_A,LENDER_A-100887,,TERM_LOAN,SALARY_3M,NGN,400000,400000,400000,2025-05-09,2025-05-09,2025-08-07,90,0.384856,FIXED,MONTHLY,145986.14,UNSECURED_PERSONAL,HOUSEHOLD,DEPOSITS,False,CLOSED,2026-08-21,0,0.0,0,CURRENT,False,,False,False,0,0,PTY-LENDER_A-00000887,ANON-LENDER_A-00000887,PERSON,synthetic,WCDS-0.1
FAC-LENDER_A-00000888,LENDER_A,LENDER_A-100888,,TERM_LOAN,SALARY_6M,NGN,750000,750000,750000,2026-03-16,2026-03-16,2026-09-12,180,0.296187,FIXED,MONTHLY,143258.11,UNSECURED_PERSONAL,HOUSEHOLD,DEPOSITS,False,DEFAULTED,2026-08-21,204166.67,209136.93,95,DPD_90_PLUS,True,2026-08-16,False,False,0,0,PTY-LENDER_A-00000888,ANON-LENDER_A-00000888,PERSON,synthetic,WCDS-0.1
FAC-LENDER_A-00000889,LENDER_A,LENDER_A-100889,,TERM_LOAN,PERSONAL_9M,NGN,400000,400000,400000,2025-10-13,2025-10-13,2026-07-10,270,0.345537,FIXED,MONTHLY,55804.58,PERSONAL,HOUSEHOLD,DEPOSITS,False,CLOSED,2026-08-21,0,0.0,0,CURRENT,False,,False,False,0,0,PTY-LENDER_A-00000889,ANON-LENDER_A-00000889,PERSON,synthetic,WCDS-0.1
FAC-LENDER_A-00000890,LENDER_A,LENDER_A-100890,,TERM_LOAN,PERSONAL_9M,NGN,200000,200000,200000,2025-01-10,2025-01-10,2025-10-07,270,0.397683,FIXED,MONTHLY,28759.47,PERSONAL,HOUSEHOLD,DEPOSITS,False,ACTIVE,2026-08-21,2333.33,2351.13,7,DPD_1_30,False,,False,False,0,0,PTY-LENDER_A-00000890,ANON-LENDER_A-00000890,PERSON,synthetic,WCDS-0.1
FAC-LENDER_A-00000891,LENDER_A,LENDER_A-100891,,TERM_LOAN,SALARY_6M,NGN,100000,100000,100000,2026-03-22,2026-03-22,2026-09-18,180,0.300642,FIXED,MONTHLY,19137.7,UNSECURED_PERSONAL,HOUSEHOLD,DEPOSITS,False,ACTIVE,2026-08-21,15555.56,15555.56,0,CURRENT,False,,False,False,0,0,PTY-LENDER_A-00000891,ANON-LENDER_A-00000891,PERSON,synthetic,WCDS-0.1
FAC-LENDER_A-00000892,LENDER_A,LENDER_A-100892,,TERM_LOAN,SALARY_3M,NGN,750000,750000,750000,2025-08-11,2025-08-11,2025-11-09,90,0.314025,FIXED,MONTHLY,269357.71,UNSECURED_PERSONAL,HOUSEHOLD,DEPOSITS,False,CLOSED,2026-08-21,0,0.0,0,CURRENT,False,,False,False,0,0,PTY-LENDER_A-00000892,ANON-LENDER_A-00000892,PERSON,synthetic,WCDS-0.1
FAC-LENDER_A-00000893,LENDER_A,LENDER_A-100893,,TERM_LOAN,SALARY_3M,NGN,300000,300000,300000,2026-01-23,2026-01-23,2026-04-23,90,0.306604,FIXED,MONTHLY,107560.1,UNSECURED_PERSONAL,HOUSEHOLD,DEPOSITS,False,CLOSED,2026-08-21,0,0.0,0,CURRENT,False,,False,False,0,0,PTY-LENDER_A-00000893,ANON-LENDER_A-00000893,PERSON,synthetic,WCDS-0.1
FAC-LENDER_A-00000894,LENDER_A,LENDER_A-100894,,TERM_LOAN,SALARY_3M,NGN,1000000,1000000,1000000,2025-07-04,2025-07-04,2025-10-02,90,0.364609,FIXED,MONTHLY,363301.24,UNSECURED_PERSONAL,HOUSEHOLD,DEPOSITS,False,CLOSED,2026-08-21,0,0.0,0,CURRENT,False,,False,False,0,0,PTY-LENDER_A-00000894,ANON-LENDER_A-00000894,PERSON,synthetic,WCDS-0.1
FAC-LENDER_A-00000895,LENDER_A,LENDER_A-100895,,TERM_LOAN,PERSONAL_9M,NGN,400000,400000,400000,2025-06-30,2025-06-30,2026-03-27,270,0.393208,FIXED,MONTHLY,57371.84,PERSONAL,HOUSEHOLD,DEPOSITS,False,CLOSED,2026-08-21,0,0.0,0,CURRENT,False,,False,False,0,0,PTY-LENDER_A-00000895,ANON-LENDER_A-00000895,PERSON,synthetic,WCDS-0.1
FAC-LENDER_A-00000896,LENDER_A,LENDER_A-100896,,TERM_LOAN,SALARY_6M,NGN,400000,400000,400000,2025-08-17,2025-08-17,2026-02-13,180,0.304356,FIXED,MONTHLY,76672.88,UNSECURED_PERSONAL,HOUSEHOLD,DEPOSITS,False,CLOSED,2026-08-21,0,0.0,0,CURRENT,False,,False,False,0,0,PTY-LENDER_A-00000896,ANON-LENDER_A-00000896,PERSON,synthetic,WCDS-0.1
FAC-LENDER_A-00000897,LENDER_A,LENDER_A-100897,,TERM_LOAN,SALARY_6M,NGN,500000,500000,500000,2025-05-15,2025-05-15,2025-11-11,180,0.327324,FIXED,MONTHLY,96785.0,UNSECURED_PERSONAL,HOUSEHOLD,DEPOSITS,False,CLOSED,2026-08-21,0,0.0,0,CURRENT,False,,False,False,0,0,PTY-LENDER_A-00000897,ANON-LENDER_A-00000897,PERSON,synthetic,WCDS-0.1
FAC-LENDER_A-00000898,LENDER_A,LENDER_A-100898,,TERM_LOAN,SALARY_6M,NGN,200000,200000,200000,2024-12-18,2024-12-18,2025-06-16,180,0.376443,FIXED,MONTHLY,39521.44,UNSECURED_PERSONAL,HOUSEHOLD,DEPOSITS,False,CLOSED,2026-08-21,0,0.0,0,CURRENT,False,,False,False,0,0,PTY-LENDER_A-00000898,ANON-LENDER_A-00000898,PERSON,synthetic,WCDS-0.1
FAC-LENDER_A-00000899,LENDER_A,LENDER_A-100899,,TERM_LOAN,PERSONAL_9M,NGN,400000,400000,400000,2026-06-05,2026-06-05,2027-03-02,270,0.398606,FIXED,MONTHLY,57549.3,PERSONAL,HOUSEHOLD,DEPOSITS,False,DEFAULTED,2026-08-21,345925.93,357259.2,95,DPD_90_PLUS,True,2026-08-16,False,False,0,0,PTY-LENDER_A-00000899,ANON-LENDER_A-00000899,PERSON,synthetic,WCDS-0.1
FAC-LENDER_A-00000900,LENDER_A,LENDER_A-100900,,TERM_LOAN,SALARY_6M,NGN,500000,500000,500000,2026-02-13,2026-02-13,2026-08-12,180,0.260794,FIXED,MONTHLY,94050.91,UNSECURED_PERSONAL,HOUSEHOLD,DEPOSITS,False,CLOSED,2026-08-21,0,0.0,0,CURRENT,False,,False,False,0,0,PTY-LENDER_A-00000900,ANON-LENDER_A-00000900,PERSON,synthetic,WCDS-0.1
FAC-LENDER_A-00000901,LENDER_A,LENDER_A-100901,,TERM_LOAN,SALARY_3M,NGN,500000,500000,500000,2025-10-19,2025-10-19,2026-01-17,90,0.38523,FIXED,MONTHLY,182498.02,UNSECURED_PERSONAL,HOUSEHOLD,DEPOSITS,False,CLOSED,2026-08-21,0,0.0,0,CURRENT,False,,False,False,0,0,PTY-LENDER_A-00000901,ANON-LENDER_A-00000901,PERSON,synthetic,WCDS-0.1
FAC-LENDER_A-00000902,LENDER_A,LENDER_A-100902,,TERM_LOAN,SALARY_6M,NGN,750000,750000,750000,2025-01-16,2025-01-16,2025-07-15,180,0.35915,FIXED,MONTHLY,147139.37,UNSECURED_PERSONAL,HOUSEHOLD,DEPOSITS,False,ACTIVE,2026-08-21,8750.0,8810.27,7,DPD_1_30,False,,False,False,0,0,PTY-LENDER_A-00000902,ANON-LENDER_A-00000902,PERSON,synthetic,WCDS-0.1
FAC-LENDER_A-00000903,LENDER_A,LENDER_A-100903,,TERM_LOAN,SALARY_6M,NGN,750000,750000,750000,2026-04-06,2026-04-06,2026-10-03,180,0.354946,FIXED,MONTHLY,146880.25,UNSECURED_PERSONAL,HOUSEHOLD,DEPOSITS,False,ACTIVE,2026-08-21,179166.67,179166.67,0,CURRENT,False,,False,False,0,0,PTY-LENDER_A-00000903,ANON-LENDER_A-00000903,PERSON,synthetic,WCDS-0.1
FAC-LENDER_A-00000904,LENDER_A,LENDER_A-100904,,TERM_LOAN,PERSONAL_9M,NGN,250000,250000,250000,2026-07-13,2026-07-13,2027-04-09,270,0.339026,FIXED,MONTHLY,34744.07,PERSONAL,HOUSEHOLD,DEPOSITS,False,ACTIVE,2026-08-21,213888.89,213888.89,0,CURRENT,False,,False,False,0,0,PTY-LENDER_A-00000904,ANON-LENDER_A-00000904,PERSON,synthetic,WCDS-0.1
FAC-LENDER_A-00000905,LENDER_A,LENDER_A-100905,,TERM_LOAN,PERSONAL_9M,NGN,400000,400000,400000,2024-12-24,2024-12-24,2025-09-20,270,0.288007,FIXED,MONTHLY,53913.17,PERSONAL,HOUSEHOLD,DEPOSITS,False,CLOSED,2026-08-21,0,0.0,0,CURRENT,False,,False,False,0,0,PTY-LENDER_A-00000905,ANON-LENDER_A-00000905,PERSON,synthetic,WCDS-0.1
FAC-LENDER_A-00000906,LENDER_A,LENDER_A-100906,,TERM_LOAN,PERSONAL_9M,NGN,150000,150000,150000,2025-07-25,2025-07-25,2026-04-21,270,0.36231,FIXED,MONTHLY,21133.5,PERSONAL,HOUSEHOLD,DEPOSITS,False,CLOSED,2026-08-21,0,0.0,0,CURRENT,False,,False,False,0,0,PTY-LENDER_A-00000906,ANON-LENDER_A-00000906,PERSON,synthetic,WCDS-0.1
FAC-LENDER_A-00000907,LENDER_A,LENDER_A-100907,,TERM_LOAN,SALARY_3M,NGN,200000,200000,200000,2025-09-18,2025-09-18,2025-12-17,90,0.369032,FIXED,MONTHLY,72732.94,UNSECURED_PERSONAL,HOUSEHOLD,DEPOSITS,False,CLOSED,2026-08-21,0,0.0,0,CURRENT,False,,False,False,0,0,PTY-LENDER_A-00000907,ANON-LENDER_A-00000907,PERSON,synthetic,WCDS-0.1
FAC-LENDER_A-00000908,LENDER_A,LENDER_A-100908,,TERM_LOAN,SALARY_6M,NGN,500000,500000,500000,2025-08-12,2025-08-12,2026-02-08,180,0.302886,FIXED,MONTHLY,95780.71,UNSECURED_PERSONAL,HOUSEHOLD,DEPOSITS,False,CLOSED,2026-08-21,0,0.0,0,CURRENT,False,,False,False,0,0,PTY-LENDER_A-00000908,ANON-LENDER_A-00000908,PERSON,synthetic,WCDS-0.1
FAC-LENDER_A-00000909,LENDER_A,LENDER_A-100909,,TERM_LOAN,SALARY_3M,NGN,200000,200000,200000,2026-05-07,2026-05-07,2026-08-05,90,0.335,FIXED,MONTHLY,72173.51,UNSECURED_PERSONAL,HOUSEHOLD,DEPOSITS,False,CLOSED,2026-08-21,0,0.0,0,CURRENT,False,,False,False,0,0,PTY-LENDER_A-00000909,ANON-LENDER_A-00000909,PERSON,synthetic,WCDS-0.1
FAC-LENDER_A-00000910,LENDER_A,LENDER_A-100910,,TERM_LOAN,PERSONAL_9M,NGN,300000,300000,300000,2025-11-07,2025-11-07,2026-08-04,270,0.317945,FIXED,MONTHLY,41173.08,PERSONAL,HOUSEHOLD,DEPOSITS,False,CLOSED,2026-08-21,0,0.0,0,CURRENT,False,,False,False,0,0,PTY-LENDER_A-00000910,ANON-LENDER_A-00000910,PERSON,synthetic,WCDS-0.1
FAC-LENDER_A-00000911,LENDER_A,LENDER_A-100911,,TERM_LOAN,SALARY_3M,NGN,100000,100000,100000,2026-03-24,2026-03-24,2026-06-22,90,0.382602,FIXED,MONTHLY,36478.0,UNSECURED_PERSONAL,HOUSEHOLD,DEPOSITS,False,CLOSED,2026-08-21,0,0.0,0,CURRENT,False,,False,False,0,0,PTY-LENDER_A-00000911,ANON-LENDER_A-00000911,PERSON,synthetic,WCDS-0.1
FAC-LENDER_A-00000912,LENDER_A,LENDER_A-100912,,TERM_LOAN,SALARY_3M,NGN,150000,150000,150000,2025-12-31,2025-12-31,2026-03-31,90,0.344762,FIXED,MONTHLY,54250.49,UNSECURED_PERSONAL,HOUSEHOLD,DEPOSITS,False,CLOSED,2026-08-21,0,0.0,0,CURRENT,False,,False,False,0,0,PTY-LENDER_A-00000912,ANON-LENDER_A-00000912,PERSON,synthetic,WCDS-0.1
FAC-LENDER_A-00000913,LENDER_A,LENDER_A-100913,,TERM_LOAN,PERSONAL_9M,NGN,1000000,1000000,1000000,2025-02-13,2025-02-13,2025-11-10,270,0.387647,FIXED,MONTHLY,142972.49,PERSONAL,HOUSEHOLD,DEPOSITS,False,ACTIVE,2026-08-21,11666.67,11753.4,7,DPD_1_30,False,,False,False,0,0,PTY-LENDER_A-00000913,ANON-LENDER_A-00000913,PERSON,synthetic,WCDS-0.1
FAC-LENDER_A-00000914,LENDER_A,LENDER_A-100914,,TERM_LOAN,SALARY_3M,NGN,150000,150000,150000,2026-03-30,2026-03-30,2026-06-28,90,0.384272,FIXED,MONTHLY,54737.6,UNSECURED_PERSONAL,HOUSEHOLD,DEPOSITS,False,ACTIVE,2026-08-21,16250.0,16763.24,65,DPD_61_90,False,,False,False,0,0,PTY-LENDER_A-00000914,ANON-LENDER_A-00000914,PERSON,synthetic,WCDS-0.1
FAC-LENDER_A-00000915,LENDER_A,LENDER_A-100915,,TERM_LOAN,PERSONAL_9M,NGN,1000000,1000000,1000000,2025-08-26,2025-08-26,2026-05-23,270,0.378045,FIXED,MONTHLY,142183.27,PERSONAL,HOUSEHOLD,DEPOSITS,False,CLOSED,2026-08-21,0,0.0,0,CURRENT,False,,False,False,0,0,PTY-LENDER_A-00000915,ANON-LENDER_A-00000915,PERSON,synthetic,WCDS-0.1
FAC-LENDER_A-00000916,LENDER_A,LENDER_A-100916,,TERM_LOAN,SALARY_3M,NGN,200000,200000,200000,2025-12-22,2025-12-22,2026-03-22,90,0.336562,FIXED,MONTHLY,72199.19,UNSECURED_PERSONAL,HOUSEHOLD,DEPOSITS,False,CLOSED,2026-08-21,0,0.0,0,CURRENT,False,,False,False,0,0,PTY-LENDER_A-00000916,ANON-LENDER_A-00000916,PERSON,synthetic,WCDS-0.1
FAC-LENDER_A-00000917,LENDER_A,LENDER_A-100917,,TERM_LOAN,SALARY_3M,NGN,150000,150000,150000,2026-07-23,2026-07-23,2026-10-21,90,0.325181,FIXED,MONTHLY,54009.08,UNSECURED_PERSONAL,HOUSEHOLD,DEPOSITS,False,ACTIVE,2026-08-21,103416.67,104061.61,7,DPD_1_30,False,,False,False,0,0,PTY-LENDER_A-00000917,ANON-LENDER_A-00000917,PERSON,synthetic,WCDS-0.1
FAC-LENDER_A-00000918,LENDER_A,LENDER_A-100918,,TERM_LOAN,PERSONAL_9M,NGN,1000000,1000000,1000000,2024-12-12,2024-12-12,2025-09-08,270,0.292938,FIXED,MONTHLY,135188.21,PERSONAL,HOUSEHOLD,DEPOSITS,False,CLOSED,2026-08-21,0,0.0,0,CURRENT,False,,False,False,0,0,PTY-LENDER_A-00000918,ANON-LENDER_A-00000918,PERSON,synthetic,WCDS-0.1
FAC-LENDER_A-00000919,LENDER_A,LENDER_A-100919,,TERM_LOAN,PERSONAL_9M,NGN,100000,100000,100000,2026-05-05,2026-05-05,2027-01-30,270,0.28795,FIXED,MONTHLY,13477.82,PERSONAL,HOUSEHOLD,DEPOSITS,False,ACTIVE,2026-08-21,62500.0,63239.6,15,DPD_1_30,False,,False,False,0,0,PTY-LENDER_A-00000919,ANON-LENDER_A-00000919,PERSON,synthetic,WCDS-0.1
FAC-LENDER_A-00000920,LENDER_A,LENDER_A-100920,,TERM_LOAN,SALARY_3M,NGN,400000,400000,400000,2026-07-13,2026-07-13,2026-10-11,90,0.410412,FIXED,MONTHLY,146826.32,UNSECURED_PERSONAL,HOUSEHOLD,DEPOSITS,False,ACTIVE,2026-08-21,226666.67,226666.67,0,CURRENT,False,,False,False,0,0,PTY-LENDER_A-00000920,ANON-LENDER_A-00000920,PERSON,synthetic,WCDS-0.1
FAC-LENDER_A-00000921,LENDER_A,LENDER_A-100921,,TERM_LOAN,SALARY_6M,NGN,400000,400000,400000,2026-02-28,2026-02-28,2026-08-27,180,0.373021,FIXED,MONTHLY,78930.38,UNSECURED_PERSONAL,HOUSEHOLD,DEPOSITS,False,ACTIVE,2026-08-21,36666.67,37790.84,35,DPD_31_60,False,,False,False,0,0,PTY-LENDER_A-00000921,ANON-LENDER_A-00000921,PERSON,synthetic,WCDS-0.1
FAC-LENDER_A-00000922,LENDER_A,LENDER_A-100922,,TERM_LOAN,PERSONAL_9M,NGN,100000,100000,100000,2025-02-16,2025-02-16,2025-11-13,270,0.2882,FIXED,MONTHLY,13479.88,PERSONAL,HOUSEHOLD,DEPOSITS,False,CLOSED,2026-08-21,0,0.0,0,CURRENT,False,,False,False,0,0,PTY-LENDER_A-00000922,ANON-LENDER_A-00000922,PERSON,synthetic,WCDS-0.1
FAC-LENDER_A-00000923,LENDER_A,LENDER_A-100923,,TERM_LOAN,PERSONAL_9M,NGN,100000,100000,100000,2026-05-02,2026-05-02,2027-01-27,270,0.388199,FIXED,MONTHLY,14301.79,PERSONAL,HOUSEHOLD,DEPOSITS,False,ACTIVE,2026-08-21,69722.22,71946.83,65,DPD_61_90,False,,False,False,0,0,PTY-LENDER_A-00000923,ANON-LENDER_A-00000923,PERSON,synthetic,WCDS-0.1
FAC-LENDER_A-00000924,LENDER_A,LENDER_A-100924,,TERM_LOAN,SALARY_3M,NGN,750000,750000,750000,2026-04-24,2026-04-24,2026-07-23,90,0.402156,FIXED,MONTHLY,274790.41,UNSECURED_PERSONAL,HOUSEHOLD,DEPOSITS,False,CLOSED,2026-08-21,0,0.0,0,CURRENT,False,,False,False,0,0,PTY-LENDER_A-00000924,ANON-LENDER_A-00000924,PERSON,synthetic,WCDS-0.1
FAC-LENDER_A-00000925,LENDER_A,LENDER_A-100925,,TERM_LOAN,SALARY_3M,NGN,500000,500000,500000,2026-04-18,2026-04-18,2026-07-17,90,0.342579,FIXED,MONTHLY,180745.24,UNSECURED_PERSONAL,HOUSEHOLD,DEPOSITS,False,ACTIVE,2026-08-21,5833.33,5871.66,7,DPD_1_30,False,,False,False,0,0,PTY-LENDER_A-00000925,ANON-LENDER_A-00000925,PERSON,synthetic,WCDS-0.1
FAC-LENDER_A-00000926,LENDER_A,LENDER_A-100926,,TERM_LOAN,SALARY_6M,NGN,400000,400000,400000,2025-10-20,2025-10-20,2026-04-18,180,0.315908,FIXED,MONTHLY,77052.69,UNSECURED_PERSONAL,HOUSEHOLD,DEPOSITS,False,CLOSED,2026-08-21,0,0.0,0,CURRENT,False,,False,False,0,0,PTY-LENDER_A-00000926,ANON-LENDER_A-00000926,PERSON,synthetic,WCDS-0.1
FAC-LENDER_A-00000927,LENDER_A,LENDER_A-100927,,TERM_LOAN,SALARY_6M,NGN,750000,750000,750000,2025-09-26,2025-09-26,2026-03-25,180,0.299374,FIXED,MONTHLY,143454.55,UNSECURED_PERSONAL,HOUSEHOLD,DEPOSITS,False,CLOSED,2026-08-21,0,0.0,0,CURRENT,False,,False,False,0,0,PTY-LENDER_A-00000927,ANON-LENDER_A-00000927,PERSON,synthetic,WCDS-0.1
FAC-LENDER_A-00000928,LENDER_A,LENDER_A-100928,,TERM_LOAN,SALARY_6M,NGN,250000,250000,250000,2026-06-01,2026-06-01,2026-11-28,180,0.287105,FIXED,MONTHLY,47566.08,UNSECURED_PERSONAL,HOUSEHOLD,DEPOSITS,False,ACTIVE,2026-08-21,164583.33,168467.11,65,DPD_61_90,False,,False,False,0,0,PTY-LENDER_A-00000928,ANON-LENDER_A-00000928,PERSON,synthetic,WCDS-0.1
FAC-LENDER_A-00000929,LENDER_A,LENDER_A-100929,,TERM_LOAN,PERSONAL_9M,NGN,750000,750000,750000,2026-04-26,2026-04-26,2027-01-21,270,0.281534,FIXED,MONTHLY,100688.19,PERSONAL,HOUSEHOLD,DEPOSITS,False,ACTIVE,2026-08-21,425000.0,425000.0,0,CURRENT,False,,False,False,0,0,PTY-LENDER_A-00000929,ANON-LENDER_A-00000929,PERSON,synthetic,WCDS-0.1
FAC-LENDER_A-00000930,LENDER_A,LENDER_A-100930,,TERM_LOAN,SALARY_6M,NGN,500000,500000,500000,2024-12-15,2024-12-15,2025-06-13,180,0.341182,FIXED,MONTHLY,97354.52,UNSECURED_PERSONAL,HOUSEHOLD,DEPOSITS,False,DEFAULTED,2026-08-21,75000.0,77103.18,130,DPD_90_PLUS,True,2026-07-12,False,False,0,0,PTY-LENDER_A-00000930,ANON-LENDER_A-00000930,PERSON,synthetic,WCDS-0.1
FAC-LENDER_A-00000931,LENDER_A,LENDER_A-100931,,TERM_LOAN,SALARY_3M,NGN,500000,500000,500000,2026-04-08,2026-04-08,2026-07-07,90,0.320247,FIXED,MONTHLY,179827.49,UNSECURED_PERSONAL,HOUSEHOLD,DEPOSITS,False,CLOSED,2026-08-21,0,0.0,0,CURRENT,False,,False,False,0,0,PTY-LENDER_A-00000931,ANON-LENDER_A-00000931,PERSON,synthetic,WCDS-0.1
FAC-LENDER_A-00000932,LENDER_A,LENDER_A-100932,,TERM_LOAN,PERSONAL_9M,NGN,300000,300000,300000,2025-06-28,2025-06-28,2026-03-25,270,0.371778,FIXED,MONTHLY,42500.46,PERSONAL,HOUSEHOLD,DEPOSITS,False,CLOSED,2026-08-21,0,0.0,0,CURRENT,False,,False,False,0,0,PTY-LENDER_A-00000932,ANON-LENDER_A-00000932,PERSON,synthetic,WCDS-0.1
FAC-LENDER_A-00000933,LENDER_A,LENDER_A-100933,,TERM_LOAN,PERSONAL_9M,NGN,300000,300000,300000,2026-03-14,2026-03-14,2026-12-09,270,0.398503,FIXED,MONTHLY,43159.43,PERSONAL,HOUSEHOLD,DEPOSITS,False,ACTIVE,2026-08-21,125722.22,126683.06,7,DPD_1_30,False,,False,False,0,0,PTY-LENDER_A-00000933,ANON-LENDER_A-00000933,PERSON,synthetic,WCDS-0.1
FAC-LENDER_A-00000934,LENDER_A,LENDER_A-100934,,TERM_LOAN,PERSONAL_9M,NGN,200000,200000,200000,2026-07-12,2026-07-12,2027-04-08,270,0.339673,FIXED,MONTHLY,27805.89,PERSONAL,HOUSEHOLD,DEPOSITS,False,ACTIVE,2026-08-21,170370.37,170370.37,0,CURRENT,False,,False,False,0,0,PTY-LENDER_A-00000934,ANON-LENDER_A-00000934,PERSON,synthetic,WCDS-0.1
FAC-LENDER_A-00000935,LENDER_A,LENDER_A-100935,,TERM_LOAN,SALARY_3M,NGN,500000,500000,500000,2025-09-11,2025-09-11,2025-12-10,90,0.306342,FIXED,MONTHLY,179256.08,UNSECURED_PERSONAL,HOUSEHOLD,DEPOSITS,False,CLOSED,2026-08-21,0,0.0,0,CURRENT,False,,False,False,0,0,PTY-LENDER_A-00000935,ANON-LENDER_A-00000935,PERSON,synthetic,WCDS-0.1
FAC-LENDER_A-00000936,LENDER_A,LENDER_A-100936,,TERM_LOAN,PERSONAL_9M,NGN,750000,750000,750000,2025-04-21,2025-04-21,2026-01-16,270,0.289182,FIXED,MONTHLY,101159.63,PERSONAL,HOUSEHOLD,DEPOSITS,False,CLOSED,2026-08-21,0,0.0,0,CURRENT,False,,False,False,0,0,PTY-LENDER_A-00000936,ANON-LENDER_A-00000936,PERSON,synthetic,WCDS-0.1
FAC-LENDER_A-00000937,LENDER_A,LENDER_A-100937,,TERM_LOAN,SALARY_6M,NGN,1000000,1000000,1000000,2025-01-29,2025-01-29,2025-07-28,180,0.31883,FIXED,MONTHLY,192871.88,UNSECURED_PERSONAL,HOUSEHOLD,DEPOSITS,False,CLOSED,2026-08-21,0,0.0,0,CURRENT,False,,False,False,0,0,PTY-LENDER_A-00000937,ANON-LENDER_A-00000937,PERSON,synthetic,WCDS-0.1
FAC-LENDER_A-00000938,LENDER_A,LENDER_A-100938,,TERM_LOAN,SALARY_3M,NGN,500000,500000,500000,2025-05-08,2025-05-08,2025-08-06,90,0.391676,FIXED,MONTHLY,182762.93,UNSECURED_PERSONAL,HOUSEHOLD,DEPOSITS,False,CLOSED,2026-08-21,0,0.0,0,CURRENT,False,,False,False,0,0,PTY-LENDER_A-00000938,ANON-LENDER_A-00000938,PERSON,synthetic,WCDS-0.1
FAC-LENDER_A-00000939,LENDER_A,LENDER_A-100939,,TERM_LOAN,PERSONAL_9M,NGN,300000,300000,300000,2026-02-24,2026-02-24,2026-11-21,270,0.283943,FIXED,MONTHLY,40334.67,PERSONAL,HOUSEHOLD,DEPOSITS,False,ACTIVE,2026-08-21,102222.22,102222.22,0,CURRENT,False,,False,False,0,0,PTY-LENDER_A-00000939,ANON-LENDER_A-00000939,PERSON,synthetic,WCDS-0.1
FAC-LENDER_A-00000940,LENDER_A,LENDER_A-100940,,TERM_LOAN,SALARY_3M,NGN,750000,750000,750000,2025-01-21,2025-01-21,2025-04-21,90,0.316139,FIXED,MONTHLY,269488.0,UNSECURED_PERSONAL,HOUSEHOLD,DEPOSITS,False,CLOSED,2026-08-21,0,0.0,0,CURRENT,False,,False,False,0,0,PTY-LENDER_A-00000940,ANON-LENDER_A-00000940,PERSON,synthetic,WCDS-0.1
FAC-LENDER_A-00000941,LENDER_A,LENDER_A-100941,,TERM_LOAN,PERSONAL_9M,NGN,100000,100000,100000,2025-07-07,2025-07-07,2026-04-03,270,0.382522,FIXED,MONTHLY,14255.13,PERSONAL,HOUSEHOLD,DEPOSITS,False,CLOSED,2026-08-21,0,0.0,0,CURRENT,False,,False,False,0,0,PTY-LENDER_A-00000941,ANON-LENDER_A-00000941,PERSON,synthetic,WCDS-0.1
FAC-LENDER_A-00000942,LENDER_A,LENDER_A-100942,,TERM_LOAN,SALARY_6M,NGN,400000,400000,400000,2026-06-10,2026-06-10,2026-12-07,180,0.305336,FIXED,MONTHLY,76705.1,UNSECURED_PERSONAL,HOUSEHOLD,DEPOSITS,False,ACTIVE,2026-08-21,240000.0,240000.0,0,CURRENT,False,,False,False,0,0,PTY-LENDER_A-00000942,ANON-LENDER_A-00000942,PERSON,synthetic,WCDS-0.1
FAC-LENDER_A-00000943,LENDER_A,LENDER_A-100943,,TERM_LOAN,PERSONAL_9M,NGN,100000,100000,100000,2025-08-27,2025-08-27,2026-05-24,270,0.321865,FIXED,MONTHLY,13756.58,PERSONAL,HOUSEHOLD,DEPOSITS,False,CLOSED,2026-08-21,0,0.0,0,CURRENT,False,,False,False,0,0,PTY-LENDER_A-00000943,ANON-LENDER_A-00000943,PERSON,synthetic,WCDS-0.1
FAC-LENDER_A-00000944,LENDER_A,LENDER_A-100944,,TERM_LOAN,SALARY_3M,NGN,250000,250000,250000,2025-12-01,2025-12-01,2026-03-01,90,0.351378,FIXED,MONTHLY,90553.42,UNSECURED_PERSONAL,HOUSEHOLD,DEPOSITS,False,CLOSED,2026-08-21,0,0.0,0,CURRENT,False,,False,False,0,0,PTY-LENDER_A-00000944,ANON-LENDER_A-00000944,PERSON,synthetic,WCDS-0.1
FAC-LENDER_A-00000945,LENDER_A,LENDER_A-100945,,TERM_LOAN,SALARY_6M,NGN,150000,150000,150000,2025-08-31,2025-08-31,2026-02-27,180,0.270193,FIXED,MONTHLY,28331.15,UNSECURED_PERSONAL,HOUSEHOLD,DEPOSITS,False,CLOSED,2026-08-21,0,0.0,0,CURRENT,False,,False,False,0,0,PTY-LENDER_A-00000945,ANON-LENDER_A-00000945,PERSON,synthetic,WCDS-0.1
FAC-LENDER_A-00000946,LENDER_A,LENDER_A-100946,,TERM_LOAN,SALARY_6M,NGN,1000000,1000000,1000000,2025-06-06,2025-06-06,2025-12-03,180,0.264485,FIXED,MONTHLY,188405.19,UNSECURED_PERSONAL,HOUSEHOLD,DEPOSITS,False,CLOSED,2026-08-21,0,0.0,0,CURRENT,False,,False,False,0,0,PTY-LENDER_A-00000946,ANON-LENDER_A-00000946,PERSON,synthetic,WCDS-0.1
FAC-LENDER_A-00000947,LENDER_A,LENDER_A-100947,,TERM_LOAN,SALARY_6M,NGN,500000,500000,500000,2025-09-15,2025-09-15,2026-03-14,180,0.330559,FIXED,MONTHLY,96917.94,UNSECURED_PERSONAL,HOUSEHOLD,DEPOSITS,False,CLOSED,2026-08-21,0,0.0,0,CURRENT,False,,False,False,0,0,PTY-LENDER_A-00000947,ANON-LENDER_A-00000947,PERSON,synthetic,WCDS-0.1
FAC-LENDER_A-00000948,LENDER_A,LENDER_A-100948,,TERM_LOAN,SALARY_6M,NGN,750000,750000,750000,2025-03-15,2025-03-15,2025-09-11,180,0.272007,FIXED,MONTHLY,141767.54,UNSECURED_PERSONAL,HOUSEHOLD,DEPOSITS,False,ACTIVE,2026-08-21,18750.0,18959.59,15,DPD_1_30,False,,False,False,0,0,PTY-LENDER_A-00000948,ANON-LENDER_A-00000948,PERSON,synthetic,WCDS-0.1
FAC-LENDER_A-00000949,LENDER_A,LENDER_A-100949,,TERM_LOAN,SALARY_6M,NGN,250000,250000,250000,2025-03-21,2025-03-21,2025-09-17,180,0.279995,FIXED,MONTHLY,47419.99,UNSECURED_PERSONAL,HOUSEHOLD,DEPOSITS,False,CLOSED,2026-08-21,0,0.0,0,CURRENT,False,,False,False,0,0,PTY-LENDER_A-00000949,ANON-LENDER_A-00000949,PERSON,synthetic,WCDS-0.1
FAC-LENDER_A-00000950,LENDER_A,LENDER_A-100950,,TERM_LOAN,SALARY_3M,NGN,300000,300000,300000,2025-11-13,2025-11-13,2026-02-11,90,0.416893,FIXED,MONTHLY,110279.55,UNSECURED_PERSONAL,HOUSEHOLD,DEPOSITS,False,CLOSED,2026-08-21,0,0.0,0,CURRENT,False,,False,False,0,0,PTY-LENDER_A-00000950,ANON-LENDER_A-00000950,PERSON,synthetic,WCDS-0.1
FAC-LENDER_A-00000951,LENDER_A,LENDER_A-100951,,TERM_LOAN,PERSONAL_9M,NGN,150000,150000,150000,2024-12-27,2024-12-27,2025-09-23,270,0.307106,FIXED,MONTHLY,20452.91,PERSONAL,HOUSEHOLD,DEPOSITS,False,CLOSED,2026-08-21,0,0.0,0,CURRENT,False,,False,False,0,0,PTY-LENDER_A-00000951,ANON-LENDER_A-00000951,PERSON,synthetic,WCDS-0.1
FAC-LENDER_A-00000952,LENDER_A,LENDER_A-100952,,TERM_LOAN,SALARY_6M,NGN,500000,500000,500000,2026-01-09,2026-01-09,2026-07-08,180,0.268072,FIXED,MONTHLY,94350.01,UNSECURED_PERSONAL,HOUSEHOLD,DEPOSITS,False,CLOSED,2026-08-21,0,0.0,0,CURRENT,False,,False,False,0,0,PTY-LENDER_A-00000952,ANON-LENDER_A-00000952,PERSON,synthetic,WCDS-0.1
FAC-LENDER_A-00000953,LENDER_A,LENDER_A-100953,,TERM_LOAN,SALARY_6M,NGN,500000,500000,500000,2025-02-05,2025-02-05,2025-08-04,180,0.358849,FIXED,MONTHLY,98080.54,UNSECURED_PERSONAL,HOUSEHOLD,DEPOSITS,False,CLOSED,2026-08-21,0,0.0,0,CURRENT,False,,False,False,0,0,PTY-LENDER_A-00000953,ANON-LENDER_A-00000953,PERSON,synthetic,WCDS-0.1
FAC-LENDER_A-00000954,LENDER_A,LENDER_A-100954,,TERM_LOAN,PERSONAL_9M,NGN,1000000,1000000,1000000,2026-02-08,2026-02-08,2026-11-05,270,0.341844,FIXED,MONTHLY,139207.9,PERSONAL,HOUSEHOLD,DEPOSITS,False,ACTIVE,2026-08-21,339814.81,349362.52,35,DPD_31_60,False,,False,False,0,0,PTY-LENDER_A-00000954,ANON-LENDER_A-00000954,PERSON,synthetic,WCDS-0.1
FAC-LENDER_A-00000955,LENDER_A,LENDER_A-100955,,TERM_LOAN,PERSONAL_9M,NGN,750000,750000,750000,2025-11-10,2025-11-10,2026-08-07,270,0.339904,FIXED,MONTHLY,104286.35,PERSONAL,HOUSEHOLD,DEPOSITS,False,DEFAULTED,2026-08-21,112500.0,115642.95,95,DPD_90_PLUS,True,2026-08-16,False,False,0,0,PTY-LENDER_A-00000955,ANON-LENDER_A-00000955,PERSON,synthetic,WCDS-0.1
FAC-LENDER_A-00000956,LENDER_A,LENDER_A-100956,,TERM_LOAN,PERSONAL_9M,NGN,100000,100000,100000,2025-02-23,2025-02-23,2025-11-20,270,0.332047,FIXED,MONTHLY,13840.26,PERSONAL,HOUSEHOLD,DEPOSITS,False,CLOSED,2026-08-21,0,0.0,0,CURRENT,False,,False,False,0,0,PTY-LENDER_A-00000956,ANON-LENDER_A-00000956,PERSON,synthetic,WCDS-0.1
FAC-LENDER_A-00000957,LENDER_A,LENDER_A-100957,,TERM_LOAN,SALARY_6M,NGN,500000,500000,500000,2025-06-17,2025-06-17,2025-12-14,180,0.288845,FIXED,MONTHLY,95203.67,UNSECURED_PERSONAL,HOUSEHOLD,DEPOSITS,False,CLOSED,2026-08-21,0,0.0,0,CURRENT,False,,False,False,0,0,PTY-LENDER_A-00000957,ANON-LENDER_A-00000957,PERSON,synthetic,WCDS-0.1
FAC-LENDER_A-00000958,LENDER_A,LENDER_A-100958,,TERM_LOAN,SALARY_6M,NGN,300000,300000,300000,2025-10-22,2025-10-22,2026-04-20,180,0.267731,FIXED,MONTHLY,56601.59,UNSECURED_PERSONAL,HOUSEHOLD,DEPOSITS,False,CLOSED,2026-08-21,0,0.0,0,CURRENT,False,,False,False,0,0,PTY-LENDER_A-00000958,ANON-LENDER_A-00000958,PERSON,synthetic,WCDS-0.1
FAC-LENDER_A-00000959,LENDER_A,LENDER_A-100959,,TERM_LOAN,SALARY_3M,NGN,200000,200000,200000,2026-01-27,2026-01-27,2026-04-27,90,0.330774,FIXED,MONTHLY,72104.04,UNSECURED_PERSONAL,HOUSEHOLD,DEPOSITS,False,CLOSED,2026-08-21,0,0.0,0,CURRENT,False,,False,False,0,0,PTY-LENDER_A-00000959,ANON-LENDER_A-00000959,PERSON,synthetic,WCDS-0.1
FAC-LENDER_A-00000960,LENDER_A,LENDER_A-100960,,TERM_LOAN,SALARY_6M,NGN,500000,500000,500000,2026-07-05,2026-07-05,2027-01-01,180,0.297265,FIXED,MONTHLY,95549.7,UNSECURED_PERSONAL,HOUSEHOLD,DEPOSITS,False,ACTIVE,2026-08-21,369444.44,369444.44,0,CURRENT,False,,False,False,0,0,PTY-LENDER_A-00000960,ANON-LENDER_A-00000960,PERSON,synthetic,WCDS-0.1
FAC-LENDER_A-00000961,LENDER_A,LENDER_A-100961,,TERM_LOAN,SALARY_6M,NGN,1000000,1000000,1000000,2026-02-12,2026-02-12,2026-08-11,180,0.263497,FIXED,MONTHLY,188323.96,UNSECURED_PERSONAL,HOUSEHOLD,DEPOSITS,False,CLOSED,2026-08-21,0,0.0,0,CURRENT,False,,False,False,0,0,PTY-LENDER_A-00000961,ANON-LENDER_A-00000961,PERSON,synthetic,WCDS-0.1
FAC-LENDER_A-00000962,LENDER_A,LENDER_A-100962,,TERM_LOAN,SALARY_3M,NGN,150000,150000,150000,2025-09-24,2025-09-24,2025-12-23,90,0.305068,FIXED,MONTHLY,53761.11,UNSECURED_PERSONAL,HOUSEHOLD,DEPOSITS,False,CLOSED,2026-08-21,0,0.0,0,CURRENT,False,,False,False,0,0,PTY-LENDER_A-00000962,ANON-LENDER_A-00000962,PERSON,synthetic,WCDS-0.1
FAC-LENDER_A-00000963,LENDER_A,LENDER_A-100963,,TERM_LOAN,SALARY_6M,NGN,150000,150000,150000,2025-07-01,2025-07-01,2025-12-28,180,0.368069,FIXED,MONTHLY,29537.84,UNSECURED_PERSONAL,HOUSEHOLD,DEPOSITS,False,DEFAULTED,2026-08-21,22500.0,23180.68,95,DPD_90_PLUS,True,2026-08-16,False,False,0,0,PTY-LENDER_A-00000963,ANON-LENDER_A-00000963,PERSON,synthetic,WCDS-0.1
FAC-LENDER_A-00000964,LENDER_A,LENDER_A-100964,,TERM_LOAN,SALARY_3M,NGN,1000000,1000000,1000000,2024-12-25,2024-12-25,2025-03-25,90,0.316867,FIXED,MONTHLY,359377.21,UNSECURED_PERSONAL,HOUSEHOLD,DEPOSITS,False,DEFAULTED,2026-08-21,150000.0,153906.58,95,DPD_90_PLUS,True,2026-08-16,False,False,0,0,PTY-LENDER_A-00000964,ANON-LENDER_A-00000964,PERSON,synthetic,WCDS-0.1
FAC-LENDER_A-00000965,LENDER_A,LENDER_A-100965,,TERM_LOAN,SALARY_3M,NGN,400000,400000,400000,2025-09-08,2025-09-08,2025-12-07,90,0.330217,FIXED,MONTHLY,144189.78,UNSECURED_PERSONAL,HOUSEHOLD,DEPOSITS,False,ACTIVE,2026-08-21,10000.0,10135.71,15,DPD_1_30,False,,False,False,0,0,PTY-LENDER_A-00000965,ANON-LENDER_A-00000965,PERSON,synthetic,WCDS-0.1
FAC-LENDER_A-00000966,LENDER_A,LENDER_A-100966,,TERM_LOAN,SALARY_6M,NGN,250000,250000,250000,2026-03-17,2026-03-17,2026-09-13,180,0.356701,FIXED,MONTHLY,48996.14,UNSECURED_PERSONAL,HOUSEHOLD,DEPOSITS,False,ACTIVE,2026-08-21,31944.44,31944.44,0,CURRENT,False,,False,False,0,0,PTY-LENDER_A-00000966,ANON-LENDER_A-00000966,PERSON,synthetic,WCDS-0.1
FAC-LENDER_A-00000967,LENDER_A,LENDER_A-100967,,TERM_LOAN,PERSONAL_9M,NGN,100000,100000,100000,2025-03-27,2025-03-27,2025-12-22,270,0.329005,FIXED,MONTHLY,13815.26,PERSONAL,HOUSEHOLD,DEPOSITS,False,CLOSED,2026-08-21,0,0.0,0,CURRENT,False,,False,False,0,0,PTY-LENDER_A-00000967,ANON-LENDER_A-00000967,PERSON,synthetic,WCDS-0.1
FAC-LENDER_A-00000968,LENDER_A,LENDER_A-100968,,TERM_LOAN,SALARY_6M,NGN,250000,250000,250000,2025-10-31,2025-10-31,2026-04-29,180,0.273555,FIXED,MONTHLY,47287.67,UNSECURED_PERSONAL,HOUSEHOLD,DEPOSITS,False,ACTIVE,2026-08-21,14583.33,14911.23,35,DPD_31_60,False,,False,False,0,0,PTY-LENDER_A-00000968,ANON-LENDER_A-00000968,PERSON,synthetic,WCDS-0.1
FAC-LENDER_A-00000969,LENDER_A,LENDER_A-100969,,TERM_LOAN,SALARY_3M,NGN,100000,100000,100000,2026-06-17,2026-06-17,2026-09-15,90,0.34356,FIXED,MONTHLY,36157.11,UNSECURED_PERSONAL,HOUSEHOLD,DEPOSITS,False,ACTIVE,2026-08-21,27777.78,27777.78,0,CURRENT,False,,False,False,0,0,PTY-LENDER_A-00000969,ANON-LENDER_A-00000969,PERSON,synthetic,WCDS-0.1
FAC-LENDER_A-00000970,LENDER_A,LENDER_A-100970,,TERM_LOAN,SALARY_6M,NGN,400000,400000,400000,2026-04-09,2026-04-09,2026-10-06,180,0.288761,FIXED,MONTHLY,76160.18,UNSECURED_PERSONAL,HOUSEHOLD,DEPOSITS,False,ACTIVE,2026-08-21,102222.22,102222.22,0,CURRENT,False,,False,False,0,0,PTY-LENDER_A-00000970,ANON-LENDER_A-00000970,PERSON,synthetic,WCDS-0.1
FAC-LENDER_A-00000971,LENDER_A,LENDER_A-100971,,TERM_LOAN,SALARY_6M,NGN,300000,300000,300000,2025-10-07,2025-10-07,2026-04-05,180,0.313088,FIXED,MONTHLY,57719.99,UNSECURED_PERSONAL,HOUSEHOLD,DEPOSITS,False,CLOSED,2026-08-21,0,0.0,0,CURRENT,False,,False,False,0,0,PTY-LENDER_A-00000971,ANON-LENDER_A-00000971,PERSON,synthetic,WCDS-0.1
FAC-LENDER_A-00000972,LENDER_A,LENDER_A-100972,,TERM_LOAN,SALARY_3M,NGN,750000,750000,750000,2025-09-21,2025-09-21,2025-12-20,90,0.398725,FIXED,MONTHLY,274578.93,UNSECURED_PERSONAL,HOUSEHOLD,DEPOSITS,False,ACTIVE,2026-08-21,43750.0,45183.77,35,DPD_31_60,False,,False,False,0,0,PTY-LENDER_A-00000972,ANON-LENDER_A-00000972,PERSON,synthetic,WCDS-0.1
FAC-LENDER_A-00000973,LENDER_A,LENDER_A-100973,,TERM_LOAN,SALARY_6M,NGN,750000,750000,750000,2025-06-15,2025-06-15,2025-12-12,180,0.264066,FIXED,MONTHLY,141278.03,UNSECURED_PERSONAL,HOUSEHOLD,DEPOSITS,False,ACTIVE,2026-08-21,81250.0,83013.45,65,DPD_61_90,False,,False,False,0,0,PTY-LENDER_A-00000973,ANON-LENDER_A-00000973,PERSON,synthetic,WCDS-0.1
FAC-LENDER_A-00000974,LENDER_A,LENDER_A-100974,,TERM_LOAN,SALARY_3M,NGN,300000,300000,300000,2025-03-11,2025-03-11,2025-06-09,90,0.350684,FIXED,MONTHLY,108647.0,UNSECURED_PERSONAL,HOUSEHOLD,DEPOSITS,False,CLOSED,2026-08-21,0,0.0,0,CURRENT,False,,False,False,0,0,PTY-LENDER_A-00000974,ANON-LENDER_A-00000974,PERSON,synthetic,WCDS-0.1
FAC-LENDER_A-00000975,LENDER_A,LENDER_A-100975,,TERM_LOAN,SALARY_6M,NGN,750000,750000,750000,2026-07-14,2026-07-14,2027-01-10,180,0.347508,FIXED,MONTHLY,146421.71,UNSECURED_PERSONAL,HOUSEHOLD,DEPOSITS,False,ACTIVE,2026-08-21,600416.67,604418.16,7,DPD_1_30,False,,False,False,0,0,PTY-LENDER_A-00000975,ANON-LENDER_A-00000975,PERSON,synthetic,WCDS-0.1
FAC-LENDER_A-00000976,LENDER_A,LENDER_A-100976,,TERM_LOAN,PERSONAL_9M,NGN,200000,200000,200000,2026-08-08,2026-08-08,2027-05-05,270,0.333209,FIXED,MONTHLY,27699.62,PERSONAL,HOUSEHOLD,DEPOSITS,False,ACTIVE,2026-08-21,190370.37,190370.37,0,CURRENT,False,,False,False,0,0,PTY-LENDER_A-00000976,ANON-LENDER_A-00000976,PERSON,synthetic,WCDS-0.1
FAC-LENDER_A-00000977,LENDER_A,LENDER_A-100977,,TERM_LOAN,SALARY_3M,NGN,250000,250000,250000,2025-03-01,2025-03-01,2025-05-30,90,0.375396,FIXED,MONTHLY,91046.94,UNSECURED_PERSONAL,HOUSEHOLD,DEPOSITS,False,ACTIVE,2026-08-21,2916.67,2937.66,7,DPD_1_30,False,,False,False,0,0,PTY-LENDER_A-00000977,ANON-LENDER_A-00000977,PERSON,synthetic,WCDS-0.1
FAC-LENDER_A-00000978,LENDER_A,LENDER_A-100978,,TERM_LOAN,PERSONAL_9M,NGN,500000,500000,500000,2025-09-18,2025-09-18,2026-06-15,270,0.295611,FIXED,MONTHLY,67703.96,PERSONAL,HOUSEHOLD,DEPOSITS,False,CLOSED,2026-08-21,0,0.0,0,CURRENT,False,,False,False,0,0,PTY-LENDER_A-00000978,ANON-LENDER_A-00000978,PERSON,synthetic,WCDS-0.1
FAC-LENDER_A-00000979,LENDER_A,LENDER_A-100979,,TERM_LOAN,PERSONAL_9M,NGN,400000,400000,400000,2025-10-27,2025-10-27,2026-07-24,270,0.300817,FIXED,MONTHLY,54334.33,PERSONAL,HOUSEHOLD,DEPOSITS,False,CLOSED,2026-08-21,0,0.0,0,CURRENT,False,,False,False,0,0,PTY-LENDER_A-00000979,ANON-LENDER_A-00000979,PERSON,synthetic,WCDS-0.1
FAC-LENDER_A-00000980,LENDER_A,LENDER_A-100980,,TERM_LOAN,PERSONAL_9M,NGN,250000,250000,250000,2026-07-21,2026-07-21,2027-04-17,270,0.385167,FIXED,MONTHLY,35692.16,PERSONAL,HOUSEHOLD,DEPOSITS,False,DEFAULTED,2026-08-21,250000,257914.39,95,DPD_90_PLUS,True,2026-08-16,False,False,0,0,PTY-LENDER_A-00000980,ANON-LENDER_A-00000980,PERSON,synthetic,WCDS-0.1
FAC-LENDER_A-00000981,LENDER_A,LENDER_A-100981,,TERM_LOAN,SALARY_6M,NGN,250000,250000,250000,2025-11-16,2025-11-16,2026-05-15,180,0.335195,FIXED,MONTHLY,48554.24,UNSECURED_PERSONAL,HOUSEHOLD,DEPOSITS,False,ACTIVE,2026-08-21,2916.67,2935.42,7,DPD_1_30,False,,False,False,0,0,PTY-LENDER_A-00000981,ANON-LENDER_A-00000981,PERSON,synthetic,WCDS-0.1
FAC-LENDER_A-00000982,LENDER_A,LENDER_A-100982,,TERM_LOAN,SALARY_6M,NGN,200000,200000,200000,2026-05-12,2026-05-12,2026-11-08,180,0.308124,FIXED,MONTHLY,38398.39,UNSECURED_PERSONAL,HOUSEHOLD,DEPOSITS,False,DEFAULTED,2026-08-21,117777.78,120760.53,95,DPD_90_PLUS,True,2026-08-16,False,False,0,0,PTY-LENDER_A-00000982,ANON-LENDER_A-00000982,PERSON,synthetic,WCDS-0.1
FAC-LENDER_A-00000983,LENDER_A,LENDER_A-100983,,TERM_LOAN,SALARY_6M,NGN,750000,750000,750000,2026-04-12,2026-04-12,2026-10-09,180,0.261694,FIXED,MONTHLY,141131.81,UNSECURED_PERSONAL,HOUSEHOLD,DEPOSITS,False,ACTIVE,2026-08-21,204166.67,204166.67,0,CURRENT,False,,False,False,0,0,PTY-LENDER_A-00000983,ANON-LENDER_A-00000983,PERSON,synthetic,WCDS-0.1
FAC-LENDER_A-00000984,LENDER_A,LENDER_A-100984,,TERM_LOAN,SALARY_6M,NGN,300000,300000,300000,2025-03-23,2025-03-23,2025-09-19,180,0.373526,FIXED,MONTHLY,59210.24,UNSECURED_PERSONAL,HOUSEHOLD,DEPOSITS,False,CLOSED,2026-08-21,0,0.0,0,CURRENT,False,,False,False,0,0,PTY-LENDER_A-00000984,ANON-LENDER_A-00000984,PERSON,synthetic,WCDS-0.1
FAC-LENDER_A-00000985,LENDER_A,LENDER_A-100985,,TERM_LOAN,SALARY_6M,NGN,250000,250000,250000,2025-06-09,2025-06-09,2025-12-06,180,0.284793,FIXED,MONTHLY,47518.57,UNSECURED_PERSONAL,HOUSEHOLD,DEPOSITS,False,CLOSED,2026-08-21,0,0.0,0,CURRENT,False,,False,False,0,0,PTY-LENDER_A-00000985,ANON-LENDER_A-00000985,PERSON,synthetic,WCDS-0.1
FAC-LENDER_A-00000986,LENDER_A,LENDER_A-100986,,TERM_LOAN,SALARY_3M,NGN,750000,750000,750000,2025-11-30,2025-11-30,2026-02-28,90,0.395096,FIXED,MONTHLY,274355.21,UNSECURED_PERSONAL,HOUSEHOLD,DEPOSITS,False,CLOSED,2026-08-21,0,0.0,0,CURRENT,False,,False,False,0,0,PTY-LENDER_A-00000986,ANON-LENDER_A-00000986,PERSON,synthetic,WCDS-0.1
FAC-LENDER_A-00000987,LENDER_A,LENDER_A-100987,,TERM_LOAN,SALARY_3M,NGN,400000,400000,400000,2025-06-30,2025-06-30,2025-09-28,90,0.382112,FIXED,MONTHLY,145895.92,UNSECURED_PERSONAL,HOUSEHOLD,DEPOSITS,False,CLOSED,2026-08-21,0,0.0,0,CURRENT,False,,False,False,0,0,PTY-LENDER_A-00000987,ANON-LENDER_A-00000987,PERSON,synthetic,WCDS-0.1
FAC-LENDER_A-00000988,LENDER_A,LENDER_A-100988,,TERM_LOAN,SALARY_6M,NGN,150000,150000,150000,2026-05-06,2026-05-06,2026-11-02,180,0.345014,FIXED,MONTHLY,29253.6,UNSECURED_PERSONAL,HOUSEHOLD,DEPOSITS,False,ACTIVE,2026-08-21,60833.33,60833.33,0,CURRENT,False,,False,False,0,0,PTY-LENDER_A-00000988,ANON-LENDER_A-00000988,PERSON,synthetic,WCDS-0.1
FAC-LENDER_A-00000989,LENDER_A,LENDER_A-100989,,TERM_LOAN,SALARY_6M,NGN,100000,100000,100000,2026-08-06,2026-08-06,2027-02-02,180,0.371728,FIXED,MONTHLY,19721.96,UNSECURED_PERSONAL,HOUSEHOLD,DEPOSITS,False,ACTIVE,2026-08-21,91666.67,91666.67,0,CURRENT,False,,False,False,0,0,PTY-LENDER_A-00000989,ANON-LENDER_A-00000989,PERSON,synthetic,WCDS-0.1
FAC-LENDER_A-00000990,LENDER_A,LENDER_A-100990,,TERM_LOAN,SALARY_6M,NGN,200000,200000,200000,2025-01-16,2025-01-16,2025-07-15,180,0.296301,FIXED,MONTHLY,38204.03,UNSECURED_PERSONAL,HOUSEHOLD,DEPOSITS,False,CLOSED,2026-08-21,0,0.0,0,CURRENT,False,,False,False,0,0,PTY-LENDER_A-00000990,ANON-LENDER_A-00000990,PERSON,synthetic,WCDS-0.1
FAC-LENDER_A-00000991,LENDER_A,LENDER_A-100991,,TERM_LOAN,SALARY_6M,NGN,750000,750000,750000,2026-03-29,2026-03-29,2026-09-25,180,0.280384,FIXED,MONTHLY,142283.94,UNSECURED_PERSONAL,HOUSEHOLD,DEPOSITS,False,ACTIVE,2026-08-21,145833.33,145833.33,0,CURRENT,False,,False,False,0,0,PTY-LENDER_A-00000991,ANON-LENDER_A-00000991,PERSON,synthetic,WCDS-0.1
FAC-LENDER_A-00000992,LENDER_A,LENDER_A-100992,,TERM_LOAN,SALARY_6M,NGN,100000,100000,100000,2026-04-03,2026-04-03,2026-09-30,180,0.311952,FIXED,MONTHLY,19230.65,UNSECURED_PERSONAL,HOUSEHOLD,DEPOSITS,False,ACTIVE,2026-08-21,22222.22,22222.22,0,CURRENT,False,,False,False,0,0,PTY-LENDER_A-00000992,ANON-LENDER_A-00000992,PERSON,synthetic,WCDS-0.1
FAC-LENDER_A-00000993,LENDER_A,LENDER_A-100993,,TERM_LOAN,SALARY_6M,NGN,300000,300000,300000,2025-11-15,2025-11-15,2026-05-14,180,0.29372,FIXED,MONTHLY,57242.41,UNSECURED_PERSONAL,HOUSEHOLD,DEPOSITS,False,CLOSED,2026-08-21,0,0.0,0,CURRENT,False,,False,False,0,0,PTY-LENDER_A-00000993,ANON-LENDER_A-00000993,PERSON,synthetic,WCDS-0.1
FAC-LENDER_A-00000994,LENDER_A,LENDER_A-100994,,TERM_LOAN,SALARY_3M,NGN,400000,400000,400000,2025-03-26,2025-03-26,2025-06-24,90,0.391388,FIXED,MONTHLY,146200.87,UNSECURED_PERSONAL,HOUSEHOLD,DEPOSITS,False,ACTIVE,2026-08-21,4666.67,4701.69,7,DPD_1_30,False,,False,False,0,0,PTY-LENDER_A-00000994,ANON-LENDER_A-00000994,PERSON,synthetic,WCDS-0.1
FAC-LENDER_A-00000995,LENDER_A,LENDER_A-100995,,TERM_LOAN,SALARY_6M,NGN,100000,100000,100000,2026-01-30,2026-01-30,2026-07-29,180,0.362364,FIXED,MONTHLY,19645.0,UNSECURED_PERSONAL,HOUSEHOLD,DEPOSITS,False,CLOSED,2026-08-21,0,0.0,0,CURRENT,False,,False,False,0,0,PTY-LENDER_A-00000995,ANON-LENDER_A-00000995,PERSON,synthetic,WCDS-0.1
FAC-LENDER_A-00000996,LENDER_A,LENDER_A-100996,,TERM_LOAN,PERSONAL_9M,NGN,750000,750000,750000,2025-05-22,2025-05-22,2026-02-16,270,0.311227,FIXED,MONTHLY,102518.55,PERSONAL,HOUSEHOLD,DEPOSITS,False,CLOSED,2026-08-21,0,0.0,0,CURRENT,False,,False,False,0,0,PTY-LENDER_A-00000996,ANON-LENDER_A-00000996,PERSON,synthetic,WCDS-0.1
FAC-LENDER_A-00000997,LENDER_A,LENDER_A-100997,,TERM_LOAN,PERSONAL_9M,NGN,1000000,1000000,1000000,2025-04-02,2025-04-02,2025-12-28,270,0.332982,FIXED,MONTHLY,138479.52,PERSONAL,HOUSEHOLD,DEPOSITS,False,CLOSED,2026-08-21,0,0.0,0,CURRENT,False,,False,False,0,0,PTY-LENDER_A-00000997,ANON-LENDER_A-00000997,PERSON,synthetic,WCDS-0.1
FAC-LENDER_A-00000998,LENDER_A,LENDER_A-100998,,TERM_LOAN,SALARY_6M,NGN,150000,150000,150000,2026-01-15,2026-01-15,2026-07-14,180,0.346372,FIXED,MONTHLY,29270.34,UNSECURED_PERSONAL,HOUSEHOLD,DEPOSITS,False,ACTIVE,2026-08-21,8750.0,8999.1,35,DPD_31_60,False,,False,False,0,0,PTY-LENDER_A-00000998,ANON-LENDER_A-00000998,PERSON,synthetic,WCDS-0.1
FAC-LENDER_A-00000999,LENDER_A,LENDER_A-100999,,TERM_LOAN,PERSONAL_9M,NGN,250000,250000,250000,2024-12-22,2024-12-22,2025-09-18,270,0.312735,FIXED,MONTHLY,34203.84,PERSONAL,HOUSEHOLD,DEPOSITS,False,WRITTEN_OFF,2026-08-21,677.13,694.54,180,DPD_90_PLUS,True,2026-05-23,False,True,37500.0,8628.87,PTY-LENDER_A-00000999,ANON-LENDER_A-00000999,PERSON,synthetic,WCDS-0.1
FAC-LENDER_A-00001000,LENDER_A,LENDER_A-101000,,TERM_LOAN,SALARY_6M,NGN,100000,100000,100000,2025-10-24,2025-10-24,2026-04-22,180,0.319773,FIXED,MONTHLY,19294.94,UNSECURED_PERSONAL,HOUSEHOLD,DEPOSITS,False,CLOSED,2026-08-21,0,0.0,0,CURRENT,False,,False,False,0,0,PTY-LENDER_A-00001000,ANON-LENDER_A-00001000,PERSON,synthetic,WCDS-0.1
FAC-LENDER_A-00001001,LENDER_A,LENDER_A-101001,,TERM_LOAN,SALARY_3M,NGN,400000,400000,400000,2026-03-07,2026-03-07,2026-06-05,90,0.381677,FIXED,MONTHLY,145881.61,UNSECURED_PERSONAL,HOUSEHOLD,DEPOSITS,False,CLOSED,2026-08-21,0,0.0,0,CURRENT,False,,False,False,0,0,PTY-LENDER_A-00001001,ANON-LENDER_A-00001001,PERSON,synthetic,WCDS-0.1
FAC-LENDER_A-00001002,LENDER_A,LENDER_A-101002,,TERM_LOAN,PERSONAL_9M,NGN,300000,300000,300000,2024-12-11,2024-12-11,2025-09-07,270,0.337583,FIXED,MONTHLY,41657.29,PERSONAL,HOUSEHOLD,DEPOSITS,False,CLOSED,2026-08-21,0,0.0,0,CURRENT,False,,False,False,0,0,PTY-LENDER_A-00001002,ANON-LENDER_A-00001002,PERSON,synthetic,WCDS-0.1
FAC-LENDER_A-00001003,LENDER_A,LENDER_A-101003,,TERM_LOAN,SALARY_6M,NGN,400000,400000,400000,2025-01-06,2025-01-06,2025-07-05,180,0.265262,FIXED,MONTHLY,75387.6,UNSECURED_PERSONAL,HOUSEHOLD,DEPOSITS,False,CLOSED,2026-08-21,0,0.0,0,CURRENT,False,,False,False,0,0,PTY-LENDER_A-00001003,ANON-LENDER_A-00001003,PERSON,synthetic,WCDS-0.1
FAC-LENDER_A-00001004,LENDER_A,LENDER_A-101004,,TERM_LOAN,SALARY_3M,NGN,150000,150000,150000,2025-01-28,2025-01-28,2025-04-28,90,0.403593,FIXED,MONTHLY,54975.81,UNSECURED_PERSONAL,HOUSEHOLD,DEPOSITS,False,DEFAULTED,2026-08-21,22500.0,23246.37,95,DPD_90_PLUS,True,2026-08-16,False,False,0,0,PTY-LENDER_A-00001004,ANON-LENDER_A-00001004,PERSON,synthetic,WCDS-0.1
FAC-LENDER_A-00001005,LENDER_A,LENDER_A-101005,,TERM_LOAN,SALARY_6M,NGN,150000,150000,150000,2026-07-21,2026-07-21,2027-01-17,180,0.281361,FIXED,MONTHLY,28468.84,UNSECURED_PERSONAL,HOUSEHOLD,DEPOSITS,False,ACTIVE,2026-08-21,132916.67,135990.44,35,DPD_31_60,False,,False,False,0,0,PTY-LENDER_A-00001005,ANON-LENDER_A-00001005,PERSON,synthetic,WCDS-0.1
FAC-LENDER_A-00001006,LENDER_A,LENDER_A-101006,,TERM_LOAN,PERSONAL_9M,NGN,200000,200000,200000,2026-04-10,2026-04-10,2027-01-05,270,0.370307,FIXED,MONTHLY,28309.46,PERSONAL,HOUSEHOLD,DEPOSITS,False,ACTIVE,2026-08-21,101481.48,101481.48,0,CURRENT,False,,False,False,0,0,PTY-LENDER_A-00001006,ANON-LENDER_A-00001006,PERSON,synthetic,WCDS-0.1
FAC-LENDER_A-00001007,LENDER_A,LENDER_A-101007,,TERM_LOAN,PERSONAL_9M,NGN,200000,200000,200000,2025-08-09,2025-08-09,2026-05-06,270,0.390604,FIXED,MONTHLY,28643.11,PERSONAL,HOUSEHOLD,DEPOSITS,False,CLOSED,2026-08-21,0,0.0,0,CURRENT,False,,False,False,0,0,PTY-LENDER_A-00001007,ANON-LENDER_A-00001007,PERSON,synthetic,WCDS-0.1
FAC-LENDER_A-00001008,LENDER_A,LENDER_A-101008,,TERM_LOAN,SALARY_6M,NGN,750000,750000,750000,2025-11-10,2025-11-10,2026-05-09,180,0.321518,FIXED,MONTHLY,144819.63,UNSECURED_PERSONAL,HOUSEHOLD,DEPOSITS,False,CLOSED,2026-08-21,0,0.0,0,CURRENT,False,,False,False,0,0,PTY-LENDER_A-00001008,ANON-LENDER_A-00001008,PERSON,synthetic,WCDS-0.1
FAC-LENDER_A-00001009,LENDER_A,LENDER_A-101009,,TERM_LOAN,PERSONAL_9M,NGN,200000,200000,200000,2025-05-24,2025-05-24,2026-02-18,270,0.377319,FIXED,MONTHLY,28424.73,PERSONAL,HOUSEHOLD,DEPOSITS,False,CLOSED,2026-08-21,0,0.0,0,CURRENT,False,,False,False,0,0,PTY-LENDER_A-00001009,ANON-LENDER_A-00001009,PERSON,synthetic,WCDS-0.1
FAC-LENDER_A-00001010,LENDER_A,LENDER_A-101010,,TERM_LOAN,PERSONAL_9M,NGN,250000,250000,250000,2026-03-06,2026-03-06,2026-12-01,270,0.396793,FIXED,MONTHLY,35931.05,PERSONAL,HOUSEHOLD,DEPOSITS,False,DEFAULTED,2026-08-21,131944.44,136247.56,95,DPD_90_PLUS,True,2026-08-16,False,False,0,0,PTY-LENDER_A-00001010,ANON-LENDER_A-00001010,PERSON,synthetic,WCDS-0.1
FAC-LENDER_A-00001011,LENDER_A,LENDER_A-101011,,TERM_LOAN,SALARY_3M,NGN,750000,750000,750000,2025-10-08,2025-10-08,2026-01-06,90,0.377667,FIXED,MONTHLY,273280.85,UNSECURED_PERSONAL,HOUSEHOLD,DEPOSITS,False,CLOSED,2026-08-21,0,0.0,0,CURRENT,False,,False,False,0,0,PTY-LENDER_A-00001011,ANON-LENDER_A-00001011,PERSON,synthetic,WCDS-0.1
FAC-LENDER_A-00001012,LENDER_A,LENDER_A-101012,,TERM_LOAN,PERSONAL_9M,NGN,500000,500000,500000,2025-10-13,2025-10-13,2026-07-10,270,0.380985,FIXED,MONTHLY,71212.46,PERSONAL,HOUSEHOLD,DEPOSITS,False,CLOSED,2026-08-21,0,0.0,0,CURRENT,False,,False,False,0,0,PTY-LENDER_A-00001012,ANON-LENDER_A-00001012,PERSON,synthetic,WCDS-0.1
FAC-LENDER_A-00001013,LENDER_A,LENDER_A-101013,,TERM_LOAN,PERSONAL_9M,NGN,500000,500000,500000,2025-06-15,2025-06-15,2026-03-12,270,0.34161,FIXED,MONTHLY,69594.31,PERSONAL,HOUSEHOLD,DEPOSITS,False,CLOSED,2026-08-21,0,0.0,0,CURRENT,False,,False,False,0,0,PTY-LENDER_A-00001013,ANON-LENDER_A-00001013,PERSON,synthetic,WCDS-0.1
FAC-LENDER_A-00001014,LENDER_A,LENDER_A-101014,,TERM_LOAN,SALARY_6M,NGN,150000,150000,150000,2025-03-14,2025-03-14,2025-09-10,180,0.328217,FIXED,MONTHLY,29046.52,UNSECURED_PERSONAL,HOUSEHOLD,DEPOSITS,False,CLOSED,2026-08-21,0,0.0,0,CURRENT,False,,False,False,0,0,PTY-LENDER_A-00001014,ANON-LENDER_A-00001014,PERSON,synthetic,WCDS-0.1
FAC-LENDER_A-00001015,LENDER_A,LENDER_A-101015,,TERM_LOAN,SALARY_6M,NGN,100000,100000,100000,2026-05-18,2026-05-18,2026-11-14,180,0.315545,FIXED,MONTHLY,19260.19,UNSECURED_PERSONAL,HOUSEHOLD,DEPOSITS,False,ACTIVE,2026-08-21,47222.22,47222.22,0,CURRENT,False,,False,False,0,0,PTY-LENDER_A-00001015,ANON-LENDER_A-00001015,PERSON,synthetic,WCDS-0.1
FAC-LENDER_A-00001016,LENDER_A,LENDER_A-101016,,TERM_LOAN,PERSONAL_9M,NGN,750000,750000,750000,2025-11-13,2025-11-13,2026-08-10,270,0.366891,FIXED,MONTHLY,105949.92,PERSONAL,HOUSEHOLD,DEPOSITS,False,CLOSED,2026-08-21,0,0.0,0,CURRENT,False,,False,False,0,0,PTY-LENDER_A-00001016,ANON-LENDER_A-00001016,PERSON,synthetic,WCDS-0.1
FAC-LENDER_A-00001017,LENDER_A,LENDER_A-101017,,TERM_LOAN,SALARY_3M,NGN,300000,300000,300000,2026-04-25,2026-04-25,2026-07-24,90,0.410173,FIXED,MONTHLY,110113.87,UNSECURED_PERSONAL,HOUSEHOLD,DEPOSITS,False,CLOSED,2026-08-21,0,0.0,0,CURRENT,False,,False,False,0,0,PTY-LENDER_A-00001017,ANON-LENDER_A-00001017,PERSON,synthetic,WCDS-0.1
FAC-LENDER_A-00001018,LENDER_A,LENDER_A-101018,,TERM_LOAN,PERSONAL_9M,NGN,750000,750000,750000,2025-04-27,2025-04-27,2026-01-22,270,0.281597,FIXED,MONTHLY,100692.02,PERSONAL,HOUSEHOLD,DEPOSITS,False,CLOSED,2026-08-21,0,0.0,0,CURRENT,False,,False,False,0,0,PTY-LENDER_A-00001018,ANON-LENDER_A-00001018,PERSON,synthetic,WCDS-0.1
FAC-LENDER_A-00001019,LENDER_A,LENDER_A-101019,,TERM_LOAN,SALARY_6M,NGN,300000,300000,300000,2025-08-07,2025-08-07,2026-02-03,180,0.375896,FIXED,MONTHLY,59268.68,UNSECURED_PERSONAL,HOUSEHOLD,DEPOSITS,False,CLOSED,2026-08-21,0,0.0,0,CURRENT,False,,False,False,0,0,PTY-LENDER_A-00001019,ANON-LENDER_A-00001019,PERSON,synthetic,WCDS-0.1
FAC-LENDER_A-00001020,LENDER_A,LENDER_A-101020,,TERM_LOAN,SALARY_3M,NGN,200000,200000,200000,2026-03-26,2026-03-26,2026-06-24,90,0.415577,FIXED,MONTHLY,73498.07,UNSECURED_PERSONAL,HOUSEHOLD,DEPOSITS,False,CLOSED,2026-08-21,0,0.0,0,CURRENT,False,,False,False,0,0,PTY-LENDER_A-00001020,ANON-LENDER_A-00001020,PERSON,synthetic,WCDS-0.1
FAC-LENDER_A-00001021,LENDER_A,LENDER_A-101021,,TERM_LOAN,SALARY_3M,NGN,250000,250000,250000,2025-04-06,2025-04-06,2025-07-05,90,0.31343,FIXED,MONTHLY,89773.67,UNSECURED_PERSONAL,HOUSEHOLD,DEPOSITS,False,CLOSED,2026-08-21,0,0.0,0,CURRENT,False,,False,False,0,0,PTY-LENDER_A-00001021,ANON-LENDER_A-00001021,PERSON,synthetic,WCDS-0.1
FAC-LENDER_A-00001022,LENDER_A,LENDER_A-101022,,TERM_LOAN,PERSONAL_9M,NGN,250000,250000,250000,2026-05-15,2026-05-15,2027-02-09,270,0.355127,FIXED,MONTHLY,35074.91,PERSONAL,HOUSEHOLD,DEPOSITS,False,ACTIVE,2026-08-21,159259.26,159259.26,0,CURRENT,False,,False,False,0,0,PTY-LENDER_A-00001022,ANON-LENDER_A-00001022,PERSON,synthetic,WCDS-0.1
FAC-LENDER_A-00001023,LENDER_A,LENDER_A-101023,,TERM_LOAN,SALARY_3M,NGN,200000,200000,200000,2025-05-13,2025-05-13,2025-08-11,90,0.355611,FIXED,MONTHLY,72512.33,UNSECURED_PERSONAL,HOUSEHOLD,DEPOSITS,False,DEFAULTED,2026-08-21,30000.0,30876.85,130,DPD_90_PLUS,True,2026-07-12,False,False,0,0,PTY-LENDER_A-00001023,ANON-LENDER_A-00001023,PERSON,synthetic,WCDS-0.1
FAC-LENDER_A-00001024,LENDER_A,LENDER_A-101024,,TERM_LOAN,SALARY_6M,NGN,100000,100000,100000,2025-09-04,2025-09-04,2026-03-03,180,0.284161,FIXED,MONTHLY,19002.23,UNSECURED_PERSONAL,HOUSEHOLD,DEPOSITS,False,CLOSED,2026-08-21,0,0.0,0,CURRENT,False,,False,False,0,0,PTY-LENDER_A-00001024,ANON-LENDER_A-00001024,PERSON,synthetic,WCDS-0.1
FAC-LENDER_A-00001025,LENDER_A,LENDER_A-101025,,TERM_LOAN,SALARY_6M,NGN,1000000,1000000,1000000,2025-10-18,2025-10-18,2026-04-16,180,0.345571,FIXED,MONTHLY,195069.77,UNSECURED_PERSONAL,HOUSEHOLD,DEPOSITS,False,CLOSED,2026-08-21,0,0.0,0,CURRENT,False,,False,False,0,0,PTY-LENDER_A-00001025,ANON-LENDER_A-00001025,PERSON,synthetic,WCDS-0.1
FAC-LENDER_A-00001026,LENDER_A,LENDER_A-101026,,TERM_LOAN,PERSONAL_9M,NGN,750000,750000,750000,2025-12-17,2025-12-17,2026-09-13,270,0.366954,FIXED,MONTHLY,105953.77,PERSONAL,HOUSEHOLD,DEPOSITS,False,ACTIVE,2026-08-21,72638.89,73150.08,7,DPD_1_30,False,,False,False,0,0,PTY-LENDER_A-00001026,ANON-LENDER_A-00001026,PERSON,synthetic,WCDS-0.1
FAC-LENDER_A-00001027,LENDER_A,LENDER_A-101027,,TERM_LOAN,SALARY_3M,NGN,300000,300000,300000,2025-06-10,2025-06-10,2025-09-08,90,0.363397,FIXED,MONTHLY,108960.48,UNSECURED_PERSONAL,HOUSEHOLD,DEPOSITS,False,ACTIVE,2026-08-21,17500.0,18022.69,35,DPD_31_60,False,,True,False,0,0,PTY-LENDER_A-00001027,ANON-LENDER_A-00001027,PERSON,synthetic,WCDS-0.1
FAC-LENDER_A-00001028,LENDER_A,LENDER_A-101028,,TERM_LOAN,SALARY_6M,NGN,100000,100000,100000,2026-02-27,2026-02-27,2026-08-26,180,0.337542,FIXED,MONTHLY,19440.98,UNSECURED_PERSONAL,HOUSEHOLD,DEPOSITS,False,ACTIVE,2026-08-21,2777.78,2777.78,0,CURRENT,False,,False,False,0,0,PTY-LENDER_A-00001028,ANON-LENDER_A-00001028,PERSON,synthetic,WCDS-0.1
FAC-LENDER_A-00001029,LENDER_A,LENDER_A-101029,,TERM_LOAN,SALARY_3M,NGN,400000,400000,400000,2025-04-19,2025-04-19,2025-07-18,90,0.323064,FIXED,MONTHLY,143954.62,UNSECURED_PERSONAL,HOUSEHOLD,DEPOSITS,False,CLOSED,2026-08-21,0,0.0,0,CURRENT,False,,False,False,0,0,PTY-LENDER_A-00001029,ANON-LENDER_A-00001029,PERSON,synthetic,WCDS-0.1
FAC-LENDER_A-00001030,LENDER_A,LENDER_A-101030,,TERM_LOAN,PERSONAL_9M,NGN,400000,400000,400000,2025-04-15,2025-04-15,2026-01-10,270,0.395176,FIXED,MONTHLY,57436.55,PERSONAL,HOUSEHOLD,DEPOSITS,False,ACTIVE,2026-08-21,10000.0,10162.4,15,DPD_1_30,False,,False,False,0,0,PTY-LENDER_A-00001030,ANON-LENDER_A-00001030,PERSON,synthetic,WCDS-0.1
FAC-LENDER_A-00001031,LENDER_A,LENDER_A-101031,,TERM_LOAN,PERSONAL_9M,NGN,150000,150000,150000,2025-04-04,2025-04-04,2025-12-30,270,0.313895,FIXED,MONTHLY,20536.6,PERSONAL,HOUSEHOLD,DEPOSITS,False,CLOSED,2026-08-21,0,0.0,0,CURRENT,False,,False,False,0,0,PTY-LENDER_A-00001031,ANON-LENDER_A-00001031,PERSON,synthetic,WCDS-0.1
FAC-LENDER_A-00001032,LENDER_A,LENDER_A-101032,,TERM_LOAN,SALARY_6M,NGN,750000,750000,750000,2025-10-05,2025-10-05,2026-04-03,180,0.33269,FIXED,MONTHLY,145508.28,UNSECURED_PERSONAL,HOUSEHOLD,DEPOSITS,False,CLOSED,2026-08-21,0,0.0,0,CURRENT,False,,False,False,0,0,PTY-LENDER_A-00001032,ANON-LENDER_A-00001032,PERSON,synthetic,WCDS-0.1
FAC-LENDER_A-00001033,LENDER_A,LENDER_A-101033,,TERM_LOAN,SALARY_6M,NGN,400000,400000,400000,2026-03-02,2026-03-02,2026-08-29,180,0.379911,FIXED,MONTHLY,79156.9,UNSECURED_PERSONAL,HOUSEHOLD,DEPOSITS,False,ACTIVE,2026-08-21,17777.78,17777.78,0,CURRENT,False,,False,False,0,0,PTY-LENDER_A-00001033,ANON-LENDER_A-00001033,PERSON,synthetic,WCDS-0.1
FAC-LENDER_A-00001034,LENDER_A,LENDER_A-101034,,TERM_LOAN,SALARY_6M,NGN,500000,500000,500000,2026-04-17,2026-04-17,2026-10-14,180,0.320417,FIXED,MONTHLY,96501.17,UNSECURED_PERSONAL,HOUSEHOLD,DEPOSITS,False,ACTIVE,2026-08-21,150000.0,150000.0,0,CURRENT,False,,False,False,0,0,PTY-LENDER_A-00001034,ANON-LENDER_A-00001034,PERSON,synthetic,WCDS-0.1
FAC-LENDER_A-00001035,LENDER_A,LENDER_A-101035,,TERM_LOAN,SALARY_6M,NGN,400000,400000,400000,2026-06-25,2026-06-25,2026-12-22,180,0.286891,FIXED,MONTHLY,76098.72,UNSECURED_PERSONAL,HOUSEHOLD,DEPOSITS,False,ACTIVE,2026-08-21,278000.0,279529.56,7,DPD_1_30,False,,False,False,0,0,PTY-LENDER_A-00001035,ANON-LENDER_A-00001035,PERSON,synthetic,WCDS-0.1
FAC-LENDER_A-00001036,LENDER_A,LENDER_A-101036,,TERM_LOAN,PERSONAL_9M,NGN,150000,150000,150000,2026-06-21,2026-06-21,2027-03-18,270,0.382409,FIXED,MONTHLY,21381.3,PERSONAL,HOUSEHOLD,DEPOSITS,False,ACTIVE,2026-08-21,132361.11,136521.34,65,DPD_61_90,False,,False,False,0,0,PTY-LENDER_A-00001036,ANON-LENDER_A-00001036,PERSON,synthetic,WCDS-0.1
FAC-LENDER_A-00001037,LENDER_A,LENDER_A-101037,,TERM_LOAN,SALARY_3M,NGN,150000,150000,150000,2025-01-13,2025-01-13,2025-04-13,90,0.354856,FIXED,MONTHLY,54374.94,UNSECURED_PERSONAL,HOUSEHOLD,DEPOSITS,False,CLOSED,2026-08-21,0,0.0,0,CURRENT,False,,False,False,0,0,PTY-LENDER_A-00001037,ANON-LENDER_A-00001037,PERSON,synthetic,WCDS-0.1
FAC-LENDER_A-00001038,LENDER_A,LENDER_A-101038,,TERM_LOAN,SALARY_6M,NGN,200000,200000,200000,2025-10-16,2025-10-16,2026-04-14,180,0.335591,FIXED,MONTHLY,38849.9,UNSECURED_PERSONAL,HOUSEHOLD,DEPOSITS,False,ACTIVE,2026-08-21,2333.33,2348.35,7,DPD_1_30,False,,False,False,0,0,PTY-LENDER_A-00001038,ANON-LENDER_A-00001038,PERSON,synthetic,WCDS-0.1
FAC-LENDER_A-00001039,LENDER_A,LENDER_A-101039,,TERM_LOAN,SALARY_3M,NGN,400000,400000,400000,2025-09-03,2025-09-03,2025-12-02,90,0.391436,FIXED,MONTHLY,146202.45,UNSECURED_PERSONAL,HOUSEHOLD,DEPOSITS,False,ACTIVE,2026-08-21,10000.0,10160.86,15,DPD_1_30,False,,False,False,0,0,PTY-LENDER_A-00001039,ANON-LENDER_A-00001039,PERSON,synthetic,WCDS-0.1
FAC-LENDER_A-00001040,LENDER_A,LENDER_A-101040,,TERM_LOAN,SALARY_3M,NGN,250000,250000,250000,2025-04-13,2025-04-13,2025-07-12,90,0.314758,FIXED,MONTHLY,89800.96,UNSECURED_PERSONAL,HOUSEHOLD,DEPOSITS,False,CLOSED,2026-08-21,0,0.0,0,CURRENT,False,,False,False,0,0,PTY-LENDER_A-00001040,ANON-LENDER_A-00001040,PERSON,synthetic,WCDS-0.1
FAC-LENDER_A-00001041,LENDER_A,LENDER_A-101041,,TERM_LOAN,SALARY_6M,NGN,400000,400000,400000,2025-12-03,2025-12-03,2026-06-01,180,0.270228,FIXED,MONTHLY,75550.88,UNSECURED_PERSONAL,HOUSEHOLD,DEPOSITS,False,CLOSED,2026-08-21,0,0.0,0,CURRENT,False,,False,False,0,0,PTY-LENDER_A-00001041,ANON-LENDER_A-00001041,PERSON,synthetic,WCDS-0.1
FAC-LENDER_A-00001042,LENDER_A,LENDER_A-101042,,TERM_LOAN,SALARY_6M,NGN,500000,500000,500000,2025-06-18,2025-06-18,2025-12-15,180,0.310607,FIXED,MONTHLY,96097.99,UNSECURED_PERSONAL,HOUSEHOLD,DEPOSITS,False,ACTIVE,2026-08-21,54166.67,55549.5,65,DPD_61_90,False,,False,False,0,0,PTY-LENDER_A-00001042,ANON-LENDER_A-00001042,PERSON,synthetic,WCDS-0.1
FAC-LENDER_A-00001043,LENDER_A,LENDER_A-101043,,TERM_LOAN,SALARY_6M,NGN,200000,200000,200000,2026-08-01,2026-08-01,2027-01-28,180,0.341864,FIXED,MONTHLY,38953.01,UNSECURED_PERSONAL,HOUSEHOLD,DEPOSITS,False,ACTIVE,2026-08-21,180111.11,181291.97,7,DPD_1_30,False,,False,False,0,0,PTY-LENDER_A-00001043,ANON-LENDER_A-00001043,PERSON,synthetic,WCDS-0.1
FAC-LENDER_A-00001044,LENDER_A,LENDER_A-101044,,TERM_LOAN,SALARY_6M,NGN,200000,200000,200000,2025-05-24,2025-05-24,2025-11-20,180,0.26835,FIXED,MONTHLY,37744.56,UNSECURED_PERSONAL,HOUSEHOLD,DEPOSITS,False,CLOSED,2026-08-21,0,0.0,0,CURRENT,False,,False,False,0,0,PTY-LENDER_A-00001044,ANON-LENDER_A-00001044,PERSON,synthetic,WCDS-0.1
FAC-LENDER_A-00001045,LENDER_A,LENDER_A-101045,,TERM_LOAN,PERSONAL_9M,NGN,100000,100000,100000,2025-02-25,2025-02-25,2025-11-22,270,0.356976,FIXED,MONTHLY,14045.16,PERSONAL,HOUSEHOLD,DEPOSITS,False,DEFAULTED,2026-08-21,15000.0,15440.11,130,DPD_90_PLUS,True,2026-07-12,False,False,0,0,PTY-LENDER_A-00001045,ANON-LENDER_A-00001045,PERSON,synthetic,WCDS-0.1
FAC-LENDER_A-00001046,LENDER_A,LENDER_A-101046,,TERM_LOAN,SALARY_6M,NGN,400000,400000,400000,2026-08-03,2026-08-03,2027-01-30,180,0.364826,FIXED,MONTHLY,78660.93,UNSECURED_PERSONAL,HOUSEHOLD,DEPOSITS,False,ACTIVE,2026-08-21,370000.0,375547.35,15,DPD_1_30,False,,False,False,0,0,PTY-LENDER_A-00001046,ANON-LENDER_A-00001046,PERSON,synthetic,WCDS-0.1
FAC-LENDER_A-00001047,LENDER_A,LENDER_A-101047,,TERM_LOAN,SALARY_6M,NGN,750000,750000,750000,2026-01-13,2026-01-13,2026-07-12,180,0.333248,FIXED,MONTHLY,145542.69,UNSECURED_PERSONAL,HOUSEHOLD,DEPOSITS,False,ACTIVE,2026-08-21,43750.0,44948.32,35,DPD_31_60,False,,False,False,0,0,PTY-LENDER_A-00001047,ANON-LENDER_A-00001047,PERSON,synthetic,WCDS-0.1
FAC-LENDER_A-00001048,LENDER_A,LENDER_A-101048,,TERM_LOAN,PERSONAL_9M,NGN,500000,500000,500000,2026-01-21,2026-01-21,2026-10-18,270,0.32143,FIXED,MONTHLY,68765.01,PERSONAL,HOUSEHOLD,DEPOSITS,False,ACTIVE,2026-08-21,136574.07,140182.21,35,DPD_31_60,False,,True,False,0,0,PTY-LENDER_A-00001048,ANON-LENDER_A-00001048,PERSON,synthetic,WCDS-0.1
FAC-LENDER_A-00001049,LENDER_A,LENDER_A-101049,,TERM_LOAN,SALARY_3M,NGN,1000000,1000000,1000000,2025-02-04,2025-02-04,2025-05-05,90,0.364492,FIXED,MONTHLY,363291.58,UNSECURED_PERSONAL,HOUSEHOLD,DEPOSITS,False,CLOSED,2026-08-21,0,0.0,0,CURRENT,False,,False,False,0,0,PTY-LENDER_A-00001049,ANON-LENDER_A-00001049,PERSON,synthetic,WCDS-0.1
FAC-LENDER_A-00001050,LENDER_A,LENDER_A-101050,,TERM_LOAN,PERSONAL_9M,NGN,200000,200000,200000,2026-07-19,2026-07-19,2027-04-15,270,0.34256,FIXED,MONTHLY,27853.35,PERSONAL,HOUSEHOLD,DEPOSITS,False,ACTIVE,2026-08-21,175555.56,175555.56,0,CURRENT,False,,False,False,0,0,PTY-LENDER_A-00001050,ANON-LENDER_A-00001050,PERSON,synthetic,WCDS-0.1
FAC-LENDER_A-00001051,LENDER_A,LENDER_A-101051,,TERM_LOAN,SALARY_6M,NGN,500000,500000,500000,2025-03-12,2025-03-12,2025-09-08,180,0.3311,FIXED,MONTHLY,96940.2,UNSECURED_PERSONAL,HOUSEHOLD,DEPOSITS,False,CLOSED,2026-08-21,0,0.0,0,CURRENT,False,,False,False,0,0,PTY-LENDER_A-00001051,ANON-LENDER_A-00001051,PERSON,synthetic,WCDS-0.1
FAC-LENDER_A-00001052,LENDER_A,LENDER_A-101052,,TERM_LOAN,SALARY_6M,NGN,150000,150000,150000,2026-06-24,2026-06-24,2026-12-21,180,0.304757,FIXED,MONTHLY,28757.28,UNSECURED_PERSONAL,HOUSEHOLD,DEPOSITS,False,ACTIVE,2026-08-21,103416.67,104021.1,7,DPD_1_30,False,,False,False,0,0,PTY-LENDER_A-00001052,ANON-LENDER_A-00001052,PERSON,synthetic,WCDS-0.1
FAC-LENDER_A-00001053,LENDER_A,LENDER_A-101053,,TERM_LOAN,SALARY_3M,NGN,750000,750000,750000,2025-08-29,2025-08-29,2025-11-27,90,0.412961,FIXED,MONTHLY,275456.51,UNSECURED_PERSONAL,HOUSEHOLD,DEPOSITS,False,DEFAULTED,2026-08-21,112500.0,116318.48,180,DPD_90_PLUS,True,2026-05-23,False,False,0,0,PTY-LENDER_A-00001053,ANON-LENDER_A-00001053,PERSON,synthetic,WCDS-0.1
FAC-LENDER_A-00001054,LENDER_A,LENDER_A-101054,,TERM_LOAN,PERSONAL_9M,NGN,250000,250000,250000,2025-08-18,2025-08-18,2026-05-15,270,0.355329,FIXED,MONTHLY,35079.07,PERSONAL,HOUSEHOLD,DEPOSITS,False,CLOSED,2026-08-21,0,0.0,0,CURRENT,False,,False,False,0,0,PTY-LENDER_A-00001054,ANON-LENDER_A-00001054,PERSON,synthetic,WCDS-0.1
FAC-LENDER_A-00001055,LENDER_A,LENDER_A-101055,,TERM_LOAN,SALARY_3M,NGN,500000,500000,500000,2025-02-25,2025-02-25,2025-05-26,90,0.380031,FIXED,MONTHLY,182284.37,UNSECURED_PERSONAL,HOUSEHOLD,DEPOSITS,False,ACTIVE,2026-08-21,5833.33,5875.85,7,DPD_1_30,False,,False,False,0,0,PTY-LENDER_A-00001055,ANON-LENDER_A-00001055,PERSON,synthetic,WCDS-0.1
FAC-LENDER_A-00001056,LENDER_A,LENDER_A-101056,,TERM_LOAN,SALARY_6M,NGN,750000,750000,750000,2026-05-03,2026-05-03,2026-10-30,180,0.321974,FIXED,MONTHLY,144847.73,UNSECURED_PERSONAL,HOUSEHOLD,DEPOSITS,False,ACTIVE,2026-08-21,291666.67,291666.67,0,CURRENT,False,,False,False,0,0,PTY-LENDER_A-00001056,ANON-LENDER_A-00001056,PERSON,synthetic,WCDS-0.1
FAC-LENDER_A-00001057,LENDER_A,LENDER_A-101057,,TERM_LOAN,SALARY_6M,NGN,200000,200000,200000,2025-04-11,2025-04-11,2025-10-08,180,0.309446,FIXED,MONTHLY,38420.12,UNSECURED_PERSONAL,HOUSEHOLD,DEPOSITS,False,CLOSED,2026-08-21,0,0.0,0,CURRENT,False,,False,False,0,0,PTY-LENDER_A-00001057,ANON-LENDER_A-00001057,PERSON,synthetic,WCDS-0.1
FAC-LENDER_A-00001058,LENDER_A,LENDER_A-101058,,TERM_LOAN,PERSONAL_9M,NGN,1000000,1000000,1000000,2025-07-03,2025-07-03,2026-03-30,270,0.32833,FIXED,MONTHLY,138097.18,PERSONAL,HOUSEHOLD,DEPOSITS,False,ACTIVE,2026-08-21,58333.33,59907.52,35,DPD_31_60,False,,False,False,0,0,PTY-LENDER_A-00001058,ANON-LENDER_A-00001058,PERSON,synthetic,WCDS-0.1
FAC-LENDER_A-00001059,LENDER_A,LENDER_A-101059,,TERM_LOAN,SALARY_6M,NGN,500000,500000,500000,2026-02-26,2026-02-26,2026-08-25,180,0.379581,FIXED,MONTHLY,98932.57,UNSECURED_PERSONAL,HOUSEHOLD,DEPOSITS,False,ACTIVE,2026-08-21,11111.11,11111.11,0,CURRENT,False,,False,False,0,0,PTY-LENDER_A-00001059,ANON-LENDER_A-00001059,PERSON,synthetic,WCDS-0.1
FAC-LENDER_A-00001060,LENDER_A,LENDER_A-101060,,TERM_LOAN,PERSONAL_9M,NGN,1000000,1000000,1000000,2025-02-16,2025-02-16,2025-11-13,270,0.295526,FIXED,MONTHLY,135400.94,PERSONAL,HOUSEHOLD,DEPOSITS,False,CLOSED,2026-08-21,0,0.0,0,CURRENT,False,,False,False,0,0,PTY-LENDER_A-00001060,ANON-LENDER_A-00001060,PERSON,synthetic,WCDS-0.1
FAC-LENDER_A-00001061,LENDER_A,LENDER_A-101061,,TERM_LOAN,PERSONAL_9M,NGN,400000,400000,400000,2026-04-12,2026-04-12,2027-01-07,270,0.36958,FIXED,MONTHLY,56595.01,PERSONAL,HOUSEHOLD,DEPOSITS,False,ACTIVE,2026-08-21,205925.93,205925.93,0,CURRENT,False,,False,False,0,0,PTY-LENDER_A-00001061,ANON-LENDER_A-00001061,PERSON,synthetic,WCDS-0.1
FAC-LENDER_A-00001062,LENDER_A,LENDER_A-101062,,TERM_LOAN,SALARY_3M,NGN,1000000,1000000,1000000,2026-03-08,2026-03-08,2026-06-06,90,0.349034,FIXED,MONTHLY,362021.09,UNSECURED_PERSONAL,HOUSEHOLD,DEPOSITS,False,CLOSED,2026-08-21,0,0.0,0,CURRENT,False,,False,False,0,0,PTY-LENDER_A-00001062,ANON-LENDER_A-00001062,PERSON,synthetic,WCDS-0.1
FAC-LENDER_A-00001063,LENDER_A,LENDER_A-101063,,TERM_LOAN,SALARY_3M,NGN,200000,200000,200000,2026-03-19,2026-03-19,2026-06-17,90,0.336591,FIXED,MONTHLY,72199.67,UNSECURED_PERSONAL,HOUSEHOLD,DEPOSITS,False,ACTIVE,2026-08-21,5000.0,5069.16,15,DPD_1_30,False,,False,False,0,0,PTY-LENDER_A-00001063,ANON-LENDER_A-00001063,PERSON,synthetic,WCDS-0.1
FAC-LENDER_A-00001064,LENDER_A,LENDER_A-101064,,TERM_LOAN,SALARY_6M,NGN,250000,250000,250000,2026-02-05,2026-02-05,2026-08-04,180,0.372418,FIXED,MONTHLY,49319.1,UNSECURED_PERSONAL,HOUSEHOLD,DEPOSITS,False,ACTIVE,2026-08-21,6250.0,6345.66,15,DPD_1_30,False,,False,False,0,0,PTY-LENDER_A-00001064,ANON-LENDER_A-00001064,PERSON,synthetic,WCDS-0.1
FAC-LENDER_A-00001065,LENDER_A,LENDER_A-101065,,TERM_LOAN,SALARY_3M,NGN,500000,500000,500000,2025-04-06,2025-04-06,2025-07-05,90,0.358655,FIXED,MONTHLY,181405.92,UNSECURED_PERSONAL,HOUSEHOLD,DEPOSITS,False,CLOSED,2026-08-21,0,0.0,0,CURRENT,False,,False,False,0,0,PTY-LENDER_A-00001065,ANON-LENDER_A-00001065,PERSON,synthetic,WCDS-0.1
FAC-LENDER_A-00001066,LENDER_A,LENDER_A-101066,,TERM_LOAN,SALARY_6M,NGN,200000,200000,200000,2026-03-23,2026-03-23,2026-09-19,180,0.368034,FIXED,MONTHLY,39383.22,UNSECURED_PERSONAL,HOUSEHOLD,DEPOSITS,False,ACTIVE,2026-08-21,32222.22,32222.22,0,CURRENT,False,,False,False,0,0,PTY-LENDER_A-00001066,ANON-LENDER_A-00001066,PERSON,synthetic,WCDS-0.1
FAC-LENDER_A-00001067,LENDER_A,LENDER_A-101067,,TERM_LOAN,PERSONAL_9M,NGN,400000,400000,400000,2026-05-12,2026-05-12,2027-02-06,270,0.333889,FIXED,MONTHLY,55421.62,PERSONAL,HOUSEHOLD,DEPOSITS,False,ACTIVE,2026-08-21,260370.37,263943.03,15,DPD_1_30,False,,False,False,0,0,PTY-LENDER_A-00001067,ANON-LENDER_A-00001067,PERSON,synthetic,WCDS-0.1
FAC-LENDER_A-00001068,LENDER_A,LENDER_A-101068,,TERM_LOAN,SALARY_6M,NGN,400000,400000,400000,2025-02-04,2025-02-04,2025-08-03,180,0.309155,FIXED,MONTHLY,76830.68,UNSECURED_PERSONAL,HOUSEHOLD,DEPOSITS,False,CLOSED,2026-08-21,0,0.0,0,CURRENT,False,,False,False,0,0,PTY-LENDER_A-00001068,ANON-LENDER_A-00001068,PERSON,synthetic,WCDS-0.1
FAC-LENDER_A-00001069,LENDER_A,LENDER_A-101069,,TERM_LOAN,SALARY_3M,NGN,200000,200000,200000,2026-07-17,2026-07-17,2026-10-15,90,0.380453,FIXED,MONTHLY,72920.69,UNSECURED_PERSONAL,HOUSEHOLD,DEPOSITS,False,ACTIVE,2026-08-21,122222.22,122222.22,0,CURRENT,False,,False,False,0,0,PTY-LENDER_A-00001069,ANON-LENDER_A-00001069,PERSON,synthetic,WCDS-0.1
FAC-LENDER_A-00001070,LENDER_A,LENDER_A-101070,,TERM_LOAN,SALARY_3M,NGN,1000000,1000000,1000000,2026-05-16,2026-05-16,2026-08-14,90,0.395539,FIXED,MONTHLY,365843.39,UNSECURED_PERSONAL,HOUSEHOLD,DEPOSITS,False,CLOSED,2026-08-21,0,0.0,0,CURRENT,False,,False,False,0,0,PTY-LENDER_A-00001070,ANON-LENDER_A-00001070,PERSON,synthetic,WCDS-0.1
FAC-LENDER_A-00001071,LENDER_A,LENDER_A-101071,,TERM_LOAN,PERSONAL_9M,NGN,1000000,1000000,1000000,2026-01-30,2026-01-30,2026-10-27,270,0.286345,FIXED,MONTHLY,134646.31,PERSONAL,HOUSEHOLD,DEPOSITS,False,ACTIVE,2026-08-21,259814.81,261241.6,7,DPD_1_30,False,,False,False,0,0,PTY-LENDER_A-00001071,ANON-LENDER_A-00001071,PERSON,synthetic,WCDS-0.1
FAC-LENDER_A-00001072,LENDER_A,LENDER_A-101072,,TERM_LOAN,PERSONAL_9M,NGN,200000,200000,200000,2026-07-23,2026-07-23,2027-04-19,270,0.358991,FIXED,MONTHLY,28123.44,PERSONAL,HOUSEHOLD,DEPOSITS,False,ACTIVE,2026-08-21,178518.52,178518.52,0,CURRENT,False,,False,False,0,0,PTY-LENDER_A-00001072,ANON-LENDER_A-00001072,PERSON,synthetic,WCDS-0.1
FAC-LENDER_A-00001073,LENDER_A,LENDER_A-101073,,TERM_LOAN,PERSONAL_9M,NGN,750000,750000,750000,2026-05-17,2026-05-17,2027-02-11,270,0.38067,FIXED,MONTHLY,106799.3,PERSONAL,HOUSEHOLD,DEPOSITS,False,ACTIVE,2026-08-21,502083.33,509937.91,15,DPD_1_30,False,,False,False,0,0,PTY-LENDER_A-00001073,ANON-LENDER_A-00001073,PERSON,synthetic,WCDS-0.1
FAC-LENDER_A-00001074,LENDER_A,LENDER_A-101074,,TERM_LOAN,SALARY_3M,NGN,400000,400000,400000,2025-05-21,2025-05-21,2025-08-19,90,0.372823,FIXED,MONTHLY,145590.51,UNSECURED_PERSONAL,HOUSEHOLD,DEPOSITS,False,CLOSED,2026-08-21,0,0.0,0,CURRENT,False,,False,False,0,0,PTY-LENDER_A-00001074,ANON-LENDER_A-00001074,PERSON,synthetic,WCDS-0.1
FAC-LENDER_A-00001075,LENDER_A,LENDER_A-101075,,TERM_LOAN,SALARY_3M,NGN,150000,150000,150000,2026-05-02,2026-05-02,2026-07-31,90,0.302887,FIXED,MONTHLY,53734.22,UNSECURED_PERSONAL,HOUSEHOLD,DEPOSITS,False,CLOSED,2026-08-21,0,0.0,0,CURRENT,False,,False,False,0,0,PTY-LENDER_A-00001075,ANON-LENDER_A-00001075,PERSON,synthetic,WCDS-0.1
FAC-LENDER_A-00001076,LENDER_A,LENDER_A-101076,,TERM_LOAN,SALARY_3M,NGN,300000,300000,300000,2025-06-20,2025-06-20,2025-09-18,90,0.334242,FIXED,MONTHLY,108241.59,UNSECURED_PERSONAL,HOUSEHOLD,DEPOSITS,False,CLOSED,2026-08-21,0,0.0,0,CURRENT,False,,False,False,0,0,PTY-LENDER_A-00001076,ANON-LENDER_A-00001076,PERSON,synthetic,WCDS-0.1
FAC-LENDER_A-00001077,LENDER_A,LENDER_A-101077,,TERM_LOAN,PERSONAL_9M,NGN,100000,100000,100000,2025-10-10,2025-10-10,2026-07-07,270,0.301775,FIXED,MONTHLY,13591.45,PERSONAL,HOUSEHOLD,DEPOSITS,False,CLOSED,2026-08-21,0,0.0,0,CURRENT,False,,False,False,0,0,PTY-LENDER_A-00001077,ANON-LENDER_A-00001077,PERSON,synthetic,WCDS-0.1
FAC-LENDER_A-00001078,LENDER_A,LENDER_A-101078,,TERM_LOAN,SALARY_6M,NGN,150000,150000,150000,2026-06-19,2026-06-19,2026-12-16,180,0.309539,FIXED,MONTHLY,28816.23,UNSECURED_PERSONAL,HOUSEHOLD,DEPOSITS,False,ACTIVE,2026-08-21,97500.0,97500.0,0,CURRENT,False,,False,False,0,0,PTY-LENDER_A-00001078,ANON-LENDER_A-00001078,PERSON,synthetic,WCDS-0.1
FAC-LENDER_A-00001079,LENDER_A,LENDER_A-101079,,TERM_LOAN,PERSONAL_9M,NGN,500000,500000,500000,2026-04-16,2026-04-16,2027-01-11,270,0.339158,FIXED,MONTHLY,69493.54,PERSONAL,HOUSEHOLD,DEPOSITS,False,ACTIVE,2026-08-21,264814.81,264814.81,0,CURRENT,False,,False,False,0,0,PTY-LENDER_A-00001079,ANON-LENDER_A-00001079,PERSON,synthetic,WCDS-0.1
FAC-LENDER_A-00001080,LENDER_A,LENDER_A-101080,,TERM_LOAN,SALARY_3M,NGN,500000,500000,500000,2025-12-15,2025-12-15,2026-03-15,90,0.3382,FIXED,MONTHLY,180565.31,UNSECURED_PERSONAL,HOUSEHOLD,DEPOSITS,False,ACTIVE,2026-08-21,54166.67,55672.35,65,DPD_61_90,False,,True,False,0,0,PTY-LENDER_A-00001080,ANON-LENDER_A-00001080,PERSON,synthetic,WCDS-0.1
FAC-LENDER_A-00001081,LENDER_A,LENDER_A-101081,,TERM_LOAN,PERSONAL_9M,NGN,200000,200000,200000,2025-10-04,2025-10-04,2026-07-01,270,0.292181,FIXED,MONTHLY,27025.2,PERSONAL,HOUSEHOLD,DEPOSITS,False,CLOSED,2026-08-21,0,0.0,0,CURRENT,False,,False,False,0,0,PTY-LENDER_A-00001081,ANON-LENDER_A-00001081,PERSON,synthetic,WCDS-0.1
FAC-LENDER_A-00001082,LENDER_A,LENDER_A-101082,,TERM_LOAN,SALARY_3M,NGN,400000,400000,400000,2025-02-04,2025-02-04,2025-05-05,90,0.353518,FIXED,MONTHLY,144955.84,UNSECURED_PERSONAL,HOUSEHOLD,DEPOSITS,False,DEFAULTED,2026-08-21,60000.0,61743.38,180,DPD_90_PLUS,True,2026-05-23,False,False,0,0,PTY-LENDER_A-00001082,ANON-LENDER_A-00001082,PERSON,synthetic,WCDS-0.1
FAC-LENDER_A-00001083,LENDER_A,LENDER_A-101083,,TERM_LOAN,SALARY_3M,NGN,750000,750000,750000,2025-10-19,2025-10-19,2026-01-17,90,0.35085,FIXED,MONTHLY,271627.76,UNSECURED_PERSONAL,HOUSEHOLD,DEPOSITS,False,CLOSED,2026-08-21,0,0.0,0,CURRENT,False,,False,False,0,0,PTY-LENDER_A-00001083,ANON-LENDER_A-00001083,PERSON,synthetic,WCDS-0.1
FAC-LENDER_A-00001084,LENDER_A,LENDER_A-101084,,TERM_LOAN,SALARY_6M,NGN,300000,300000,300000,2025-07-18,2025-07-18,2026-01-14,180,0.267221,FIXED,MONTHLY,56589.01,UNSECURED_PERSONAL,HOUSEHOLD,DEPOSITS,False,DEFAULTED,2026-08-21,45000.0,45988.35,180,DPD_90_PLUS,True,2026-05-23,False,False,0,0,PTY-LENDER_A-00001084,ANON-LENDER_A-00001084,PERSON,synthetic,WCDS-0.1
FAC-LENDER_A-00001085,LENDER_A,LENDER_A-101085,,TERM_LOAN,PERSONAL_9M,NGN,150000,150000,150000,2025-10-08,2025-10-08,2026-07-05,270,0.29937,FIXED,MONTHLY,20357.53,PERSONAL,HOUSEHOLD,DEPOSITS,False,CLOSED,2026-08-21,0,0.0,0,CURRENT,False,,False,False,0,0,PTY-LENDER_A-00001085,ANON-LENDER_A-00001085,PERSON,synthetic,WCDS-0.1
FAC-LENDER_A-00001086,LENDER_A,LENDER_A-101086,,TERM_LOAN,SALARY_6M,NGN,500000,500000,500000,2026-01-08,2026-01-08,2026-07-07,180,0.35966,FIXED,MONTHLY,98113.87,UNSECURED_PERSONAL,HOUSEHOLD,DEPOSITS,False,CLOSED,2026-08-21,0,0.0,0,CURRENT,False,,False,False,0,0,PTY-LENDER_A-00001086,ANON-LENDER_A-00001086,PERSON,synthetic,WCDS-0.1
FAC-LENDER_A-00001087,LENDER_A,LENDER_A-101087,,TERM_LOAN,SALARY_6M,NGN,300000,300000,300000,2025-05-05,2025-05-05,2025-11-01,180,0.298196,FIXED,MONTHLY,57352.79,UNSECURED_PERSONAL,HOUSEHOLD,DEPOSITS,False,CLOSED,2026-08-21,0,0.0,0,CURRENT,False,,False,False,0,0,PTY-LENDER_A-00001087,ANON-LENDER_A-00001087,PERSON,synthetic,WCDS-0.1
FAC-LENDER_A-00001088,LENDER_A,LENDER_A-101088,,TERM_LOAN,PERSONAL_9M,NGN,400000,400000,400000,2026-07-26,2026-07-26,2027-04-22,270,0.305275,FIXED,MONTHLY,54480.88,PERSONAL,HOUSEHOLD,DEPOSITS,False,ACTIVE,2026-08-21,400000,410036.43,65,DPD_61_90,False,,True,False,0,0,PTY-LENDER_A-00001088,ANON-LENDER_A-00001088,PERSON,synthetic,WCDS-0.1
FAC-LENDER_A-00001089,LENDER_A,LENDER_A-101089,,TERM_LOAN,SALARY_3M,NGN,200000,200000,200000,2025-06-14,2025-06-14,2025-09-12,90,0.410671,FIXED,MONTHLY,73417.42,UNSECURED_PERSONAL,HOUSEHOLD,DEPOSITS,False,CLOSED,2026-08-21,0,0.0,0,CURRENT,False,,False,False,0,0,PTY-LENDER_A-00001089,ANON-LENDER_A-00001089,PERSON,synthetic,WCDS-0.1
FAC-LENDER_A-00001090,LENDER_A,LENDER_A-101090,,TERM_LOAN,SALARY_3M,NGN,150000,150000,150000,2025-02-06,2025-02-06,2025-05-07,90,0.383579,FIXED,MONTHLY,54729.05,UNSECURED_PERSONAL,HOUSEHOLD,DEPOSITS,False,CLOSED,2026-08-21,0,0.0,0,CURRENT,False,,False,False,0,0,PTY-LENDER_A-00001090,ANON-LENDER_A-00001090,PERSON,synthetic,WCDS-0.1
FAC-LENDER_A-00001091,LENDER_A,LENDER_A-101091,,TERM_LOAN,SALARY_6M,NGN,500000,500000,500000,2025-08-10,2025-08-10,2026-02-06,180,0.340594,FIXED,MONTHLY,97330.33,UNSECURED_PERSONAL,HOUSEHOLD,DEPOSITS,False,CLOSED,2026-08-21,0,0.0,0,CURRENT,False,,False,False,0,0,PTY-LENDER_A-00001091,ANON-LENDER_A-00001091,PERSON,synthetic,WCDS-0.1
FAC-LENDER_A-00001092,LENDER_A,LENDER_A-101092,,TERM_LOAN,SALARY_3M,NGN,750000,750000,750000,2025-07-28,2025-07-28,2025-10-26,90,0.400697,FIXED,MONTHLY,274700.53,UNSECURED_PERSONAL,HOUSEHOLD,DEPOSITS,False,DEFAULTED,2026-08-21,112500.0,116205.08,95,DPD_90_PLUS,True,2026-08-16,False,False,0,0,PTY-LENDER_A-00001092,ANON-LENDER_A-00001092,PERSON,synthetic,WCDS-0.1
FAC-LENDER_A-00001093,LENDER_A,LENDER_A-101093,,TERM_LOAN,PERSONAL_9M,NGN,400000,400000,400000,2026-01-27,2026-01-27,2026-10-24,270,0.313736,FIXED,MONTHLY,54759.06,PERSONAL,HOUSEHOLD,DEPOSITS,False,ACTIVE,2026-08-21,94814.81,94814.81,0,CURRENT,False,,False,False,0,0,PTY-LENDER_A-00001093,ANON-LENDER_A-00001093,PERSON,synthetic,WCDS-0.1
FAC-LENDER_A-00001094,LENDER_A,LENDER_A-101094,,TERM_LOAN,SALARY_3M,NGN,750000,750000,750000,2025-08-05,2025-08-05,2025-11-03,90,0.373613,FIXED,MONTHLY,273030.95,UNSECURED_PERSONAL,HOUSEHOLD,DEPOSITS,False,CLOSED,2026-08-21,0,0.0,0,CURRENT,False,,False,False,0,0,PTY-LENDER_A-00001094,ANON-LENDER_A-00001094,PERSON,synthetic,WCDS-0.1
FAC-LENDER_A-00001095,LENDER_A,LENDER_A-101095,,TERM_LOAN,SALARY_3M,NGN,250000,250000,250000,2025-07-02,2025-07-02,2025-09-30,90,0.359141,FIXED,MONTHLY,90712.93,UNSECURED_PERSONAL,HOUSEHOLD,DEPOSITS,False,CLOSED,2026-08-21,0,0.0,0,CURRENT,False,,False,False,0,0,PTY-LENDER_A-00001095,ANON-LENDER_A-00001095,PERSON,synthetic,WCDS-0.1
FAC-LENDER_A-00001096,LENDER_A,LENDER_A-101096,,TERM_LOAN,SALARY_3M,NGN,200000,200000,200000,2026-06-06,2026-06-06,2026-09-04,90,0.333282,FIXED,MONTHLY,72145.27,UNSECURED_PERSONAL,HOUSEHOLD,DEPOSITS,False,ACTIVE,2026-08-21,31111.11,31111.11,0,CURRENT,False,,False,False,0,0,PTY-LENDER_A-00001096,ANON-LENDER_A-00001096,PERSON,synthetic,WCDS-0.1
FAC-LENDER_A-00001097,LENDER_A,LENDER_A-101097,,TERM_LOAN,SALARY_3M,NGN,1000000,1000000,1000000,2025-11-04,2025-11-04,2026-02-02,90,0.389517,FIXED,MONTHLY,365348.41,UNSECURED_PERSONAL,HOUSEHOLD,DEPOSITS,False,CLOSED,2026-08-21,0,0.0,0,CURRENT,False,,False,False,0,0,PTY-LENDER_A-00001097,ANON-LENDER_A-00001097,PERSON,synthetic,WCDS-0.1
FAC-LENDER_A-00001098,LENDER_A,LENDER_A-101098,,TERM_LOAN,PERSONAL_9M,NGN,300000,300000,300000,2025-01-15,2025-01-15,2025-10-12,270,0.363158,FIXED,MONTHLY,42287.92,PERSONAL,HOUSEHOLD,DEPOSITS,False,ACTIVE,2026-08-21,17500.0,18022.35,35,DPD_31_60,False,,True,False,0,0,PTY-LENDER_A-00001098,ANON-LENDER_A-00001098,PERSON,synthetic,WCDS-0.1
FAC-LENDER_A-00001099,LENDER_A,LENDER_A-101099,,TERM_LOAN,SALARY_6M,NGN,500000,500000,500000,2025-06-21,2025-06-21,2025-12-18,180,0.340772,FIXED,MONTHLY,97337.66,UNSECURED_PERSONAL,HOUSEHOLD,DEPOSITS,False,CLOSED,2026-08-21,0,0.0,0,CURRENT,False,,False,False,0,0,PTY-LENDER_A-00001099,ANON-LENDER_A-00001099,PERSON,synthetic,WCDS-0.1
FAC-LENDER_A-00001100,LENDER_A,LENDER_A-101100,,TERM_LOAN,SALARY_3M,NGN,250000,250000,250000,2026-06-24,2026-06-24,2026-09-22,90,0.381621,FIXED,MONTHLY,91174.86,UNSECURED_PERSONAL,HOUSEHOLD,DEPOSITS,False,ACTIVE,2026-08-21,88888.89,88888.89,0,CURRENT,False,,False,False,0,0,PTY-LENDER_A-00001100,ANON-LENDER_A-00001100,PERSON,synthetic,WCDS-0.1
FAC-LENDER_A-00001101,LENDER_A,LENDER_A-101101,,TERM_LOAN,SALARY_3M,NGN,400000,400000,400000,2026-05-20,2026-05-20,2026-08-18,90,0.350407,FIXED,MONTHLY,144853.58,UNSECURED_PERSONAL,HOUSEHOLD,DEPOSITS,False,ACTIVE,2026-08-21,23333.33,24005.35,35,DPD_31_60,False,,False,False,0,0,PTY-LENDER_A-00001101,ANON-LENDER_A-00001101,PERSON,synthetic,WCDS-0.1
FAC-LENDER_A-00001102,LENDER_A,LENDER_A-101102,,TERM_LOAN,SALARY_3M,NGN,250000,250000,250000,2026-01-22,2026-01-22,2026-04-22,90,0.418832,FIXED,MONTHLY,91939.47,UNSECURED_PERSONAL,HOUSEHOLD,DEPOSITS,False,CLOSED,2026-08-21,0,0.0,0,CURRENT,False,,False,False,0,0,PTY-LENDER_A-00001102,ANON-LENDER_A-00001102,PERSON,synthetic,WCDS-0.1
FAC-LENDER_A-00001103,LENDER_A,LENDER_A-101103,,TERM_LOAN,SALARY_6M,NGN,500000,500000,500000,2026-07-18,2026-07-18,2027-01-14,180,0.335119,FIXED,MONTHLY,97105.36,UNSECURED_PERSONAL,HOUSEHOLD,DEPOSITS,False,ACTIVE,2026-08-21,405555.56,405555.56,0,CURRENT,False,,False,False,0,0,PTY-LENDER_A-00001103,ANON-LENDER_A-00001103,PERSON,synthetic,WCDS-0.1
FAC-LENDER_A-00001104,LENDER_A,LENDER_A-101104,,TERM_LOAN,SALARY_3M,NGN,750000,750000,750000,2025-12-10,2025-12-10,2026-03-10,90,0.375156,FIXED,MONTHLY,273126.03,UNSECURED_PERSONAL,HOUSEHOLD,DEPOSITS,False,DEFAULTED,2026-08-21,112500.0,115968.91,95,DPD_90_PLUS,True,2026-08-16,False,False,0,0,PTY-LENDER_A-00001104,ANON-LENDER_A-00001104,PERSON,synthetic,WCDS-0.1
FAC-LENDER_A-00001105,LENDER_A,LENDER_A-101105,,TERM_LOAN,SALARY_3M,NGN,750000,750000,750000,2026-05-06,2026-05-06,2026-08-04,90,0.398596,FIXED,MONTHLY,274570.99,UNSECURED_PERSONAL,HOUSEHOLD,DEPOSITS,False,CLOSED,2026-08-21,0,0.0,0,CURRENT,False,,False,False,0,0,PTY-LENDER_A-00001105,ANON-LENDER_A-00001105,PERSON,synthetic,WCDS-0.1
FAC-LENDER_A-00001106,LENDER_A,LENDER_A-101106,,TERM_LOAN,SALARY_3M,NGN,500000,500000,500000,2025-09-25,2025-09-25,2025-12-24,90,0.369472,FIXED,MONTHLY,181850.45,UNSECURED_PERSONAL,HOUSEHOLD,DEPOSITS,False,ACTIVE,2026-08-21,54166.67,55811.58,65,DPD_61_90,False,,False,False,0,0,PTY-LENDER_A-00001106,ANON-LENDER_A-00001106,PERSON,synthetic,WCDS-0.1
FAC-LENDER_A-00001107,LENDER_A,LENDER_A-101107,,TERM_LOAN,SALARY_3M,NGN,300000,300000,300000,2025-05-26,2025-05-26,2025-08-24,90,0.393918,FIXED,MONTHLY,109713.04,UNSECURED_PERSONAL,HOUSEHOLD,DEPOSITS,False,CLOSED,2026-08-21,0,0.0,0,CURRENT,False,,False,False,0,0,PTY-LENDER_A-00001107,ANON-LENDER_A-00001107,PERSON,synthetic,WCDS-0.1
FAC-LENDER_A-00001108,LENDER_A,LENDER_A-101108,,TERM_LOAN,SALARY_6M,NGN,500000,500000,500000,2026-05-05,2026-05-05,2026-11-01,180,0.327111,FIXED,MONTHLY,96776.25,UNSECURED_PERSONAL,HOUSEHOLD,DEPOSITS,False,ACTIVE,2026-08-21,200000.0,200000.0,0,CURRENT,False,,False,False,0,0,PTY-LENDER_A-00001108,ANON-LENDER_A-00001108,PERSON,synthetic,WCDS-0.1
FAC-LENDER_A-00001109,LENDER_A,LENDER_A-101109,,TERM_LOAN,PERSONAL_9M,NGN,100000,100000,100000,2025-05-04,2025-05-04,2026-01-29,270,0.374497,FIXED,MONTHLY,14189.17,PERSONAL,HOUSEHOLD,DEPOSITS,False,CLOSED,2026-08-21,0,0.0,0,CURRENT,False,,False,False,0,0,PTY-LENDER_A-00001109,ANON-LENDER_A-00001109,PERSON,synthetic,WCDS-0.1
FAC-LENDER_A-00001110,LENDER_A,LENDER_A-101110,,TERM_LOAN,SALARY_6M,NGN,100000,100000,100000,2025-05-04,2025-05-04,2025-10-31,180,0.365593,FIXED,MONTHLY,19671.54,UNSECURED_PERSONAL,HOUSEHOLD,DEPOSITS,False,CLOSED,2026-08-21,0,0.0,0,CURRENT,False,,False,False,0,0,PTY-LENDER_A-00001110,ANON-LENDER_A-00001110,PERSON,synthetic,WCDS-0.1
FAC-LENDER_A-00001111,LENDER_A,LENDER_A-101111,,TERM_LOAN,PERSONAL_9M,NGN,150000,150000,150000,2024-12-12,2024-12-12,2025-09-08,270,0.281475,FIXED,MONTHLY,20136.9,PERSONAL,HOUSEHOLD,DEPOSITS,False,ACTIVE,2026-08-21,3750.0,3793.38,15,DPD_1_30,False,,False,False,0,0,PTY-LENDER_A-00001111,ANON-LENDER_A-00001111,PERSON,synthetic,WCDS-0.1
FAC-LENDER_A-00001112,LENDER_A,LENDER_A-101112,,TERM_LOAN,SALARY_6M,NGN,400000,400000,400000,2025-06-06,2025-06-06,2025-12-03,180,0.328785,FIXED,MONTHLY,77476.05,UNSECURED_PERSONAL,HOUSEHOLD,DEPOSITS,False,CLOSED,2026-08-21,0,0.0,0,CURRENT,False,,False,False,0,0,PTY-LENDER_A-00001112,ANON-LENDER_A-00001112,PERSON,synthetic,WCDS-0.1
FAC-LENDER_A-00001113,LENDER_A,LENDER_A-101113,,TERM_LOAN,SALARY_3M,NGN,100000,100000,100000,2026-04-03,2026-04-03,2026-07-02,90,0.374502,FIXED,MONTHLY,36411.43,UNSECURED_PERSONAL,HOUSEHOLD,DEPOSITS,False,CLOSED,2026-08-21,0,0.0,0,CURRENT,False,,False,False,0,0,PTY-LENDER_A-00001113,ANON-LENDER_A-00001113,PERSON,synthetic,WCDS-0.1
FAC-LENDER_A-00001114,LENDER_A,LENDER_A-101114,,TERM_LOAN,SALARY_6M,NGN,1000000,1000000,1000000,2026-03-15,2026-03-15,2026-09-11,180,0.375169,FIXED,MONTHLY,197502.47,UNSECURED_PERSONAL,HOUSEHOLD,DEPOSITS,False,ACTIVE,2026-08-21,116666.67,116666.67,0,CURRENT,False,,False,False,0,0,PTY-LENDER_A-00001114,ANON-LENDER_A-00001114,PERSON,synthetic,WCDS-0.1
FAC-LENDER_A-00001115,LENDER_A,LENDER_A-101115,,TERM_LOAN,SALARY_3M,NGN,1000000,1000000,1000000,2024-12-19,2024-12-19,2025-03-19,90,0.337041,FIXED,MONTHLY,361035.33,UNSECURED_PERSONAL,HOUSEHOLD,DEPOSITS,False,CLOSED,2026-08-21,0,0.0,0,CURRENT,False,,False,False,0,0,PTY-LENDER_A-00001115,ANON-LENDER_A-00001115,PERSON,synthetic,WCDS-0.1
FAC-LENDER_A-00001116,LENDER_A,LENDER_A-101116,,TERM_LOAN,PERSONAL_9M,NGN,100000,100000,100000,2025-06-05,2025-06-05,2026-03-02,270,0.378302,FIXED,MONTHLY,14220.44,PERSONAL,HOUSEHOLD,DEPOSITS,False,CLOSED,2026-08-21,0,0.0,0,CURRENT,False,,False,False,0,0,PTY-LENDER_A-00001116,ANON-LENDER_A-00001116,PERSON,synthetic,WCDS-0.1
FAC-LENDER_A-00001117,LENDER_A,LENDER_A-101117,,TERM_LOAN,SALARY_3M,NGN,400000,400000,400000,2026-01-30,2026-01-30,2026-04-30,90,0.417181,FIXED,MONTHLY,147048.88,UNSECURED_PERSONAL,HOUSEHOLD,DEPOSITS,False,CLOSED,2026-08-21,0,0.0,0,CURRENT,False,,False,False,0,0,PTY-LENDER_A-00001117,ANON-LENDER_A-00001117,PERSON,synthetic,WCDS-0.1
FAC-LENDER_A-00001118,LENDER_A,LENDER_A-101118,,TERM_LOAN,SALARY_6M,NGN,400000,400000,400000,2025-10-09,2025-10-09,2026-04-07,180,0.377831,FIXED,MONTHLY,79088.5,UNSECURED_PERSONAL,HOUSEHOLD,DEPOSITS,False,CLOSED,2026-08-21,0,0.0,0,CURRENT,False,,False,False,0,0,PTY-LENDER_A-00001118,ANON-LENDER_A-00001118,PERSON,synthetic,WCDS-0.1
FAC-LENDER_A-00001119,LENDER_A,LENDER_A-101119,,TERM_LOAN,SALARY_3M,NGN,750000,750000,750000,2025-12-30,2025-12-30,2026-03-30,90,0.319474,FIXED,MONTHLY,269693.58,UNSECURED_PERSONAL,HOUSEHOLD,DEPOSITS,False,ACTIVE,2026-08-21,81250.0,83383.47,65,DPD_61_90,False,,False,False,0,0,PTY-LENDER_A-00001119,ANON-LENDER_A-00001119,PERSON,synthetic,WCDS-0.1
FAC-LENDER_A-00001120,LENDER_A,LENDER_A-101120,,TERM_LOAN,SALARY_6M,NGN,400000,400000,400000,2025-07-23,2025-07-23,2026-01-19,180,0.315984,FIXED,MONTHLY,77055.2,UNSECURED_PERSONAL,HOUSEHOLD,DEPOSITS,False,CLOSED,2026-08-21,0,0.0,0,CURRENT,False,,False,False,0,0,PTY-LENDER_A-00001120,ANON-LENDER_A-00001120,PERSON,synthetic,WCDS-0.1
FAC-LENDER_A-00001121,LENDER_A,LENDER_A-101121,,TERM_LOAN,SALARY_3M,NGN,400000,400000,400000,2026-07-12,2026-07-12,2026-10-10,90,0.322109,FIXED,MONTHLY,143923.23,UNSECURED_PERSONAL,HOUSEHOLD,DEPOSITS,False,ACTIVE,2026-08-21,222222.22,222222.22,0,CURRENT,False,,False,False,0,0,PTY-LENDER_A-00001121,ANON-LENDER_A-00001121,PERSON,synthetic,WCDS-0.1
FAC-LENDER_A-00001122,LENDER_A,LENDER_A-101122,,TERM_LOAN,SALARY_6M,NGN,100000,100000,100000,2026-07-12,2026-07-12,2027-01-08,180,0.312849,FIXED,MONTHLY,19238.03,UNSECURED_PERSONAL,HOUSEHOLD,DEPOSITS,False,ACTIVE,2026-08-21,77777.78,77777.78,0,CURRENT,False,,False,False,0,0,PTY-LENDER_A-00001122,ANON-LENDER_A-00001122,PERSON,synthetic,WCDS-0.1
FAC-LENDER_A-00001123,LENDER_A,LENDER_A-101123,,TERM_LOAN,SALARY_3M,NGN,400000,400000,400000,2025-01-21,2025-01-21,2025-04-21,90,0.334092,FIXED,MONTHLY,144317.18,UNSECURED_PERSONAL,HOUSEHOLD,DEPOSITS,False,CLOSED,2026-08-21,0,0.0,0,CURRENT,False,,False,False,0,0,PTY-LENDER_A-00001123,ANON-LENDER_A-00001123,PERSON,synthetic,WCDS-0.1
FAC-LENDER_A-00001124,LENDER_A,LENDER_A-101124,,TERM_LOAN,SALARY_3M,NGN,100000,100000,100000,2026-03-24,2026-03-24,2026-06-22,90,0.323519,FIXED,MONTHLY,35992.39,UNSECURED_PERSONAL,HOUSEHOLD,DEPOSITS,False,CLOSED,2026-08-21,0,0.0,0,CURRENT,False,,False,False,0,0,PTY-LENDER_A-00001124,ANON-LENDER_A-00001124,PERSON,synthetic,WCDS-0.1
FAC-LENDER_A-00001125,LENDER_A,LENDER_A-101125,,TERM_LOAN,SALARY_6M,NGN,750000,750000,750000,2025-12-09,2025-12-09,2026-06-07,180,0.273316,FIXED,MONTHLY,141848.26,UNSECURED_PERSONAL,HOUSEHOLD,DEPOSITS,False,CLOSED,2026-08-21,0,0.0,0,CURRENT,False,,False,False,0,0,PTY-LENDER_A-00001125,ANON-LENDER_A-00001125,PERSON,synthetic,WCDS-0.1
FAC-LENDER_A-00001126,LENDER_A,LENDER_A-101126,,TERM_LOAN,PERSONAL_9M,NGN,500000,500000,500000,2026-06-06,2026-06-06,2027-03-03,270,0.343231,FIXED,MONTHLY,69660.95,PERSONAL,HOUSEHOLD,DEPOSITS,False,ACTIVE,2026-08-21,359259.26,359259.26,0,CURRENT,False,,False,False,0,0,PTY-LENDER_A-00001126,ANON-LENDER_A-00001126,PERSON,synthetic,WCDS-0.1
FAC-LENDER_A-00001127,LENDER_A,LENDER_A-101127,,TERM_LOAN,PERSONAL_9M,NGN,500000,500000,500000,2025-07-24,2025-07-24,2026-04-20,270,0.302757,FIXED,MONTHLY,67997.62,PERSONAL,HOUSEHOLD,DEPOSITS,False,CLOSED,2026-08-21,0,0.0,0,CURRENT,False,,False,False,0,0,PTY-LENDER_A-00001127,ANON-LENDER_A-00001127,PERSON,synthetic,WCDS-0.1
FAC-LENDER_A-00001128,LENDER_A,LENDER_A-101128,,TERM_LOAN,PERSONAL_9M,NGN,250000,250000,250000,2025-02-09,2025-02-09,2025-11-06,270,0.390522,FIXED,MONTHLY,35802.19,PERSONAL,HOUSEHOLD,DEPOSITS,False,CLOSED,2026-08-21,0,0.0,0,CURRENT,False,,False,False,0,0,PTY-LENDER_A-00001128,ANON-LENDER_A-00001128,PERSON,synthetic,WCDS-0.1
FAC-LENDER_A-00001129,LENDER_A,LENDER_A-101129,,TERM_LOAN,SALARY_6M,NGN,200000,200000,200000,2025-03-09,2025-03-09,2025-09-05,180,0.289661,FIXED,MONTHLY,38094.88,UNSECURED_PERSONAL,HOUSEHOLD,DEPOSITS,False,DEFAULTED,2026-08-21,30000.0,30714.23,130,DPD_90_PLUS,True,2026-07-12,False,False,0,0,PTY-LENDER_A-00001129,ANON-LENDER_A-00001129,PERSON,synthetic,WCDS-0.1
FAC-LENDER_A-00001130,LENDER_A,LENDER_A-101130,,TERM_LOAN,SALARY_3M,NGN,200000,200000,200000,2025-03-09,2025-03-09,2025-06-07,90,0.309769,FIXED,MONTHLY,71758.76,UNSECURED_PERSONAL,HOUSEHOLD,DEPOSITS,False,CLOSED,2026-08-21,0,0.0,0,CURRENT,False,,False,False,0,0,PTY-LENDER_A-00001130,ANON-LENDER_A-00001130,PERSON,synthetic,WCDS-0.1
FAC-LENDER_A-00001131,LENDER_A,LENDER_A-101131,,TERM_LOAN,PERSONAL_9M,NGN,750000,750000,750000,2026-02-09,2026-02-09,2026-11-06,270,0.324912,FIXED,MONTHLY,103362.15,PERSONAL,HOUSEHOLD,DEPOSITS,False,ACTIVE,2026-08-21,213888.89,213888.89,0,CURRENT,False,,False,False,0,0,PTY-LENDER_A-00001131,ANON-LENDER_A-00001131,PERSON,synthetic,WCDS-0.1
FAC-LENDER_A-00001132,LENDER_A,LENDER_A-101132,,TERM_LOAN,SALARY_6M,NGN,750000,750000,750000,2025-11-10,2025-11-10,2026-05-09,180,0.343341,FIXED,MONTHLY,146164.87,UNSECURED_PERSONAL,HOUSEHOLD,DEPOSITS,False,CLOSED,2026-08-21,0,0.0,0,CURRENT,False,,False,False,0,0,PTY-LENDER_A-00001132,ANON-LENDER_A-00001132,PERSON,synthetic,WCDS-0.1
FAC-LENDER_A-00001133,LENDER_A,LENDER_A-101133,,TERM_LOAN,SALARY_3M,NGN,250000,250000,250000,2026-01-16,2026-01-16,2026-04-16,90,0.376573,FIXED,MONTHLY,91071.13,UNSECURED_PERSONAL,HOUSEHOLD,DEPOSITS,False,CLOSED,2026-08-21,0,0.0,0,CURRENT,False,,False,False,0,0,PTY-LENDER_A-00001133,ANON-LENDER_A-00001133,PERSON,synthetic,WCDS-0.1
FAC-LENDER_A-00001134,LENDER_A,LENDER_A-101134,,TERM_LOAN,SALARY_6M,NGN,200000,200000,200000,2025-07-24,2025-07-24,2026-01-20,180,0.286231,FIXED,MONTHLY,38038.5,UNSECURED_PERSONAL,HOUSEHOLD,DEPOSITS,False,CLOSED,2026-08-21,0,0.0,0,CURRENT,False,,False,False,0,0,PTY-LENDER_A-00001134,ANON-LENDER_A-00001134,PERSON,synthetic,WCDS-0.1
FAC-LENDER_A-00001135,LENDER_A,LENDER_A-101135,,TERM_LOAN,PERSONAL_9M,NGN,400000,400000,400000,2025-12-19,2025-12-19,2026-09-15,270,0.315406,FIXED,MONTHLY,54813.95,PERSONAL,HOUSEHOLD,DEPOSITS,False,ACTIVE,2026-08-21,37037.04,37037.04,0,CURRENT,False,,False,False,0,0,PTY-LENDER_A-00001135,ANON-LENDER_A-00001135,PERSON,synthetic,WCDS-0.1
FAC-LENDER_A-00001136,LENDER_A,LENDER_A-101136,,TERM_LOAN,SALARY_6M,NGN,500000,500000,500000,2025-06-19,2025-06-19,2025-12-16,180,0.334535,FIXED,MONTHLY,97081.35,UNSECURED_PERSONAL,HOUSEHOLD,DEPOSITS,False,CLOSED,2026-08-21,0,0.0,0,CURRENT,False,,False,False,0,0,PTY-LENDER_A-00001136,ANON-LENDER_A-00001136,PERSON,synthetic,WCDS-0.1
FAC-LENDER_A-00001137,LENDER_A,LENDER_A-101137,,TERM_LOAN,SALARY_6M,NGN,250000,250000,250000,2025-11-13,2025-11-13,2026-05-12,180,0.292762,FIXED,MONTHLY,47682.33,UNSECURED_PERSONAL,HOUSEHOLD,DEPOSITS,False,CLOSED,2026-08-21,0,0.0,0,CURRENT,False,,False,False,0,0,PTY-LENDER_A-00001137,ANON-LENDER_A-00001137,PERSON,synthetic,WCDS-0.1
FAC-LENDER_A-00001138,LENDER_A,LENDER_A-101138,,TERM_LOAN,PERSONAL_9M,NGN,1000000,1000000,1000000,2026-05-23,2026-05-23,2027-02-17,270,0.381112,FIXED,MONTHLY,142435.42,PERSONAL,HOUSEHOLD,DEPOSITS,False,ACTIVE,2026-08-21,691666.67,702499.66,15,DPD_1_30,False,,False,False,0,0,PTY-LENDER_A-00001138,ANON-LENDER_A-00001138,PERSON,synthetic,WCDS-0.1
FAC-LENDER_A-00001139,LENDER_A,LENDER_A-101139,,TERM_LOAN,SALARY_3M,NGN,1000000,1000000,1000000,2026-01-18,2026-01-18,2026-04-18,90,0.411193,FIXED,MONTHLY,367129.99,UNSECURED_PERSONAL,HOUSEHOLD,DEPOSITS,False,CLOSED,2026-08-21,0,0.0,0,CURRENT,False,,False,False,0,0,PTY-LENDER_A-00001139,ANON-LENDER_A-00001139,PERSON,synthetic,WCDS-0.1
FAC-LENDER_A-00001140,LENDER_A,LENDER_A-101140,,TERM_LOAN,PERSONAL_9M,NGN,300000,300000,300000,2026-01-28,2026-01-28,2026-10-25,270,0.369425,FIXED,MONTHLY,42442.45,PERSONAL,HOUSEHOLD,DEPOSITS,False,ACTIVE,2026-08-21,75722.22,76258.7,7,DPD_1_30,False,,False,False,0,0,PTY-LENDER_A-00001140,ANON-LENDER_A-00001140,PERSON,synthetic,WCDS-0.1
FAC-LENDER_A-00001141,LENDER_A,LENDER_A-101141,,TERM_LOAN,PERSONAL_9M,NGN,1000000,1000000,1000000,2025-11-17,2025-11-17,2026-08-14,270,0.370286,FIXED,MONTHLY,141545.58,PERSONAL,HOUSEHOLD,DEPOSITS,False,CLOSED,2026-08-21,0,0.0,0,CURRENT,False,,False,False,0,0,PTY-LENDER_A-00001141,ANON-LENDER_A-00001141,PERSON,synthetic,WCDS-0.1
FAC-LENDER_A-00001142,LENDER_A,LENDER_A-101142,,TERM_LOAN,SALARY_6M,NGN,500000,500000,500000,2024-12-26,2024-12-26,2025-06-24,180,0.358677,FIXED,MONTHLY,98073.49,UNSECURED_PERSONAL,HOUSEHOLD,DEPOSITS,False,ACTIVE,2026-08-21,5833.33,5873.46,7,DPD_1_30,False,,False,False,0,0,PTY-LENDER_A-00001142,ANON-LENDER_A-00001142,PERSON,synthetic,WCDS-0.1
FAC-LENDER_A-00001143,LENDER_A,LENDER_A-101143,,TERM_LOAN,SALARY_3M,NGN,500000,500000,500000,2025-12-21,2025-12-21,2026-03-21,90,0.301427,FIXED,MONTHLY,179054.07,UNSECURED_PERSONAL,HOUSEHOLD,DEPOSITS,False,CLOSED,2026-08-21,0,0.0,0,CURRENT,False,,False,False,0,0,PTY-LENDER_A-00001143,ANON-LENDER_A-00001143,PERSON,synthetic,WCDS-0.1
FAC-LENDER_A-00001144,LENDER_A,LENDER_A-101144,,TERM_LOAN,PERSONAL_9M,NGN,750000,750000,750000,2025-04-26,2025-04-26,2026-01-21,270,0.341899,FIXED,MONTHLY,104409.3,PERSONAL,HOUSEHOLD,DEPOSITS,False,CLOSED,2026-08-21,0,0.0,0,CURRENT,False,,False,False,0,0,PTY-LENDER_A-00001144,ANON-LENDER_A-00001144,PERSON,synthetic,WCDS-0.1
FAC-LENDER_A-00001145,LENDER_A,LENDER_A-101145,,TERM_LOAN,PERSONAL_9M,NGN,500000,500000,500000,2026-01-09,2026-01-09,2026-10-06,270,0.331455,FIXED,MONTHLY,69177.0,PERSONAL,HOUSEHOLD,DEPOSITS,False,ACTIVE,2026-08-21,85185.19,85185.19,0,CURRENT,False,,False,False,0,0,PTY-LENDER_A-00001145,ANON-LENDER_A-00001145,PERSON,synthetic,WCDS-0.1
FAC-LENDER_A-00001146,LENDER_A,LENDER_A-101146,,TERM_LOAN,SALARY_3M,NGN,300000,300000,300000,2026-08-02,2026-08-02,2026-10-31,90,0.402353,FIXED,MONTHLY,109921.04,UNSECURED_PERSONAL,HOUSEHOLD,DEPOSITS,False,ACTIVE,2026-08-21,236666.67,236666.67,0,CURRENT,False,,False,False,0,0,PTY-LENDER_A-00001146,ANON-LENDER_A-00001146,PERSON,synthetic,WCDS-0.1
FAC-LENDER_A-00001147,LENDER_A,LENDER_A-101147,,TERM_LOAN,SALARY_6M,NGN,500000,500000,500000,2025-02-07,2025-02-07,2025-08-06,180,0.302559,FIXED,MONTHLY,95767.29,UNSECURED_PERSONAL,HOUSEHOLD,DEPOSITS,False,CLOSED,2026-08-21,0,0.0,0,CURRENT,False,,False,False,0,0,PTY-LENDER_A-00001147,ANON-LENDER_A-00001147,PERSON,synthetic,WCDS-0.1
FAC-LENDER_A-00001148,LENDER_A,LENDER_A-101148,,TERM_LOAN,SALARY_3M,NGN,200000,200000,200000,2025-09-07,2025-09-07,2025-12-06,90,0.370435,FIXED,MONTHLY,72756.0,UNSECURED_PERSONAL,HOUSEHOLD,DEPOSITS,False,CLOSED,2026-08-21,0,0.0,0,CURRENT,False,,False,False,0,0,PTY-LENDER_A-00001148,ANON-LENDER_A-00001148,PERSON,synthetic,WCDS-0.1
FAC-LENDER_A-00001149,LENDER_A,LENDER_A-101149,,TERM_LOAN,SALARY_6M,NGN,500000,500000,500000,2026-01-14,2026-01-14,2026-07-13,180,0.36965,FIXED,MONTHLY,98524.44,UNSECURED_PERSONAL,HOUSEHOLD,DEPOSITS,False,DEFAULTED,2026-08-21,75000.0,77278.67,95,DPD_90_PLUS,True,2026-08-16,True,False,0,0,PTY-LENDER_A-00001149,ANON-LENDER_A-00001149,PERSON,synthetic,WCDS-0.1
FAC-LENDER_A-00001150,LENDER_A,LENDER_A-101150,,TERM_LOAN,SALARY_6M,NGN,300000,300000,300000,2026-05-08,2026-05-08,2026-11-04,180,0.316973,FIXED,MONTHLY,57815.78,UNSECURED_PERSONAL,HOUSEHOLD,DEPOSITS,False,ACTIVE,2026-08-21,125000.0,125000.0,0,CURRENT,False,,False,False,0,0,PTY-LENDER_A-00001150,ANON-LENDER_A-00001150,PERSON,synthetic,WCDS-0.1
FAC-LENDER_A-00001151,LENDER_A,LENDER_A-101151,,TERM_LOAN,PERSONAL_9M,NGN,750000,750000,750000,2026-07-15,2026-07-15,2027-04-11,270,0.379177,FIXED,MONTHLY,106707.26,PERSONAL,HOUSEHOLD,DEPOSITS,False,ACTIVE,2026-08-21,647222.22,647222.22,0,CURRENT,False,,False,False,0,0,PTY-LENDER_A-00001151,ANON-LENDER_A-00001151,PERSON,synthetic,WCDS-0.1
FAC-LENDER_A-00001152,LENDER_A,LENDER_A-101152,,TERM_LOAN,SALARY_3M,NGN,300000,300000,300000,2025-02-21,2025-02-21,2025-05-22,90,0.308339,FIXED,MONTHLY,107602.88,UNSECURED_PERSONAL,HOUSEHOLD,DEPOSITS,False,CLOSED,2026-08-21,0,0.0,0,CURRENT,False,,False,False,0,0,PTY-LENDER_A-00001152,ANON-LENDER_A-00001152,PERSON,synthetic,WCDS-0.1
FAC-LENDER_A-00001153,LENDER_A,LENDER_A-101153,,TERM_LOAN,SALARY_6M,NGN,500000,500000,500000,2026-03-04,2026-03-04,2026-08-31,180,0.322224,FIXED,MONTHLY,96575.41,UNSECURED_PERSONAL,HOUSEHOLD,DEPOSITS,False,WRITTEN_OFF,2026-08-21,7637.86,7840.14,180,DPD_90_PLUS,True,2026-05-23,False,True,102777.78,9994.96,PTY-LENDER_A-00001153,ANON-LENDER_A-00001153,PERSON,synthetic,WCDS-0.1
FAC-LENDER_A-00001154,LENDER_A,LENDER_A-101154,,TERM_LOAN,SALARY_6M,NGN,500000,500000,500000,2025-04-12,2025-04-12,2025-10-09,180,0.284778,FIXED,MONTHLY,95036.52,UNSECURED_PERSONAL,HOUSEHOLD,DEPOSITS,False,CLOSED,2026-08-21,0,0.0,0,CURRENT,False,,False,False,0,0,PTY-LENDER_A-00001154,ANON-LENDER_A-00001154,PERSON,synthetic,WCDS-0.1
FAC-LENDER_A-00001155,LENDER_A,LENDER_A-101155,,TERM_LOAN,PERSONAL_9M,NGN,750000,750000,750000,2025-11-02,2025-11-02,2026-07-30,270,0.304357,FIXED,MONTHLY,102095.05,PERSONAL,HOUSEHOLD,DEPOSITS,False,CLOSED,2026-08-21,0,0.0,0,CURRENT,False,,False,False,0,0,PTY-LENDER_A-00001155,ANON-LENDER_A-00001155,PERSON,synthetic,WCDS-0.1
FAC-LENDER_A-00001156,LENDER_A,LENDER_A-101156,,TERM_LOAN,PERSONAL_9M,NGN,250000,250000,250000,2025-02-19,2025-02-19,2025-11-16,270,0.37895,FIXED,MONTHLY,35564.42,PERSONAL,HOUSEHOLD,DEPOSITS,False,CLOSED,2026-08-21,0,0.0,0,CURRENT,False,,False,False,0,0,PTY-LENDER_A-00001156,ANON-LENDER_A-00001156,PERSON,synthetic,WCDS-0.1
FAC-LENDER_A-00001157,LENDER_A,LENDER_A-101157,,TERM_LOAN,SALARY_3M,NGN,150000,150000,150000,2025-10-21,2025-10-21,2026-01-19,90,0.368307,FIXED,MONTHLY,54540.78,UNSECURED_PERSONAL,HOUSEHOLD,DEPOSITS,False,CLOSED,2026-08-21,0,0.0,0,CURRENT,False,,False,False,0,0,PTY-LENDER_A-00001157,ANON-LENDER_A-00001157,PERSON,synthetic,WCDS-0.1
FAC-LENDER_A-00001158,LENDER_A,LENDER_A-101158,,TERM_LOAN,SALARY_6M,NGN,500000,500000,500000,2026-02-13,2026-02-13,2026-08-12,180,0.301614,FIXED,MONTHLY,95728.42,UNSECURED_PERSONAL,HOUSEHOLD,DEPOSITS,False,CLOSED,2026-08-21,0,0.0,0,CURRENT,False,,False,False,0,0,PTY-LENDER_A-00001158,ANON-LENDER_A-00001158,PERSON,synthetic,WCDS-0.1
FAC-LENDER_A-00001159,LENDER_A,LENDER_A-101159,,TERM_LOAN,SALARY_6M,NGN,200000,200000,200000,2025-01-06,2025-01-06,2025-07-05,180,0.334128,FIXED,MONTHLY,38825.85,UNSECURED_PERSONAL,HOUSEHOLD,DEPOSITS,False,CLOSED,2026-08-21,0,0.0,0,CURRENT,False,,False,False,0,0,PTY-LENDER_A-00001159,ANON-LENDER_A-00001159,PERSON,synthetic,WCDS-0.1
FAC-LENDER_A-00001160,LENDER_A,LENDER_A-101160,,TERM_LOAN,SALARY_3M,NGN,300000,300000,300000,2025-02-07,2025-02-07,2025-05-08,90,0.383837,FIXED,MONTHLY,109464.48,UNSECURED_PERSONAL,HOUSEHOLD,DEPOSITS,False,CLOSED,2026-08-21,0,0.0,0,CURRENT,False,,False,False,0,0,PTY-LENDER_A-00001160,ANON-LENDER_A-00001160,PERSON,synthetic,WCDS-0.1
FAC-LENDER_A-00001161,LENDER_A,LENDER_A-101161,,TERM_LOAN,SALARY_3M,NGN,750000,750000,750000,2025-06-16,2025-06-16,2025-09-14,90,0.409956,FIXED,MONTHLY,275271.23,UNSECURED_PERSONAL,HOUSEHOLD,DEPOSITS,False,DEFAULTED,2026-08-21,112500.0,116290.68,180,DPD_90_PLUS,True,2026-05-23,False,False,0,0,PTY-LENDER_A-00001161,ANON-LENDER_A-00001161,PERSON,synthetic,WCDS-0.1
FAC-LENDER_A-00001162,LENDER_A,LENDER_A-101162,,TERM_LOAN,SALARY_6M,NGN,500000,500000,500000,2025-05-07,2025-05-07,2025-11-03,180,0.272627,FIXED,MONTHLY,94537.18,UNSECURED_PERSONAL,HOUSEHOLD,DEPOSITS,False,CLOSED,2026-08-21,0,0.0,0,CURRENT,False,,False,False,0,0,PTY-LENDER_A-00001162,ANON-LENDER_A-00001162,PERSON,synthetic,WCDS-0.1
FAC-LENDER_A-00001163,LENDER_A,LENDER_A-101163,,TERM_LOAN,PERSONAL_9M,NGN,750000,750000,750000,2025-07-17,2025-07-17,2026-04-13,270,0.283206,FIXED,MONTHLY,100791.25,PERSONAL,HOUSEHOLD,DEPOSITS,False,CLOSED,2026-08-21,0,0.0,0,CURRENT,False,,False,False,0,0,PTY-LENDER_A-00001163,ANON-LENDER_A-00001163,PERSON,synthetic,WCDS-0.1
FAC-LENDER_A-00001164,LENDER_A,LENDER_A-101164,,TERM_LOAN,SALARY_6M,NGN,150000,150000,150000,2026-03-25,2026-03-25,2026-09-21,180,0.283328,FIXED,MONTHLY,28493.09,UNSECURED_PERSONAL,HOUSEHOLD,DEPOSITS,False,ACTIVE,2026-08-21,25833.33,25833.33,0,CURRENT,False,,False,False,0,0,PTY-LENDER_A-00001164,ANON-LENDER_A-00001164,PERSON,synthetic,WCDS-0.1
FAC-LENDER_A-00001165,LENDER_A,LENDER_A-101165,,TERM_LOAN,PERSONAL_9M,NGN,250000,250000,250000,2025-05-20,2025-05-20,2026-02-14,270,0.288188,FIXED,MONTHLY,33699.46,PERSONAL,HOUSEHOLD,DEPOSITS,False,CLOSED,2026-08-21,0,0.0,0,CURRENT,False,,False,False,0,0,PTY-LENDER_A-00001165,ANON-LENDER_A-00001165,PERSON,synthetic,WCDS-0.1
FAC-LENDER_A-00001166,LENDER_A,LENDER_A-101166,,TERM_LOAN,SALARY_3M,NGN,150000,150000,150000,2026-02-11,2026-02-11,2026-05-12,90,0.398451,FIXED,MONTHLY,54912.41,UNSECURED_PERSONAL,HOUSEHOLD,DEPOSITS,False,CLOSED,2026-08-21,0,0.0,0,CURRENT,False,,False,False,0,0,PTY-LENDER_A-00001166,ANON-LENDER_A-00001166,PERSON,synthetic,WCDS-0.1
FAC-LENDER_A-00001167,LENDER_A,LENDER_A-101167,,TERM_LOAN,SALARY_3M,NGN,300000,300000,300000,2026-03-07,2026-03-07,2026-06-05,90,0.364158,FIXED,MONTHLY,108979.25,UNSECURED_PERSONAL,HOUSEHOLD,DEPOSITS,False,CLOSED,2026-08-21,0,0.0,0,CURRENT,False,,False,False,0,0,PTY-LENDER_A-00001167,ANON-LENDER_A-00001167,PERSON,synthetic,WCDS-0.1
FAC-LENDER_A-00001168,LENDER_A,LENDER_A-101168,,TERM_LOAN,PERSONAL_9M,NGN,250000,250000,250000,2025-05-16,2025-05-16,2026-02-10,270,0.387123,FIXED,MONTHLY,35732.35,PERSONAL,HOUSEHOLD,DEPOSITS,False,CLOSED,2026-08-21,0,0.0,0,CURRENT,False,,False,False,0,0,PTY-LENDER_A-00001168,ANON-LENDER_A-00001168,PERSON,synthetic,WCDS-0.1
FAC-LENDER_A-00001169,LENDER_A,LENDER_A-101169,,TERM_LOAN,PERSONAL_9M,NGN,150000,150000,150000,2025-07-08,2025-07-08,2026-04-04,270,0.356921,FIXED,MONTHLY,21067.07,PERSONAL,HOUSEHOLD,DEPOSITS,False,CLOSED,2026-08-21,0,0.0,0,CURRENT,False,,False,False,0,0,PTY-LENDER_A-00001169,ANON-LENDER_A-00001169,PERSON,synthetic,WCDS-0.1
FAC-LENDER_A-00001170,LENDER_A,LENDER_A-101170,,TERM_LOAN,SALARY_6M,NGN,250000,250000,250000,2025-11-29,2025-11-29,2026-05-28,180,0.331785,FIXED,MONTHLY,48484.16,UNSECURED_PERSONAL,HOUSEHOLD,DEPOSITS,False,CLOSED,2026-08-21,0,0.0,0,CURRENT,False,,False,False,0,0,PTY-LENDER_A-00001170,ANON-LENDER_A-00001170,PERSON,synthetic,WCDS-0.1
FAC-LENDER_A-00001171,LENDER_A,LENDER_A-101171,,TERM_LOAN,SALARY_3M,NGN,400000,400000,400000,2026-01-27,2026-01-27,2026-04-27,90,0.328625,FIXED,MONTHLY,144137.44,UNSECURED_PERSONAL,HOUSEHOLD,DEPOSITS,False,CLOSED,2026-08-21,0,0.0,0,CURRENT,False,,False,False,0,0,PTY-LENDER_A-00001171,ANON-LENDER_A-00001171,PERSON,synthetic,WCDS-0.1
FAC-LENDER_A-00001172,LENDER_A,LENDER_A-101172,,TERM_LOAN,PERSONAL_9M,NGN,200000,200000,200000,2026-02-21,2026-02-21,2026-11-18,270,0.291592,FIXED,MONTHLY,27015.52,PERSONAL,HOUSEHOLD,DEPOSITS,False,ACTIVE,2026-08-21,65925.93,65925.93,0,CURRENT,False,,False,False,0,0,PTY-LENDER_A-00001172,ANON-LENDER_A-00001172,PERSON,synthetic,WCDS-0.1
FAC-LENDER_A-00001173,LENDER_A,LENDER_A-101173,,TERM_LOAN,PERSONAL_9M,NGN,250000,250000,250000,2026-01-11,2026-01-11,2026-10-08,270,0.318722,FIXED,MONTHLY,34326.85,PERSONAL,HOUSEHOLD,DEPOSITS,False,DEFAULTED,2026-08-21,81944.44,84091.09,95,DPD_90_PLUS,True,2026-08-16,False,False,0,0,PTY-LENDER_A-00001173,ANON-LENDER_A-00001173,PERSON,synthetic,WCDS-0.1
FAC-LENDER_A-00001174,LENDER_A,LENDER_A-101174,,TERM_LOAN,SALARY_6M,NGN,200000,200000,200000,2026-07-27,2026-07-27,2027-01-23,180,0.287889,FIXED,MONTHLY,38065.75,UNSECURED_PERSONAL,HOUSEHOLD,DEPOSITS,False,ACTIVE,2026-08-21,172222.22,172222.22,0,CURRENT,False,,False,False,0,0,PTY-LENDER_A-00001174,ANON-LENDER_A-00001174,PERSON,synthetic,WCDS-0.1
FAC-LENDER_A-00001175,LENDER_A,LENDER_A-101175,,TERM_LOAN,SALARY_3M,NGN,300000,300000,300000,2025-07-30,2025-07-30,2025-10-28,90,0.337949,FIXED,MONTHLY,108332.98,UNSECURED_PERSONAL,HOUSEHOLD,DEPOSITS,False,CLOSED,2026-08-21,0,0.0,0,CURRENT,False,,False,False,0,0,PTY-LENDER_A-00001175,ANON-LENDER_A-00001175,PERSON,synthetic,WCDS-0.1
FAC-LENDER_A-00001176,LENDER_A,LENDER_A-101176,,TERM_LOAN,SALARY_6M,NGN,150000,150000,150000,2025-02-08,2025-02-08,2025-08-07,180,0.309332,FIXED,MONTHLY,28813.68,UNSECURED_PERSONAL,HOUSEHOLD,DEPOSITS,False,ACTIVE,2026-08-21,3750.0,3797.67,15,DPD_1_30,False,,False,False,0,0,PTY-LENDER_A-00001176,ANON-LENDER_A-00001176,PERSON,synthetic,WCDS-0.1
FAC-LENDER_A-00001177,LENDER_A,LENDER_A-101177,,TERM_LOAN,SALARY_3M,NGN,400000,400000,400000,2025-07-10,2025-07-10,2025-10-08,90,0.410667,FIXED,MONTHLY,146834.71,UNSECURED_PERSONAL,HOUSEHOLD,DEPOSITS,False,CLOSED,2026-08-21,0,0.0,0,CURRENT,False,,False,False,0,0,PTY-LENDER_A-00001177,ANON-LENDER_A-00001177,PERSON,synthetic,WCDS-0.1
FAC-LENDER_A-00001178,LENDER_A,LENDER_A-101178,,TERM_LOAN,PERSONAL_9M,NGN,400000,400000,400000,2025-04-05,2025-04-05,2025-12-31,270,0.319846,FIXED,MONTHLY,54959.92,PERSONAL,HOUSEHOLD,DEPOSITS,False,CLOSED,2026-08-21,0,0.0,0,CURRENT,False,,False,False,0,0,PTY-LENDER_A-00001178,ANON-LENDER_A-00001178,PERSON,synthetic,WCDS-0.1
FAC-LENDER_A-00001179,LENDER_A,LENDER_A-101179,,TERM_LOAN,PERSONAL_9M,NGN,250000,250000,250000,2025-03-14,2025-03-14,2025-12-09,270,0.333869,FIXED,MONTHLY,34638.11,PERSONAL,HOUSEHOLD,DEPOSITS,False,CLOSED,2026-08-21,0,0.0,0,CURRENT,False,,False,False,0,0,PTY-LENDER_A-00001179,ANON-LENDER_A-00001179,PERSON,synthetic,WCDS-0.1
FAC-LENDER_A-00001180,LENDER_A,LENDER_A-101180,,TERM_LOAN,SALARY_3M,NGN,300000,300000,300000,2025-12-12,2025-12-12,2026-03-12,90,0.418606,FIXED,MONTHLY,110321.78,UNSECURED_PERSONAL,HOUSEHOLD,DEPOSITS,False,ACTIVE,2026-08-21,3500.0,3528.1,7,DPD_1_30,False,,False,False,0,0,PTY-LENDER_A-00001180,ANON-LENDER_A-00001180,PERSON,synthetic,WCDS-0.1
FAC-LENDER_A-00001181,LENDER_A,LENDER_A-101181,,TERM_LOAN,SALARY_6M,NGN,750000,750000,750000,2025-10-12,2025-10-12,2026-04-10,180,0.334372,FIXED,MONTHLY,145611.97,UNSECURED_PERSONAL,HOUSEHOLD,DEPOSITS,False,CLOSED,2026-08-21,0,0.0,0,CURRENT,False,,False,False,0,0,PTY-LENDER_A-00001181,ANON-LENDER_A-00001181,PERSON,synthetic,WCDS-0.1
FAC-LENDER_A-00001182,LENDER_A,LENDER_A-101182,,TERM_LOAN,PERSONAL_9M,NGN,750000,750000,750000,2025-09-09,2025-09-09,2026-06-06,270,0.308568,FIXED,MONTHLY,102354.63,PERSONAL,HOUSEHOLD,DEPOSITS,False,CLOSED,2026-08-21,0,0.0,0,CURRENT,False,,False,False,0,0,PTY-LENDER_A-00001182,ANON-LENDER_A-00001182,PERSON,synthetic,WCDS-0.1
FAC-LENDER_A-00001183,LENDER_A,LENDER_A-101183,,TERM_LOAN,SALARY_6M,NGN,300000,300000,300000,2026-07-18,2026-07-18,2027-01-14,180,0.354437,FIXED,MONTHLY,58739.53,UNSECURED_PERSONAL,HOUSEHOLD,DEPOSITS,False,ACTIVE,2026-08-21,243333.33,243333.33,0,CURRENT,False,,False,False,0,0,PTY-LENDER_A-00001183,ANON-LENDER_A-00001183,PERSON,synthetic,WCDS-0.1
FAC-LENDER_A-00001184,LENDER_A,LENDER_A-101184,,TERM_LOAN,SALARY_3M,NGN,250000,250000,250000,2025-12-27,2025-12-27,2026-03-27,90,0.387945,FIXED,MONTHLY,91304.8,UNSECURED_PERSONAL,HOUSEHOLD,DEPOSITS,False,CLOSED,2026-08-21,0,0.0,0,CURRENT,False,,False,False,0,0,PTY-LENDER_A-00001184,ANON-LENDER_A-00001184,PERSON,synthetic,WCDS-0.1
FAC-LENDER_A-00001185,LENDER_A,LENDER_A-101185,,TERM_LOAN,SALARY_3M,NGN,150000,150000,150000,2025-03-26,2025-03-26,2025-06-24,90,0.345778,FIXED,MONTHLY,54263.02,UNSECURED_PERSONAL,HOUSEHOLD,DEPOSITS,False,CLOSED,2026-08-21,0,0.0,0,CURRENT,False,,False,False,0,0,PTY-LENDER_A-00001185,ANON-LENDER_A-00001185,PERSON,synthetic,WCDS-0.1
FAC-LENDER_A-00001186,LENDER_A,LENDER_A-101186,,TERM_LOAN,SALARY_3M,NGN,200000,200000,200000,2026-05-10,2026-05-10,2026-08-08,90,0.323096,FIXED,MONTHLY,71977.83,UNSECURED_PERSONAL,HOUSEHOLD,DEPOSITS,False,CLOSED,2026-08-21,0,0.0,0,CURRENT,False,,False,False,0,0,PTY-LENDER_A-00001186,ANON-LENDER_A-00001186,PERSON,synthetic,WCDS-0.1
FAC-LENDER_A-00001187,LENDER_A,LENDER_A-101187,,TERM_LOAN,PERSONAL_9M,NGN,150000,150000,150000,2025-06-01,2025-06-01,2026-02-26,270,0.304525,FIXED,MONTHLY,20421.08,PERSONAL,HOUSEHOLD,DEPOSITS,False,ACTIVE,2026-08-21,1750.0,1760.22,7,DPD_1_30,False,,False,False,0,0,PTY-LENDER_A-00001187,ANON-LENDER_A-00001187,PERSON,synthetic,WCDS-0.1
FAC-LENDER_A-00001188,LENDER_A,LENDER_A-101188,,TERM_LOAN,SALARY_3M,NGN,250000,250000,250000,2025-10-05,2025-10-05,2026-01-03,90,0.337376,FIXED,MONTHLY,90265.71,UNSECURED_PERSONAL,HOUSEHOLD,DEPOSITS,False,CLOSED,2026-08-21,0,0.0,0,CURRENT,False,,False,False,0,0,PTY-LENDER_A-00001188,ANON-LENDER_A-00001188,PERSON,synthetic,WCDS-0.1
FAC-LENDER_A-00001189,LENDER_A,LENDER_A-101189,,TERM_LOAN,SALARY_6M,NGN,150000,150000,150000,2025-08-08,2025-08-08,2026-02-04,180,0.336272,FIXED,MONTHLY,29145.82,UNSECURED_PERSONAL,HOUSEHOLD,DEPOSITS,False,CLOSED,2026-08-21,0,0.0,0,CURRENT,False,,False,False,0,0,PTY-LENDER_A-00001189,ANON-LENDER_A-00001189,PERSON,synthetic,WCDS-0.1
FAC-LENDER_A-00001190,LENDER_A,LENDER_A-101190,,TERM_LOAN,PERSONAL_9M,NGN,500000,500000,500000,2026-03-05,2026-03-05,2026-11-30,270,0.340635,FIXED,MONTHLY,69554.26,PERSONAL,HOUSEHOLD,DEPOSITS,False,ACTIVE,2026-08-21,199537.04,202330.3,15,DPD_1_30,False,,False,False,0,0,PTY-LENDER_A-00001190,ANON-LENDER_A-00001190,PERSON,synthetic,WCDS-0.1
FAC-LENDER_A-00001191,LENDER_A,LENDER_A-101191,,TERM_LOAN,SALARY_3M,NGN,300000,300000,300000,2024-12-10,2024-12-10,2025-03-10,90,0.395227,FIXED,MONTHLY,109745.32,UNSECURED_PERSONAL,HOUSEHOLD,DEPOSITS,False,CLOSED,2026-08-21,0,0.0,0,CURRENT,False,,False,False,0,0,PTY-LENDER_A-00001191,ANON-LENDER_A-00001191,PERSON,synthetic,WCDS-0.1
FAC-LENDER_A-00001192,LENDER_A,LENDER_A-101192,,TERM_LOAN,SALARY_6M,NGN,750000,750000,750000,2025-10-25,2025-10-25,2026-04-23,180,0.281084,FIXED,MONTHLY,142327.09,UNSECURED_PERSONAL,HOUSEHOLD,DEPOSITS,False,CLOSED,2026-08-21,0,0.0,0,CURRENT,False,,False,False,0,0,PTY-LENDER_A-00001192,ANON-LENDER_A-00001192,PERSON,synthetic,WCDS-0.1
FAC-LENDER_A-00001193,LENDER_A,LENDER_A-101193,,TERM_LOAN,SALARY_6M,NGN,250000,250000,250000,2026-03-06,2026-03-06,2026-09-02,180,0.268633,FIXED,MONTHLY,47186.52,UNSECURED_PERSONAL,HOUSEHOLD,DEPOSITS,False,ACTIVE,2026-08-21,43750.0,44715.97,65,DPD_61_90,False,,True,False,0,0,PTY-LENDER_A-00001193,ANON-LENDER_A-00001193,PERSON,synthetic,WCDS-0.1
FAC-LENDER_A-00001194,LENDER_A,LENDER_A-101194,,TERM_LOAN,SALARY_6M,NGN,500000,500000,500000,2025-07-03,2025-07-03,2025-12-30,180,0.347644,FIXED,MONTHLY,97620.08,UNSECURED_PERSONAL,HOUSEHOLD,DEPOSITS,False,DEFAULTED,2026-08-21,75000.0,77143.01,130,DPD_90_PLUS,True,2026-07-12,False,False,0,0,PTY-LENDER_A-00001194,ANON-LENDER_A-00001194,PERSON,synthetic,WCDS-0.1
FAC-LENDER_A-00001195,LENDER_A,LENDER_A-101195,,TERM_LOAN,SALARY_3M,NGN,150000,150000,150000,2025-07-13,2025-07-13,2025-10-11,90,0.376926,FIXED,MONTHLY,54647.03,UNSECURED_PERSONAL,HOUSEHOLD,DEPOSITS,False,DEFAULTED,2026-08-21,22500.0,23197.05,95,DPD_90_PLUS,True,2026-08-16,False,False,0,0,PTY-LENDER_A-00001195,ANON-LENDER_A-00001195,PERSON,synthetic,WCDS-0.1
FAC-LENDER_A-00001196,LENDER_A,LENDER_A-101196,,TERM_LOAN,PERSONAL_9M,NGN,400000,400000,400000,2025-03-08,2025-03-08,2025-12-03,270,0.372552,FIXED,MONTHLY,56692.74,PERSONAL,HOUSEHOLD,DEPOSITS,False,ACTIVE,2026-08-21,4666.67,4700.01,7,DPD_1_30,False,,False,False,0,0,PTY-LENDER_A-00001196,ANON-LENDER_A-00001196,PERSON,synthetic,WCDS-0.1
FAC-LENDER_A-00001197,LENDER_A,LENDER_A-101197,,TERM_LOAN,SALARY_6M,NGN,500000,500000,500000,2025-12-02,2025-12-02,2026-05-31,180,0.304182,FIXED,MONTHLY,95833.95,UNSECURED_PERSONAL,HOUSEHOLD,DEPOSITS,False,CLOSED,2026-08-21,0,0.0,0,CURRENT,False,,False,False,0,0,PTY-LENDER_A-00001197,ANON-LENDER_A-00001197,PERSON,synthetic,WCDS-0.1
FAC-LENDER_A-00001198,LENDER_A,LENDER_A-101198,,TERM_LOAN,PERSONAL_9M,NGN,100000,100000,100000,2026-03-13,2026-03-13,2026-12-08,270,0.355714,FIXED,MONTHLY,14034.79,PERSONAL,HOUSEHOLD,DEPOSITS,False,ACTIVE,2026-08-21,40370.37,40370.37,0,CURRENT,False,,False,False,0,0,PTY-LENDER_A-00001198,ANON-LENDER_A-00001198,PERSON,synthetic,WCDS-0.1
FAC-LENDER_A-00001199,LENDER_A,LENDER_A-101199,,TERM_LOAN,PERSONAL_9M,NGN,200000,200000,200000,2026-07-30,2026-07-30,2027-04-26,270,0.310515,FIXED,MONTHLY,27326.57,PERSONAL,HOUSEHOLD,DEPOSITS,False,ACTIVE,2026-08-21,183703.7,183703.7,0,CURRENT,False,,False,False,0,0,PTY-LENDER_A-00001199,ANON-LENDER_A-00001199,PERSON,synthetic,WCDS-0.1
FAC-LENDER_A-00001200,LENDER_A,LENDER_A-101200,,TERM_LOAN,PERSONAL_9M,NGN,150000,150000,150000,2025-02-27,2025-02-27,2025-11-24,270,0.326122,FIXED,MONTHLY,20687.35,PERSONAL,HOUSEHOLD,DEPOSITS,False,ACTIVE,2026-08-21,16250.0,16685.57,65,DPD_61_90,False,,False,False,0,0,PTY-LENDER_A-00001200,ANON-LENDER_A-00001200,PERSON,synthetic,WCDS-0.1
