facility_id,institution_id,source_facility_id,crms_credit_id,facility_type,product_code,currency,approved_limit,original_principal,amount_disbursed,origination_date,first_disbursement_date,maturity_date,original_tenor_days,interest_rate,rate_type,repayment_frequency,scheduled_payment_amount,purpose_code,sector_code,funding_source_code,secured_flag,facility_status,snapshot_date,outstanding_principal,total_exposure,days_past_due,delinquency_bucket,default_flag,default_date,restructure_flag,writeoff_flag,writeoff_amount,recovery_amount,party_id,borrower_external_id,party_type,data_classification,wcds_version
FAC-LENDER_B-00000001,LENDER_B,LENDER_B-100001,,TERM_LOAN,INVOICE_120D,NGN,10000000,10000000,10000000,2024-12-19,2024-12-19,2025-04-18,120,0.269184,FIXED,MONTHLY,2721246.86,WORKING_CAPITAL,HOSPITALITY,EQUITY_AND_WAREHOUSE,False,CLOSED,2026-08-21,0,0.0,0,CURRENT,False,,False,False,0,0,PTY-LENDER_B-00000001,ANON-LENDER_B-00000001,ORGANISATION,synthetic,WCDS-0.1
FAC-LENDER_B-00000002,LENDER_B,LENDER_B-100002,,TERM_LOAN,MERCHANT_90D,NGN,750000,750000,750000,2025-08-24,2025-08-24,2025-11-22,90,0.281161,FIXED,MONTHLY,267331.84,WORKING_CAPITAL,HOSPITALITY,EQUITY_AND_WAREHOUSE,False,ACTIVE,2026-08-21,18750.0,18966.65,15,DPD_1_30,False,,False,False,0,0,PTY-LENDER_B-00000002,ANON-LENDER_B-00000002,ORGANISATION,synthetic,WCDS-0.1
FAC-LENDER_B-00000003,LENDER_B,LENDER_B-100003,,TERM_LOAN,INVOICE_120D,NGN,2000000,2000000,2000000,2025-03-26,2025-03-26,2025-07-24,120,0.274829,FIXED,MONTHLY,545177.37,WORKING_CAPITAL,RETAIL,EQUITY_AND_WAREHOUSE,False,CLOSED,2026-08-21,0,0.0,0,CURRENT,False,,False,False,0,0,PTY-LENDER_B-00000003,ANON-LENDER_B-00000003,ORGANISATION,synthetic,WCDS-0.1
FAC-LENDER_B-00000004,LENDER_B,LENDER_B-100004,,TERM_LOAN,INVOICE_120D,NGN,2000000,2000000,2000000,2026-02-12,2026-02-12,2026-06-12,120,0.252496,FIXED,MONTHLY,541506.22,WORKING_CAPITAL,HOSPITALITY,EQUITY_AND_WAREHOUSE,False,CLOSED,2026-08-21,0,0.0,0,CURRENT,False,,False,False,0,0,PTY-LENDER_B-00000004,ANON-LENDER_B-00000004,ORGANISATION,synthetic,WCDS-0.1
FAC-LENDER_B-00000005,LENDER_B,LENDER_B-100005,,TERM_LOAN,MERCHANT_90D,NGN,7500000,7500000,7500000,2026-02-02,2026-02-02,2026-05-03,90,0.310405,FIXED,MONTHLY,2691345.38,WORKING_CAPITAL,MANUFACTURING,EQUITY_AND_WAREHOUSE,False,CLOSED,2026-08-21,0,0.0,0,CURRENT,False,,False,False,0,0,PTY-LENDER_B-00000005,ANON-LENDER_B-00000005,ORGANISATION,synthetic,WCDS-0.1
FAC-LENDER_B-00000006,LENDER_B,LENDER_B-100006,,TERM_LOAN,SME_WC_180D,NGN,7500000,7500000,7500000,2026-04-22,2026-04-22,2026-10-19,180,0.300918,FIXED,MONTHLY,1435497.31,WORKING_CAPITAL,HOSPITALITY,EQUITY_AND_WAREHOUSE,False,ACTIVE,2026-08-21,2895833.33,2967455.91,35,DPD_31_60,False,,False,False,0,0,PTY-LENDER_B-00000006,ANON-LENDER_B-00000006,ORGANISATION,synthetic,WCDS-0.1
FAC-LENDER_B-00000007,LENDER_B,LENDER_B-100007,,TERM_LOAN,SME_WC_180D,NGN,500000,500000,500000,2025-04-02,2025-04-02,2025-09-29,180,0.257773,FIXED,MONTHLY,93926.74,WORKING_CAPITAL,MANUFACTURING,EQUITY_AND_WAREHOUSE,True,CLOSED,2026-08-21,0,0.0,0,CURRENT,False,,False,False,0,0,PTY-LENDER_B-00000007,ANON-LENDER_B-00000007,ORGANISATION,synthetic,WCDS-0.1
FAC-LENDER_B-00000008,LENDER_B,LENDER_B-100008,,TERM_LOAN,MERCHANT_90D,NGN,15000000,15000000,15000000,2025-02-23,2025-02-23,2025-05-24,90,0.250081,FIXED,MONTHLY,5308318.94,WORKING_CAPITAL,RETAIL,EQUITY_AND_WAREHOUSE,True,ACTIVE,2026-08-21,375000.0,378853.99,15,DPD_1_30,False,,False,False,0,0,PTY-LENDER_B-00000008,ANON-LENDER_B-00000008,ORGANISATION,synthetic,WCDS-0.1
FAC-LENDER_B-00000009,LENDER_B,LENDER_B-100009,,TERM_LOAN,SME_WC_180D,NGN,7500000,7500000,7500000,2025-05-29,2025-05-29,2025-11-25,180,0.272007,FIXED,MONTHLY,1417675.8,WORKING_CAPITAL,SERVICES,EQUITY_AND_WAREHOUSE,False,CLOSED,2026-08-21,0,0.0,0,CURRENT,False,,False,False,0,0,PTY-LENDER_B-00000009,ANON-LENDER_B-00000009,ORGANISATION,synthetic,WCDS-0.1
FAC-LENDER_B-00000010,LENDER_B,LENDER_B-100010,,TERM_LOAN,MERCHANT_90D,NGN,3000000,3000000,3000000,2026-06-14,2026-06-14,2026-09-12,90,0.308186,FIXED,MONTHLY,1075991.07,WORKING_CAPITAL,HOSPITALITY,EQUITY_AND_WAREHOUSE,True,DEFAULTED,2026-08-21,1183333.33,1213307.59,130,DPD_90_PLUS,True,2026-07-12,False,False,0,0,PTY-LENDER_B-00000010,ANON-LENDER_B-00000010,ORGANISATION,synthetic,WCDS-0.1
FAC-LENDER_B-00000011,LENDER_B,LENDER_B-100011,,TERM_LOAN,MERCHANT_90D,NGN,500000,500000,500000,2025-02-14,2025-02-14,2025-05-15,90,0.240308,FIXED,MONTHLY,176542.36,WORKING_CAPITAL,MANUFACTURING,EQUITY_AND_WAREHOUSE,True,CLOSED,2026-08-21,0,0.0,0,CURRENT,False,,False,False,0,0,PTY-LENDER_B-00000011,ANON-LENDER_B-00000011,ORGANISATION,synthetic,WCDS-0.1
FAC-LENDER_B-00000012,LENDER_B,LENDER_B-100012,,TERM_LOAN,INVOICE_120D,NGN,7500000,7500000,7500000,2026-01-31,2026-01-31,2026-05-31,120,0.236843,FIXED,MONTHLY,2020999.1,WORKING_CAPITAL,MANUFACTURING,EQUITY_AND_WAREHOUSE,True,CLOSED,2026-08-21,0,0.0,0,CURRENT,False,,False,False,0,0,PTY-LENDER_B-00000012,ANON-LENDER_B-00000012,ORGANISATION,synthetic,WCDS-0.1
FAC-LENDER_B-00000013,LENDER_B,LENDER_B-100013,,TERM_LOAN,INVOICE_120D,NGN,3000000,3000000,3000000,2025-09-12,2025-09-12,2026-01-10,120,0.232218,FIXED,MONTHLY,807259.32,WORKING_CAPITAL,RETAIL,EQUITY_AND_WAREHOUSE,False,CLOSED,2026-08-21,0,0.0,0,CURRENT,False,,False,False,0,0,PTY-LENDER_B-00000013,ANON-LENDER_B-00000013,ORGANISATION,synthetic,WCDS-0.1
FAC-LENDER_B-00000014,LENDER_B,LENDER_B-100014,,TERM_LOAN,MERCHANT_90D,NGN,3000000,3000000,3000000,2025-04-11,2025-04-11,2025-07-10,90,0.263356,FIXED,MONTHLY,1064937.06,WORKING_CAPITAL,SERVICES,EQUITY_AND_WAREHOUSE,False,DEFAULTED,2026-08-21,450000.0,459740.56,180,DPD_90_PLUS,True,2026-05-23,False,False,0,0,PTY-LENDER_B-00000014,ANON-LENDER_B-00000014,ORGANISATION,synthetic,WCDS-0.1
FAC-LENDER_B-00000015,LENDER_B,LENDER_B-100015,,TERM_LOAN,MERCHANT_90D,NGN,10000000,10000000,10000000,2025-03-13,2025-03-13,2025-06-11,90,0.313428,FIXED,MONTHLY,3590945.2,WORKING_CAPITAL,MANUFACTURING,EQUITY_AND_WAREHOUSE,False,CLOSED,2026-08-21,0,0.0,0,CURRENT,False,,False,False,0,0,PTY-LENDER_B-00000015,ANON-LENDER_B-00000015,ORGANISATION,synthetic,WCDS-0.1
FAC-LENDER_B-00000016,LENDER_B,LENDER_B-100016,,TERM_LOAN,INVOICE_120D,NGN,7500000,7500000,7500000,2026-04-15,2026-04-15,2026-08-13,120,0.283235,FIXED,MONTHLY,2049597.17,WORKING_CAPITAL,LOGISTICS,EQUITY_AND_WAREHOUSE,False,CLOSED,2026-08-21,0,0.0,0,CURRENT,False,,False,False,0,0,PTY-LENDER_B-00000016,ANON-LENDER_B-00000016,ORGANISATION,synthetic,WCDS-0.1
FAC-LENDER_B-00000017,LENDER_B,LENDER_B-100017,,TERM_LOAN,INVOICE_120D,NGN,750000,750000,750000,2026-07-13,2026-07-13,2026-11-10,120,0.217043,FIXED,MONTHLY,200879.38,WORKING_CAPITAL,RETAIL,EQUITY_AND_WAREHOUSE,False,ACTIVE,2026-08-21,506250.0,506250.0,0,CURRENT,False,,False,False,0,0,PTY-LENDER_B-00000017,ANON-LENDER_B-00000017,ORGANISATION,synthetic,WCDS-0.1
FAC-LENDER_B-00000018,LENDER_B,LENDER_B-100018,,TERM_LOAN,MERCHANT_90D,NGN,2000000,2000000,2000000,2026-04-07,2026-04-07,2026-07-06,90,0.332897,FIXED,MONTHLY,721389.42,WORKING_CAPITAL,HOSPITALITY,EQUITY_AND_WAREHOUSE,False,CLOSED,2026-08-21,0,0.0,0,CURRENT,False,,False,False,0,0,PTY-LENDER_B-00000018,ANON-LENDER_B-00000018,ORGANISATION,synthetic,WCDS-0.1
FAC-LENDER_B-00000019,LENDER_B,LENDER_B-100019,,TERM_LOAN,INVOICE_120D,NGN,3000000,3000000,3000000,2026-06-06,2026-06-06,2026-10-04,120,0.249196,FIXED,MONTHLY,811445.56,WORKING_CAPITAL,LOGISTICS,EQUITY_AND_WAREHOUSE,False,ACTIVE,2026-08-21,1100000.0,1100000.0,0,CURRENT,False,,False,False,0,0,PTY-LENDER_B-00000019,ANON-LENDER_B-00000019,ORGANISATION,synthetic,WCDS-0.1
FAC-LENDER_B-00000020,LENDER_B,LENDER_B-100020,,TERM_LOAN,SME_WC_180D,NGN,10000000,10000000,10000000,2025-12-26,2025-12-26,2026-06-24,180,0.291744,FIXED,MONTHLY,1906456.48,WORKING_CAPITAL,SERVICES,EQUITY_AND_WAREHOUSE,False,CLOSED,2026-08-21,0,0.0,0,CURRENT,False,,False,False,0,0,PTY-LENDER_B-00000020,ANON-LENDER_B-00000020,ORGANISATION,synthetic,WCDS-0.1
FAC-LENDER_B-00000021,LENDER_B,LENDER_B-100021,,TERM_LOAN,INVOICE_120D,NGN,1500000,1500000,1500000,2025-01-02,2025-01-02,2025-05-02,120,0.234024,FIXED,MONTHLY,403852.25,WORKING_CAPITAL,HOSPITALITY,EQUITY_AND_WAREHOUSE,False,CLOSED,2026-08-21,0,0.0,0,CURRENT,False,,False,False,0,0,PTY-LENDER_B-00000021,ANON-LENDER_B-00000021,ORGANISATION,synthetic,WCDS-0.1
FAC-LENDER_B-00000022,LENDER_B,LENDER_B-100022,,TERM_LOAN,MERCHANT_90D,NGN,2000000,2000000,2000000,2026-01-29,2026-01-29,2026-04-29,90,0.325333,FIXED,MONTHLY,720146.07,WORKING_CAPITAL,RETAIL,EQUITY_AND_WAREHOUSE,False,ACTIVE,2026-08-21,116666.67,119786.3,35,DPD_31_60,False,,False,False,0,0,PTY-LENDER_B-00000022,ANON-LENDER_B-00000022,ORGANISATION,synthetic,WCDS-0.1
FAC-LENDER_B-00000023,LENDER_B,LENDER_B-100023,,TERM_LOAN,MERCHANT_90D,NGN,10000000,10000000,10000000,2025-12-27,2025-12-27,2026-03-27,90,0.271964,FIXED,MONTHLY,3556865.63,WORKING_CAPITAL,HOSPITALITY,EQUITY_AND_WAREHOUSE,False,CLOSED,2026-08-21,0,0.0,0,CURRENT,False,,False,False,0,0,PTY-LENDER_B-00000023,ANON-LENDER_B-00000023,ORGANISATION,synthetic,WCDS-0.1
FAC-LENDER_B-00000024,LENDER_B,LENDER_B-100024,,TERM_LOAN,SME_WC_180D,NGN,1500000,1500000,1500000,2026-03-14,2026-03-14,2026-09-10,180,0.305236,FIXED,MONTHLY,287631.86,WORKING_CAPITAL,SERVICES,EQUITY_AND_WAREHOUSE,False,ACTIVE,2026-08-21,166666.67,166666.67,0,CURRENT,False,,False,False,0,0,PTY-LENDER_B-00000024,ANON-LENDER_B-00000024,ORGANISATION,synthetic,WCDS-0.1
FAC-LENDER_B-00000025,LENDER_B,LENDER_B-100025,,TERM_LOAN,INVOICE_120D,NGN,500000,500000,500000,2025-03-15,2025-03-15,2025-07-13,120,0.280129,FIXED,MONTHLY,136512.16,WORKING_CAPITAL,MANUFACTURING,EQUITY_AND_WAREHOUSE,True,WRITTEN_OFF,2026-08-21,5298.92,5420.92,180,DPD_90_PLUS,True,2026-05-23,False,True,75000.0,8967.8,PTY-LENDER_B-00000025,ANON-LENDER_B-00000025,ORGANISATION,synthetic,WCDS-0.1
FAC-LENDER_B-00000026,LENDER_B,LENDER_B-100026,,TERM_LOAN,SME_WC_180D,NGN,500000,500000,500000,2026-01-08,2026-01-08,2026-07-07,180,0.269503,FIXED,MONTHLY,94408.78,WORKING_CAPITAL,AGRICULTURE,EQUITY_AND_WAREHOUSE,True,ACTIVE,2026-08-21,29166.67,29812.73,35,DPD_31_60,False,,False,False,0,0,PTY-LENDER_B-00000026,ANON-LENDER_B-00000026,ORGANISATION,synthetic,WCDS-0.1
FAC-LENDER_B-00000027,LENDER_B,LENDER_B-100027,,TERM_LOAN,MERCHANT_90D,NGN,7500000,7500000,7500000,2026-03-01,2026-03-01,2026-05-30,90,0.262507,FIXED,MONTHLY,2661819.49,WORKING_CAPITAL,HOSPITALITY,EQUITY_AND_WAREHOUSE,True,DEFAULTED,2026-08-21,1125000.0,1149272.92,180,DPD_90_PLUS,True,2026-05-23,False,False,0,0,PTY-LENDER_B-00000027,ANON-LENDER_B-00000027,ORGANISATION,synthetic,WCDS-0.1
FAC-LENDER_B-00000028,LENDER_B,LENDER_B-100028,,TERM_LOAN,SME_WC_180D,NGN,750000,750000,750000,2025-10-26,2025-10-26,2026-04-24,180,0.319031,FIXED,MONTHLY,144666.32,WORKING_CAPITAL,MANUFACTURING,EQUITY_AND_WAREHOUSE,False,CLOSED,2026-08-21,0,0.0,0,CURRENT,False,,False,False,0,0,PTY-LENDER_B-00000028,ANON-LENDER_B-00000028,ORGANISATION,synthetic,WCDS-0.1
FAC-LENDER_B-00000029,LENDER_B,LENDER_B-100029,,TERM_LOAN,MERCHANT_90D,NGN,3000000,3000000,3000000,2026-06-17,2026-06-17,2026-09-15,90,0.259509,FIXED,MONTHLY,1063988.57,WORKING_CAPITAL,MANUFACTURING,EQUITY_AND_WAREHOUSE,False,ACTIVE,2026-08-21,1008333.33,1029840.6,35,DPD_31_60,False,,False,False,0,0,PTY-LENDER_B-00000029,ANON-LENDER_B-00000029,ORGANISATION,synthetic,WCDS-0.1
FAC-LENDER_B-00000030,LENDER_B,LENDER_B-100030,,TERM_LOAN,INVOICE_120D,NGN,7500000,7500000,7500000,2026-01-09,2026-01-09,2026-05-09,120,0.213756,FIXED,MONTHLY,2006767.46,WORKING_CAPITAL,AGRICULTURE,EQUITY_AND_WAREHOUSE,False,CLOSED,2026-08-21,0,0.0,0,CURRENT,False,,False,False,0,0,PTY-LENDER_B-00000030,ANON-LENDER_B-00000030,ORGANISATION,synthetic,WCDS-0.1
FAC-LENDER_B-00000031,LENDER_B,LENDER_B-100031,,TERM_LOAN,INVOICE_120D,NGN,15000000,15000000,15000000,2026-03-13,2026-03-13,2026-07-11,120,0.200913,FIXED,MONTHLY,3997701.27,WORKING_CAPITAL,RETAIL,EQUITY_AND_WAREHOUSE,False,CLOSED,2026-08-21,0,0.0,0,CURRENT,False,,False,False,0,0,PTY-LENDER_B-00000031,ANON-LENDER_B-00000031,ORGANISATION,synthetic,WCDS-0.1
FAC-LENDER_B-00000032,LENDER_B,LENDER_B-100032,,TERM_LOAN,MERCHANT_90D,NGN,750000,750000,750000,2026-02-09,2026-02-09,2026-05-10,90,0.33827,FIXED,MONTHLY,270852.26,WORKING_CAPITAL,AGRICULTURE,EQUITY_AND_WAREHOUSE,False,DEFAULTED,2026-08-21,112500.0,115627.84,95,DPD_90_PLUS,True,2026-08-16,True,False,0,0,PTY-LENDER_B-00000032,ANON-LENDER_B-00000032,ORGANISATION,synthetic,WCDS-0.1
FAC-LENDER_B-00000033,LENDER_B,LENDER_B-100033,,TERM_LOAN,MERCHANT_90D,NGN,5000000,5000000,5000000,2025-12-08,2025-12-08,2026-03-08,90,0.291544,FIXED,MONTHLY,1786479.07,WORKING_CAPITAL,LOGISTICS,EQUITY_AND_WAREHOUSE,True,CLOSED,2026-08-21,0,0.0,0,CURRENT,False,,False,False,0,0,PTY-LENDER_B-00000033,ANON-LENDER_B-00000033,ORGANISATION,synthetic,WCDS-0.1
FAC-LENDER_B-00000034,LENDER_B,LENDER_B-100034,,TERM_LOAN,INVOICE_120D,NGN,5000000,5000000,5000000,2026-05-12,2026-05-12,2026-09-09,120,0.217249,FIXED,MONTHLY,1339280.29,WORKING_CAPITAL,HOSPITALITY,EQUITY_AND_WAREHOUSE,False,ACTIVE,2026-08-21,850000.0,853541.45,7,DPD_1_30,False,,False,False,0,0,PTY-LENDER_B-00000034,ANON-LENDER_B-00000034,ORGANISATION,synthetic,WCDS-0.1
FAC-LENDER_B-00000035,LENDER_B,LENDER_B-100035,,TERM_LOAN,INVOICE_120D,NGN,7500000,7500000,7500000,2026-04-14,2026-04-14,2026-08-12,120,0.227522,FIXED,MONTHLY,2015253.04,WORKING_CAPITAL,AGRICULTURE,EQUITY_AND_WAREHOUSE,True,CLOSED,2026-08-21,0,0.0,0,CURRENT,False,,False,False,0,0,PTY-LENDER_B-00000035,ANON-LENDER_B-00000035,ORGANISATION,synthetic,WCDS-0.1
FAC-LENDER_B-00000036,LENDER_B,LENDER_B-100036,,TERM_LOAN,MERCHANT_90D,NGN,15000000,15000000,15000000,2025-04-07,2025-04-07,2025-07-06,90,0.288922,FIXED,MONTHLY,5356205.01,WORKING_CAPITAL,MANUFACTURING,EQUITY_AND_WAREHOUSE,False,CLOSED,2026-08-21,0,0.0,0,CURRENT,False,,False,False,0,0,PTY-LENDER_B-00000036,ANON-LENDER_B-00000036,ORGANISATION,synthetic,WCDS-0.1
FAC-LENDER_B-00000037,LENDER_B,LENDER_B-100037,,TERM_LOAN,SME_WC_180D,NGN,5000000,5000000,5000000,2026-05-02,2026-05-02,2026-10-29,180,0.299434,FIXED,MONTHLY,956388.55,WORKING_CAPITAL,AGRICULTURE,EQUITY_AND_WAREHOUSE,False,ACTIVE,2026-08-21,1916666.67,1916666.67,0,CURRENT,False,,False,False,0,0,PTY-LENDER_B-00000037,ANON-LENDER_B-00000037,ORGANISATION,synthetic,WCDS-0.1
FAC-LENDER_B-00000038,LENDER_B,LENDER_B-100038,,TERM_LOAN,SME_WC_180D,NGN,500000,500000,500000,2025-02-08,2025-02-08,2025-08-07,180,0.306221,FIXED,MONTHLY,95917.76,WORKING_CAPITAL,SERVICES,EQUITY_AND_WAREHOUSE,False,ACTIVE,2026-08-21,12500.0,12657.31,15,DPD_1_30,False,,False,False,0,0,PTY-LENDER_B-00000038,ANON-LENDER_B-00000038,ORGANISATION,synthetic,WCDS-0.1
FAC-LENDER_B-00000039,LENDER_B,LENDER_B-100039,,TERM_LOAN,INVOICE_120D,NGN,750000,750000,750000,2026-04-13,2026-04-13,2026-08-11,120,0.283714,FIXED,MONTHLY,204989.24,WORKING_CAPITAL,LOGISTICS,EQUITY_AND_WAREHOUSE,False,CLOSED,2026-08-21,0,0.0,0,CURRENT,False,,False,False,0,0,PTY-LENDER_B-00000039,ANON-LENDER_B-00000039,ORGANISATION,synthetic,WCDS-0.1
FAC-LENDER_B-00000040,LENDER_B,LENDER_B-100040,,TERM_LOAN,SME_WC_180D,NGN,750000,750000,750000,2026-01-12,2026-01-12,2026-07-11,180,0.237994,FIXED,MONTHLY,139670.85,WORKING_CAPITAL,RETAIL,EQUITY_AND_WAREHOUSE,True,CLOSED,2026-08-21,0,0.0,0,CURRENT,False,,False,False,0,0,PTY-LENDER_B-00000040,ANON-LENDER_B-00000040,ORGANISATION,synthetic,WCDS-0.1
FAC-LENDER_B-00000041,LENDER_B,LENDER_B-100041,,TERM_LOAN,MERCHANT_90D,NGN,750000,750000,750000,2025-01-31,2025-01-31,2025-05-01,90,0.248782,FIXED,MONTHLY,265335.88,WORKING_CAPITAL,MANUFACTURING,EQUITY_AND_WAREHOUSE,True,CLOSED,2026-08-21,0,0.0,0,CURRENT,False,,False,False,0,0,PTY-LENDER_B-00000041,ANON-LENDER_B-00000041,ORGANISATION,synthetic,WCDS-0.1
FAC-LENDER_B-00000042,LENDER_B,LENDER_B-100042,,TERM_LOAN,MERCHANT_90D,NGN,10000000,10000000,10000000,2025-05-13,2025-05-13,2025-08-11,90,0.33771,FIXED,MONTHLY,3610903.45,WORKING_CAPITAL,AGRICULTURE,EQUITY_AND_WAREHOUSE,False,CLOSED,2026-08-21,0,0.0,0,CURRENT,False,,False,False,0,0,PTY-LENDER_B-00000042,ANON-LENDER_B-00000042,ORGANISATION,synthetic,WCDS-0.1
FAC-LENDER_B-00000043,LENDER_B,LENDER_B-100043,,TERM_LOAN,SME_WC_180D,NGN,15000000,15000000,15000000,2026-05-02,2026-05-02,2026-10-29,180,0.251294,FIXED,MONTHLY,2809814.03,WORKING_CAPITAL,MANUFACTURING,EQUITY_AND_WAREHOUSE,False,ACTIVE,2026-08-21,5750000.0,5750000.0,0,CURRENT,False,,False,False,0,0,PTY-LENDER_B-00000043,ANON-LENDER_B-00000043,ORGANISATION,synthetic,WCDS-0.1
FAC-LENDER_B-00000044,LENDER_B,LENDER_B-100044,,TERM_LOAN,MERCHANT_90D,NGN,1000000,1000000,1000000,2024-12-14,2024-12-14,2025-03-14,90,0.244474,FIXED,MONTHLY,353427.05,WORKING_CAPITAL,MANUFACTURING,EQUITY_AND_WAREHOUSE,False,CLOSED,2026-08-21,0,0.0,0,CURRENT,False,,False,False,0,0,PTY-LENDER_B-00000044,ANON-LENDER_B-00000044,ORGANISATION,synthetic,WCDS-0.1
FAC-LENDER_B-00000045,LENDER_B,LENDER_B-100045,,TERM_LOAN,SME_WC_180D,NGN,2000000,2000000,2000000,2026-02-25,2026-02-25,2026-08-24,180,0.282231,FIXED,MONTHLY,379727.52,WORKING_CAPITAL,SERVICES,EQUITY_AND_WAREHOUSE,False,ACTIVE,2026-08-21,33333.33,33333.33,0,CURRENT,False,,False,False,0,0,PTY-LENDER_B-00000045,ANON-LENDER_B-00000045,ORGANISATION,synthetic,WCDS-0.1
FAC-LENDER_B-00000046,LENDER_B,LENDER_B-100046,,TERM_LOAN,INVOICE_120D,NGN,1000000,1000000,1000000,2025-11-09,2025-11-09,2026-03-09,120,0.242534,FIXED,MONTHLY,269934.33,WORKING_CAPITAL,MANUFACTURING,EQUITY_AND_WAREHOUSE,True,DEFAULTED,2026-08-21,150000.0,152990.15,180,DPD_90_PLUS,True,2026-05-23,False,False,0,0,PTY-LENDER_B-00000046,ANON-LENDER_B-00000046,ORGANISATION,synthetic,WCDS-0.1
FAC-LENDER_B-00000047,LENDER_B,LENDER_B-100047,,TERM_LOAN,INVOICE_120D,NGN,1000000,1000000,1000000,2025-09-22,2025-09-22,2026-01-20,120,0.282051,FIXED,MONTHLY,273182.26,WORKING_CAPITAL,SERVICES,EQUITY_AND_WAREHOUSE,False,DEFAULTED,2026-08-21,150000.0,153477.34,180,DPD_90_PLUS,True,2026-05-23,True,False,0,0,PTY-LENDER_B-00000047,ANON-LENDER_B-00000047,ORGANISATION,synthetic,WCDS-0.1
FAC-LENDER_B-00000048,LENDER_B,LENDER_B-100048,,TERM_LOAN,MERCHANT_90D,NGN,10000000,10000000,10000000,2026-05-12,2026-05-12,2026-08-10,90,0.300361,FIXED,MONTHLY,3580205.16,WORKING_CAPITAL,SERVICES,EQUITY_AND_WAREHOUSE,True,CLOSED,2026-08-21,0,0.0,0,CURRENT,False,,False,False,0,0,PTY-LENDER_B-00000048,ANON-LENDER_B-00000048,ORGANISATION,synthetic,WCDS-0.1
FAC-LENDER_B-00000049,LENDER_B,LENDER_B-100049,,TERM_LOAN,MERCHANT_90D,NGN,2000000,2000000,2000000,2025-12-27,2025-12-27,2026-03-27,90,0.273352,FIXED,MONTHLY,711601.2,WORKING_CAPITAL,RETAIL,EQUITY_AND_WAREHOUSE,True,CLOSED,2026-08-21,0,0.0,0,CURRENT,False,,False,False,0,0,PTY-LENDER_B-00000049,ANON-LENDER_B-00000049,ORGANISATION,synthetic,WCDS-0.1
FAC-LENDER_B-00000050,LENDER_B,LENDER_B-100050,,TERM_LOAN,INVOICE_120D,NGN,2000000,2000000,2000000,2025-03-28,2025-03-28,2025-07-26,120,0.217573,FIXED,MONTHLY,535765.45,WORKING_CAPITAL,MANUFACTURING,EQUITY_AND_WAREHOUSE,False,CLOSED,2026-08-21,0,0.0,0,CURRENT,False,,False,False,0,0,PTY-LENDER_B-00000050,ANON-LENDER_B-00000050,ORGANISATION,synthetic,WCDS-0.1
FAC-LENDER_B-00000051,LENDER_B,LENDER_B-100051,,TERM_LOAN,SME_WC_180D,NGN,15000000,15000000,15000000,2026-02-18,2026-02-18,2026-08-17,180,0.277216,FIXED,MONTHLY,2841772.91,WORKING_CAPITAL,RETAIL,EQUITY_AND_WAREHOUSE,False,CLOSED,2026-08-21,0,0.0,0,CURRENT,False,,False,False,0,0,PTY-LENDER_B-00000051,ANON-LENDER_B-00000051,ORGANISATION,synthetic,WCDS-0.1
FAC-LENDER_B-00000052,LENDER_B,LENDER_B-100052,,TERM_LOAN,INVOICE_120D,NGN,10000000,10000000,10000000,2025-06-25,2025-06-25,2025-10-23,120,0.280608,FIXED,MONTHLY,2730637.12,WORKING_CAPITAL,MANUFACTURING,EQUITY_AND_WAREHOUSE,False,CLOSED,2026-08-21,0,0.0,0,CURRENT,False,,False,False,0,0,PTY-LENDER_B-00000052,ANON-LENDER_B-00000052,ORGANISATION,synthetic,WCDS-0.1
FAC-LENDER_B-00000053,LENDER_B,LENDER_B-100053,,TERM_LOAN,MERCHANT_90D,NGN,1000000,1000000,1000000,2025-11-11,2025-11-11,2026-02-09,90,0.252757,FIXED,MONTHLY,354107.9,WORKING_CAPITAL,LOGISTICS,EQUITY_AND_WAREHOUSE,True,CLOSED,2026-08-21,0,0.0,0,CURRENT,False,,False,False,0,0,PTY-LENDER_B-00000053,ANON-LENDER_B-00000053,ORGANISATION,synthetic,WCDS-0.1
FAC-LENDER_B-00000054,LENDER_B,LENDER_B-100054,,TERM_LOAN,MERCHANT_90D,NGN,15000000,15000000,15000000,2026-02-05,2026-02-05,2026-05-06,90,0.312542,FIXED,MONTHLY,5385325.66,WORKING_CAPITAL,SERVICES,EQUITY_AND_WAREHOUSE,False,CLOSED,2026-08-21,0,0.0,0,CURRENT,False,,False,False,0,0,PTY-LENDER_B-00000054,ANON-LENDER_B-00000054,ORGANISATION,synthetic,WCDS-0.1
FAC-LENDER_B-00000055,LENDER_B,LENDER_B-100055,,TERM_LOAN,SME_WC_180D,NGN,10000000,10000000,10000000,2025-12-20,2025-12-20,2026-06-18,180,0.266867,FIXED,MONTHLY,1886009.06,WORKING_CAPITAL,HOSPITALITY,EQUITY_AND_WAREHOUSE,False,CLOSED,2026-08-21,0,0.0,0,CURRENT,False,,False,False,0,0,PTY-LENDER_B-00000055,ANON-LENDER_B-00000055,ORGANISATION,synthetic,WCDS-0.1
FAC-LENDER_B-00000056,LENDER_B,LENDER_B-100056,,TERM_LOAN,SME_WC_180D,NRA,750000,750000,750000,2025-12-09,2025-12-09,2026-06-07,180,0.314745,FIXED,MONTHLY,144402.12,WORKING_CAPITAL,HOSPITALITY,EQUITY_AND_WAREHOUSE,True,DEFAULTED,2026-08-21,112500.0,115410.32,95,DPD_90_PLUS,True,2026-08-16,False,False,0,0,PTY-LENDER_B-00000056,ANON-LENDER_B-00000056,ORGANISATION,synthetic,WCDS-0.1
FAC-LENDER_B-00000057,LENDER_B,LENDER_B-100057,,TERM_LOAN,SME_WC_180D,NGN,500000,500000,500000,2026-03-25,2026-03-25,2026-09-21,180,0.294341,FIXED,MONTHLY,95429.54,WORKING_CAPITAL,SERVICES,EQUITY_AND_WAREHOUSE,False,ACTIVE,2026-08-21,86111.11,86111.11,0,CURRENT,False,,False,False,0,0,PTY-LENDER_B-00000057,ANON-LENDER_B-00000057,ORGANISATION,synthetic,WCDS-0.1
FAC-LENDER_B-00000058,LENDER_B,LENDER_B-100058,,TERM_LOAN,INVOICE_120D,NGN,750000,750000,750000,2026-01-29,2026-01-29,2026-05-29,120,0.288808,FIXED,MONTHLY,205303.24,WORKING_CAPITAL,SERVICES,EQUITY_AND_WAREHOUSE,True,ACTIVE,2026-08-21,81250.0,83178.68,65,DPD_61_90,False,,False,False,0,0,PTY-LENDER_B-00000058,ANON-LENDER_B-00000058,ORGANISATION,synthetic,WCDS-0.1
FAC-LENDER_B-00000059,LENDER_B,LENDER_B-100059,,TERM_LOAN,MERCHANT_90D,NGN,10000000,10000000,10000000,2025-05-09,2025-05-09,2025-08-07,90,0.311416,FIXED,MONTHLY,3589291.7,WORKING_CAPITAL,HOSPITALITY,EQUITY_AND_WAREHOUSE,False,DEFAULTED,2026-08-21,1500000.0,1538393.75,130,DPD_90_PLUS,True,2026-07-12,False,False,0,0,PTY-LENDER_B-00000059,ANON-LENDER_B-00000059,ORGANISATION,synthetic,WCDS-0.1
FAC-LENDER_B-00000060,LENDER_B,LENDER_B-100060,,TERM_LOAN,MERCHANT_90D,NGN,10000000,10000000,10000000,2025-06-05,2025-06-05,2025-09-03,90,0.292352,FIXED,MONTHLY,3573622.35,WORKING_CAPITAL,AGRICULTURE,EQUITY_AND_WAREHOUSE,False,CLOSED,2026-08-21,0,0.0,0,CURRENT,False,,False,False,0,0,PTY-LENDER_B-00000060,ANON-LENDER_B-00000060,ORGANISATION,synthetic,WCDS-0.1
FAC-LENDER_B-00000061,LENDER_B,LENDER_B-100061,,TERM_LOAN,INVOICE_120D,NGN,1500000,1500000,1500000,2026-04-13,2026-04-13,2026-08-11,120,0.233796,FIXED,MONTHLY,403824.15,WORKING_CAPITAL,MANUFACTURING,EQUITY_AND_WAREHOUSE,False,CLOSED,2026-08-21,0,0.0,0,CURRENT,False,,False,False,0,0,PTY-LENDER_B-00000061,ANON-LENDER_B-00000061,ORGANISATION,synthetic,WCDS-0.1
FAC-LENDER_B-00000062,LENDER_B,LENDER_B-100062,,TERM_LOAN,INVOICE_120D,NGN,15000000,15000000,15000000,2025-10-03,2025-10-03,2026-01-31,120,0.200223,FIXED,MONTHLY,3996850.81,WORKING_CAPITAL,SERVICES,EQUITY_AND_WAREHOUSE,True,ACTIVE,2026-08-21,1625000.0,1651742.17,65,DPD_61_90,False,,False,False,0,0,PTY-LENDER_B-00000062,ANON-LENDER_B-00000062,ORGANISATION,synthetic,WCDS-0.1
FAC-LENDER_B-00000063,LENDER_B,LENDER_B-100063,,TERM_LOAN,INVOICE_120D,NGN,7500000,7500000,7500000,2025-04-27,2025-04-27,2025-08-25,120,0.293541,FIXED,MONTHLY,2055950.2,WORKING_CAPITAL,RETAIL,EQUITY_AND_WAREHOUSE,True,CLOSED,2026-08-21,0,0.0,0,CURRENT,False,,False,False,0,0,PTY-LENDER_B-00000063,ANON-LENDER_B-00000063,ORGANISATION,synthetic,WCDS-0.1
FAC-LENDER_B-00000064,LENDER_B,LENDER_B-100064,,TERM_LOAN,MERCHANT_90D,NGN,5000000,5000000,5000000,2025-05-27,2025-05-27,2025-08-25,90,0.275389,FIXED,MONTHLY,1779840.34,WORKING_CAPITAL,AGRICULTURE,EQUITY_AND_WAREHOUSE,True,CLOSED,2026-08-21,0,0.0,0,CURRENT,False,,False,False,0,0,PTY-LENDER_B-00000064,ANON-LENDER_B-00000064,ORGANISATION,synthetic,WCDS-0.1
FAC-LENDER_B-00000065,LENDER_B,LENDER_B-100065,,TERM_LOAN,MERCHANT_90D,NGN,7500000,7500000,7500000,2025-11-28,2025-11-28,2026-02-26,90,0.248474,FIXED,MONTHLY,2653169.14,WORKING_CAPITAL,RETAIL,EQUITY_AND_WAREHOUSE,True,CLOSED,2026-08-21,0,0.0,0,CURRENT,False,,False,False,0,0,PTY-LENDER_B-00000065,ANON-LENDER_B-00000065,ORGANISATION,synthetic,WCDS-0.1
FAC-LENDER_B-00000066,LENDER_B,LENDER_B-100066,,TERM_LOAN,MERCHANT_90D,NGN,10000000,10000000,10000000,2025-05-19,2025-05-19,2025-08-17,90,0.279536,FIXED,MONTHLY,3563088.85,WORKING_CAPITAL,AGRICULTURE,EQUITY_AND_WAREHOUSE,True,CLOSED,2026-08-21,0,0.0,0,CURRENT,False,,False,False,0,0,PTY-LENDER_B-00000066,ANON-LENDER_B-00000066,ORGANISATION,synthetic,WCDS-0.1
FAC-LENDER_B-00000067,LENDER_B,LENDER_B-100067,,TERM_LOAN,MERCHANT_90D,NGN,3000000,3000000,3000000,2026-01-29,2026-01-29,2026-04-29,90,0.283936,FIXED,MONTHLY,1070011.54,WORKING_CAPITAL,HOSPITALITY,EQUITY_AND_WAREHOUSE,True,CLOSED,2026-08-21,0,0.0,0,CURRENT,False,,False,False,0,0,PTY-LENDER_B-00000067,ANON-LENDER_B-00000067,ORGANISATION,synthetic,WCDS-0.1
FAC-LENDER_B-00000068,LENDER_B,LENDER_B-100068,,TERM_LOAN,MERCHANT_90D,NGN,1000000,1000000,1000000,2025-04-08,2025-04-08,2025-07-07,90,0.253368,FIXED,MONTHLY,354158.1,WORKING_CAPITAL,HOSPITALITY,EQUITY_AND_WAREHOUSE,True,DEFAULTED,2026-08-21,150000.0,153123.72,95,DPD_90_PLUS,True,2026-08-16,False,False,0,0,PTY-LENDER_B-00000068,ANON-LENDER_B-00000068,ORGANISATION,synthetic,WCDS-0.1
FAC-LENDER_B-00000069,LENDER_B,LENDER_B-100069,,TERM_LOAN,INVOICE_120D,NGN,1000000,1000000,1000000,2025-06-28,2025-06-28,2025-10-26,120,0.249557,FIXED,MONTHLY,270511.51,WORKING_CAPITAL,AGRICULTURE,EQUITY_AND_WAREHOUSE,False,CLOSED,2026-08-21,0,0.0,0,CURRENT,False,,False,False,0,0,PTY-LENDER_B-00000069,ANON-LENDER_B-00000069,ORGANISATION,synthetic,WCDS-0.1
FAC-LENDER_B-00000070,LENDER_B,LENDER_B-100070,,TERM_LOAN,MERCHANT_90D,NGN,750000,750000,750000,2025-08-24,2025-08-24,2025-11-22,90,0.332356,FIXED,MONTHLY,270487.71,WORKING_CAPITAL,RETAIL,EQUITY_AND_WAREHOUSE,True,CLOSED,2026-08-21,0,0.0,0,CURRENT,False,,False,False,0,0,PTY-LENDER_B-00000070,ANON-LENDER_B-00000070,ORGANISATION,synthetic,WCDS-0.1
FAC-LENDER_B-00000071,LENDER_B,LENDER_B-100071,,TERM_LOAN,SME_WC_180D,NGN,5000000,5000000,5000000,2025-05-24,2025-05-24,2025-11-20,180,0.24365,FIXED,MONTHLY,933463.67,WORKING_CAPITAL,MANUFACTURING,EQUITY_AND_WAREHOUSE,False,CLOSED,2026-08-21,0,0.0,0,CURRENT,False,,False,False,0,0,PTY-LENDER_B-00000071,ANON-LENDER_B-00000071,ORGANISATION,synthetic,WCDS-0.1
FAC-LENDER_B-00000072,LENDER_B,LENDER_B-100072,,TERM_LOAN,INVOICE_120D,NGN,1000000,1000000,1000000,2025-11-29,2025-11-29,2026-03-29,120,0.242895,FIXED,MONTHLY,269963.99,WORKING_CAPITAL,HOSPITALITY,EQUITY_AND_WAREHOUSE,False,CLOSED,2026-08-21,0,0.0,0,CURRENT,False,,False,False,0,0,PTY-LENDER_B-00000072,ANON-LENDER_B-00000072,ORGANISATION,synthetic,WCDS-0.1
FAC-LENDER_B-00000073,LENDER_B,LENDER_B-100073,,TERM_LOAN,INVOICE_120D,NGN,5000000,5000000,5000000,2026-04-28,2026-04-28,2026-08-26,120,0.270096,FIXED,MONTHLY,1360998.18,WORKING_CAPITAL,LOGISTICS,EQUITY_AND_WAREHOUSE,False,ACTIVE,2026-08-21,266666.67,268047.98,7,DPD_1_30,False,,False,False,0,0,PTY-LENDER_B-00000073,ANON-LENDER_B-00000073,ORGANISATION,synthetic,WCDS-0.1
FAC-LENDER_B-00000074,LENDER_B,LENDER_B-100074,,TERM_LOAN,INVOICE_120D,NGN,1000000,1000000,1000000,2025-06-27,2025-06-27,2025-10-25,120,0.299255,FIXED,MONTHLY,274596.32,WORKING_CAPITAL,LOGISTICS,EQUITY_AND_WAREHOUSE,True,CLOSED,2026-08-21,0,0.0,0,CURRENT,False,,False,False,0,0,PTY-LENDER_B-00000074,ANON-LENDER_B-00000074,ORGANISATION,synthetic,WCDS-0.1
FAC-LENDER_B-00000075,LENDER_B,LENDER_B-100075,,TERM_LOAN,INVOICE_120D,NGN,1500000,1500000,1500000,2025-07-18,2025-07-18,2025-11-15,120,0.24263,FIXED,MONTHLY,404913.32,WORKING_CAPITAL,RETAIL,EQUITY_AND_WAREHOUSE,False,CLOSED,2026-08-21,0,0.0,0,CURRENT,False,,False,False,0,0,PTY-LENDER_B-00000075,ANON-LENDER_B-00000075,ORGANISATION,synthetic,WCDS-0.1
FAC-LENDER_B-00000076,LENDER_B,LENDER_B-100076,,TERM_LOAN,SME_WC_180D,NGN,5000000,5000000,5000000,2025-05-31,2025-05-31,2025-11-27,180,0.283331,FIXED,MONTHLY,949770.73,WORKING_CAPITAL,SERVICES,EQUITY_AND_WAREHOUSE,True,CLOSED,2026-08-21,0,0.0,0,CURRENT,False,,False,False,0,0,PTY-LENDER_B-00000076,ANON-LENDER_B-00000076,ORGANISATION,synthetic,WCDS-0.1
FAC-LENDER_B-00000077,LENDER_B,LENDER_B-100077,,TERM_LOAN,SME_WC_180D,NGN,5000000,5000000,5000000,2026-06-24,2026-06-24,2026-12-21,180,0.246925,FIXED,MONTHLY,934809.2,WORKING_CAPITAL,LOGISTICS,EQUITY_AND_WAREHOUSE,True,ACTIVE,2026-08-21,3388888.89,3388888.89,0,CURRENT,False,,False,False,0,0,PTY-LENDER_B-00000077,ANON-LENDER_B-00000077,ORGANISATION,synthetic,WCDS-0.1
FAC-LENDER_B-00000078,LENDER_B,LENDER_B-100078,,TERM_LOAN,SME_WC_180D,NGN,7500000,7500000,7500000,2026-04-30,2026-04-30,2026-10-27,180,0.286043,FIXED,MONTHLY,1426327.92,WORKING_CAPITAL,AGRICULTURE,EQUITY_AND_WAREHOUSE,False,ACTIVE,2026-08-21,2791666.67,2791666.67,0,CURRENT,False,,False,False,0,0,PTY-LENDER_B-00000078,ANON-LENDER_B-00000078,ORGANISATION,synthetic,WCDS-0.1
FAC-LENDER_B-00000079,LENDER_B,LENDER_B-100079,,TERM_LOAN,MERCHANT_90D,NGN,750000,750000,750000,2025-01-23,2025-01-23,2025-04-23,90,0.265226,FIXED,MONTHLY,266349.57,WORKING_CAPITAL,HOSPITALITY,EQUITY_AND_WAREHOUSE,True,ACTIVE,2026-08-21,8750.0,8794.51,7,DPD_1_30,False,,False,False,0,0,PTY-LENDER_B-00000079,ANON-LENDER_B-00000079,ORGANISATION,synthetic,WCDS-0.1
FAC-LENDER_B-00000080,LENDER_B,LENDER_B-100080,,TERM_LOAN,INVOICE_120D,NGN,15000000,15000000,15000000,2025-12-11,2025-12-11,2026-04-10,120,0.281004,FIXED,MONTHLY,4096442.7,WORKING_CAPITAL,MANUFACTURING,EQUITY_AND_WAREHOUSE,False,CLOSED,2026-08-21,0,0.0,0,CURRENT,False,,False,False,0,0,PTY-LENDER_B-00000080,ANON-LENDER_B-00000080,ORGANISATION,synthetic,WCDS-0.1
FAC-LENDER_B-00000081,LENDER_B,LENDER_B-100081,,TERM_LOAN,MERCHANT_90D,NGN,15000000,15000000,15000000,2026-01-28,2026-01-28,2026-04-28,90,0.261003,FIXED,MONTHLY,5321784.93,WORKING_CAPITAL,RETAIL,EQUITY_AND_WAREHOUSE,True,CLOSED,2026-08-21,0,0.0,0,CURRENT,False,,False,False,0,0,PTY-LENDER_B-00000081,ANON-LENDER_B-00000081,ORGANISATION,synthetic,WCDS-0.1
FAC-LENDER_B-00000082,LENDER_B,LENDER_B-100082,,TERM_LOAN,INVOICE_120D,NGN,3000000,3000000,3000000,2026-01-17,2026-01-17,2026-05-17,120,0.294182,FIXED,MONTHLY,822537.98,WORKING_CAPITAL,AGRICULTURE,EQUITY_AND_WAREHOUSE,False,CLOSED,2026-08-21,0,0.0,0,CURRENT,False,,False,False,0,0,PTY-LENDER_B-00000082,ANON-LENDER_B-00000082,ORGANISATION,synthetic,WCDS-0.1
FAC-LENDER_B-00000083,LENDER_B,LENDER_B-100083,,TERM_LOAN,INVOICE_120D,NGN,2000000,2000000,2000000,2025-08-02,2025-08-02,2025-11-30,120,0.241821,FIXED,MONTHLY,539751.44,WORKING_CAPITAL,MANUFACTURING,EQUITY_AND_WAREHOUSE,False,CLOSED,2026-08-21,0,0.0,0,CURRENT,False,,False,False,0,0,PTY-LENDER_B-00000083,ANON-LENDER_B-00000083,ORGANISATION,synthetic,WCDS-0.1
FAC-LENDER_B-00000084,LENDER_B,LENDER_B-100084,,TERM_LOAN,SME_WC_180D,NGN,10000000,10000000,10000000,2026-02-22,2026-02-22,2026-08-21,180,0.311085,FIXED,MONTHLY,1922352.9,WORKING_CAPITAL,MANUFACTURING,EQUITY_AND_WAREHOUSE,False,CLOSED,2026-08-21,0,0.0,0,CURRENT,False,,False,False,0,0,PTY-LENDER_B-00000084,ANON-LENDER_B-00000084,ORGANISATION,synthetic,WCDS-0.1
FAC-LENDER_B-00000085,LENDER_B,LENDER_B-100085,,TERM_LOAN,INVOICE_120D,NGN,500000,500000,500000,2025-06-30,2025-06-30,2025-10-28,120,0.204545,FIXED,MONTHLY,133405.94,WORKING_CAPITAL,HOSPITALITY,EQUITY_AND_WAREHOUSE,True,CLOSED,2026-08-21,0,0.0,0,CURRENT,False,,False,False,0,0,PTY-LENDER_B-00000085,ANON-LENDER_B-00000085,ORGANISATION,synthetic,WCDS-0.1
FAC-LENDER_B-00000086,LENDER_B,LENDER_B-100086,,TERM_LOAN,SME_WC_180D,NGN,10000000,10000000,10000000,2025-07-08,2025-07-08,2026-01-04,180,0.271349,FIXED,MONTHLY,1889693.05,WORKING_CAPITAL,SERVICES,EQUITY_AND_WAREHOUSE,False,CLOSED,2026-08-21,0,0.0,0,CURRENT,False,,False,False,0,0,PTY-LENDER_B-00000086,ANON-LENDER_B-00000086,ORGANISATION,synthetic,WCDS-0.1
FAC-LENDER_B-00000087,LENDER_B,LENDER_B-100087,,TERM_LOAN,MERCHANT_90D,NGN,15000000,15000000,15000000,2025-03-04,2025-03-04,2025-06-02,90,0.267149,FIXED,MONTHLY,5329362.3,WORKING_CAPITAL,HOSPITALITY,EQUITY_AND_WAREHOUSE,True,CLOSED,2026-08-21,0,0.0,0,CURRENT,False,,False,False,0,0,PTY-LENDER_B-00000087,ANON-LENDER_B-00000087,ORGANISATION,synthetic,WCDS-0.1
FAC-LENDER_B-00000088,LENDER_B,LENDER_B-100088,,TERM_LOAN,MERCHANT_90D,NGN,2000000,2000000,2000000,2026-04-12,2026-04-12,2026-07-11,90,0.310775,FIXED,MONTHLY,717753.03,WORKING_CAPITAL,HOSPITALITY,EQUITY_AND_WAREHOUSE,True,CLOSED,2026-08-21,0,0.0,0,CURRENT,False,,False,False,0,0,PTY-LENDER_B-00000088,ANON-LENDER_B-00000088,ORGANISATION,synthetic,WCDS-0.1
FAC-LENDER_B-00000089,LENDER_B,LENDER_B-100089,,TERM_LOAN,MERCHANT_90D,NGN,2000000,2000000,2000000,2026-06-20,2026-06-20,2026-09-18,90,0.244561,FIXED,MONTHLY,706868.52,WORKING_CAPITAL,LOGISTICS,EQUITY_AND_WAREHOUSE,True,ACTIVE,2026-08-21,622222.22,622222.22,0,CURRENT,False,,False,False,0,0,PTY-LENDER_B-00000089,ANON-LENDER_B-00000089,ORGANISATION,synthetic,WCDS-0.1
FAC-LENDER_B-00000090,LENDER_B,LENDER_B-100090,,TERM_LOAN,MERCHANT_90D,NGN,3000000,3000000,3000000,2025-07-30,2025-07-30,2025-10-28,90,0.264901,FIXED,MONTHLY,1065318.01,WORKING_CAPITAL,HOSPITALITY,EQUITY_AND_WAREHOUSE,False,CLOSED,2026-08-21,0,0.0,0,CURRENT,False,,False,False,0,0,PTY-LENDER_B-00000090,ANON-LENDER_B-00000090,ORGANISATION,synthetic,WCDS-0.1
FAC-LENDER_B-00000091,LENDER_B,LENDER_B-100091,,TERM_LOAN,MERCHANT_90D,NGN,5000000,5000000,5000000,2026-06-14,2026-06-14,2026-09-12,90,0.334643,FIXED,MONTHLY,1804191.1,WORKING_CAPITAL,MANUFACTURING,EQUITY_AND_WAREHOUSE,True,ACTIVE,2026-08-21,1222222.22,1222222.22,0,CURRENT,False,,False,False,0,0,PTY-LENDER_B-00000091,ANON-LENDER_B-00000091,ORGANISATION,synthetic,WCDS-0.1
FAC-LENDER_B-00000092,LENDER_B,LENDER_B-100092,,TERM_LOAN,SME_WC_180D,NGN,1000000,1000000,1000000,2025-02-07,2025-02-07,2025-08-06,180,0.255548,FIXED,MONTHLY,187670.64,WORKING_CAPITAL,AGRICULTURE,EQUITY_AND_WAREHOUSE,False,CLOSED,2026-08-21,0,0.0,0,CURRENT,False,,False,False,0,0,PTY-LENDER_B-00000092,ANON-LENDER_B-00000092,ORGANISATION,synthetic,WCDS-0.1
FAC-LENDER_B-00000093,LENDER_B,LENDER_B-100093,,TERM_LOAN,INVOICE_120D,NGN,5000000,5000000,5000000,2025-01-24,2025-01-24,2025-05-24,120,0.258326,FIXED,MONTHLY,1356161.42,WORKING_CAPITAL,HOSPITALITY,EQUITY_AND_WAREHOUSE,True,CLOSED,2026-08-21,0,0.0,0,CURRENT,False,,False,False,0,0,PTY-LENDER_B-00000093,ANON-LENDER_B-00000093,ORGANISATION,synthetic,WCDS-0.1
FAC-LENDER_B-00000094,LENDER_B,LENDER_B-100094,,TERM_LOAN,INVOICE_120D,NGN,5000000,5000000,5000000,2025-05-24,2025-05-24,2025-09-21,120,0.220392,FIXED,MONTHLY,1340572.0,WORKING_CAPITAL,LOGISTICS,EQUITY_AND_WAREHOUSE,False,CLOSED,2026-08-21,0,0.0,0,CURRENT,False,,False,False,0,0,PTY-LENDER_B-00000094,ANON-LENDER_B-00000094,ORGANISATION,synthetic,WCDS-0.1
FAC-LENDER_B-00000095,LENDER_B,LENDER_B-100095,,TERM_LOAN,MERCHANT_90D,NGN,1000000,1000000,1000000,2026-02-08,2026-02-08,2026-05-09,90,0.330217,FIXED,MONTHLY,360474.44,WORKING_CAPITAL,LOGISTICS,EQUITY_AND_WAREHOUSE,False,CLOSED,2026-08-21,0,0.0,0,CURRENT,False,,False,False,0,0,PTY-LENDER_B-00000095,ANON-LENDER_B-00000095,ORGANISATION,synthetic,WCDS-0.1
FAC-LENDER_B-00000096,LENDER_B,LENDER_B-100096,,TERM_LOAN,SME_WC_180D,NGN,15000000,15000000,15000000,2026-05-30,2026-05-30,2026-11-26,180,0.236292,FIXED,MONTHLY,2791318.74,WORKING_CAPITAL,LOGISTICS,EQUITY_AND_WAREHOUSE,True,ACTIVE,2026-08-21,8083333.33,8083333.33,0,CURRENT,False,,False,False,0,0,PTY-LENDER_B-00000096,ANON-LENDER_B-00000096,ORGANISATION,synthetic,WCDS-0.1
FAC-LENDER_B-00000097,LENDER_B,LENDER_B-100097,,TERM_LOAN,INVOICE_120D,NGN,10000000,10000000,10000000,2026-07-30,2026-07-30,2026-11-27,120,0.24025,FIXED,MONTHLY,2697466.11,WORKING_CAPITAL,LOGISTICS,EQUITY_AND_WAREHOUSE,False,ACTIVE,2026-08-21,8166666.67,8166666.67,0,CURRENT,False,,False,False,0,0,PTY-LENDER_B-00000097,ANON-LENDER_B-00000097,ORGANISATION,synthetic,WCDS-0.1
FAC-LENDER_B-00000098,LENDER_B,LENDER_B-100098,,TERM_LOAN,INVOICE_120D,NGN,500000,500000,500000,2026-05-18,2026-05-18,2026-09-15,120,0.282656,FIXED,MONTHLY,136616.01,WORKING_CAPITAL,LOGISTICS,EQUITY_AND_WAREHOUSE,True,ACTIVE,2026-08-21,104166.67,104166.67,0,CURRENT,False,,False,False,0,0,PTY-LENDER_B-00000098,ANON-LENDER_B-00000098,ORGANISATION,synthetic,WCDS-0.1
FAC-LENDER_B-00000099,LENDER_B,LENDER_B-100099,,TERM_LOAN,MERCHANT_90D,NGN,750000,750000,750000,2025-08-30,2025-08-30,2025-11-28,90,0.33386,FIXED,MONTHLY,270580.4,WORKING_CAPITAL,MANUFACTURING,EQUITY_AND_WAREHOUSE,False,ACTIVE,2026-08-21,43750.0,44950.52,35,DPD_31_60,False,,True,False,0,0,PTY-LENDER_B-00000099,ANON-LENDER_B-00000099,ORGANISATION,synthetic,WCDS-0.1
FAC-LENDER_B-00000100,LENDER_B,LENDER_B-100100,,TERM_LOAN,MERCHANT_90D,NGN,2000000,2000000,2000000,2025-12-05,2025-12-05,2026-03-05,90,0.253923,FIXED,MONTHLY,708407.44,WORKING_CAPITAL,AGRICULTURE,EQUITY_AND_WAREHOUSE,False,CLOSED,2026-08-21,0,0.0,0,CURRENT,False,,False,False,0,0,PTY-LENDER_B-00000100,ANON-LENDER_B-00000100,ORGANISATION,synthetic,WCDS-0.1
FAC-LENDER_B-00000101,LENDER_B,LENDER_B-100101,,TERM_LOAN,MERCHANT_90D,NGN,750000,750000,750000,2025-03-06,2025-03-06,2025-06-04,90,0.309204,FIXED,MONTHLY,269060.53,WORKING_CAPITAL,MANUFACTURING,EQUITY_AND_WAREHOUSE,True,ACTIVE,2026-08-21,43750.0,44861.86,35,DPD_31_60,False,,False,False,0,0,PTY-LENDER_B-00000101,ANON-LENDER_B-00000101,ORGANISATION,synthetic,WCDS-0.1
FAC-LENDER_B-00000102,LENDER_B,LENDER_B-100102,,TERM_LOAN,SME_WC_180D,NGN,1000000,1000000,1000000,2025-12-23,2025-12-23,2026-06-21,180,0.242431,FIXED,MONTHLY,186592.52,WORKING_CAPITAL,AGRICULTURE,EQUITY_AND_WAREHOUSE,False,ACTIVE,2026-08-21,108333.33,110491.97,65,DPD_61_90,False,,False,False,0,0,PTY-LENDER_B-00000102,ANON-LENDER_B-00000102,ORGANISATION,synthetic,WCDS-0.1
FAC-LENDER_B-00000103,LENDER_B,LENDER_B-100103,,TERM_LOAN,SME_WC_180D,NGN,1000000,1000000,1000000,2025-10-27,2025-10-27,2026-04-25,180,0.291485,FIXED,MONTHLY,190624.35,WORKING_CAPITAL,RETAIL,EQUITY_AND_WAREHOUSE,True,CLOSED,2026-08-21,0,0.0,0,CURRENT,False,,False,False,0,0,PTY-LENDER_B-00000103,ANON-LENDER_B-00000103,ORGANISATION,synthetic,WCDS-0.1
FAC-LENDER_B-00000104,LENDER_B,LENDER_B-100104,,TERM_LOAN,MERCHANT_90D,NGN,500000,500000,500000,2025-05-30,2025-05-30,2025-08-28,90,0.30157,FIXED,MONTHLY,179059.94,WORKING_CAPITAL,MANUFACTURING,EQUITY_AND_WAREHOUSE,True,CLOSED,2026-08-21,0,0.0,0,CURRENT,False,,False,False,0,0,PTY-LENDER_B-00000104,ANON-LENDER_B-00000104,ORGANISATION,synthetic,WCDS-0.1
FAC-LENDER_B-00000105,LENDER_B,LENDER_B-100105,,TERM_LOAN,INVOICE_120D,NGN,2000000,2000000,2000000,2025-08-20,2025-08-20,2025-12-18,120,0.215022,FIXED,MONTHLY,535346.08,WORKING_CAPITAL,MANUFACTURING,EQUITY_AND_WAREHOUSE,False,ACTIVE,2026-08-21,116666.67,118728.52,35,DPD_31_60,False,,False,False,0,0,PTY-LENDER_B-00000105,ANON-LENDER_B-00000105,ORGANISATION,synthetic,WCDS-0.1
FAC-LENDER_B-00000106,LENDER_B,LENDER_B-100106,,TERM_LOAN,INVOICE_120D,NGN,750000,750000,750000,2026-03-12,2026-03-12,2026-07-10,120,0.22654,FIXED,MONTHLY,201464.8,WORKING_CAPITAL,RETAIL,EQUITY_AND_WAREHOUSE,False,ACTIVE,2026-08-21,8750.0,8788.02,7,DPD_1_30,False,,False,False,0,0,PTY-LENDER_B-00000106,ANON-LENDER_B-00000106,ORGANISATION,synthetic,WCDS-0.1
FAC-LENDER_B-00000107,LENDER_B,LENDER_B-100107,,TERM_LOAN,SME_WC_180D,NGN,750000,750000,750000,2025-10-30,2025-10-30,2026-04-28,180,0.234778,FIXED,MONTHLY,139472.62,WORKING_CAPITAL,RETAIL,EQUITY_AND_WAREHOUSE,False,CLOSED,2026-08-21,0,0.0,0,CURRENT,False,,False,False,0,0,PTY-LENDER_B-00000107,ANON-LENDER_B-00000107,ORGANISATION,synthetic,WCDS-0.1
FAC-LENDER_B-00000108,LENDER_B,LENDER_B-100108,,TERM_LOAN,SME_WC_180D,NGN,3000000,3000000,3000000,2025-06-14,2025-06-14,2025-12-11,180,0.232754,FIXED,MONTHLY,557391.29,WORKING_CAPITAL,SERVICES,EQUITY_AND_WAREHOUSE,False,CLOSED,2026-08-21,0,0.0,0,CURRENT,False,,False,False,0,0,PTY-LENDER_B-00000108,ANON-LENDER_B-00000108,ORGANISATION,synthetic,WCDS-0.1
FAC-LENDER_B-00000109,LENDER_B,LENDER_B-100109,,TERM_LOAN,MERCHANT_90D,NGN,5000000,5000000,5000000,2025-02-06,2025-02-06,2025-05-07,90,0.30366,FIXED,MONTHLY,1791458.62,WORKING_CAPITAL,SERVICES,EQUITY_AND_WAREHOUSE,False,CLOSED,2026-08-21,0,0.0,0,CURRENT,False,,False,False,0,0,PTY-LENDER_B-00000109,ANON-LENDER_B-00000109,ORGANISATION,synthetic,WCDS-0.1
FAC-LENDER_B-00000110,LENDER_B,LENDER_B-100110,,TERM_LOAN,INVOICE_120D,NGN,5000000,5000000,5000000,2025-12-30,2025-12-30,2026-04-29,120,0.238463,FIXED,MONTHLY,1347998.38,WORKING_CAPITAL,MANUFACTURING,EQUITY_AND_WAREHOUSE,False,ACTIVE,2026-08-21,58333.33,58600.11,7,DPD_1_30,False,,False,False,0,0,PTY-LENDER_B-00000110,ANON-LENDER_B-00000110,ORGANISATION,synthetic,WCDS-0.1
FAC-LENDER_B-00000111,LENDER_B,LENDER_B-100111,,TERM_LOAN,MERCHANT_90D,NGN,3000000,3000000,3000000,2026-03-28,2026-03-28,2026-06-26,90,0.263519,FIXED,MONTHLY,1064977.36,WORKING_CAPITAL,MANUFACTURING,EQUITY_AND_WAREHOUSE,False,ACTIVE,2026-08-21,325000.0,332039.21,65,DPD_61_90,False,,True,False,0,0,PTY-LENDER_B-00000111,ANON-LENDER_B-00000111,ORGANISATION,synthetic,WCDS-0.1
FAC-LENDER_B-00000112,LENDER_B,LENDER_B-100112,,TERM_LOAN,MERCHANT_90D,NGN,2000000,2000000,2000000,2025-01-24,2025-01-24,2025-04-24,90,0.274935,FIXED,MONTHLY,711861.42,WORKING_CAPITAL,SERVICES,EQUITY_AND_WAREHOUSE,True,DEFAULTED,2026-08-21,300000.0,306779.21,130,DPD_90_PLUS,True,2026-07-12,False,False,0,0,PTY-LENDER_B-00000112,ANON-LENDER_B-00000112,ORGANISATION,synthetic,WCDS-0.1
FAC-LENDER_B-00000113,LENDER_B,LENDER_B-100113,,TERM_LOAN,INVOICE_120D,NGN,1000000,1000000,1000000,2025-06-03,2025-06-03,2025-10-01,120,0.21378,FIXED,MONTHLY,267570.97,WORKING_CAPITAL,SERVICES,EQUITY_AND_WAREHOUSE,False,CLOSED,2026-08-21,0,0.0,0,CURRENT,False,,False,False,0,0,PTY-LENDER_B-00000113,ANON-LENDER_B-00000113,ORGANISATION,synthetic,WCDS-0.1
FAC-LENDER_B-00000114,LENDER_B,LENDER_B-100114,,TERM_LOAN,INVOICE_120D,NGN,1000000,1000000,1000000,2026-03-20,2026-03-20,2026-07-18,120,0.207377,FIXED,MONTHLY,267044.69,WORKING_CAPITAL,RETAIL,EQUITY_AND_WAREHOUSE,True,CLOSED,2026-08-21,0,0.0,0,CURRENT,False,,False,False,0,0,PTY-LENDER_B-00000114,ANON-LENDER_B-00000114,ORGANISATION,synthetic,WCDS-0.1
FAC-LENDER_B-00000115,LENDER_B,LENDER_B-100115,,TERM_LOAN,MERCHANT_90D,NGN,1000000,1000000,1000000,2025-02-17,2025-02-17,2025-05-18,90,0.247707,FIXED,MONTHLY,353692.77,WORKING_CAPITAL,SERVICES,EQUITY_AND_WAREHOUSE,False,CLOSED,2026-08-21,0,0.0,0,CURRENT,False,,False,False,0,0,PTY-LENDER_B-00000115,ANON-LENDER_B-00000115,ORGANISATION,synthetic,WCDS-0.1
FAC-LENDER_B-00000116,LENDER_B,LENDER_B-100116,,TERM_LOAN,INVOICE_120D,NGN,500000,500000,500000,2026-06-11,2026-06-11,2026-10-09,120,0.233734,FIXED,MONTHLY,134605.49,WORKING_CAPITAL,AGRICULTURE,EQUITY_AND_WAREHOUSE,True,ACTIVE,2026-08-21,233333.33,237815.9,35,DPD_31_60,False,,True,False,0,0,PTY-LENDER_B-00000116,ANON-LENDER_B-00000116,ORGANISATION,synthetic,WCDS-0.1
FAC-LENDER_B-00000117,LENDER_B,LENDER_B-100117,,TERM_LOAN,SME_WC_180D,NGN,7500000,7500000,7500000,2025-11-20,2025-11-20,2026-05-19,180,0.27033,FIXED,MONTHLY,1416641.5,WORKING_CAPITAL,MANUFACTURING,EQUITY_AND_WAREHOUSE,False,ACTIVE,2026-08-21,812500.0,830552.83,65,DPD_61_90,False,,False,False,0,0,PTY-LENDER_B-00000117,ANON-LENDER_B-00000117,ORGANISATION,synthetic,WCDS-0.1
FAC-LENDER_B-00000118,LENDER_B,LENDER_B-100118,,TERM_LOAN,MERCHANT_90D,NGN,10000000,10000000,10000000,2026-04-05,2026-04-05,2026-07-04,90,0.310935,FIXED,MONTHLY,3588896.58,WORKING_CAPITAL,SERVICES,EQUITY_AND_WAREHOUSE,False,ACTIVE,2026-08-21,116666.67,117362.37,7,DPD_1_30,False,,False,False,0,0,PTY-LENDER_B-00000118,ANON-LENDER_B-00000118,ORGANISATION,synthetic,WCDS-0.1
FAC-LENDER_B-00000119,LENDER_B,LENDER_B-100119,,TERM_LOAN,INVOICE_120D,NGN,10000000,10000000,10000000,2025-04-19,2025-04-19,2025-08-17,120,0.239229,FIXED,MONTHLY,2696626.65,WORKING_CAPITAL,MANUFACTURING,EQUITY_AND_WAREHOUSE,False,CLOSED,2026-08-21,0,0.0,0,CURRENT,False,,False,False,0,0,PTY-LENDER_B-00000119,ANON-LENDER_B-00000119,ORGANISATION,synthetic,WCDS-0.1
FAC-LENDER_B-00000120,LENDER_B,LENDER_B-100120,,TERM_LOAN,MERCHANT_90D,NGN,3000000,3000000,3000000,2025-11-08,2025-11-08,2026-02-06,90,0.30527,FIXED,MONTHLY,1075272.05,WORKING_CAPITAL,HOSPITALITY,EQUITY_AND_WAREHOUSE,False,CLOSED,2026-08-21,0,0.0,0,CURRENT,False,,False,False,0,0,PTY-LENDER_B-00000120,ANON-LENDER_B-00000120,ORGANISATION,synthetic,WCDS-0.1
FAC-LENDER_B-00000121,LENDER_B,LENDER_B-100121,,TERM_LOAN,MERCHANT_90D,NGN,1500000,1500000,1500000,2026-04-24,2026-04-24,2026-07-23,90,0.247781,FIXED,MONTHLY,530548.32,WORKING_CAPITAL,AGRICULTURE,EQUITY_AND_WAREHOUSE,True,CLOSED,2026-08-21,0,0.0,0,CURRENT,False,,False,False,0,0,PTY-LENDER_B-00000121,ANON-LENDER_B-00000121,ORGANISATION,synthetic,WCDS-0.1
FAC-LENDER_B-00000122,LENDER_B,LENDER_B-100122,,TERM_LOAN,INVOICE_120D,NGN,1500000,1500000,1500000,2025-12-08,2025-12-08,2026-04-07,120,0.230912,FIXED,MONTHLY,403468.6,WORKING_CAPITAL,HOSPITALITY,EQUITY_AND_WAREHOUSE,False,CLOSED,2026-08-21,0,0.0,0,CURRENT,False,,False,False,0,0,PTY-LENDER_B-00000122,ANON-LENDER_B-00000122,ORGANISATION,synthetic,WCDS-0.1
FAC-LENDER_B-00000123,LENDER_B,LENDER_B-100123,,TERM_LOAN,SME_WC_180D,NGN,500000,500000,500000,2025-09-29,2025-09-29,2026-03-28,180,0.27648,FIXED,MONTHLY,94695.51,WORKING_CAPITAL,RETAIL,EQUITY_AND_WAREHOUSE,True,CLOSED,2026-08-21,0,0.0,0,CURRENT,False,,False,False,0,0,PTY-LENDER_B-00000123,ANON-LENDER_B-00000123,ORGANISATION,synthetic,WCDS-0.1
FAC-LENDER_B-00000124,LENDER_B,LENDER_B-100124,,TERM_LOAN,MERCHANT_90D,NGN,3000000,3000000,3000000,2026-04-01,2026-04-01,2026-06-30,90,0.275665,FIXED,MONTHLY,1067972.17,WORKING_CAPITAL,SERVICES,EQUITY_AND_WAREHOUSE,False,ACTIVE,2026-08-21,35000.0,35185.04,7,DPD_1_30,False,,False,False,0,0,PTY-LENDER_B-00000124,ANON-LENDER_B-00000124,ORGANISATION,synthetic,WCDS-0.1
FAC-LENDER_B-00000125,LENDER_B,LENDER_B-100125,,TERM_LOAN,MERCHANT_90D,NGN,10000000,10000000,10000000,2025-07-16,2025-07-16,2025-10-14,90,0.249738,FIXED,MONTHLY,3538597.43,WORKING_CAPITAL,LOGISTICS,EQUITY_AND_WAREHOUSE,True,CLOSED,2026-08-21,0,0.0,0,CURRENT,False,,False,False,0,0,PTY-LENDER_B-00000125,ANON-LENDER_B-00000125,ORGANISATION,synthetic,WCDS-0.1
FAC-LENDER_B-00000126,LENDER_B,LENDER_B-100126,,TERM_LOAN,INVOICE_120D,NGN,7500000,7500000,7500000,2026-05-08,2026-05-08,2026-09-05,120,0.216122,FIXED,MONTHLY,2008226.08,WORKING_CAPITAL,RETAIL,EQUITY_AND_WAREHOUSE,False,DEFAULTED,2026-08-21,2062500.0,2099137.17,95,DPD_90_PLUS,True,2026-08-16,False,False,0,0,PTY-LENDER_B-00000126,ANON-LENDER_B-00000126,ORGANISATION,synthetic,WCDS-0.1
FAC-LENDER_B-00000127,LENDER_B,LENDER_B-100127,,TERM_LOAN,INVOICE_120D,NGN,1000000,1000000,1000000,2025-02-22,2025-02-22,2025-06-22,120,0.214086,FIXED,MONTHLY,267596.13,WORKING_CAPITAL,MANUFACTURING,EQUITY_AND_WAREHOUSE,False,DEFAULTED,2026-08-21,150000.0,152639.42,95,DPD_90_PLUS,True,2026-08-16,False,False,0,0,PTY-LENDER_B-00000127,ANON-LENDER_B-00000127,ORGANISATION,synthetic,WCDS-0.1
FAC-LENDER_B-00000128,LENDER_B,LENDER_B-100128,,TERM_LOAN,SME_WC_180D,NGN,500000,500000,500000,2025-07-11,2025-07-11,2026-01-07,180,0.253902,FIXED,MONTHLY,93767.67,WORKING_CAPITAL,HOSPITALITY,EQUITY_AND_WAREHOUSE,False,CLOSED,2026-08-21,0,0.0,0,CURRENT,False,,False,False,0,0,PTY-LENDER_B-00000128,ANON-LENDER_B-00000128,ORGANISATION,synthetic,WCDS-0.1
FAC-LENDER_B-00000129,LENDER_B,LENDER_B-100129,,TERM_LOAN,INVOICE_120D,NGN,7500000,7500000,7500000,2026-03-18,2026-03-18,2026-07-16,120,0.295802,FIXED,MONTHLY,2057343.43,WORKING_CAPITAL,RETAIL,EQUITY_AND_WAREHOUSE,False,ACTIVE,2026-08-21,87500.0,87996.38,7,DPD_1_30,False,,False,False,0,0,PTY-LENDER_B-00000129,ANON-LENDER_B-00000129,ORGANISATION,synthetic,WCDS-0.1
FAC-LENDER_B-00000130,LENDER_B,LENDER_B-100130,,TERM_LOAN,MERCHANT_90D,NGN,7500000,7500000,7500000,2026-02-19,2026-02-19,2026-05-20,90,0.270954,FIXED,MONTHLY,2667026.58,WORKING_CAPITAL,RETAIL,EQUITY_AND_WAREHOUSE,False,DEFAULTED,2026-08-21,1125000.0,1150053.99,95,DPD_90_PLUS,True,2026-08-16,False,False,0,0,PTY-LENDER_B-00000130,ANON-LENDER_B-00000130,ORGANISATION,synthetic,WCDS-0.1
FAC-LENDER_B-00000131,LENDER_B,LENDER_B-100131,,TERM_LOAN,MERCHANT_90D,NGN,7500000,7500000,7500000,2025-11-22,2025-11-22,2026-02-20,90,0.268012,FIXED,MONTHLY,2665212.71,WORKING_CAPITAL,AGRICULTURE,EQUITY_AND_WAREHOUSE,False,ACTIVE,2026-08-21,87500.0,87949.75,7,DPD_1_30,False,,False,False,0,0,PTY-LENDER_B-00000131,ANON-LENDER_B-00000131,ORGANISATION,synthetic,WCDS-0.1
FAC-LENDER_B-00000132,LENDER_B,LENDER_B-100132,,TERM_LOAN,INVOICE_120D,NGN,7500000,7500000,7500000,2025-10-22,2025-10-22,2026-02-19,120,0.293983,FIXED,MONTHLY,2056222.36,WORKING_CAPITAL,RETAIL,EQUITY_AND_WAREHOUSE,True,CLOSED,2026-08-21,0,0.0,0,CURRENT,False,,False,False,0,0,PTY-LENDER_B-00000132,ANON-LENDER_B-00000132,ORGANISATION,synthetic,WCDS-0.1
FAC-LENDER_B-00000133,LENDER_B,LENDER_B-100133,,TERM_LOAN,SME_WC_180D,NGN,10000000,10000000,10000000,2025-07-25,2025-07-25,2026-01-21,180,0.311714,FIXED,MONTHLY,1922869.96,WORKING_CAPITAL,MANUFACTURING,EQUITY_AND_WAREHOUSE,False,CLOSED,2026-08-21,0,0.0,0,CURRENT,False,,False,False,0,0,PTY-LENDER_B-00000133,ANON-LENDER_B-00000133,ORGANISATION,synthetic,WCDS-0.1
FAC-LENDER_B-00000134,LENDER_B,LENDER_B-100134,,TERM_LOAN,INVOICE_120D,NGN,500000,500000,500000,2026-06-14,2026-06-14,2026-10-12,120,0.287741,FIXED,MONTHLY,136824.97,WORKING_CAPITAL,MANUFACTURING,EQUITY_AND_WAREHOUSE,False,ACTIVE,2026-08-21,222500.0,223727.83,7,DPD_1_30,False,,False,False,0,0,PTY-LENDER_B-00000134,ANON-LENDER_B-00000134,ORGANISATION,synthetic,WCDS-0.1
FAC-LENDER_B-00000135,LENDER_B,LENDER_B-100135,,TERM_LOAN,MERCHANT_90D,NGN,2000000,2000000,2000000,2025-06-29,2025-06-29,2025-09-27,90,0.264482,FIXED,MONTHLY,710143.11,WORKING_CAPITAL,SERVICES,EQUITY_AND_WAREHOUSE,True,ACTIVE,2026-08-21,116666.67,119202.79,35,DPD_31_60,False,,False,False,0,0,PTY-LENDER_B-00000135,ANON-LENDER_B-00000135,ORGANISATION,synthetic,WCDS-0.1
FAC-LENDER_B-00000136,LENDER_B,LENDER_B-100136,,TERM_LOAN,SME_WC_180D,NGN,10000000,10000000,10000000,2026-02-08,2026-02-08,2026-08-07,180,0.286915,FIXED,MONTHLY,1902487.26,WORKING_CAPITAL,SERVICES,EQUITY_AND_WAREHOUSE,True,ACTIVE,2026-08-21,116666.67,117308.62,7,DPD_1_30,False,,False,False,0,0,PTY-LENDER_B-00000136,ANON-LENDER_B-00000136,ORGANISATION,synthetic,WCDS-0.1
FAC-LENDER_B-00000137,LENDER_B,LENDER_B-100137,,TERM_LOAN,MERCHANT_90D,NGN,5000000,5000000,5000000,2025-08-26,2025-08-26,2025-11-24,90,0.331746,FIXED,MONTHLY,1803000.65,WORKING_CAPITAL,AGRICULTURE,EQUITY_AND_WAREHOUSE,True,DEFAULTED,2026-08-21,750000.0,770450.1,180,DPD_90_PLUS,True,2026-05-23,False,False,0,0,PTY-LENDER_B-00000137,ANON-LENDER_B-00000137,ORGANISATION,synthetic,WCDS-0.1
FAC-LENDER_B-00000138,LENDER_B,LENDER_B-100138,,TERM_LOAN,MERCHANT_90D,NGN,7500000,7500000,7500000,2025-09-18,2025-09-18,2025-12-17,90,0.287622,FIXED,MONTHLY,2677301.2,WORKING_CAPITAL,LOGISTICS,EQUITY_AND_WAREHOUSE,False,CLOSED,2026-08-21,0,0.0,0,CURRENT,False,,False,False,0,0,PTY-LENDER_B-00000138,ANON-LENDER_B-00000138,ORGANISATION,synthetic,WCDS-0.1
FAC-LENDER_B-00000139,LENDER_B,LENDER_B-100139,,TERM_LOAN,SME_WC_180D,NGN,5000000,5000000,5000000,2026-01-07,2026-01-07,2026-07-06,180,0.297421,FIXED,MONTHLY,955560.96,WORKING_CAPITAL,SERVICES,EQUITY_AND_WAREHOUSE,True,ACTIVE,2026-08-21,291666.67,298796.61,35,DPD_31_60,False,,False,False,0,0,PTY-LENDER_B-00000139,ANON-LENDER_B-00000139,ORGANISATION,synthetic,WCDS-0.1
FAC-LENDER_B-00000140,LENDER_B,LENDER_B-100140,,TERM_LOAN,MERCHANT_90D,NGN,1000000,1000000,1000000,2026-05-20,2026-05-20,2026-08-18,90,0.308367,FIXED,MONTHLY,358678.58,WORKING_CAPITAL,RETAIL,EQUITY_AND_WAREHOUSE,True,CLOSED,2026-08-21,0,0.0,0,CURRENT,False,,False,False,0,0,PTY-LENDER_B-00000140,ANON-LENDER_B-00000140,ORGANISATION,synthetic,WCDS-0.1
FAC-LENDER_B-00000141,LENDER_B,LENDER_B-100141,,TERM_LOAN,INVOICE_120D,NGN,2000000,2000000,2000000,2026-05-09,2026-05-09,2026-09-06,120,0.252478,FIXED,MONTHLY,541503.2,WORKING_CAPITAL,LOGISTICS,EQUITY_AND_WAREHOUSE,False,ACTIVE,2026-08-21,483333.33,493363.27,65,DPD_61_90,False,,False,False,0,0,PTY-LENDER_B-00000141,ANON-LENDER_B-00000141,ORGANISATION,synthetic,WCDS-0.1
FAC-LENDER_B-00000142,LENDER_B,LENDER_B-100142,,TERM_LOAN,SME_WC_180D,NGN,7500000,7500000,7500000,2026-02-28,2026-02-28,2026-08-27,180,0.24969,FIXED,MONTHLY,1403918.8,WORKING_CAPITAL,SERVICES,EQUITY_AND_WAREHOUSE,False,DEFAULTED,2026-08-21,1375000.0,1403218.45,130,DPD_90_PLUS,True,2026-07-12,False,False,0,0,PTY-LENDER_B-00000142,ANON-LENDER_B-00000142,ORGANISATION,synthetic,WCDS-0.1
FAC-LENDER_B-00000143,LENDER_B,LENDER_B-100143,,TERM_LOAN,INVOICE_120D,NGN,1500000,1500000,1500000,2024-12-27,2024-12-27,2025-04-26,120,26.0,FIXED,MONTHLY,406572.84,WORKING_CAPITAL,RETAIL,EQUITY_AND_WAREHOUSE,False,CLOSED,2026-08-21,0,0.0,0,CURRENT,False,,False,False,0,0,PTY-LENDER_B-00000143,ANON-LENDER_B-00000143,ORGANISATION,synthetic,WCDS-0.1
FAC-LENDER_B-00000144,LENDER_B,LENDER_B-100144,,TERM_LOAN,INVOICE_120D,NGN,3000000,3000000,3000000,2025-04-29,2025-04-29,2025-08-27,120,0.293897,FIXED,MONTHLY,822467.73,WORKING_CAPITAL,RETAIL,EQUITY_AND_WAREHOUSE,True,DEFAULTED,2026-08-21,450000.0,460870.16,95,DPD_90_PLUS,True,2026-08-16,False,False,0,0,PTY-LENDER_B-00000144,ANON-LENDER_B-00000144,ORGANISATION,synthetic,WCDS-0.1
FAC-LENDER_B-00000145,LENDER_B,LENDER_B-100145,,TERM_LOAN,SME_WC_180D,NGN,10000000,10000000,10000000,2025-05-07,2025-05-07,2025-11-03,180,0.299202,FIXED,MONTHLY,1912585.86,WORKING_CAPITAL,HOSPITALITY,EQUITY_AND_WAREHOUSE,True,DEFAULTED,2026-08-21,1500000.0,1536887.88,95,DPD_90_PLUS,True,2026-08-16,False,False,0,0,PTY-LENDER_B-00000145,ANON-LENDER_B-00000145,ORGANISATION,synthetic,WCDS-0.1
FAC-LENDER_B-00000146,LENDER_B,LENDER_B-100146,,TERM_LOAN,MERCHANT_90D,NGN,1500000,1500000,1500000,2025-06-07,2025-06-07,2025-09-05,90,0.303429,FIXED,MONTHLY,537409.09,WORKING_CAPITAL,HOSPITALITY,EQUITY_AND_WAREHOUSE,False,CLOSED,2026-08-21,0,0.0,0,CURRENT,False,,False,False,0,0,PTY-LENDER_B-00000146,ANON-LENDER_B-00000146,ORGANISATION,synthetic,WCDS-0.1
FAC-LENDER_B-00000147,LENDER_B,LENDER_B-100147,,TERM_LOAN,MERCHANT_90D,NGN,1500000,1500000,1500000,2026-07-28,2026-07-28,2026-10-26,90,0.317438,FIXED,MONTHLY,539136.25,WORKING_CAPITAL,HOSPITALITY,EQUITY_AND_WAREHOUSE,False,ACTIVE,2026-08-21,1100000.0,1100000.0,0,CURRENT,False,,False,False,0,0,PTY-LENDER_B-00000147,ANON-LENDER_B-00000147,ORGANISATION,synthetic,WCDS-0.1
FAC-LENDER_B-00000148,LENDER_B,LENDER_B-100148,,TERM_LOAN,MERCHANT_90D,NGN,7500000,7500000,7500000,2025-06-14,2025-06-14,2025-09-12,90,0.276379,FIXED,MONTHLY,2670370.89,WORKING_CAPITAL,HOSPITALITY,EQUITY_AND_WAREHOUSE,False,CLOSED,2026-08-21,0,0.0,0,CURRENT,False,,False,False,0,0,PTY-LENDER_B-00000148,ANON-LENDER_B-00000148,ORGANISATION,synthetic,WCDS-0.1
FAC-LENDER_B-00000149,LENDER_B,LENDER_B-100149,,TERM_LOAN,SME_WC_180D,NGN,750000,750000,750000,2025-07-25,2025-07-25,2026-01-21,180,0.274247,FIXED,MONTHLY,141905.62,WORKING_CAPITAL,LOGISTICS,EQUITY_AND_WAREHOUSE,False,CLOSED,2026-08-21,0,0.0,0,CURRENT,False,,False,False,0,0,PTY-LENDER_B-00000149,ANON-LENDER_B-00000149,ORGANISATION,synthetic,WCDS-0.1
FAC-LENDER_B-00000150,LENDER_B,LENDER_B-100150,,TERM_LOAN,INVOICE_120D,NGN,5000000,5000000,5000000,2026-05-02,2026-05-02,2026-08-30,120,0.238156,FIXED,MONTHLY,1347872.47,WORKING_CAPITAL,HOSPITALITY,EQUITY_AND_WAREHOUSE,True,DEFAULTED,2026-08-21,1125000.0,1147021.3,180,DPD_90_PLUS,True,2026-05-23,True,False,0,0,PTY-LENDER_B-00000150,ANON-LENDER_B-00000150,ORGANISATION,synthetic,WCDS-0.1
FAC-LENDER_B-00000151,LENDER_B,LENDER_B-100151,,TERM_LOAN,SME_WC_180D,NGN,15000000,15000000,15000000,2025-05-14,2025-05-14,2025-11-10,180,0.281626,FIXED,MONTHLY,2847210.18,WORKING_CAPITAL,MANUFACTURING,EQUITY_AND_WAREHOUSE,True,CLOSED,2026-08-21,0,0.0,0,CURRENT,False,,False,False,0,0,PTY-LENDER_B-00000151,ANON-LENDER_B-00000151,ORGANISATION,synthetic,WCDS-0.1
FAC-LENDER_B-00000152,LENDER_B,LENDER_B-100152,,TERM_LOAN,MERCHANT_90D,NGN,1500000,1500000,1500000,2026-04-16,2026-04-16,2026-07-15,90,0.320587,FIXED,MONTHLY,539524.43,WORKING_CAPITAL,SERVICES,EQUITY_AND_WAREHOUSE,False,CLOSED,2026-08-21,0,0.0,0,CURRENT,False,,False,False,0,0,PTY-LENDER_B-00000152,ANON-LENDER_B-00000152,ORGANISATION,synthetic,WCDS-0.1
FAC-LENDER_B-00000153,LENDER_B,LENDER_B-100153,,TERM_LOAN,SME_WC_180D,NGN,5000000,5000000,5000000,2025-07-02,2025-07-02,2025-12-29,180,0.232444,FIXED,MONTHLY,928858.29,WORKING_CAPITAL,HOSPITALITY,EQUITY_AND_WAREHOUSE,False,CLOSED,2026-08-21,0,0.0,0,CURRENT,False,,False,False,0,0,PTY-LENDER_B-00000153,ANON-LENDER_B-00000153,ORGANISATION,synthetic,WCDS-0.1
FAC-LENDER_B-00000154,LENDER_B,LENDER_B-100154,,TERM_LOAN,INVOICE_120D,NGN,2000000,2000000,2000000,2025-06-13,2025-06-13,2025-10-11,120,0.22836,FIXED,MONTHLY,537538.7,WORKING_CAPITAL,AGRICULTURE,EQUITY_AND_WAREHOUSE,False,CLOSED,2026-08-21,0,0.0,0,CURRENT,False,,False,False,0,0,PTY-LENDER_B-00000154,ANON-LENDER_B-00000154,ORGANISATION,synthetic,WCDS-0.1
FAC-LENDER_B-00000155,LENDER_B,LENDER_B-100155,,TERM_LOAN,MERCHANT_90D,NGN,1000000,1000000,1000000,2025-02-26,2025-02-26,2025-05-27,90,0.240416,FIXED,MONTHLY,353093.53,WORKING_CAPITAL,AGRICULTURE,EQUITY_AND_WAREHOUSE,False,ACTIVE,2026-08-21,25000.0,25247.0,15,DPD_1_30,False,,False,False,0,0,PTY-LENDER_B-00000155,ANON-LENDER_B-00000155,ORGANISATION,synthetic,WCDS-0.1
FAC-LENDER_B-00000156,LENDER_B,LENDER_B-100156,,TERM_LOAN,SME_WC_180D,NGN,1500000,1500000,1500000,2026-01-26,2026-01-26,2026-07-25,180,0.253509,FIXED,MONTHLY,281254.53,WORKING_CAPITAL,MANUFACTURING,EQUITY_AND_WAREHOUSE,False,CLOSED,2026-08-21,0,0.0,0,CURRENT,False,,False,False,0,0,PTY-LENDER_B-00000156,ANON-LENDER_B-00000156,ORGANISATION,synthetic,WCDS-0.1
FAC-LENDER_B-00000157,LENDER_B,LENDER_B-100157,,TERM_LOAN,SME_WC_180D,NGN,1000000,1000000,1000000,2026-02-15,2026-02-15,2026-08-14,180,0.225158,FIXED,MONTHLY,185172.81,WORKING_CAPITAL,HOSPITALITY,EQUITY_AND_WAREHOUSE,True,CLOSED,2026-08-21,0,0.0,0,CURRENT,False,,False,False,0,0,PTY-LENDER_B-00000157,ANON-LENDER_B-00000157,ORGANISATION,synthetic,WCDS-0.1
FAC-LENDER_B-00000158,LENDER_B,LENDER_B-100158,,TERM_LOAN,INVOICE_120D,NGN,1000000,1000000,1000000,2024-12-29,2024-12-29,2025-04-28,120,0.223097,FIXED,MONTHLY,268336.74,WORKING_CAPITAL,MANUFACTURING,EQUITY_AND_WAREHOUSE,True,ACTIVE,2026-08-21,25000.0,25229.21,15,DPD_1_30,False,,False,False,0,0,PTY-LENDER_B-00000158,ANON-LENDER_B-00000158,ORGANISATION,synthetic,WCDS-0.1
FAC-LENDER_B-00000159,LENDER_B,LENDER_B-100159,,TERM_LOAN,INVOICE_120D,NGN,1000000,1000000,1000000,2026-05-08,2026-05-08,2026-09-05,120,0.226023,FIXED,MONTHLY,268577.23,WORKING_CAPITAL,AGRICULTURE,EQUITY_AND_WAREHOUSE,True,ACTIVE,2026-08-21,125000.0,125000.0,0,CURRENT,False,,False,False,0,0,PTY-LENDER_B-00000159,ANON-LENDER_B-00000159,ORGANISATION,synthetic,WCDS-0.1
FAC-LENDER_B-00000160,LENDER_B,LENDER_B-100160,,TERM_LOAN,INVOICE_120D,NGN,10000000,10000000,10000000,2026-07-17,2026-07-17,2026-11-14,120,0.215305,FIXED,MONTHLY,2676962.9,WORKING_CAPITAL,RETAIL,EQUITY_AND_WAREHOUSE,False,ACTIVE,2026-08-21,7200000.0,7229729.77,7,DPD_1_30,False,,False,False,0,0,PTY-LENDER_B-00000160,ANON-LENDER_B-00000160,ORGANISATION,synthetic,WCDS-0.1
FAC-LENDER_B-00000161,LENDER_B,LENDER_B-100161,,TERM_LOAN,SME_WC_180D,NGN,1000000,1000000,1000000,2025-12-27,2025-12-27,2026-06-25,180,0.265371,FIXED,MONTHLY,188477.95,WORKING_CAPITAL,LOGISTICS,EQUITY_AND_WAREHOUSE,False,CLOSED,2026-08-21,0,0.0,0,CURRENT,False,,False,False,0,0,PTY-LENDER_B-00000161,ANON-LENDER_B-00000161,ORGANISATION,synthetic,WCDS-0.1
FAC-LENDER_B-00000162,LENDER_B,LENDER_B-100162,,TERM_LOAN,SME_WC_180D,NGN,2000000,2000000,2000000,2026-05-19,2026-05-19,2026-11-15,180,0.244525,FIXED,MONTHLY,373529.3,WORKING_CAPITAL,HOSPITALITY,EQUITY_AND_WAREHOUSE,True,DEFAULTED,2026-08-21,1255555.56,1280789.69,95,DPD_90_PLUS,True,2026-08-16,False,False,0,0,PTY-LENDER_B-00000162,ANON-LENDER_B-00000162,ORGANISATION,synthetic,WCDS-0.1
FAC-LENDER_B-00000163,LENDER_B,LENDER_B-100163,,TERM_LOAN,SME_WC_180D,NGN,15000000,15000000,15000000,2025-10-26,2025-10-26,2026-04-24,180,0.277935,FIXED,MONTHLY,2842660.15,WORKING_CAPITAL,RETAIL,EQUITY_AND_WAREHOUSE,True,CLOSED,2026-08-21,0,0.0,0,CURRENT,False,,False,False,0,0,PTY-LENDER_B-00000163,ANON-LENDER_B-00000163,ORGANISATION,synthetic,WCDS-0.1
FAC-LENDER_B-00000164,LENDER_B,LENDER_B-100164,,TERM_LOAN,MERCHANT_90D,NGN,5000000,5000000,5000000,2026-07-20,2026-07-20,2026-10-18,90,0.258063,FIXED,MONTHLY,1772719.86,WORKING_CAPITAL,RETAIL,EQUITY_AND_WAREHOUSE,False,ACTIVE,2026-08-21,3222222.22,3222222.22,0,CURRENT,False,,False,False,0,0,PTY-LENDER_B-00000164,ANON-LENDER_B-00000164,ORGANISATION,synthetic,WCDS-0.1
FAC-LENDER_B-00000165,LENDER_B,LENDER_B-100165,,TERM_LOAN,SME_WC_180D,NGN,5000000,5000000,5000000,2025-05-07,2025-05-07,2025-11-03,180,0.282568,FIXED,MONTHLY,949457.28,WORKING_CAPITAL,AGRICULTURE,EQUITY_AND_WAREHOUSE,False,ACTIVE,2026-08-21,125000.0,126451.55,15,DPD_1_30,False,,False,False,0,0,PTY-LENDER_B-00000165,ANON-LENDER_B-00000165,ORGANISATION,synthetic,WCDS-0.1
FAC-LENDER_B-00000166,LENDER_B,LENDER_B-100166,,TERM_LOAN,INVOICE_120D,NGN,15000000,15000000,15000000,2025-08-25,2025-08-25,2025-12-23,120,0.217868,FIXED,MONTHLY,4018604.02,WORKING_CAPITAL,RETAIL,EQUITY_AND_WAREHOUSE,True,DEFAULTED,2026-08-21,2250000.0,2290290.6,180,DPD_90_PLUS,True,2026-05-23,False,False,0,0,PTY-LENDER_B-00000166,ANON-LENDER_B-00000166,ORGANISATION,synthetic,WCDS-0.1
FAC-LENDER_B-00000167,LENDER_B,LENDER_B-100167,,TERM_LOAN,MERCHANT_90D,NGN,1500000,1500000,1500000,2026-07-19,2026-07-19,2026-10-17,90,0.294648,FIXED,MONTHLY,536326.5,WORKING_CAPITAL,MANUFACTURING,EQUITY_AND_WAREHOUSE,True,ACTIVE,2026-08-21,950000.0,950000.0,0,CURRENT,False,,False,False,0,0,PTY-LENDER_B-00000167,ANON-LENDER_B-00000167,ORGANISATION,synthetic,WCDS-0.1
FAC-LENDER_B-00000168,LENDER_B,LENDER_B-100168,,TERM_LOAN,MERCHANT_90D,NGN,500000,500000,500000,2026-05-18,2026-05-18,2026-08-16,90,0.316096,FIXED,MONTHLY,179656.92,WORKING_CAPITAL,AGRICULTURE,EQUITY_AND_WAREHOUSE,True,ACTIVE,2026-08-21,5833.33,5868.7,7,DPD_1_30,False,,False,False,0,0,PTY-LENDER_B-00000168,ANON-LENDER_B-00000168,ORGANISATION,synthetic,WCDS-0.1
FAC-LENDER_B-00000169,LENDER_B,LENDER_B-100169,,TERM_LOAN,MERCHANT_90D,NGN,3000000,3000000,3000000,2025-10-14,2025-10-14,2026-01-12,90,0.333985,FIXED,MONTHLY,1082352.42,WORKING_CAPITAL,HOSPITALITY,EQUITY_AND_WAREHOUSE,False,CLOSED,2026-08-21,0,0.0,0,CURRENT,False,,False,False,0,0,PTY-LENDER_B-00000169,ANON-LENDER_B-00000169,ORGANISATION,synthetic,WCDS-0.1
FAC-LENDER_B-00000170,LENDER_B,LENDER_B-100170,,TERM_LOAN,MERCHANT_90D,NGN,2000000,2000000,2000000,2025-10-28,2025-10-28,2026-01-26,90,0.320901,FIXED,MONTHLY,719417.54,WORKING_CAPITAL,LOGISTICS,EQUITY_AND_WAREHOUSE,True,WRITTEN_OFF,2026-08-21,17627.37,18092.3,130,DPD_90_PLUS,True,2026-07-12,False,True,300000.0,12423.98,PTY-LENDER_B-00000170,ANON-LENDER_B-00000170,ORGANISATION,synthetic,WCDS-0.1
FAC-LENDER_B-00000171,LENDER_B,LENDER_B-100171,,TERM_LOAN,SME_WC_180D,NGN,5000000,5000000,5000000,2025-09-19,2025-09-19,2026-03-18,180,0.292206,FIXED,MONTHLY,953418.01,WORKING_CAPITAL,MANUFACTURING,EQUITY_AND_WAREHOUSE,False,CLOSED,2026-08-21,0,0.0,0,CURRENT,False,,False,False,0,0,PTY-LENDER_B-00000171,ANON-LENDER_B-00000171,ORGANISATION,synthetic,WCDS-0.1
FAC-LENDER_B-00000172,LENDER_B,LENDER_B-100172,,TERM_LOAN,SME_WC_180D,NGN,750000,750000,750000,2026-07-08,2026-07-08,2027-01-04,180,0.262931,FIXED,MONTHLY,141208.09,WORKING_CAPITAL,SERVICES,EQUITY_AND_WAREHOUSE,True,DEFAULTED,2026-08-21,679166.67,693844.0,95,DPD_90_PLUS,True,2026-08-16,False,False,0,0,PTY-LENDER_B-00000172,ANON-LENDER_B-00000172,ORGANISATION,synthetic,WCDS-0.1
FAC-LENDER_B-00000173,LENDER_B,LENDER_B-100173,,TERM_LOAN,INVOICE_120D,NGN,3000000,3000000,3000000,2026-02-08,2026-02-08,2026-06-08,120,0.287725,FIXED,MONTHLY,820945.94,WORKING_CAPITAL,SERVICES,EQUITY_AND_WAREHOUSE,True,ACTIVE,2026-08-21,75000.0,75886.82,15,DPD_1_30,False,,False,False,0,0,PTY-LENDER_B-00000173,ANON-LENDER_B-00000173,ORGANISATION,synthetic,WCDS-0.1
FAC-LENDER_B-00000174,LENDER_B,LENDER_B-100174,,TERM_LOAN,MERCHANT_90D,NGN,3000000,3000000,3000000,2025-09-24,2025-09-24,2025-12-23,90,0.282939,FIXED,MONTHLY,1069765.7,WORKING_CAPITAL,AGRICULTURE,EQUITY_AND_WAREHOUSE,True,CLOSED,2026-08-21,0,0.0,0,CURRENT,False,,False,False,0,0,PTY-LENDER_B-00000174,ANON-LENDER_B-00000174,ORGANISATION,synthetic,WCDS-0.1
FAC-LENDER_B-00000175,LENDER_B,LENDER_B-100175,,TERM_LOAN,SME_WC_180D,NGN,15000000,15000000,15000000,2025-01-13,2025-01-13,2025-07-12,180,0.22109,FIXED,MONTHLY,2772576.84,WORKING_CAPITAL,AGRICULTURE,EQUITY_AND_WAREHOUSE,False,CLOSED,2026-08-21,0,0.0,0,CURRENT,False,,False,False,0,0,PTY-LENDER_B-00000175,ANON-LENDER_B-00000175,ORGANISATION,synthetic,WCDS-0.1
FAC-LENDER_B-00000176,LENDER_B,LENDER_B-100176,,TERM_LOAN,INVOICE_120D,NGN,2000000,2000000,2000000,2026-05-27,2026-05-27,2026-09-24,120,0.221746,FIXED,MONTHLY,536451.45,WORKING_CAPITAL,HOSPITALITY,EQUITY_AND_WAREHOUSE,False,ACTIVE,2026-08-21,566666.67,566666.67,0,CURRENT,False,,False,False,0,0,PTY-LENDER_B-00000176,ANON-LENDER_B-00000176,ORGANISATION,synthetic,WCDS-0.1
FAC-LENDER_B-00000177,LENDER_B,LENDER_B-100177,,TERM_LOAN,SME_WC_180D,NGN,1500000,1500000,1500000,2025-03-24,2025-03-24,2025-09-20,180,0.288213,FIXED,MONTHLY,285533.13,WORKING_CAPITAL,LOGISTICS,EQUITY_AND_WAREHOUSE,True,CLOSED,2026-08-21,0,0.0,0,CURRENT,False,,False,False,0,0,PTY-LENDER_B-00000177,ANON-LENDER_B-00000177,ORGANISATION,synthetic,WCDS-0.1
FAC-LENDER_B-00000178,LENDER_B,LENDER_B-100178,,TERM_LOAN,MERCHANT_90D,NGN,15000000,15000000,15000000,2025-12-12,2025-12-12,2026-03-12,90,0.339026,FIXED,MONTHLY,5417977.23,WORKING_CAPITAL,AGRICULTURE,EQUITY_AND_WAREHOUSE,False,CLOSED,2026-08-21,0,0.0,0,CURRENT,False,,False,False,0,0,PTY-LENDER_B-00000178,ANON-LENDER_B-00000178,ORGANISATION,synthetic,WCDS-0.1
FAC-LENDER_B-00000179,LENDER_B,LENDER_B-100179,,TERM_LOAN,MERCHANT_90D,NGN,7500000,7500000,7500000,2025-06-25,2025-06-25,2025-09-23,90,0.268504,FIXED,MONTHLY,2665515.97,WORKING_CAPITAL,AGRICULTURE,EQUITY_AND_WAREHOUSE,True,CLOSED,2026-08-21,0,0.0,0,CURRENT,False,,False,False,0,0,PTY-LENDER_B-00000179,ANON-LENDER_B-00000179,ORGANISATION,synthetic,WCDS-0.1
FAC-LENDER_B-00000180,LENDER_B,LENDER_B-100180,,TERM_LOAN,MERCHANT_90D,NGN,750000,750000,750000,2025-06-12,2025-06-12,2025-09-10,90,0.293347,FIXED,MONTHLY,268083.02,WORKING_CAPITAL,SERVICES,EQUITY_AND_WAREHOUSE,True,ACTIVE,2026-08-21,8750.0,8799.23,7,DPD_1_30,False,,False,False,0,0,PTY-LENDER_B-00000180,ANON-LENDER_B-00000180,ORGANISATION,synthetic,WCDS-0.1
FAC-LENDER_B-00000181,LENDER_B,LENDER_B-100181,,TERM_LOAN,INVOICE_120D,NGN,3000000,3000000,3000000,2025-07-05,2025-07-05,2025-11-02,120,0.240034,FIXED,MONTHLY,809186.57,WORKING_CAPITAL,SERVICES,EQUITY_AND_WAREHOUSE,False,CLOSED,2026-08-21,0,0.0,0,CURRENT,False,,False,False,0,0,PTY-LENDER_B-00000181,ANON-LENDER_B-00000181,ORGANISATION,synthetic,WCDS-0.1
FAC-LENDER_B-00000182,LENDER_B,LENDER_B-100182,,TERM_LOAN,MERCHANT_90D,NGN,3000000,3000000,3000000,2025-12-25,2025-12-25,2026-03-25,90,0.338397,FIXED,MONTHLY,1083440.28,WORKING_CAPITAL,MANUFACTURING,EQUITY_AND_WAREHOUSE,True,CLOSED,2026-08-21,0,0.0,0,CURRENT,False,,False,False,0,0,PTY-LENDER_B-00000182,ANON-LENDER_B-00000182,ORGANISATION,synthetic,WCDS-0.1
FAC-LENDER_B-00000183,LENDER_B,LENDER_B-100183,,TERM_LOAN,INVOICE_120D,NGN,5000000,5000000,5000000,2026-01-28,2026-01-28,2026-05-28,120,0.232286,FIXED,MONTHLY,1345459.96,WORKING_CAPITAL,LOGISTICS,EQUITY_AND_WAREHOUSE,True,ACTIVE,2026-08-21,58333.33,58593.2,7,DPD_1_30,False,,False,False,0,0,PTY-LENDER_B-00000183,ANON-LENDER_B-00000183,ORGANISATION,synthetic,WCDS-0.1
FAC-LENDER_B-00000184,LENDER_B,LENDER_B-100184,,TERM_LOAN,MERCHANT_90D,NGN,500000,500000,500000,2026-06-28,2026-06-28,2026-09-26,90,0.321228,FIXED,MONTHLY,179867.83,WORKING_CAPITAL,AGRICULTURE,EQUITY_AND_WAREHOUSE,False,ACTIVE,2026-08-21,200000.0,200000.0,0,CURRENT,False,,False,False,0,0,PTY-LENDER_B-00000184,ANON-LENDER_B-00000184,ORGANISATION,synthetic,WCDS-0.1
FAC-LENDER_B-00000185,LENDER_B,LENDER_B-100185,,TERM_LOAN,INVOICE_120D,NGN,5000000,5000000,5000000,2026-03-23,2026-03-23,2026-07-21,120,0.232933,FIXED,MONTHLY,1345725.85,WORKING_CAPITAL,AGRICULTURE,EQUITY_AND_WAREHOUSE,False,CLOSED,2026-08-21,0,0.0,0,CURRENT,False,,False,False,0,0,PTY-LENDER_B-00000185,ANON-LENDER_B-00000185,ORGANISATION,synthetic,WCDS-0.1
FAC-LENDER_B-00000186,LENDER_B,LENDER_B-100186,,TERM_LOAN,INVOICE_120D,NGN,5000000,5000000,5000000,2026-04-08,2026-04-08,2026-08-06,120,0.2148,FIXED,MONTHLY,1338274.03,WORKING_CAPITAL,HOSPITALITY,EQUITY_AND_WAREHOUSE,False,CLOSED,2026-08-21,0,0.0,0,CURRENT,False,,False,False,0,0,PTY-LENDER_B-00000186,ANON-LENDER_B-00000186,ORGANISATION,synthetic,WCDS-0.1
FAC-LENDER_B-00000187,LENDER_B,LENDER_B-100187,,TERM_LOAN,SME_WC_180D,NGN,3000000,3000000,3000000,2026-05-09,2026-05-09,2026-11-05,180,0.267793,FIXED,MONTHLY,566031.07,WORKING_CAPITAL,HOSPITALITY,EQUITY_AND_WAREHOUSE,False,ACTIVE,2026-08-21,1266666.67,1266666.67,0,CURRENT,False,,False,False,0,0,PTY-LENDER_B-00000187,ANON-LENDER_B-00000187,ORGANISATION,synthetic,WCDS-0.1
FAC-LENDER_B-00000188,LENDER_B,LENDER_B-100188,,TERM_LOAN,MERCHANT_90D,NGN,1500000,1500000,1500000,2025-03-23,2025-03-23,2025-06-21,90,0.269623,FIXED,MONTHLY,533241.24,WORKING_CAPITAL,HOSPITALITY,EQUITY_AND_WAREHOUSE,True,CLOSED,2026-08-21,0,0.0,0,CURRENT,False,,False,False,0,0,PTY-LENDER_B-00000188,ANON-LENDER_B-00000188,ORGANISATION,synthetic,WCDS-0.1
FAC-LENDER_B-00000189,LENDER_B,LENDER_B-100189,,TERM_LOAN,MERCHANT_90D,NGN,7500000,7500000,7500000,2024-12-15,2024-12-15,2025-03-15,90,0.241313,FIXED,MONTHLY,2648754.47,WORKING_CAPITAL,RETAIL,EQUITY_AND_WAREHOUSE,True,ACTIVE,2026-08-21,87500.0,87904.94,7,DPD_1_30,False,,False,False,0,0,PTY-LENDER_B-00000189,ANON-LENDER_B-00000189,ORGANISATION,synthetic,WCDS-0.1
FAC-LENDER_B-00000190,LENDER_B,LENDER_B-100190,,TERM_LOAN,INVOICE_120D,NGN,7500000,7500000,7500000,2025-03-13,2025-03-13,2025-07-11,120,0.294438,FIXED,MONTHLY,2056502.96,WORKING_CAPITAL,HOSPITALITY,EQUITY_AND_WAREHOUSE,True,CLOSED,2026-08-21,0,0.0,0,CURRENT,False,,False,False,0,0,PTY-LENDER_B-00000190,ANON-LENDER_B-00000190,ORGANISATION,synthetic,WCDS-0.1
FAC-LENDER_B-00000191,LENDER_B,LENDER_B-100191,,TERM_LOAN,SME_WC_180D,NGN,15000000,15000000,15000000,2025-06-28,2025-06-28,2025-12-25,180,0.31167,FIXED,MONTHLY,2884250.35,WORKING_CAPITAL,MANUFACTURING,EQUITY_AND_WAREHOUSE,True,CLOSED,2026-08-21,0,0.0,0,CURRENT,False,,False,False,0,0,PTY-LENDER_B-00000191,ANON-LENDER_B-00000191,ORGANISATION,synthetic,WCDS-0.1
FAC-LENDER_B-00000192,LENDER_B,LENDER_B-100192,,TERM_LOAN,INVOICE_120D,NGN,750000,750000,750000,2026-04-24,2026-04-24,2026-08-22,120,0.230715,FIXED,MONTHLY,201722.14,WORKING_CAPITAL,LOGISTICS,EQUITY_AND_WAREHOUSE,False,ACTIVE,2026-08-21,15000.0,15066.37,7,DPD_1_30,False,,False,False,0,0,PTY-LENDER_B-00000192,ANON-LENDER_B-00000192,ORGANISATION,synthetic,WCDS-0.1
FAC-LENDER_B-00000193,LENDER_B,LENDER_B-100193,,TERM_LOAN,MERCHANT_90D,NGN,7500000,7500000,7500000,2025-08-16,2025-08-16,2025-11-14,90,0.264056,FIXED,MONTHLY,2662774.4,WORKING_CAPITAL,HOSPITALITY,EQUITY_AND_WAREHOUSE,False,CLOSED,2026-08-21,0,0.0,0,CURRENT,False,,False,False,0,0,PTY-LENDER_B-00000193,ANON-LENDER_B-00000193,ORGANISATION,synthetic,WCDS-0.1
FAC-LENDER_B-00000194,LENDER_B,LENDER_B-100194,,TERM_LOAN,MERCHANT_90D,NGN,5000000,5000000,5000000,2025-09-04,2025-09-04,2025-12-03,90,0.332693,FIXED,MONTHLY,1803389.72,WORKING_CAPITAL,MANUFACTURING,EQUITY_AND_WAREHOUSE,False,CLOSED,2026-08-21,0,0.0,0,CURRENT,False,,False,False,0,0,PTY-LENDER_B-00000194,ANON-LENDER_B-00000194,ORGANISATION,synthetic,WCDS-0.1
FAC-LENDER_B-00000195,LENDER_B,LENDER_B-100195,,TERM_LOAN,INVOICE_120D,NGN,5000000,5000000,5000000,2025-06-25,2025-06-25,2025-10-23,120,0.264862,FIXED,MONTHLY,1358847.47,WORKING_CAPITAL,LOGISTICS,EQUITY_AND_WAREHOUSE,True,CLOSED,2026-08-21,0,0.0,0,CURRENT,False,,False,False,0,0,PTY-LENDER_B-00000195,ANON-LENDER_B-00000195,ORGANISATION,synthetic,WCDS-0.1
FAC-LENDER_B-00000196,LENDER_B,LENDER_B-100196,,TERM_LOAN,MERCHANT_90D,NGN,500000,500000,500000,2026-04-20,2026-04-20,2026-07-19,90,0.267593,FIXED,MONTHLY,177663.62,WORKING_CAPITAL,HOSPITALITY,EQUITY_AND_WAREHOUSE,True,CLOSED,2026-08-21,0,0.0,0,CURRENT,False,,False,False,0,0,PTY-LENDER_B-00000196,ANON-LENDER_B-00000196,ORGANISATION,synthetic,WCDS-0.1
FAC-LENDER_B-00000197,LENDER_B,LENDER_B-100197,,TERM_LOAN,MERCHANT_90D,NGN,10000000,10000000,10000000,2025-06-23,2025-06-23,2025-09-21,90,0.245314,FIXED,MONTHLY,3534961.1,WORKING_CAPITAL,RETAIL,EQUITY_AND_WAREHOUSE,True,CLOSED,2026-08-21,0,0.0,0,CURRENT,False,,False,False,0,0,PTY-LENDER_B-00000197,ANON-LENDER_B-00000197,ORGANISATION,synthetic,WCDS-0.1
FAC-LENDER_B-00000198,LENDER_B,LENDER_B-100198,,TERM_LOAN,SME_WC_180D,NGN,7500000,7500000,7500000,2026-01-15,2026-01-15,2026-07-14,180,0.293392,FIXED,MONTHLY,1430858.35,WORKING_CAPITAL,LOGISTICS,EQUITY_AND_WAREHOUSE,True,CLOSED,2026-08-21,0,0.0,0,CURRENT,False,,False,False,0,0,PTY-LENDER_B-00000198,ANON-LENDER_B-00000198,ORGANISATION,synthetic,WCDS-0.1
FAC-LENDER_B-00000199,LENDER_B,LENDER_B-100199,,TERM_LOAN,MERCHANT_90D,NGN,1000000,1000000,1000000,2025-04-10,2025-04-10,2025-07-09,90,0.268799,FIXED,MONTHLY,355426.42,WORKING_CAPITAL,MANUFACTURING,EQUITY_AND_WAREHOUSE,False,ACTIVE,2026-08-21,11666.67,11726.81,7,DPD_1_30,False,,False,False,0,0,PTY-LENDER_B-00000199,ANON-LENDER_B-00000199,ORGANISATION,synthetic,WCDS-0.1
FAC-LENDER_B-00000200,LENDER_B,LENDER_B-100200,,TERM_LOAN,INVOICE_120D,NGN,750000,750000,750000,2025-05-02,2025-05-02,2025-08-30,120,0.217023,FIXED,MONTHLY,200878.15,WORKING_CAPITAL,LOGISTICS,EQUITY_AND_WAREHOUSE,True,CLOSED,2026-08-21,0,0.0,0,CURRENT,False,,False,False,0,0,PTY-LENDER_B-00000200,ANON-LENDER_B-00000200,ORGANISATION,synthetic,WCDS-0.1
FAC-LENDER_B-00000201,LENDER_B,LENDER_B-100201,,TERM_LOAN,MERCHANT_90D,NGN,2000000,2000000,2000000,2026-08-02,2026-08-02,2026-10-31,90,0.241273,FIXED,MONTHLY,706328.06,WORKING_CAPITAL,RETAIL,EQUITY_AND_WAREHOUSE,True,ACTIVE,2026-08-21,1577777.78,1577777.78,0,CURRENT,False,,False,False,0,0,PTY-LENDER_B-00000201,ANON-LENDER_B-00000201,ORGANISATION,synthetic,WCDS-0.1
FAC-LENDER_B-00000202,LENDER_B,LENDER_B-100202,,TERM_LOAN,MERCHANT_90D,NGN,7500000,7500000,7500000,2026-07-25,2026-07-25,2026-10-23,90,0.336954,FIXED,MONTHLY,2707711.46,WORKING_CAPITAL,RETAIL,EQUITY_AND_WAREHOUSE,True,ACTIVE,2026-08-21,5250000.0,5250000.0,0,CURRENT,False,,False,False,0,0,PTY-LENDER_B-00000202,ANON-LENDER_B-00000202,ORGANISATION,synthetic,WCDS-0.1
FAC-LENDER_B-00000203,LENDER_B,LENDER_B-100203,,TERM_LOAN,MERCHANT_90D,NGN,1000000,1000000,1000000,2025-09-02,2025-09-02,2025-12-01,90,0.339041,FIXED,MONTHLY,361199.74,WORKING_CAPITAL,RETAIL,EQUITY_AND_WAREHOUSE,True,CLOSED,2026-08-21,0,0.0,0,CURRENT,False,,False,False,0,0,PTY-LENDER_B-00000203,ANON-LENDER_B-00000203,ORGANISATION,synthetic,WCDS-0.1
FAC-LENDER_B-00000204,LENDER_B,LENDER_B-100204,,TERM_LOAN,SME_WC_180D,NGN,2000000,2000000,2000000,2025-08-15,2025-08-15,2026-02-11,180,0.318979,FIXED,MONTHLY,385768.29,WORKING_CAPITAL,AGRICULTURE,EQUITY_AND_WAREHOUSE,False,CLOSED,2026-08-21,0,0.0,0,CURRENT,False,,False,False,0,0,PTY-LENDER_B-00000204,ANON-LENDER_B-00000204,ORGANISATION,synthetic,WCDS-0.1
FAC-LENDER_B-00000205,LENDER_B,LENDER_B-100205,,TERM_LOAN,INVOICE_120D,NGN,7500000,7500000,7500000,2025-02-26,2025-02-26,2025-06-26,120,0.266394,FIXED,MONTHLY,2039215.3,WORKING_CAPITAL,RETAIL,EQUITY_AND_WAREHOUSE,True,ACTIVE,2026-08-21,87500.0,87947.03,7,DPD_1_30,False,,False,False,0,0,PTY-LENDER_B-00000205,ANON-LENDER_B-00000205,ORGANISATION,synthetic,WCDS-0.1
FAC-LENDER_B-00000206,LENDER_B,LENDER_B-100206,,TERM_LOAN,INVOICE_120D,NGN,1000000,1000000,1000000,2025-12-04,2025-12-04,2026-04-03,120,0.285627,FIXED,MONTHLY,273476.15,WORKING_CAPITAL,AGRICULTURE,EQUITY_AND_WAREHOUSE,False,CLOSED,2026-08-21,0,0.0,0,CURRENT,False,,False,False,0,0,PTY-LENDER_B-00000206,ANON-LENDER_B-00000206,ORGANISATION,synthetic,WCDS-0.1
FAC-LENDER_B-00000207,LENDER_B,LENDER_B-100207,,TERM_LOAN,MERCHANT_90D,NGN,1500000,1500000,1500000,2025-11-04,2025-11-04,2026-02-02,90,0.309581,FIXED,MONTHLY,538167.47,WORKING_CAPITAL,SERVICES,EQUITY_AND_WAREHOUSE,False,ACTIVE,2026-08-21,87500.0,89726.44,35,DPD_31_60,False,,False,False,0,0,PTY-LENDER_B-00000207,ANON-LENDER_B-00000207,ORGANISATION,synthetic,WCDS-0.1
FAC-LENDER_B-00000208,LENDER_B,LENDER_B-100208,,TERM_LOAN,INVOICE_120D,NGN,1000000,1000000,1000000,2025-08-19,2025-08-19,2025-12-17,120,0.295831,FIXED,MONTHLY,274314.84,WORKING_CAPITAL,AGRICULTURE,EQUITY_AND_WAREHOUSE,False,ACTIVE,2026-08-21,58333.33,59751.7,35,DPD_31_60,False,,False,False,0,0,PTY-LENDER_B-00000208,ANON-LENDER_B-00000208,ORGANISATION,synthetic,WCDS-0.1
FAC-LENDER_B-00000209,LENDER_B,LENDER_B-100209,,TERM_LOAN,MERCHANT_90D,NGN,15000000,15000000,15000000,2026-04-08,2026-04-08,2026-07-07,90,0.281729,FIXED,MONTHLY,5347337.65,WORKING_CAPITAL,MANUFACTURING,EQUITY_AND_WAREHOUSE,False,CLOSED,2026-08-21,0,0.0,0,CURRENT,False,,False,False,0,0,PTY-LENDER_B-00000209,ANON-LENDER_B-00000209,ORGANISATION,synthetic,WCDS-0.1
FAC-LENDER_B-00000210,LENDER_B,LENDER_B-100210,,TERM_LOAN,SME_WC_180D,NGN,750000,750000,750000,2026-03-14,2026-03-14,2026-09-10,180,0.316815,FIXED,MONTHLY,144529.71,WORKING_CAPITAL,RETAIL,EQUITY_AND_WAREHOUSE,False,ACTIVE,2026-08-21,83333.33,83333.33,0,CURRENT,False,,False,False,0,0,PTY-LENDER_B-00000210,ANON-LENDER_B-00000210,ORGANISATION,synthetic,WCDS-0.1
FAC-LENDER_B-00000211,LENDER_B,LENDER_B-100211,,TERM_LOAN,INVOICE_120D,NGN,1000000,1000000,1000000,2026-06-06,2026-06-06,2026-10-04,120,0.26238,FIXED,MONTHLY,271565.44,WORKING_CAPITAL,AGRICULTURE,EQUITY_AND_WAREHOUSE,False,ACTIVE,2026-08-21,391666.67,395889.9,15,DPD_1_30,False,,False,False,0,0,PTY-LENDER_B-00000211,ANON-LENDER_B-00000211,ORGANISATION,synthetic,WCDS-0.1
FAC-LENDER_B-00000212,LENDER_B,LENDER_B-100212,,TERM_LOAN,INVOICE_120D,NGN,750000,750000,750000,2026-08-06,2026-08-06,2026-12-04,120,0.228302,FIXED,MONTHLY,201573.39,WORKING_CAPITAL,RETAIL,EQUITY_AND_WAREHOUSE,False,ACTIVE,2026-08-21,656250.0,656250.0,0,CURRENT,False,,False,False,0,0,PTY-LENDER_B-00000212,ANON-LENDER_B-00000212,ORGANISATION,synthetic,WCDS-0.1
FAC-LENDER_B-00000213,LENDER_B,LENDER_B-100213,,TERM_LOAN,SME_WC_180D,NGN,2000000,2000000,2000000,2025-01-14,2025-01-14,2025-07-13,180,0.220064,FIXED,MONTHLY,369508.27,WORKING_CAPITAL,MANUFACTURING,EQUITY_AND_WAREHOUSE,False,CLOSED,2026-08-21,0,0.0,0,CURRENT,False,,False,False,0,0,PTY-LENDER_B-00000213,ANON-LENDER_B-00000213,ORGANISATION,synthetic,WCDS-0.1
FAC-LENDER_B-00000214,LENDER_B,LENDER_B-100214,,TERM_LOAN,MERCHANT_90D,NGN,5000000,5000000,5000000,2025-10-18,2025-10-18,2026-01-16,90,0.2486,FIXED,MONTHLY,1768831.19,WORKING_CAPITAL,MANUFACTURING,EQUITY_AND_WAREHOUSE,False,CLOSED,2026-08-21,0,0.0,0,CURRENT,False,,False,False,0,0,PTY-LENDER_B-00000214,ANON-LENDER_B-00000214,ORGANISATION,synthetic,WCDS-0.1
FAC-LENDER_B-00000215,LENDER_B,LENDER_B-100215,,TERM_LOAN,INVOICE_120D,NGN,5000000,5000000,5000000,2026-05-03,2026-05-03,2026-08-31,120,0.281171,FIXED,MONTHLY,1365549.69,WORKING_CAPITAL,SERVICES,EQUITY_AND_WAREHOUSE,True,ACTIVE,2026-08-21,958333.33,980480.36,65,DPD_61_90,False,,False,False,0,0,PTY-LENDER_B-00000215,ANON-LENDER_B-00000215,ORGANISATION,synthetic,WCDS-0.1
FAC-LENDER_B-00000216,LENDER_B,LENDER_B-100216,,TERM_LOAN,SME_WC_180D,NGN,15000000,15000000,15000000,2026-01-19,2026-01-19,2026-07-18,180,0.23733,FIXED,MONTHLY,2792598.87,WORKING_CAPITAL,LOGISTICS,EQUITY_AND_WAREHOUSE,False,CLOSED,2026-08-21,0,0.0,0,CURRENT,False,,False,False,0,0,PTY-LENDER_B-00000216,ANON-LENDER_B-00000216,ORGANISATION,synthetic,WCDS-0.1
FAC-LENDER_B-00000217,LENDER_B,LENDER_B-100217,,TERM_LOAN,SME_WC_180D,NGN,15000000,15000000,15000000,2026-02-05,2026-02-05,2026-08-04,180,0.239952,FIXED,MONTHLY,2795831.62,WORKING_CAPITAL,HOSPITALITY,EQUITY_AND_WAREHOUSE,False,CLOSED,2026-08-21,0,0.0,0,CURRENT,False,,False,False,0,0,PTY-LENDER_B-00000217,ANON-LENDER_B-00000217,ORGANISATION,synthetic,WCDS-0.1
FAC-LENDER_B-00000218,LENDER_B,LENDER_B-100218,,TERM_LOAN,SME_WC_180D,NGN,3000000,3000000,3000000,2025-08-10,2025-08-10,2026-02-06,180,0.263689,FIXED,MONTHLY,565019.27,WORKING_CAPITAL,MANUFACTURING,EQUITY_AND_WAREHOUSE,False,CLOSED,2026-08-21,0,0.0,0,CURRENT,False,,False,False,0,0,PTY-LENDER_B-00000218,ANON-LENDER_B-00000218,ORGANISATION,synthetic,WCDS-0.1
FAC-LENDER_B-00000219,LENDER_B,LENDER_B-100219,,TERM_LOAN,MERCHANT_90D,NGN,10000000,10000000,10000000,2025-06-06,2025-06-06,2025-09-04,90,0.282767,FIXED,MONTHLY,3565744.5,WORKING_CAPITAL,RETAIL,EQUITY_AND_WAREHOUSE,False,CLOSED,2026-08-21,0,0.0,0,CURRENT,False,,False,False,0,0,PTY-LENDER_B-00000219,ANON-LENDER_B-00000219,ORGANISATION,synthetic,WCDS-0.1
FAC-LENDER_B-00000220,LENDER_B,LENDER_B-100220,,TERM_LOAN,INVOICE_120D,NGN,10000000,10000000,10000000,2025-02-01,2025-02-01,2025-06-01,120,0.278663,FIXED,MONTHLY,2729038.25,WORKING_CAPITAL,AGRICULTURE,EQUITY_AND_WAREHOUSE,True,ACTIVE,2026-08-21,1083333.33,1108145.81,65,DPD_61_90,False,,False,False,0,0,PTY-LENDER_B-00000220,ANON-LENDER_B-00000220,ORGANISATION,synthetic,WCDS-0.1
FAC-LENDER_B-00000221,LENDER_B,LENDER_B-100221,,TERM_LOAN,INVOICE_120D,NGN,500000,500000,500000,2025-02-27,2025-02-27,2025-06-27,120,0.212594,FIXED,MONTHLY,133736.72,WORKING_CAPITAL,SERVICES,EQUITY_AND_WAREHOUSE,False,CLOSED,2026-08-21,0,0.0,0,CURRENT,False,,False,False,0,0,PTY-LENDER_B-00000221,ANON-LENDER_B-00000221,ORGANISATION,synthetic,WCDS-0.1
FAC-LENDER_B-00000222,LENDER_B,LENDER_B-100222,,TERM_LOAN,INVOICE_120D,NGN,750000,750000,750000,2025-10-18,2025-10-18,2026-02-15,120,0.282989,FIXED,MONTHLY,204944.55,WORKING_CAPITAL,AGRICULTURE,EQUITY_AND_WAREHOUSE,False,CLOSED,2026-08-21,0,0.0,0,CURRENT,False,,False,False,0,0,PTY-LENDER_B-00000222,ANON-LENDER_B-00000222,ORGANISATION,synthetic,WCDS-0.1
FAC-LENDER_B-00000223,LENDER_B,LENDER_B-100223,,TERM_LOAN,INVOICE_120D,NGN,10000000,10000000,10000000,2026-01-14,2026-01-14,2026-05-14,120,0.212144,FIXED,MONTHLY,2674365.15,WORKING_CAPITAL,HOSPITALITY,EQUITY_AND_WAREHOUSE,False,CLOSED,2026-08-21,0,0.0,0,CURRENT,False,,False,False,0,0,PTY-LENDER_B-00000223,ANON-LENDER_B-00000223,ORGANISATION,synthetic,WCDS-0.1
FAC-LENDER_B-00000224,LENDER_B,LENDER_B-100224,,TERM_LOAN,INVOICE_120D,NGN,1000000,1000000,1000000,2026-08-05,2026-08-05,2026-12-03,120,0.21364,FIXED,MONTHLY,267559.47,WORKING_CAPITAL,AGRICULTURE,EQUITY_AND_WAREHOUSE,False,ACTIVE,2026-08-21,891666.67,899495.27,15,DPD_1_30,False,,False,False,0,0,PTY-LENDER_B-00000224,ANON-LENDER_B-00000224,ORGANISATION,synthetic,WCDS-0.1
FAC-LENDER_B-00000225,LENDER_B,LENDER_B-100225,,TERM_LOAN,MERCHANT_90D,NGN,15000000,15000000,15000000,2025-12-01,2025-12-01,2026-03-01,90,0.302366,FIXED,MONTHLY,5372780.48,WORKING_CAPITAL,RETAIL,EQUITY_AND_WAREHOUSE,False,CLOSED,2026-08-21,0,0.0,0,CURRENT,False,,False,False,0,0,PTY-LENDER_B-00000225,ANON-LENDER_B-00000225,ORGANISATION,synthetic,WCDS-0.1
FAC-LENDER_B-00000226,LENDER_B,LENDER_B-100226,,TERM_LOAN,MERCHANT_90D,NGN,750000,750000,750000,2026-02-04,2026-02-04,2026-05-05,90,0.287374,FIXED,MONTHLY,267714.85,WORKING_CAPITAL,AGRICULTURE,EQUITY_AND_WAREHOUSE,True,ACTIVE,2026-08-21,18750.0,18971.44,15,DPD_1_30,False,,False,False,0,0,PTY-LENDER_B-00000226,ANON-LENDER_B-00000226,ORGANISATION,synthetic,WCDS-0.1
FAC-LENDER_B-00000227,LENDER_B,LENDER_B-100227,,TERM_LOAN,INVOICE_120D,NGN,7500000,7500000,7500000,2025-05-26,2025-05-26,2025-09-23,120,0.282169,FIXED,MONTHLY,2048939.58,WORKING_CAPITAL,HOSPITALITY,EQUITY_AND_WAREHOUSE,False,CLOSED,2026-08-21,0,0.0,0,CURRENT,False,,False,False,0,0,PTY-LENDER_B-00000227,ANON-LENDER_B-00000227,ORGANISATION,synthetic,WCDS-0.1
FAC-LENDER_B-00000228,LENDER_B,LENDER_B-100228,,TERM_LOAN,MERCHANT_90D,NGN,1000000,1000000,1000000,2025-01-29,2025-01-29,2025-04-29,90,0.242166,FIXED,MONTHLY,353237.37,WORKING_CAPITAL,MANUFACTURING,EQUITY_AND_WAREHOUSE,False,CLOSED,2026-08-21,0,0.0,0,CURRENT,False,,False,False,0,0,PTY-LENDER_B-00000228,ANON-LENDER_B-00000228,ORGANISATION,synthetic,WCDS-0.1
FAC-LENDER_B-00000229,LENDER_B,LENDER_B-100229,,TERM_LOAN,INVOICE_120D,NGN,7500000,7500000,7500000,2025-07-07,2025-07-07,2025-11-04,120,0.210002,FIXED,MONTHLY,2004453.27,WORKING_CAPITAL,AGRICULTURE,EQUITY_AND_WAREHOUSE,False,CLOSED,2026-08-21,0,0.0,0,CURRENT,False,,False,False,0,0,PTY-LENDER_B-00000229,ANON-LENDER_B-00000229,ORGANISATION,synthetic,WCDS-0.1
FAC-LENDER_B-00000230,LENDER_B,LENDER_B-100230,,TERM_LOAN,MERCHANT_90D,NGN,500000,500000,500000,2025-01-11,2025-01-11,2025-04-11,90,0.319986,FIXED,MONTHLY,179816.76,WORKING_CAPITAL,AGRICULTURE,EQUITY_AND_WAREHOUSE,False,CLOSED,2026-08-21,0,0.0,0,CURRENT,False,,False,False,0,0,PTY-LENDER_B-00000230,ANON-LENDER_B-00000230,ORGANISATION,synthetic,WCDS-0.1
FAC-LENDER_B-00000231,LENDER_B,LENDER_B-100231,,TERM_LOAN,INVOICE_120D,NGN,15000000,15000000,15000000,2025-08-13,2025-08-13,2025-12-11,120,0.265042,FIXED,MONTHLY,4076764.4,WORKING_CAPITAL,SERVICES,EQUITY_AND_WAREHOUSE,True,DEFAULTED,2026-08-21,2250000.0,2299014.66,130,DPD_90_PLUS,True,2026-07-12,False,False,0,0,PTY-LENDER_B-00000231,ANON-LENDER_B-00000231,ORGANISATION,synthetic,WCDS-0.1
FAC-LENDER_B-00000232,LENDER_B,LENDER_B-100232,,TERM_LOAN,INVOICE_120D,NGN,1500000,1500000,1500000,2025-02-20,2025-02-20,2025-06-20,120,0.235775,FIXED,MONTHLY,404068.12,WORKING_CAPITAL,AGRICULTURE,EQUITY_AND_WAREHOUSE,False,CLOSED,2026-08-21,0,0.0,0,CURRENT,False,,False,False,0,0,PTY-LENDER_B-00000232,ANON-LENDER_B-00000232,ORGANISATION,synthetic,WCDS-0.1
FAC-LENDER_B-00000233,LENDER_B,LENDER_B-100233,,TERM_LOAN,INVOICE_120D,NGN,15000000,15000000,15000000,2026-03-21,2026-03-21,2026-07-19,120,0.235187,FIXED,MONTHLY,4039956.21,WORKING_CAPITAL,AGRICULTURE,EQUITY_AND_WAREHOUSE,False,CLOSED,2026-08-21,0,0.0,0,CURRENT,False,,False,False,0,0,PTY-LENDER_B-00000233,ANON-LENDER_B-00000233,ORGANISATION,synthetic,WCDS-0.1
FAC-LENDER_B-00000234,LENDER_B,LENDER_B-100234,,TERM_LOAN,INVOICE_120D,NGN,7500000,7500000,7500000,2026-02-08,2026-02-08,2026-06-08,120,0.239393,FIXED,MONTHLY,2022570.95,WORKING_CAPITAL,SERVICES,EQUITY_AND_WAREHOUSE,False,CLOSED,2026-08-21,0,0.0,0,CURRENT,False,,False,False,0,0,PTY-LENDER_B-00000234,ANON-LENDER_B-00000234,ORGANISATION,synthetic,WCDS-0.1
FAC-LENDER_B-00000235,LENDER_B,LENDER_B-100235,,TERM_LOAN,MERCHANT_90D,NGN,3000000,3000000,3000000,2025-08-20,2025-08-20,2025-11-18,90,0.332741,FIXED,MONTHLY,1082045.78,WORKING_CAPITAL,MANUFACTURING,EQUITY_AND_WAREHOUSE,False,CLOSED,2026-08-21,0,0.0,0,CURRENT,False,,False,False,0,0,PTY-LENDER_B-00000235,ANON-LENDER_B-00000235,ORGANISATION,synthetic,WCDS-0.1
FAC-LENDER_B-00000236,LENDER_B,LENDER_B-100236,,TERM_LOAN,INVOICE_120D,NGN,1000000,1000000,1000000,2026-04-25,2026-04-25,2026-08-23,120,0.202952,FIXED,MONTHLY,266681.0,WORKING_CAPITAL,LOGISTICS,EQUITY_AND_WAREHOUSE,True,ACTIVE,2026-08-21,16666.67,16666.67,0,CURRENT,False,,False,False,0,0,PTY-LENDER_B-00000236,ANON-LENDER_B-00000236,ORGANISATION,synthetic,WCDS-0.1
FAC-LENDER_B-00000237,LENDER_B,LENDER_B-100237,,TERM_LOAN,INVOICE_120D,NGN,1500000,1500000,1500000,2026-02-14,2026-02-14,2026-06-14,120,0.223153,FIXED,MONTHLY,402512.07,WORKING_CAPITAL,RETAIL,EQUITY_AND_WAREHOUSE,False,ACTIVE,2026-08-21,17500.0,17574.89,7,DPD_1_30,False,,False,False,0,0,PTY-LENDER_B-00000237,ANON-LENDER_B-00000237,ORGANISATION,synthetic,WCDS-0.1
FAC-LENDER_B-00000238,LENDER_B,LENDER_B-100238,,TERM_LOAN,MERCHANT_90D,NGN,15000000,15000000,15000000,2026-05-29,2026-05-29,2026-08-27,90,0.278408,FIXED,MONTHLY,5343243.17,WORKING_CAPITAL,AGRICULTURE,EQUITY_AND_WAREHOUSE,True,ACTIVE,2026-08-21,1000000.0,1000000.0,0,CURRENT,False,,False,False,0,0,PTY-LENDER_B-00000238,ANON-LENDER_B-00000238,ORGANISATION,synthetic,WCDS-0.1
FAC-LENDER_B-00000239,LENDER_B,LENDER_B-100239,,TERM_LOAN,MERCHANT_90D,NGN,3000000,3000000,3000000,2025-07-21,2025-07-21,2025-10-19,90,0.277432,FIXED,MONTHLY,1068407.94,WORKING_CAPITAL,RETAIL,EQUITY_AND_WAREHOUSE,False,CLOSED,2026-08-21,0,0.0,0,CURRENT,False,,False,False,0,0,PTY-LENDER_B-00000239,ANON-LENDER_B-00000239,ORGANISATION,synthetic,WCDS-0.1
FAC-LENDER_B-00000240,LENDER_B,LENDER_B-100240,,TERM_LOAN,SME_WC_180D,NGN,7500000,7500000,7500000,2026-01-17,2026-01-17,2026-07-16,180,0.275647,FIXED,MONTHLY,1419919.27,WORKING_CAPITAL,HOSPITALITY,EQUITY_AND_WAREHOUSE,True,ACTIVE,2026-08-21,87500.0,87962.56,7,DPD_1_30,False,,False,False,0,0,PTY-LENDER_B-00000240,ANON-LENDER_B-00000240,ORGANISATION,synthetic,WCDS-0.1
FAC-LENDER_B-00000241,LENDER_B,LENDER_B-100241,,TERM_LOAN,MERCHANT_90D,NGN,15000000,15000000,15000000,2026-05-05,2026-05-05,2026-08-03,90,0.283406,FIXED,MONTHLY,5349405.03,WORKING_CAPITAL,RETAIL,EQUITY_AND_WAREHOUSE,False,CLOSED,2026-08-21,0,0.0,0,CURRENT,False,,False,False,0,0,PTY-LENDER_B-00000241,ANON-LENDER_B-00000241,ORGANISATION,synthetic,WCDS-0.1
FAC-LENDER_B-00000242,LENDER_B,LENDER_B-100242,,TERM_LOAN,SME_WC_180D,NGN,15000000,15000000,15000000,2025-08-28,2025-08-28,2026-02-24,180,0.309329,FIXED,MONTHLY,2881364.65,WORKING_CAPITAL,MANUFACTURING,EQUITY_AND_WAREHOUSE,False,CLOSED,2026-08-21,0,0.0,0,CURRENT,False,,False,False,0,0,PTY-LENDER_B-00000242,ANON-LENDER_B-00000242,ORGANISATION,synthetic,WCDS-0.1
FAC-LENDER_B-00000243,LENDER_B,LENDER_B-100243,,TERM_LOAN,SME_WC_180D,NGN,1500000,1500000,1500000,2025-04-13,2025-04-13,2025-10-10,180,0.311099,FIXED,MONTHLY,288354.65,WORKING_CAPITAL,LOGISTICS,EQUITY_AND_WAREHOUSE,False,CLOSED,2026-08-21,0,0.0,0,CURRENT,False,,False,False,0,0,PTY-LENDER_B-00000243,ANON-LENDER_B-00000243,ORGANISATION,synthetic,WCDS-0.1
FAC-LENDER_B-00000244,LENDER_B,LENDER_B-100244,,TERM_LOAN,MERCHANT_90D,NGN,7500000,7500000,7500000,2026-05-31,2026-05-31,2026-08-29,90,0.275649,FIXED,MONTHLY,2669920.32,WORKING_CAPITAL,SERVICES,EQUITY_AND_WAREHOUSE,False,ACTIVE,2026-08-21,666666.67,666666.67,0,CURRENT,False,,False,False,0,0,PTY-LENDER_B-00000244,ANON-LENDER_B-00000244,ORGANISATION,synthetic,WCDS-0.1
FAC-LENDER_B-00000245,LENDER_B,LENDER_B-100245,,TERM_LOAN,SME_WC_180D,NGN,1500000,1500000,1500000,2025-09-07,2025-09-07,2026-03-06,180,0.271725,FIXED,MONTHLY,283500.3,WORKING_CAPITAL,RETAIL,EQUITY_AND_WAREHOUSE,False,CLOSED,2026-08-21,0,0.0,0,CURRENT,False,,False,False,0,0,PTY-LENDER_B-00000245,ANON-LENDER_B-00000245,ORGANISATION,synthetic,WCDS-0.1
FAC-LENDER_B-00000246,LENDER_B,LENDER_B-100246,,TERM_LOAN,SME_WC_180D,NGN,3000000,3000000,3000000,2026-03-03,2026-03-03,2026-08-30,180,0.24899,FIXED,MONTHLY,561394.71,WORKING_CAPITAL,RETAIL,EQUITY_AND_WAREHOUSE,False,WRITTEN_OFF,2026-08-21,51191.71,52239.35,130,DPD_90_PLUS,True,2026-07-12,False,True,600000.0,139771.36,PTY-LENDER_B-00000246,ANON-LENDER_B-00000246,ORGANISATION,synthetic,WCDS-0.1
FAC-LENDER_B-00000247,LENDER_B,LENDER_B-100247,,TERM_LOAN,INVOICE_120D,NGN,750000,750000,750000,2025-11-15,2025-11-15,2026-03-15,120,0.205665,FIXED,MONTHLY,200177.97,WORKING_CAPITAL,MANUFACTURING,EQUITY_AND_WAREHOUSE,False,CLOSED,2026-08-21,0,0.0,0,CURRENT,False,,False,False,0,0,PTY-LENDER_B-00000247,ANON-LENDER_B-00000247,ORGANISATION,synthetic,WCDS-0.1
FAC-LENDER_B-00000248,LENDER_B,LENDER_B-100248,,TERM_LOAN,MERCHANT_90D,NGN,1000000,1000000,1000000,2025-09-08,2025-09-08,2025-12-07,90,0.243227,FIXED,MONTHLY,353324.63,WORKING_CAPITAL,LOGISTICS,EQUITY_AND_WAREHOUSE,False,ACTIVE,2026-08-21,108333.33,110499.06,65,DPD_61_90,False,,False,False,0,0,PTY-LENDER_B-00000248,ANON-LENDER_B-00000248,ORGANISATION,synthetic,WCDS-0.1
FAC-LENDER_B-00000249,LENDER_B,LENDER_B-100249,,TERM_LOAN,INVOICE_120D,NGN,15000000,15000000,15000000,2026-07-06,2026-07-06,2026-11-03,120,0.207291,FIXED,MONTHLY,4005564.48,WORKING_CAPITAL,HOSPITALITY,EQUITY_AND_WAREHOUSE,False,ACTIVE,2026-08-21,9250000.0,9250000.0,0,CURRENT,False,,False,False,0,0,PTY-LENDER_B-00000249,ANON-LENDER_B-00000249,ORGANISATION,synthetic,WCDS-0.1
FAC-LENDER_B-00000250,LENDER_B,LENDER_B-100250,,TERM_LOAN,MERCHANT_90D,NGN,10000000,10000000,10000000,2025-11-07,2025-11-07,2026-02-05,90,0.247076,FIXED,MONTHLY,3536409.75,WORKING_CAPITAL,SERVICES,EQUITY_AND_WAREHOUSE,False,ACTIVE,2026-08-21,116666.67,117219.49,7,DPD_1_30,False,,False,False,0,0,PTY-LENDER_B-00000250,ANON-LENDER_B-00000250,ORGANISATION,synthetic,WCDS-0.1
FAC-LENDER_B-00000251,LENDER_B,LENDER_B-100251,,TERM_LOAN,SME_WC_180D,NGN,5000000,5000000,5000000,2025-12-21,2025-12-21,2026-06-19,180,0.26966,FIXED,MONTHLY,944152.38,WORKING_CAPITAL,SERVICES,EQUITY_AND_WAREHOUSE,True,CLOSED,2026-08-21,0,0.0,0,CURRENT,False,,False,False,0,0,PTY-LENDER_B-00000251,ANON-LENDER_B-00000251,ORGANISATION,synthetic,WCDS-0.1
FAC-LENDER_B-00000252,LENDER_B,LENDER_B-100252,,TERM_LOAN,INVOICE_120D,NGN,15000000,15000000,15000000,2026-07-24,2026-07-24,2026-11-21,120,0.281136,FIXED,MONTHLY,4096606.42,WORKING_CAPITAL,SERVICES,EQUITY_AND_WAREHOUSE,False,ACTIVE,2026-08-21,11500000.0,11500000.0,0,CURRENT,False,,False,False,0,0,PTY-LENDER_B-00000252,ANON-LENDER_B-00000252,ORGANISATION,synthetic,WCDS-0.1
FAC-LENDER_B-00000253,LENDER_B,LENDER_B-100253,,TERM_LOAN,SME_WC_180D,NGN,5000000,5000000,5000000,2025-05-20,2025-05-20,2025-11-16,180,0.296568,FIXED,MONTHLY,955210.66,WORKING_CAPITAL,MANUFACTURING,EQUITY_AND_WAREHOUSE,True,CLOSED,2026-08-21,0,0.0,0,CURRENT,False,,False,False,0,0,PTY-LENDER_B-00000253,ANON-LENDER_B-00000253,ORGANISATION,synthetic,WCDS-0.1
FAC-LENDER_B-00000254,LENDER_B,LENDER_B-100254,,TERM_LOAN,SME_WC_180D,NGN,5000000,5000000,5000000,2026-05-09,2026-05-09,2026-11-05,180,0.310355,FIXED,MONTHLY,960876.54,WORKING_CAPITAL,RETAIL,EQUITY_AND_WAREHOUSE,True,ACTIVE,2026-08-21,2111111.11,2111111.11,0,CURRENT,False,,False,False,0,0,PTY-LENDER_B-00000254,ANON-LENDER_B-00000254,ORGANISATION,synthetic,WCDS-0.1
FAC-LENDER_B-00000255,LENDER_B,LENDER_B-100255,,TERM_LOAN,INVOICE_120D,NGN,15000000,15000000,15000000,2026-07-27,2026-07-27,2026-11-24,120,0.288834,FIXED,MONTHLY,4106096.14,WORKING_CAPITAL,RETAIL,EQUITY_AND_WAREHOUSE,False,ACTIVE,2026-08-21,12750000.0,13052681.72,35,DPD_31_60,False,,False,False,0,0,PTY-LENDER_B-00000255,ANON-LENDER_B-00000255,ORGANISATION,synthetic,WCDS-0.1
FAC-LENDER_B-00000256,LENDER_B,LENDER_B-100256,,TERM_LOAN,SME_WC_180D,NGN,500000,500000,500000,2025-12-04,2025-12-04,2026-06-02,180,0.225665,FIXED,MONTHLY,92607.26,WORKING_CAPITAL,AGRICULTURE,EQUITY_AND_WAREHOUSE,True,WRITTEN_OFF,2026-08-21,4931.87,5023.35,180,DPD_90_PLUS,True,2026-05-23,False,True,75000.0,12311.07,PTY-LENDER_B-00000256,ANON-LENDER_B-00000256,ORGANISATION,synthetic,WCDS-0.1
FAC-LENDER_B-00000257,LENDER_B,LENDER_B-100257,,TERM_LOAN,INVOICE_120D,NGN,3000000,3000000,3000000,2025-10-06,2025-10-06,2026-02-03,120,0.220586,FIXED,MONTHLY,804391.09,WORKING_CAPITAL,LOGISTICS,EQUITY_AND_WAREHOUSE,False,DEFAULTED,2026-08-21,450000.0,458158.66,95,DPD_90_PLUS,True,2026-08-16,False,False,0,0,PTY-LENDER_B-00000257,ANON-LENDER_B-00000257,ORGANISATION,synthetic,WCDS-0.1
FAC-LENDER_B-00000258,LENDER_B,LENDER_B-100258,,TERM_LOAN,SME_WC_180D,NGN,3000000,3000000,3000000,2026-04-27,2026-04-27,2026-10-24,180,0.285364,FIXED,MONTHLY,570363.82,WORKING_CAPITAL,HOSPITALITY,EQUITY_AND_WAREHOUSE,False,ACTIVE,2026-08-21,1066666.67,1066666.67,0,CURRENT,False,,False,False,0,0,PTY-LENDER_B-00000258,ANON-LENDER_B-00000258,ORGANISATION,synthetic,WCDS-0.1
FAC-LENDER_B-00000259,LENDER_B,LENDER_B-100259,,TERM_LOAN,SME_WC_180D,NGN,750000,750000,750000,2025-02-24,2025-02-24,2025-08-23,180,0.29055,FIXED,MONTHLY,142910.63,WORKING_CAPITAL,LOGISTICS,EQUITY_AND_WAREHOUSE,False,CLOSED,2026-08-21,0,0.0,0,CURRENT,False,,False,False,0,0,PTY-LENDER_B-00000259,ANON-LENDER_B-00000259,ORGANISATION,synthetic,WCDS-0.1
FAC-LENDER_B-00000260,LENDER_B,LENDER_B-100260,,TERM_LOAN,MERCHANT_90D,NGN,500000,500000,500000,2025-05-04,2025-05-04,2025-08-02,90,0.314191,FIXED,MONTHLY,179578.62,WORKING_CAPITAL,LOGISTICS,EQUITY_AND_WAREHOUSE,False,DEFAULTED,2026-08-21,75000.0,76936.79,95,DPD_90_PLUS,True,2026-08-16,True,False,0,0,PTY-LENDER_B-00000260,ANON-LENDER_B-00000260,ORGANISATION,synthetic,WCDS-0.1
FAC-LENDER_B-00000261,LENDER_B,LENDER_B-100261,,TERM_LOAN,SME_WC_180D,NGN,750000,750000,750000,2025-07-14,2025-07-14,2026-01-10,180,0.24703,FIXED,MONTHLY,140227.87,WORKING_CAPITAL,RETAIL,EQUITY_AND_WAREHOUSE,True,CLOSED,2026-08-21,0,0.0,0,CURRENT,False,,False,False,0,0,PTY-LENDER_B-00000261,ANON-LENDER_B-00000261,ORGANISATION,synthetic,WCDS-0.1
FAC-LENDER_B-00000262,LENDER_B,LENDER_B-100262,,TERM_LOAN,MERCHANT_90D,NGN,5000000,5000000,5000000,2025-02-12,2025-02-12,2025-05-13,90,0.326277,FIXED,MONTHLY,1800753.22,WORKING_CAPITAL,LOGISTICS,EQUITY_AND_WAREHOUSE,False,CLOSED,2026-08-21,0,0.0,0,CURRENT,False,,False,False,0,0,PTY-LENDER_B-00000262,ANON-LENDER_B-00000262,ORGANISATION,synthetic,WCDS-0.1
FAC-LENDER_B-00000263,LENDER_B,LENDER_B-100263,,TERM_LOAN,MERCHANT_90D,NGN,15000000,15000000,15000000,2025-11-16,2025-11-16,2026-02-14,90,0.270515,FIXED,MONTHLY,5333511.41,WORKING_CAPITAL,AGRICULTURE,EQUITY_AND_WAREHOUSE,False,ACTIVE,2026-08-21,375000.0,379168.89,15,DPD_1_30,False,,False,False,0,0,PTY-LENDER_B-00000263,ANON-LENDER_B-00000263,ORGANISATION,synthetic,WCDS-0.1
FAC-LENDER_B-00000264,LENDER_B,LENDER_B-100264,,TERM_LOAN,INVOICE_120D,NGN,5000000,5000000,5000000,2026-06-14,2026-06-14,2026-10-12,120,0.234094,FIXED,MONTHLY,1346203.19,WORKING_CAPITAL,SERVICES,EQUITY_AND_WAREHOUSE,False,ACTIVE,2026-08-21,2291666.67,2313713.23,15,DPD_1_30,False,,False,False,0,0,PTY-LENDER_B-00000264,ANON-LENDER_B-00000264,ORGANISATION,synthetic,WCDS-0.1
FAC-LENDER_B-00000265,LENDER_B,LENDER_B-100265,,TERM_LOAN,SME_WC_180D,NGN,10000000,10000000,10000000,2025-01-07,2025-01-07,2025-07-06,180,0.315247,FIXED,MONTHLY,1925774.09,WORKING_CAPITAL,SERVICES,EQUITY_AND_WAREHOUSE,False,ACTIVE,2026-08-21,116666.67,117372.01,7,DPD_1_30,False,,False,False,0,0,PTY-LENDER_B-00000265,ANON-LENDER_B-00000265,ORGANISATION,synthetic,WCDS-0.1
FAC-LENDER_B-00000266,LENDER_B,LENDER_B-100266,,TERM_LOAN,MERCHANT_90D,NGN,1000000,1000000,1000000,2025-11-04,2025-11-04,2026-02-02,90,0.26601,FIXED,MONTHLY,355197.17,WORKING_CAPITAL,RETAIL,EQUITY_AND_WAREHOUSE,True,CLOSED,2026-08-21,0,0.0,0,CURRENT,False,,False,False,0,0,PTY-LENDER_B-00000266,ANON-LENDER_B-00000266,ORGANISATION,synthetic,WCDS-0.1
FAC-LENDER_B-00000267,LENDER_B,LENDER_B-100267,,TERM_LOAN,SME_WC_180D,NGN,500000,500000,500000,2025-11-09,2025-11-09,2026-05-08,180,0.27428,FIXED,MONTHLY,94605.13,WORKING_CAPITAL,MANUFACTURING,EQUITY_AND_WAREHOUSE,True,CLOSED,2026-08-21,0,0.0,0,CURRENT,False,,False,False,0,0,PTY-LENDER_B-00000267,ANON-LENDER_B-00000267,ORGANISATION,synthetic,WCDS-0.1
FAC-LENDER_B-00000268,LENDER_B,LENDER_B-100268,,TERM_LOAN,MERCHANT_90D,NGN,2000000,2000000,2000000,2025-11-14,2025-11-14,2026-02-12,90,0.318243,FIXED,MONTHLY,718980.52,WORKING_CAPITAL,MANUFACTURING,EQUITY_AND_WAREHOUSE,False,ACTIVE,2026-08-21,116666.67,119718.31,35,DPD_31_60,False,,False,False,0,0,PTY-LENDER_B-00000268,ANON-LENDER_B-00000268,ORGANISATION,synthetic,WCDS-0.1
FAC-LENDER_B-00000269,LENDER_B,LENDER_B-100269,,TERM_LOAN,SME_WC_180D,NGN,7500000,7500000,7500000,2025-12-31,2025-12-31,2026-06-29,180,0.220887,FIXED,MONTHLY,1386163.26,WORKING_CAPITAL,HOSPITALITY,EQUITY_AND_WAREHOUSE,False,CLOSED,2026-08-21,0,0.0,0,CURRENT,False,,False,False,0,0,PTY-LENDER_B-00000269,ANON-LENDER_B-00000269,ORGANISATION,synthetic,WCDS-0.1
FAC-LENDER_B-00000270,LENDER_B,LENDER_B-100270,,TERM_LOAN,INVOICE_120D,NGN,3000000,3000000,3000000,2025-11-20,2025-11-20,2026-03-20,120,0.289704,FIXED,MONTHLY,821433.97,WORKING_CAPITAL,RETAIL,EQUITY_AND_WAREHOUSE,False,ACTIVE,2026-08-21,35000.0,35194.46,7,DPD_1_30,False,,False,False,0,0,PTY-LENDER_B-00000270,ANON-LENDER_B-00000270,ORGANISATION,synthetic,WCDS-0.1
FAC-LENDER_B-00000271,LENDER_B,LENDER_B-100271,,TERM_LOAN,INVOICE_120D,NGN,1000000,1000000,1000000,2026-06-22,2026-06-22,2026-10-20,120,0.212722,FIXED,MONTHLY,267484.02,WORKING_CAPITAL,LOGISTICS,EQUITY_AND_WAREHOUSE,False,ACTIVE,2026-08-21,500000.0,500000.0,0,CURRENT,False,,False,False,0,0,PTY-LENDER_B-00000271,ANON-LENDER_B-00000271,ORGANISATION,synthetic,WCDS-0.1
FAC-LENDER_B-00000272,LENDER_B,LENDER_B-100272,,TERM_LOAN,SME_WC_180D,NGN,15000000,15000000,15000000,2025-12-21,2025-12-21,2026-06-19,180,0.238426,FIXED,MONTHLY,2793949.31,WORKING_CAPITAL,AGRICULTURE,EQUITY_AND_WAREHOUSE,True,CLOSED,2026-08-21,0,0.0,0,CURRENT,False,,False,False,0,0,PTY-LENDER_B-00000272,ANON-LENDER_B-00000272,ORGANISATION,synthetic,WCDS-0.1
FAC-LENDER_B-00000273,LENDER_B,LENDER_B-100273,,TERM_LOAN,INVOICE_120D,NGN,3000000,3000000,3000000,2025-12-14,2025-12-14,2026-04-13,120,0.225745,FIXED,MONTHLY,805663.03,WORKING_CAPITAL,MANUFACTURING,EQUITY_AND_WAREHOUSE,False,CLOSED,2026-08-21,0,0.0,0,CURRENT,False,,False,False,0,0,PTY-LENDER_B-00000273,ANON-LENDER_B-00000273,ORGANISATION,synthetic,WCDS-0.1
FAC-LENDER_B-00000274,LENDER_B,LENDER_B-100274,,TERM_LOAN,MERCHANT_90D,NGN,1500000,1500000,1500000,2025-06-12,2025-06-12,2025-09-10,90,0.247748,FIXED,MONTHLY,530544.26,WORKING_CAPITAL,AGRICULTURE,EQUITY_AND_WAREHOUSE,False,CLOSED,2026-08-21,0,0.0,0,CURRENT,False,,False,False,0,0,PTY-LENDER_B-00000274,ANON-LENDER_B-00000274,ORGANISATION,synthetic,WCDS-0.1
FAC-LENDER_B-00000275,LENDER_B,LENDER_B-100275,,TERM_LOAN,INVOICE_120D,NGN,3000000,3000000,3000000,2025-07-24,2025-07-24,2025-11-21,120,0.202469,FIXED,MONTHLY,799923.98,WORKING_CAPITAL,AGRICULTURE,EQUITY_AND_WAREHOUSE,False,CLOSED,2026-08-21,0,0.0,0,CURRENT,False,,False,False,0,0,PTY-LENDER_B-00000275,ANON-LENDER_B-00000275,ORGANISATION,synthetic,WCDS-0.1
FAC-LENDER_B-00000276,LENDER_B,LENDER_B-100276,,TERM_LOAN,MERCHANT_90D,NGN,2000000,2000000,2000000,2026-07-16,2026-07-16,2026-10-14,90,0.33735,FIXED,MONTHLY,722121.48,WORKING_CAPITAL,LOGISTICS,EQUITY_AND_WAREHOUSE,False,ACTIVE,2026-08-21,1200000.0,1200000.0,0,CURRENT,False,,False,False,0,0,PTY-LENDER_B-00000276,ANON-LENDER_B-00000276,ORGANISATION,synthetic,WCDS-0.1
FAC-LENDER_B-00000277,LENDER_B,LENDER_B-100277,,TERM_LOAN,INVOICE_120D,NGN,10000000,10000000,10000000,2026-01-03,2026-01-03,2026-05-03,120,0.271577,FIXED,MONTHLY,2723213.81,WORKING_CAPITAL,MANUFACTURING,EQUITY_AND_WAREHOUSE,False,CLOSED,2026-08-21,0,0.0,0,CURRENT,False,,False,False,0,0,PTY-LENDER_B-00000277,ANON-LENDER_B-00000277,ORGANISATION,synthetic,WCDS-0.1
FAC-LENDER_B-00000278,LENDER_B,LENDER_B-100278,,TERM_LOAN,INVOICE_120D,NGN,750000,750000,750000,2025-12-25,2025-12-25,2026-04-24,120,0.215007,FIXED,MONTHLY,200753.89,WORKING_CAPITAL,RETAIL,EQUITY_AND_WAREHOUSE,False,CLOSED,2026-08-21,0,0.0,0,CURRENT,False,,False,False,0,0,PTY-LENDER_B-00000278,ANON-LENDER_B-00000278,ORGANISATION,synthetic,WCDS-0.1
FAC-LENDER_B-00000279,LENDER_B,LENDER_B-100279,,TERM_LOAN,INVOICE_120D,NGN,750000,750000,750000,2025-04-15,2025-04-15,2025-08-13,120,0.273395,FIXED,MONTHLY,204353.12,WORKING_CAPITAL,MANUFACTURING,EQUITY_AND_WAREHOUSE,False,CLOSED,2026-08-21,0,0.0,0,CURRENT,False,,False,False,0,0,PTY-LENDER_B-00000279,ANON-LENDER_B-00000279,ORGANISATION,synthetic,WCDS-0.1
FAC-LENDER_B-00000280,LENDER_B,LENDER_B-100280,,TERM_LOAN,INVOICE_120D,NGN,2000000,2000000,2000000,2025-08-06,2025-08-06,2025-12-04,120,0.219502,FIXED,MONTHLY,536082.58,WORKING_CAPITAL,LOGISTICS,EQUITY_AND_WAREHOUSE,True,CLOSED,2026-08-21,0,0.0,0,CURRENT,False,,False,False,0,0,PTY-LENDER_B-00000280,ANON-LENDER_B-00000280,ORGANISATION,synthetic,WCDS-0.1
FAC-LENDER_B-00000281,LENDER_B,LENDER_B-100281,,TERM_LOAN,SME_WC_180D,NGN,5000000,5000000,5000000,2025-01-15,2025-01-15,2025-07-14,180,0.31724,FIXED,MONTHLY,963705.81,WORKING_CAPITAL,AGRICULTURE,EQUITY_AND_WAREHOUSE,True,CLOSED,2026-08-21,0,0.0,0,CURRENT,False,,False,False,0,0,PTY-LENDER_B-00000281,ANON-LENDER_B-00000281,ORGANISATION,synthetic,WCDS-0.1
FAC-LENDER_B-00000282,LENDER_B,LENDER_B-100282,,TERM_LOAN,SME_WC_180D,NGN,5000000,5000000,5000000,2026-04-05,2026-04-05,2026-10-02,180,0.285333,FIXED,MONTHLY,950593.47,WORKING_CAPITAL,LOGISTICS,EQUITY_AND_WAREHOUSE,False,ACTIVE,2026-08-21,1708333.33,1748397.21,65,DPD_61_90,False,,False,False,0,0,PTY-LENDER_B-00000282,ANON-LENDER_B-00000282,ORGANISATION,synthetic,WCDS-0.1
FAC-LENDER_B-00000283,LENDER_B,LENDER_B-100283,,TERM_LOAN,INVOICE_120D,NGN,2000000,2000000,2000000,2026-04-13,2026-04-13,2026-08-11,120,0.26659,FIXED,MONTHLY,543823.06,WORKING_CAPITAL,AGRICULTURE,EQUITY_AND_WAREHOUSE,True,CLOSED,2026-08-21,0,0.0,0,CURRENT,False,,False,False,0,0,PTY-LENDER_B-00000283,ANON-LENDER_B-00000283,ORGANISATION,synthetic,WCDS-0.1
FAC-LENDER_B-00000284,LENDER_B,LENDER_B-100284,,TERM_LOAN,INVOICE_120D,NGN,1500000,1500000,1500000,2026-07-27,2026-07-27,2026-11-24,120,0.257601,FIXED,MONTHLY,406759.05,WORKING_CAPITAL,LOGISTICS,EQUITY_AND_WAREHOUSE,False,ACTIVE,2026-08-21,1187500.0,1187500.0,0,CURRENT,False,,False,False,0,0,PTY-LENDER_B-00000284,ANON-LENDER_B-00000284,ORGANISATION,synthetic,WCDS-0.1
FAC-LENDER_B-00000285,LENDER_B,LENDER_B-100285,,TERM_LOAN,SME_WC_180D,NGN,750000,750000,750000,2025-05-27,2025-05-27,2025-11-23,180,0.296551,FIXED,MONTHLY,143280.54,WORKING_CAPITAL,LOGISTICS,EQUITY_AND_WAREHOUSE,False,CLOSED,2026-08-21,0,0.0,0,CURRENT,False,,False,False,0,0,PTY-LENDER_B-00000285,ANON-LENDER_B-00000285,ORGANISATION,synthetic,WCDS-0.1
FAC-LENDER_B-00000286,LENDER_B,LENDER_B-100286,,TERM_LOAN,INVOICE_120D,NGN,5000000,5000000,5000000,2025-06-26,2025-06-26,2025-10-24,120,0.25149,FIXED,MONTHLY,1353351.94,WORKING_CAPITAL,SERVICES,EQUITY_AND_WAREHOUSE,True,CLOSED,2026-08-21,0,0.0,0,CURRENT,False,,False,False,0,0,PTY-LENDER_B-00000286,ANON-LENDER_B-00000286,ORGANISATION,synthetic,WCDS-0.1
FAC-LENDER_B-00000287,LENDER_B,LENDER_B-100287,,TERM_LOAN,SME_WC_180D,NGN,15000000,15000000,15000000,2026-06-26,2026-06-26,2026-12-23,180,0.249339,FIXED,MONTHLY,2807404.48,WORKING_CAPITAL,MANUFACTURING,EQUITY_AND_WAREHOUSE,False,ACTIVE,2026-08-21,10333333.33,10333333.33,0,CURRENT,False,,False,False,0,0,PTY-LENDER_B-00000287,ANON-LENDER_B-00000287,ORGANISATION,synthetic,WCDS-0.1
FAC-LENDER_B-00000288,LENDER_B,LENDER_B-100288,,TERM_LOAN,INVOICE_120D,NGN,7500000,7500000,7500000,2025-10-19,2025-10-19,2026-02-16,120,0.291067,FIXED,MONTHLY,2054425.12,WORKING_CAPITAL,HOSPITALITY,EQUITY_AND_WAREHOUSE,False,ACTIVE,2026-08-21,87500.0,87988.44,7,DPD_1_30,False,,False,False,0,0,PTY-LENDER_B-00000288,ANON-LENDER_B-00000288,ORGANISATION,synthetic,WCDS-0.1
FAC-LENDER_B-00000289,LENDER_B,LENDER_B-100289,,TERM_LOAN,INVOICE_120D,NGN,10000000,10000000,10000000,2026-08-04,2026-08-04,2026-12-02,120,0.272371,FIXED,MONTHLY,2723866.37,WORKING_CAPITAL,RETAIL,EQUITY_AND_WAREHOUSE,True,ACTIVE,2026-08-21,8583333.33,8583333.33,0,CURRENT,False,,False,False,0,0,PTY-LENDER_B-00000289,ANON-LENDER_B-00000289,ORGANISATION,synthetic,WCDS-0.1
FAC-LENDER_B-00000290,LENDER_B,LENDER_B-100290,,TERM_LOAN,SME_WC_180D,NGN,1000000,1000000,1000000,2025-10-29,2025-10-29,2026-04-27,180,0.28494,FIXED,MONTHLY,190086.43,WORKING_CAPITAL,MANUFACTURING,EQUITY_AND_WAREHOUSE,False,DEFAULTED,2026-08-21,150000.0,153512.96,95,DPD_90_PLUS,True,2026-08-16,True,False,0,0,PTY-LENDER_B-00000290,ANON-LENDER_B-00000290,ORGANISATION,synthetic,WCDS-0.1
FAC-LENDER_B-00000291,LENDER_B,LENDER_B-100291,,TERM_LOAN,INVOICE_120D,NGN,15000000,15000000,15000000,2025-06-01,2025-06-01,2025-09-29,120,0.256413,FIXED,MONTHLY,4066125.78,WORKING_CAPITAL,MANUFACTURING,EQUITY_AND_WAREHOUSE,False,CLOSED,2026-08-21,0,0.0,0,CURRENT,False,,False,False,0,0,PTY-LENDER_B-00000291,ANON-LENDER_B-00000291,ORGANISATION,synthetic,WCDS-0.1
FAC-LENDER_B-00000292,LENDER_B,LENDER_B-100292,,TERM_LOAN,MERCHANT_90D,NGN,1500000,1500000,1500000,2024-12-31,2024-12-31,2025-03-31,90,0.278407,FIXED,MONTHLY,534324.12,WORKING_CAPITAL,SERVICES,EQUITY_AND_WAREHOUSE,False,ACTIVE,2026-08-21,87500.0,89502.24,35,DPD_31_60,False,,False,False,0,0,PTY-LENDER_B-00000292,ANON-LENDER_B-00000292,ORGANISATION,synthetic,WCDS-0.1
FAC-LENDER_B-00000293,LENDER_B,LENDER_B-100293,,TERM_LOAN,SME_WC_180D,NGN,7500000,7500000,7500000,2025-10-20,2025-10-20,2026-04-18,180,0.236559,FIXED,MONTHLY,1395824.2,WORKING_CAPITAL,LOGISTICS,EQUITY_AND_WAREHOUSE,False,DEFAULTED,2026-08-21,1125000.0,1146873.63,95,DPD_90_PLUS,True,2026-08-16,False,False,0,0,PTY-LENDER_B-00000293,ANON-LENDER_B-00000293,ORGANISATION,synthetic,WCDS-0.1
FAC-LENDER_B-00000294,LENDER_B,LENDER_B-100294,,TERM_LOAN,SME_WC_180D,NGN,1000000,1000000,1000000,2025-03-09,2025-03-09,2025-09-05,180,0.230612,FIXED,MONTHLY,185621.07,WORKING_CAPITAL,RETAIL,EQUITY_AND_WAREHOUSE,True,ACTIVE,2026-08-21,11666.67,11718.26,7,DPD_1_30,False,,False,False,0,0,PTY-LENDER_B-00000294,ANON-LENDER_B-00000294,ORGANISATION,synthetic,WCDS-0.1
FAC-LENDER_B-00000295,LENDER_B,LENDER_B-100295,,TERM_LOAN,INVOICE_120D,NGN,10000000,10000000,10000000,2026-07-16,2026-07-16,2026-11-13,120,0.295986,FIXED,MONTHLY,2743275.89,WORKING_CAPITAL,LOGISTICS,EQUITY_AND_WAREHOUSE,True,ACTIVE,2026-08-21,7000000.0,7000000.0,0,CURRENT,False,,False,False,0,0,PTY-LENDER_B-00000295,ANON-LENDER_B-00000295,ORGANISATION,synthetic,WCDS-0.1
FAC-LENDER_B-00000296,LENDER_B,LENDER_B-100296,,TERM_LOAN,SME_WC_180D,NGN,10000000,10000000,10000000,2025-10-13,2025-10-13,2026-04-11,180,0.314788,FIXED,MONTHLY,1925396.51,WORKING_CAPITAL,LOGISTICS,EQUITY_AND_WAREHOUSE,False,ACTIVE,2026-08-21,1083333.33,1111362.4,65,DPD_61_90,False,,False,False,0,0,PTY-LENDER_B-00000296,ANON-LENDER_B-00000296,ORGANISATION,synthetic,WCDS-0.1
FAC-LENDER_B-00000297,LENDER_B,LENDER_B-100297,,TERM_LOAN,SME_WC_180D,NGN,2000000,2000000,2000000,2025-10-30,2025-10-30,2026-04-28,180,0.231994,FIXED,MONTHLY,371469.34,WORKING_CAPITAL,RETAIL,EQUITY_AND_WAREHOUSE,False,ACTIVE,2026-08-21,23333.33,23437.15,7,DPD_1_30,False,,False,False,0,0,PTY-LENDER_B-00000297,ANON-LENDER_B-00000297,ORGANISATION,synthetic,WCDS-0.1
FAC-LENDER_B-00000298,LENDER_B,LENDER_B-100298,,TERM_LOAN,MERCHANT_90D,NGN,750000,750000,750000,2025-09-02,2025-09-02,2025-12-01,90,0.251646,FIXED,MONTHLY,265512.44,WORKING_CAPITAL,AGRICULTURE,EQUITY_AND_WAREHOUSE,True,CLOSED,2026-08-21,0,0.0,0,CURRENT,False,,False,False,0,0,PTY-LENDER_B-00000298,ANON-LENDER_B-00000298,ORGANISATION,synthetic,WCDS-0.1
FAC-LENDER_B-00000299,LENDER_B,LENDER_B-100299,,TERM_LOAN,INVOICE_120D,NGN,3000000,3000000,3000000,2025-02-24,2025-02-24,2025-06-24,120,0.277705,FIXED,MONTHLY,818475.1,WORKING_CAPITAL,RETAIL,EQUITY_AND_WAREHOUSE,False,CLOSED,2026-08-21,0,0.0,0,CURRENT,False,,False,False,0,0,PTY-LENDER_B-00000299,ANON-LENDER_B-00000299,ORGANISATION,synthetic,WCDS-0.1
FAC-LENDER_B-00000300,LENDER_B,LENDER_B-100300,,TERM_LOAN,MERCHANT_90D,NGN,500000,500000,500000,2025-07-22,2025-07-22,2025-10-20,90,0.324143,FIXED,MONTHLY,179987.62,WORKING_CAPITAL,LOGISTICS,EQUITY_AND_WAREHOUSE,True,ACTIVE,2026-08-21,29166.67,29943.72,35,DPD_31_60,False,,False,False,0,0,PTY-LENDER_B-00000300,ANON-LENDER_B-00000300,ORGANISATION,synthetic,WCDS-0.1
FAC-LENDER_B-00000301,LENDER_B,LENDER_B-100301,,TERM_LOAN,MERCHANT_90D,NGN,7500000,7500000,7500000,2026-05-13,2026-05-13,2026-08-11,90,0.259568,FIXED,MONTHLY,2660007.57,WORKING_CAPITAL,AGRICULTURE,EQUITY_AND_WAREHOUSE,True,DEFAULTED,2026-08-21,1125000.0,1149001.13,95,DPD_90_PLUS,True,2026-08-16,False,False,0,0,PTY-LENDER_B-00000301,ANON-LENDER_B-00000301,ORGANISATION,synthetic,WCDS-0.1
FAC-LENDER_B-00000302,LENDER_B,LENDER_B-100302,,TERM_LOAN,INVOICE_120D,NGN,15000000,15000000,15000000,2026-07-03,2026-07-03,2026-10-31,120,0.206726,FIXED,MONTHLY,4004867.83,WORKING_CAPITAL,LOGISTICS,EQUITY_AND_WAREHOUSE,False,ACTIVE,2026-08-21,8875000.0,8875000.0,0,DPD_31_60,False,,False,False,0,0,PTY-LENDER_B-00000302,ANON-LENDER_B-00000302,ORGANISATION,synthetic,WCDS-0.1
FAC-LENDER_B-00000303,LENDER_B,LENDER_B-100303,,TERM_LOAN,INVOICE_120D,NGN,3000000,3000000,3000000,2026-02-08,2026-02-08,2026-06-08,120,0.25839,FIXED,MONTHLY,813712.58,WORKING_CAPITAL,SERVICES,EQUITY_AND_WAREHOUSE,False,ACTIVE,2026-08-21,175000.0,178716.57,35,DPD_31_60,False,,False,False,0,0,PTY-LENDER_B-00000303,ANON-LENDER_B-00000303,ORGANISATION,synthetic,WCDS-0.1
FAC-LENDER_B-00000304,LENDER_B,LENDER_B-100304,,TERM_LOAN,INVOICE_120D,NGN,5000000,5000000,5000000,2025-04-06,2025-04-06,2025-08-04,120,0.249022,FIXED,MONTHLY,1352337.89,WORKING_CAPITAL,MANUFACTURING,EQUITY_AND_WAREHOUSE,True,CLOSED,2026-08-21,0,0.0,0,CURRENT,False,,False,False,0,0,PTY-LENDER_B-00000304,ANON-LENDER_B-00000304,ORGANISATION,synthetic,WCDS-0.1
FAC-LENDER_B-00000305,LENDER_B,LENDER_B-100305,,TERM_LOAN,SME_WC_180D,NGN,5000000,5000000,5000000,2025-06-02,2025-06-02,2025-11-29,180,0.316292,FIXED,MONTHLY,963316.3,WORKING_CAPITAL,SERVICES,EQUITY_AND_WAREHOUSE,True,CLOSED,2026-08-21,0,0.0,0,CURRENT,False,,False,False,0,0,PTY-LENDER_B-00000305,ANON-LENDER_B-00000305,ORGANISATION,synthetic,WCDS-0.1
FAC-LENDER_B-00000306,LENDER_B,LENDER_B-100306,,TERM_LOAN,INVOICE_120D,NGN,5000000,5000000,5000000,2025-04-03,2025-04-03,2025-08-01,120,0.211354,FIXED,MONTHLY,1336857.66,WORKING_CAPITAL,HOSPITALITY,EQUITY_AND_WAREHOUSE,True,ACTIVE,2026-08-21,291666.67,296733.36,35,DPD_31_60,False,,False,False,0,0,PTY-LENDER_B-00000306,ANON-LENDER_B-00000306,ORGANISATION,synthetic,WCDS-0.1
FAC-LENDER_B-00000307,LENDER_B,LENDER_B-100307,,TERM_LOAN,SME_WC_180D,NGN,10000000,10000000,10000000,2025-06-19,2025-06-19,2025-12-16,180,0.288722,FIXED,MONTHLY,1903972.58,WORKING_CAPITAL,LOGISTICS,EQUITY_AND_WAREHOUSE,False,CLOSED,2026-08-21,0,0.0,0,CURRENT,False,,False,False,0,0,PTY-LENDER_B-00000307,ANON-LENDER_B-00000307,ORGANISATION,synthetic,WCDS-0.1
FAC-LENDER_B-00000308,LENDER_B,LENDER_B-100308,,TERM_LOAN,SME_WC_180D,NGN,7500000,7500000,7500000,2026-06-17,2026-06-17,2026-12-14,180,0.246161,FIXED,MONTHLY,1401742.79,WORKING_CAPITAL,SERVICES,EQUITY_AND_WAREHOUSE,True,ACTIVE,2026-08-21,4791666.67,4791666.67,0,CURRENT,False,,False,False,0,0,PTY-LENDER_B-00000308,ANON-LENDER_B-00000308,ORGANISATION,synthetic,WCDS-0.1
FAC-LENDER_B-00000309,LENDER_B,LENDER_B-100309,,TERM_LOAN,SME_WC_180D,NGN,7500000,7500000,7500000,2026-02-22,2026-02-22,2026-08-21,180,0.253984,FIXED,MONTHLY,1406565.58,WORKING_CAPITAL,SERVICES,EQUITY_AND_WAREHOUSE,True,CLOSED,2026-08-21,0,0.0,0,CURRENT,False,,False,False,0,0,PTY-LENDER_B-00000309,ANON-LENDER_B-00000309,ORGANISATION,synthetic,WCDS-0.1
FAC-LENDER_B-00000310,LENDER_B,LENDER_B-100310,,TERM_LOAN,INVOICE_120D,NGN,3000000,3000000,3000000,2026-07-22,2026-07-22,2026-11-19,120,0.296826,FIXED,MONTHLY,823189.87,WORKING_CAPITAL,LOGISTICS,EQUITY_AND_WAREHOUSE,False,DEFAULTED,2026-08-21,2700000.0,2765870.88,95,DPD_90_PLUS,True,2026-08-16,True,False,0,0,PTY-LENDER_B-00000310,ANON-LENDER_B-00000310,ORGANISATION,synthetic,WCDS-0.1
FAC-LENDER_B-00000311,LENDER_B,LENDER_B-100311,,TERM_LOAN,SME_WC_180D,NGN,10000000,10000000,10000000,2025-02-26,2025-02-26,2025-08-25,180,0.298043,FIXED,MONTHLY,1911633.81,WORKING_CAPITAL,RETAIL,EQUITY_AND_WAREHOUSE,False,CLOSED,2026-08-21,0,0.0,0,CURRENT,False,,False,False,0,0,PTY-LENDER_B-00000311,ANON-LENDER_B-00000311,ORGANISATION,synthetic,WCDS-0.1
FAC-LENDER_B-00000312,LENDER_B,LENDER_B-100312,,TERM_LOAN,SME_WC_180D,NGN,1500000,1500000,1500000,2025-07-25,2025-07-25,2026-01-21,180,0.318522,FIXED,MONTHLY,289269.8,WORKING_CAPITAL,AGRICULTURE,EQUITY_AND_WAREHOUSE,False,CLOSED,2026-08-21,0,0.0,0,CURRENT,False,,False,False,0,0,PTY-LENDER_B-00000312,ANON-LENDER_B-00000312,ORGANISATION,synthetic,WCDS-0.1
FAC-LENDER_B-00000313,LENDER_B,LENDER_B-100313,,TERM_LOAN,MERCHANT_90D,NGN,500000,500000,500000,2025-06-30,2025-06-30,2025-09-28,90,0.261562,FIXED,MONTHLY,177415.77,WORKING_CAPITAL,MANUFACTURING,EQUITY_AND_WAREHOUSE,True,ACTIVE,2026-08-21,12500.0,12634.36,15,DPD_1_30,False,,False,False,0,0,PTY-LENDER_B-00000313,ANON-LENDER_B-00000313,ORGANISATION,synthetic,WCDS-0.1
FAC-LENDER_B-00000314,LENDER_B,LENDER_B-100314,,TERM_LOAN,INVOICE_120D,NGN,1500000,1500000,1500000,2026-04-07,2026-04-07,2026-08-05,120,0.202424,FIXED,MONTHLY,399956.44,WORKING_CAPITAL,RETAIL,EQUITY_AND_WAREHOUSE,True,ACTIVE,2026-08-21,37500.0,37811.96,15,DPD_1_30,False,,False,False,0,0,PTY-LENDER_B-00000314,ANON-LENDER_B-00000314,ORGANISATION,synthetic,WCDS-0.1
FAC-LENDER_B-00000315,LENDER_B,LENDER_B-100315,,TERM_LOAN,SME_WC_180D,NGN,750000,750000,750000,2025-06-12,2025-06-12,2025-12-09,180,0.260075,FIXED,MONTHLY,141032.03,WORKING_CAPITAL,RETAIL,EQUITY_AND_WAREHOUSE,True,CLOSED,2026-08-21,0,0.0,0,CURRENT,False,,False,False,0,0,PTY-LENDER_B-00000315,ANON-LENDER_B-00000315,ORGANISATION,synthetic,WCDS-0.1
FAC-LENDER_B-00000316,LENDER_B,LENDER_B-100316,,TERM_LOAN,MERCHANT_90D,NGN,15000000,15000000,15000000,2025-09-26,2025-09-26,2025-12-25,90,0.314265,FIXED,MONTHLY,5387450.24,WORKING_CAPITAL,SERVICES,EQUITY_AND_WAREHOUSE,True,ACTIVE,2026-08-21,375000.0,379843.13,15,DPD_1_30,False,,False,False,0,0,PTY-LENDER_B-00000316,ANON-LENDER_B-00000316,ORGANISATION,synthetic,WCDS-0.1
FAC-LENDER_B-00000317,LENDER_B,LENDER_B-100317,,TERM_LOAN,SME_WC_180D,NGN,1500000,1500000,1500000,2024-12-29,2024-12-29,2025-06-27,180,0.294348,FIXED,MONTHLY,286289.52,WORKING_CAPITAL,RETAIL,EQUITY_AND_WAREHOUSE,True,CLOSED,2026-08-21,0,0.0,0,CURRENT,False,,False,False,0,0,PTY-LENDER_B-00000317,ANON-LENDER_B-00000317,ORGANISATION,synthetic,WCDS-0.1
FAC-LENDER_B-00000318,LENDER_B,LENDER_B-100318,,TERM_LOAN,INVOICE_120D,NGN,2000000,2000000,2000000,2025-02-11,2025-02-11,2025-06-11,120,0.296689,FIXED,MONTHLY,548770.73,WORKING_CAPITAL,SERVICES,EQUITY_AND_WAREHOUSE,True,CLOSED,2026-08-21,0,0.0,0,CURRENT,False,,False,False,0,0,PTY-LENDER_B-00000318,ANON-LENDER_B-00000318,ORGANISATION,synthetic,WCDS-0.1
FAC-LENDER_B-00000319,LENDER_B,LENDER_B-100319,,TERM_LOAN,SME_WC_180D,NGN,10000000,10000000,10000000,2025-12-25,2025-12-25,2026-06-23,180,0.319315,FIXED,MONTHLY,1929117.68,WORKING_CAPITAL,HOSPITALITY,EQUITY_AND_WAREHOUSE,True,CLOSED,2026-08-21,0,0.0,0,CURRENT,False,,False,False,0,0,PTY-LENDER_B-00000319,ANON-LENDER_B-00000319,ORGANISATION,synthetic,WCDS-0.1
FAC-LENDER_B-00000320,LENDER_B,LENDER_B-100320,,TERM_LOAN,SME_WC_180D,NGN,15000000,15000000,15000000,2025-09-05,2025-09-05,2026-03-04,180,0.297121,FIXED,MONTHLY,2866313.04,WORKING_CAPITAL,RETAIL,EQUITY_AND_WAREHOUSE,False,CLOSED,2026-08-21,0,0.0,0,CURRENT,False,,False,False,0,0,PTY-LENDER_B-00000320,ANON-LENDER_B-00000320,ORGANISATION,synthetic,WCDS-0.1
FAC-LENDER_B-00000321,LENDER_B,LENDER_B-100321,,TERM_LOAN,MERCHANT_90D,NGN,7500000,7500000,7500000,2026-03-20,2026-03-20,2026-06-18,90,0.302991,FIXED,MONTHLY,2686775.51,WORKING_CAPITAL,MANUFACTURING,EQUITY_AND_WAREHOUSE,True,CLOSED,2026-08-21,0,0.0,0,CURRENT,False,,False,False,0,0,PTY-LENDER_B-00000321,ANON-LENDER_B-00000321,ORGANISATION,synthetic,WCDS-0.1
FAC-LENDER_B-00000322,LENDER_B,LENDER_B-100322,,TERM_LOAN,MERCHANT_90D,NGN,500000,500000,500000,2025-09-27,2025-09-27,2025-12-26,90,0.323807,FIXED,MONTHLY,179973.81,WORKING_CAPITAL,SERVICES,EQUITY_AND_WAREHOUSE,True,ACTIVE,2026-08-21,5833.33,5869.56,7,DPD_1_30,False,,False,False,0,0,PTY-LENDER_B-00000322,ANON-LENDER_B-00000322,ORGANISATION,synthetic,WCDS-0.1
FAC-LENDER_B-00000323,LENDER_B,LENDER_B-100323,,TERM_LOAN,INVOICE_120D,NGN,5000000,5000000,5000000,2026-01-09,2026-01-09,2026-05-09,120,0.2689,FIXED,MONTHLY,1360506.75,WORKING_CAPITAL,RETAIL,EQUITY_AND_WAREHOUSE,True,ACTIVE,2026-08-21,58333.33,58634.16,7,DPD_1_30,False,,False,False,0,0,PTY-LENDER_B-00000323,ANON-LENDER_B-00000323,ORGANISATION,synthetic,WCDS-0.1
FAC-LENDER_B-00000324,LENDER_B,LENDER_B-100324,,TERM_LOAN,INVOICE_120D,NGN,1500000,1500000,1500000,2025-04-04,2025-04-04,2025-08-02,120,0.231302,FIXED,MONTHLY,403516.64,WORKING_CAPITAL,AGRICULTURE,EQUITY_AND_WAREHOUSE,False,CLOSED,2026-08-21,0,0.0,0,CURRENT,False,,False,False,0,0,PTY-LENDER_B-00000324,ANON-LENDER_B-00000324,ORGANISATION,synthetic,WCDS-0.1
FAC-LENDER_B-00000325,LENDER_B,LENDER_B-100325,,TERM_LOAN,MERCHANT_90D,NGN,5000000,5000000,5000000,2026-04-03,2026-04-03,2026-07-02,90,0.325865,FIXED,MONTHLY,1800583.91,WORKING_CAPITAL,HOSPITALITY,EQUITY_AND_WAREHOUSE,True,ACTIVE,2026-08-21,58333.33,58697.89,7,DPD_1_30,False,,False,False,0,0,PTY-LENDER_B-00000325,ANON-LENDER_B-00000325,ORGANISATION,synthetic,WCDS-0.1
FAC-LENDER_B-00000326,LENDER_B,LENDER_B-100326,,TERM_LOAN,SME_WC_180D,NGN,750000,750000,750000,2025-03-22,2025-03-22,2025-09-18,180,0.294815,FIXED,MONTHLY,143173.52,WORKING_CAPITAL,RETAIL,EQUITY_AND_WAREHOUSE,False,CLOSED,2026-08-21,0,0.0,0,CURRENT,False,,False,False,0,0,PTY-LENDER_B-00000326,ANON-LENDER_B-00000326,ORGANISATION,synthetic,WCDS-0.1
FAC-LENDER_B-00000327,LENDER_B,LENDER_B-100327,,TERM_LOAN,INVOICE_120D,NGN,5000000,5000000,5000000,2026-04-13,2026-04-13,2026-08-11,120,0.274899,FIXED,MONTHLY,1362972.33,WORKING_CAPITAL,SERVICES,EQUITY_AND_WAREHOUSE,True,CLOSED,2026-08-21,0,0.0,0,CURRENT,False,,False,False,0,0,PTY-LENDER_B-00000327,ANON-LENDER_B-00000327,ORGANISATION,synthetic,WCDS-0.1
FAC-LENDER_B-00000328,LENDER_B,LENDER_B-100328,,TERM_LOAN,INVOICE_120D,NGN,3000000,3000000,3000000,2025-01-11,2025-01-11,2025-05-11,120,0.267668,FIXED,MONTHLY,816000.41,WORKING_CAPITAL,MANUFACTURING,EQUITY_AND_WAREHOUSE,False,CLOSED,2026-08-21,0,0.0,0,CURRENT,False,,False,False,0,0,PTY-LENDER_B-00000328,ANON-LENDER_B-00000328,ORGANISATION,synthetic,WCDS-0.1
FAC-LENDER_B-00000329,LENDER_B,LENDER_B-100329,,TERM_LOAN,INVOICE_120D,NGN,3000000,3000000,3000000,2025-04-15,2025-04-15,2025-08-13,120,0.220446,FIXED,MONTHLY,804356.59,WORKING_CAPITAL,MANUFACTURING,EQUITY_AND_WAREHOUSE,False,CLOSED,2026-08-21,0,0.0,0,CURRENT,False,,False,False,0,0,PTY-LENDER_B-00000329,ANON-LENDER_B-00000329,ORGANISATION,synthetic,WCDS-0.1
FAC-LENDER_B-00000330,LENDER_B,LENDER_B-100330,,TERM_LOAN,MERCHANT_90D,NGN,1000000,1000000,1000000,2025-04-13,2025-04-13,2025-07-12,90,0.33362,FIXED,MONTHLY,360754.18,WORKING_CAPITAL,MANUFACTURING,EQUITY_AND_WAREHOUSE,False,CLOSED,2026-08-21,0,0.0,0,CURRENT,False,,False,False,0,0,PTY-LENDER_B-00000330,ANON-LENDER_B-00000330,ORGANISATION,synthetic,WCDS-0.1
FAC-LENDER_B-00000331,LENDER_B,LENDER_B-100331,,TERM_LOAN,MERCHANT_90D,NGN,2000000,2000000,2000000,2026-05-07,2026-05-07,2026-08-05,90,0.28163,FIXED,MONTHLY,712962.06,WORKING_CAPITAL,HOSPITALITY,EQUITY_AND_WAREHOUSE,True,CLOSED,2026-08-21,0,0.0,0,CURRENT,False,,False,False,0,0,PTY-LENDER_B-00000331,ANON-LENDER_B-00000331,ORGANISATION,synthetic,WCDS-0.1
FAC-LENDER_B-00000332,LENDER_B,LENDER_B-100332,,TERM_LOAN,MERCHANT_90D,NGN,750000,750000,750000,2025-12-23,2025-12-23,2026-03-23,90,0.273104,FIXED,MONTHLY,266835.15,WORKING_CAPITAL,AGRICULTURE,EQUITY_AND_WAREHOUSE,False,CLOSED,2026-08-21,0,0.0,0,CURRENT,False,,False,False,0,0,PTY-LENDER_B-00000332,ANON-LENDER_B-00000332,ORGANISATION,synthetic,WCDS-0.1
FAC-LENDER_B-00000333,LENDER_B,LENDER_B-100333,,TERM_LOAN,SME_WC_180D,NGN,15000000,15000000,15000000,2025-06-25,2025-06-25,2025-12-22,180,0.239264,FIXED,MONTHLY,2794983.1,WORKING_CAPITAL,HOSPITALITY,EQUITY_AND_WAREHOUSE,True,DEFAULTED,2026-08-21,2250000.0,2294247.46,95,DPD_90_PLUS,True,2026-08-16,False,False,0,0,PTY-LENDER_B-00000333,ANON-LENDER_B-00000333,ORGANISATION,synthetic,WCDS-0.1
FAC-LENDER_B-00000334,LENDER_B,LENDER_B-100334,,TERM_LOAN,MERCHANT_90D,NGN,1500000,1500000,1500000,2025-01-11,2025-01-11,2025-04-11,90,0.30416,FIXED,MONTHLY,537499.17,WORKING_CAPITAL,AGRICULTURE,EQUITY_AND_WAREHOUSE,True,CLOSED,2026-08-21,0,0.0,0,CURRENT,False,,False,False,0,0,PTY-LENDER_B-00000334,ANON-LENDER_B-00000334,ORGANISATION,synthetic,WCDS-0.1
FAC-LENDER_B-00000335,LENDER_B,LENDER_B-100335,,TERM_LOAN,SME_WC_180D,NGN,15000000,15000000,15000000,2025-04-14,2025-04-14,2025-10-11,180,0.278732,FIXED,MONTHLY,2843641.83,WORKING_CAPITAL,MANUFACTURING,EQUITY_AND_WAREHOUSE,False,CLOSED,2026-08-21,0,0.0,0,CURRENT,False,,False,False,0,0,PTY-LENDER_B-00000335,ANON-LENDER_B-00000335,ORGANISATION,synthetic,WCDS-0.1
FAC-LENDER_B-00000336,LENDER_B,LENDER_B-100336,,TERM_LOAN,INVOICE_120D,NGN,1000000,1000000,1000000,2026-08-11,2026-08-11,2026-12-09,120,0.221644,FIXED,MONTHLY,268217.34,WORKING_CAPITAL,LOGISTICS,EQUITY_AND_WAREHOUSE,True,ACTIVE,2026-08-21,916666.67,916666.67,0,CURRENT,False,,False,False,0,0,PTY-LENDER_B-00000336,ANON-LENDER_B-00000336,ORGANISATION,synthetic,WCDS-0.1
FAC-LENDER_B-00000337,LENDER_B,LENDER_B-100337,,TERM_LOAN,SME_WC_180D,NGN,5000000,5000000,5000000,2025-10-06,2025-10-06,2026-04-04,180,0.225219,FIXED,MONTHLY,925889.05,WORKING_CAPITAL,HOSPITALITY,EQUITY_AND_WAREHOUSE,False,CLOSED,2026-08-21,0,0.0,0,CURRENT,False,,False,False,0,0,PTY-LENDER_B-00000337,ANON-LENDER_B-00000337,ORGANISATION,synthetic,WCDS-0.1
FAC-LENDER_B-00000338,LENDER_B,LENDER_B-100338,,TERM_LOAN,SME_WC_180D,NGN,7500000,7500000,7500000,2025-02-23,2025-02-23,2025-08-22,180,0.276015,FIXED,MONTHLY,1420145.93,WORKING_CAPITAL,AGRICULTURE,EQUITY_AND_WAREHOUSE,True,CLOSED,2026-08-21,0,0.0,0,CURRENT,False,,False,False,0,0,PTY-LENDER_B-00000338,ANON-LENDER_B-00000338,ORGANISATION,synthetic,WCDS-0.1
FAC-LENDER_B-00000339,LENDER_B,LENDER_B-100339,,TERM_LOAN,MERCHANT_90D,NGN,2000000,2000000,2000000,2025-05-21,2025-05-21,2025-08-19,90,0.24782,FIXED,MONTHLY,707404.2,WORKING_CAPITAL,HOSPITALITY,EQUITY_AND_WAREHOUSE,True,CLOSED,2026-08-21,0,0.0,0,CURRENT,False,,False,False,0,0,PTY-LENDER_B-00000339,ANON-LENDER_B-00000339,ORGANISATION,synthetic,WCDS-0.1
FAC-LENDER_B-00000340,LENDER_B,LENDER_B-100340,,TERM_LOAN,INVOICE_120D,NGN,5000000,5000000,5000000,2026-07-17,2026-07-17,2026-11-14,120,0.268537,FIXED,MONTHLY,1360357.57,WORKING_CAPITAL,HOSPITALITY,EQUITY_AND_WAREHOUSE,True,ACTIVE,2026-08-21,3833333.33,3917940.81,35,DPD_31_60,False,,False,False,0,0,PTY-LENDER_B-00000340,ANON-LENDER_B-00000340,ORGANISATION,synthetic,WCDS-0.1
FAC-LENDER_B-00000341,LENDER_B,LENDER_B-100341,,TERM_LOAN,INVOICE_120D,NGN,10000000,10000000,10000000,2026-02-09,2026-02-09,2026-06-09,120,0.242408,FIXED,MONTHLY,2699239.28,WORKING_CAPITAL,LOGISTICS,EQUITY_AND_WAREHOUSE,True,DEFAULTED,2026-08-21,1500000.0,1529885.89,95,DPD_90_PLUS,True,2026-08-16,False,False,0,0,PTY-LENDER_B-00000341,ANON-LENDER_B-00000341,ORGANISATION,synthetic,WCDS-0.1
FAC-LENDER_B-00000342,LENDER_B,LENDER_B-100342,,TERM_LOAN,INVOICE_120D,NGN,2000000,2000000,2000000,2025-07-30,2025-07-30,2025-11-27,120,0.219489,FIXED,MONTHLY,536080.36,WORKING_CAPITAL,AGRICULTURE,EQUITY_AND_WAREHOUSE,True,ACTIVE,2026-08-21,216666.67,220575.37,65,DPD_61_90,False,,False,False,0,0,PTY-LENDER_B-00000342,ANON-LENDER_B-00000342,ORGANISATION,synthetic,WCDS-0.1
FAC-LENDER_B-00000343,LENDER_B,LENDER_B-100343,,TERM_LOAN,INVOICE_120D,NGN,7500000,7500000,7500000,2025-11-25,2025-11-25,2026-03-25,120,0.264722,FIXED,MONTHLY,2038184.68,WORKING_CAPITAL,SERVICES,EQUITY_AND_WAREHOUSE,True,CLOSED,2026-08-21,0,0.0,0,CURRENT,False,,False,False,0,0,PTY-LENDER_B-00000343,ANON-LENDER_B-00000343,ORGANISATION,synthetic,WCDS-0.1
FAC-LENDER_B-00000344,LENDER_B,LENDER_B-100344,,TERM_LOAN,INVOICE_120D,NGN,7500000,7500000,7500000,2025-03-27,2025-03-27,2025-07-25,120,0.203043,FIXED,MONTHLY,2000163.28,WORKING_CAPITAL,MANUFACTURING,EQUITY_AND_WAREHOUSE,False,CLOSED,2026-08-21,0,0.0,0,CURRENT,False,,False,False,0,0,PTY-LENDER_B-00000344,ANON-LENDER_B-00000344,ORGANISATION,synthetic,WCDS-0.1
FAC-LENDER_B-00000345,LENDER_B,LENDER_B-100345,,TERM_LOAN,MERCHANT_90D,NGN,500000,500000,500000,2026-03-08,2026-03-08,2026-06-06,90,0.314994,FIXED,MONTHLY,179611.61,WORKING_CAPITAL,AGRICULTURE,EQUITY_AND_WAREHOUSE,True,ACTIVE,2026-08-21,5833.33,5868.57,7,DPD_1_30,False,,False,False,0,0,PTY-LENDER_B-00000345,ANON-LENDER_B-00000345,ORGANISATION,synthetic,WCDS-0.1
FAC-LENDER_B-00000346,LENDER_B,LENDER_B-100346,,TERM_LOAN,MERCHANT_90D,NGN,500000,500000,500000,2026-06-09,2026-06-09,2026-09-07,90,0.257691,FIXED,MONTHLY,177256.7,WORKING_CAPITAL,SERVICES,EQUITY_AND_WAREHOUSE,False,ACTIVE,2026-08-21,94444.44,94444.44,0,CURRENT,False,,False,False,0,0,PTY-LENDER_B-00000346,ANON-LENDER_B-00000346,ORGANISATION,synthetic,WCDS-0.1
FAC-LENDER_B-00000347,LENDER_B,LENDER_B-100347,,TERM_LOAN,INVOICE_120D,NGN,15000000,15000000,15000000,2025-09-21,2025-09-21,2026-01-19,120,0.285258,FIXED,MONTHLY,4101687.44,WORKING_CAPITAL,HOSPITALITY,EQUITY_AND_WAREHOUSE,True,ACTIVE,2026-08-21,1625000.0,1663099.47,65,DPD_61_90,False,,False,False,0,0,PTY-LENDER_B-00000347,ANON-LENDER_B-00000347,ORGANISATION,synthetic,WCDS-0.1
FAC-LENDER_B-00000348,LENDER_B,LENDER_B-100348,,TERM_LOAN,MERCHANT_90D,NGN,5000000,5000000,5000000,2026-06-10,2026-06-10,2026-09-08,90,0.338627,FIXED,MONTHLY,1805828.46,WORKING_CAPITAL,SERVICES,EQUITY_AND_WAREHOUSE,False,ACTIVE,2026-08-21,1000000.0,1000000.0,0,CURRENT,False,,False,False,0,0,PTY-LENDER_B-00000348,ANON-LENDER_B-00000348,ORGANISATION,synthetic,WCDS-0.1
FAC-LENDER_B-00000349,LENDER_B,LENDER_B-100349,,TERM_LOAN,MERCHANT_90D,NGN,1000000,1000000,1000000,2026-01-20,2026-01-20,2026-04-20,90,0.322505,FIXED,MONTHLY,359840.57,WORKING_CAPITAL,SERVICES,EQUITY_AND_WAREHOUSE,True,CLOSED,2026-08-21,0,0.0,0,CURRENT,False,,False,False,0,0,PTY-LENDER_B-00000349,ANON-LENDER_B-00000349,ORGANISATION,synthetic,WCDS-0.1
FAC-LENDER_B-00000350,LENDER_B,LENDER_B-100350,,TERM_LOAN,MERCHANT_90D,NGN,2000000,2000000,2000000,2026-04-13,2026-04-13,2026-07-12,90,0.280925,FIXED,MONTHLY,712846.14,WORKING_CAPITAL,AGRICULTURE,EQUITY_AND_WAREHOUSE,False,CLOSED,2026-08-21,0,0.0,0,CURRENT,False,,False,False,0,0,PTY-LENDER_B-00000350,ANON-LENDER_B-00000350,ORGANISATION,synthetic,WCDS-0.1
FAC-LENDER_B-00000351,LENDER_B,LENDER_B-100351,,TERM_LOAN,SME_WC_180D,NGN,750000,750000,750000,2026-02-06,2026-02-06,2026-08-05,180,0.289629,FIXED,MONTHLY,142853.86,WORKING_CAPITAL,RETAIL,EQUITY_AND_WAREHOUSE,False,ACTIVE,2026-08-21,8750.0,8798.6,7,DPD_1_30,False,,False,False,0,0,PTY-LENDER_B-00000351,ANON-LENDER_B-00000351,ORGANISATION,synthetic,WCDS-0.1
FAC-LENDER_B-00000352,LENDER_B,LENDER_B-100352,,TERM_LOAN,MERCHANT_90D,NGN,500000,500000,500000,2025-04-27,2025-04-27,2025-07-26,90,0.258566,FIXED,MONTHLY,177292.66,WORKING_CAPITAL,LOGISTICS,EQUITY_AND_WAREHOUSE,False,CLOSED,2026-08-21,0,0.0,0,CURRENT,False,,False,False,0,0,PTY-LENDER_B-00000352,ANON-LENDER_B-00000352,ORGANISATION,synthetic,WCDS-0.1
FAC-LENDER_B-00000353,LENDER_B,LENDER_B-100353,,TERM_LOAN,INVOICE_120D,NGN,1500000,1500000,1500000,2026-03-29,2026-03-29,2026-07-27,120,0.283731,FIXED,MONTHLY,409980.51,WORKING_CAPITAL,HOSPITALITY,EQUITY_AND_WAREHOUSE,False,CLOSED,2026-08-21,0,0.0,0,CURRENT,False,,False,False,0,0,PTY-LENDER_B-00000353,ANON-LENDER_B-00000353,ORGANISATION,synthetic,WCDS-0.1
FAC-LENDER_B-00000354,LENDER_B,LENDER_B-100354,,TERM_LOAN,INVOICE_120D,NGN,3000000,3000000,3000000,2026-01-31,2026-01-31,2026-05-31,120,0.227896,FIXED,MONTHLY,806193.62,WORKING_CAPITAL,SERVICES,EQUITY_AND_WAREHOUSE,True,CLOSED,2026-08-21,0,0.0,0,CURRENT,False,,False,False,0,0,PTY-LENDER_B-00000354,ANON-LENDER_B-00000354,ORGANISATION,synthetic,WCDS-0.1
FAC-LENDER_B-00000355,LENDER_B,LENDER_B-100355,,TERM_LOAN,SME_WC_180D,NGN,2000000,2000000,2000000,2024-12-27,2024-12-27,2025-06-25,180,0.317928,FIXED,MONTHLY,385595.44,WORKING_CAPITAL,RETAIL,EQUITY_AND_WAREHOUSE,False,CLOSED,2026-08-21,0,0.0,0,CURRENT,False,,False,False,0,0,PTY-LENDER_B-00000355,ANON-LENDER_B-00000355,ORGANISATION,synthetic,WCDS-0.1
FAC-LENDER_B-00000356,LENDER_B,LENDER_B-100356,,TERM_LOAN,INVOICE_120D,NGN,1000000,1000000,1000000,2024-12-20,2024-12-20,2025-04-19,120,0.28295,FIXED,MONTHLY,273256.17,WORKING_CAPITAL,RETAIL,EQUITY_AND_WAREHOUSE,False,CLOSED,2026-08-21,0,0.0,0,CURRENT,False,,False,False,0,0,PTY-LENDER_B-00000356,ANON-LENDER_B-00000356,ORGANISATION,synthetic,WCDS-0.1
FAC-LENDER_B-00000357,LENDER_B,LENDER_B-100357,,TERM_LOAN,SME_WC_180D,NGN,2000000,2000000,2000000,2025-03-14,2025-03-14,2025-09-10,180,0.241066,FIXED,MONTHLY,372960.67,WORKING_CAPITAL,LOGISTICS,EQUITY_AND_WAREHOUSE,True,CLOSED,2026-08-21,0,0.0,0,CURRENT,False,,False,False,0,0,PTY-LENDER_B-00000357,ANON-LENDER_B-00000357,ORGANISATION,synthetic,WCDS-0.1
FAC-LENDER_B-00000358,LENDER_B,LENDER_B-100358,,TERM_LOAN,MERCHANT_90D,NGN,2000000,2000000,2000000,2026-07-10,2026-07-10,2026-10-08,90,0.314313,FIXED,MONTHLY,718334.59,WORKING_CAPITAL,LOGISTICS,EQUITY_AND_WAREHOUSE,False,ACTIVE,2026-08-21,1283333.33,1316486.92,65,DPD_61_90,False,,False,False,0,0,PTY-LENDER_B-00000358,ANON-LENDER_B-00000358,ORGANISATION,synthetic,WCDS-0.1
FAC-LENDER_B-00000359,LENDER_B,LENDER_B-100359,,TERM_LOAN,SME_WC_180D,NGN,3000000,3000000,3000000,2024-12-17,2024-12-17,2025-06-15,180,0.267521,FIXED,MONTHLY,565964.08,WORKING_CAPITAL,MANUFACTURING,EQUITY_AND_WAREHOUSE,True,ACTIVE,2026-08-21,325000.0,332146.11,65,DPD_61_90,False,,False,False,0,0,PTY-LENDER_B-00000359,ANON-LENDER_B-00000359,ORGANISATION,synthetic,WCDS-0.1
FAC-LENDER_B-00000360,LENDER_B,LENDER_B-100360,,TERM_LOAN,MERCHANT_90D,NGN,5000000,5000000,5000000,2026-05-01,2026-05-01,2026-07-30,90,0.250461,FIXED,MONTHLY,1769595.97,WORKING_CAPITAL,SERVICES,EQUITY_AND_WAREHOUSE,True,CLOSED,2026-08-21,0,0.0,0,CURRENT,False,,False,False,0,0,PTY-LENDER_B-00000360,ANON-LENDER_B-00000360,ORGANISATION,synthetic,WCDS-0.1
FAC-LENDER_B-00000361,LENDER_B,LENDER_B-100361,,TERM_LOAN,MERCHANT_90D,NGN,7500000,7500000,7500000,2024-12-30,2024-12-30,2025-03-30,90,0.2758,FIXED,MONTHLY,2670013.98,WORKING_CAPITAL,MANUFACTURING,EQUITY_AND_WAREHOUSE,False,CLOSED,2026-08-21,0,0.0,0,CURRENT,False,,False,False,0,0,PTY-LENDER_B-00000361,ANON-LENDER_B-00000361,ORGANISATION,synthetic,WCDS-0.1
FAC-LENDER_B-00000362,LENDER_B,LENDER_B-100362,,TERM_LOAN,INVOICE_120D,NGN,3000000,3000000,3000000,2025-06-27,2025-06-27,2025-10-25,120,0.224359,FIXED,MONTHLY,805321.37,WORKING_CAPITAL,MANUFACTURING,EQUITY_AND_WAREHOUSE,True,CLOSED,2026-08-21,0,0.0,0,CURRENT,False,,False,False,0,0,PTY-LENDER_B-00000362,ANON-LENDER_B-00000362,ORGANISATION,synthetic,WCDS-0.1
FAC-LENDER_B-00000363,LENDER_B,LENDER_B-100363,,TERM_LOAN,INVOICE_120D,NGN,750000,750000,750000,2025-11-09,2025-11-09,2026-03-09,120,0.276317,FIXED,MONTHLY,204533.26,WORKING_CAPITAL,SERVICES,EQUITY_AND_WAREHOUSE,False,DEFAULTED,2026-08-21,112500.0,115054.99,95,DPD_90_PLUS,True,2026-08-16,False,False,0,0,PTY-LENDER_B-00000363,ANON-LENDER_B-00000363,ORGANISATION,synthetic,WCDS-0.1
FAC-LENDER_B-00000364,LENDER_B,LENDER_B-100364,,TERM_LOAN,INVOICE_120D,NGN,10000000,10000000,10000000,2025-01-07,2025-01-07,2025-05-07,120,0.292235,FIXED,MONTHLY,2740193.45,WORKING_CAPITAL,LOGISTICS,EQUITY_AND_WAREHOUSE,False,ACTIVE,2026-08-21,116666.67,117320.53,7,DPD_1_30,False,,False,False,0,0,PTY-LENDER_B-00000364,ANON-LENDER_B-00000364,ORGANISATION,synthetic,WCDS-0.1
FAC-LENDER_B-00000365,LENDER_B,LENDER_B-100365,,TERM_LOAN,MERCHANT_90D,NGN,2000000,2000000,2000000,2025-04-29,2025-04-29,2025-07-28,90,0.252989,FIXED,MONTHLY,708253.91,WORKING_CAPITAL,LOGISTICS,EQUITY_AND_WAREHOUSE,False,CLOSED,2026-08-21,0,0.0,0,CURRENT,False,,False,False,0,0,PTY-LENDER_B-00000365,ANON-LENDER_B-00000365,ORGANISATION,synthetic,WCDS-0.1
FAC-LENDER_B-00000366,LENDER_B,LENDER_B-100366,,TERM_LOAN,MERCHANT_90D,NGN,2000000,2000000,2000000,2025-12-13,2025-12-13,2026-03-13,90,0.286059,FIXED,MONTHLY,713690.03,WORKING_CAPITAL,AGRICULTURE,EQUITY_AND_WAREHOUSE,True,ACTIVE,2026-08-21,116666.67,119409.7,35,DPD_31_60,False,,False,False,0,0,PTY-LENDER_B-00000366,ANON-LENDER_B-00000366,ORGANISATION,synthetic,WCDS-0.1
FAC-LENDER_B-00000367,LENDER_B,LENDER_B-100367,,TERM_LOAN,SME_WC_180D,NGN,500000,500000,500000,2026-05-01,2026-05-01,2026-10-28,180,0.235414,FIXED,MONTHLY,93007.87,WORKING_CAPITAL,SERVICES,EQUITY_AND_WAREHOUSE,True,ACTIVE,2026-08-21,188888.89,188888.89,0,CURRENT,False,,False,False,0,0,PTY-LENDER_B-00000367,ANON-LENDER_B-00000367,ORGANISATION,synthetic,WCDS-0.1
FAC-LENDER_B-00000368,LENDER_B,LENDER_B-100368,,TERM_LOAN,INVOICE_120D,NGN,5000000,5000000,5000000,2026-05-05,2026-05-05,2026-09-02,120,0.291283,FIXED,MONTHLY,1369705.47,WORKING_CAPITAL,SERVICES,EQUITY_AND_WAREHOUSE,False,ACTIVE,2026-08-21,500000.0,500000.0,0,CURRENT,False,,False,False,0,0,PTY-LENDER_B-00000368,ANON-LENDER_B-00000368,ORGANISATION,synthetic,WCDS-0.1
FAC-LENDER_B-00000369,LENDER_B,LENDER_B-100369,,TERM_LOAN,SME_WC_180D,NGN,2000000,2000000,2000000,2025-06-03,2025-06-03,2025-11-30,180,0.313526,FIXED,MONTHLY,384871.89,WORKING_CAPITAL,HOSPITALITY,EQUITY_AND_WAREHOUSE,False,CLOSED,2026-08-21,0,0.0,0,CURRENT,False,,False,False,0,0,PTY-LENDER_B-00000369,ANON-LENDER_B-00000369,ORGANISATION,synthetic,WCDS-0.1
FAC-LENDER_B-00000370,LENDER_B,LENDER_B-100370,,TERM_LOAN,INVOICE_120D,NGN,500000,500000,500000,2026-02-10,2026-02-10,2026-06-10,120,0.266988,FIXED,MONTHLY,135972.1,WORKING_CAPITAL,LOGISTICS,EQUITY_AND_WAREHOUSE,False,ACTIVE,2026-08-21,5833.33,5863.2,7,DPD_1_30,False,,False,False,0,0,PTY-LENDER_B-00000370,ANON-LENDER_B-00000370,ORGANISATION,synthetic,WCDS-0.1
FAC-LENDER_B-00000371,LENDER_B,LENDER_B-100371,,TERM_LOAN,INVOICE_120D,NGN,15000000,15000000,15000000,2025-12-19,2025-12-19,2026-04-18,120,0.282324,FIXED,MONTHLY,4098070.46,WORKING_CAPITAL,SERVICES,EQUITY_AND_WAREHOUSE,False,CLOSED,2026-08-21,0,0.0,0,CURRENT,False,,False,False,0,0,PTY-LENDER_B-00000371,ANON-LENDER_B-00000371,ORGANISATION,synthetic,WCDS-0.1
FAC-LENDER_B-00000372,LENDER_B,LENDER_B-100372,,TERM_LOAN,SME_WC_180D,NGN,5000000,5000000,5000000,2026-03-10,2026-03-10,2026-09-06,180,0.241123,FIXED,MONTHLY,932425.07,WORKING_CAPITAL,HOSPITALITY,EQUITY_AND_WAREHOUSE,True,ACTIVE,2026-08-21,444444.44,444444.44,0,CURRENT,False,,False,False,0,0,PTY-LENDER_B-00000372,ANON-LENDER_B-00000372,ORGANISATION,synthetic,WCDS-0.1
FAC-LENDER_B-00000373,LENDER_B,LENDER_B-100373,,TERM_LOAN,SME_WC_180D,NGN,1000000,1000000,1000000,2025-02-28,2025-02-28,2025-08-27,180,0.302128,FIXED,MONTHLY,191499.06,WORKING_CAPITAL,LOGISTICS,EQUITY_AND_WAREHOUSE,True,ACTIVE,2026-08-21,25000.0,25310.4,15,DPD_1_30,False,,False,False,0,0,PTY-LENDER_B-00000373,ANON-LENDER_B-00000373,ORGANISATION,synthetic,WCDS-0.1
FAC-LENDER_B-00000374,LENDER_B,LENDER_B-100374,,TERM_LOAN,MERCHANT_90D,NGN,5000000,5000000,5000000,2026-04-02,2026-04-02,2026-07-01,90,0.286492,FIXED,MONTHLY,1784403.22,WORKING_CAPITAL,RETAIL,EQUITY_AND_WAREHOUSE,True,CLOSED,2026-08-21,0,0.0,0,CURRENT,False,,False,False,0,0,PTY-LENDER_B-00000374,ANON-LENDER_B-00000374,ORGANISATION,synthetic,WCDS-0.1
FAC-LENDER_B-00000375,LENDER_B,LENDER_B-100375,,TERM_LOAN,INVOICE_120D,NGN,5000000,5000000,5000000,2025-10-05,2025-10-05,2026-02-02,120,0.248614,FIXED,MONTHLY,1352170.11,WORKING_CAPITAL,SERVICES,EQUITY_AND_WAREHOUSE,False,CLOSED,2026-08-21,0,0.0,0,CURRENT,False,,False,False,0,0,PTY-LENDER_B-00000375,ANON-LENDER_B-00000375,ORGANISATION,synthetic,WCDS-0.1
FAC-LENDER_B-00000376,LENDER_B,LENDER_B-100376,,TERM_LOAN,SME_WC_180D,NGN,10000000,10000000,10000000,2025-09-02,2025-09-02,2026-03-01,180,0.231596,FIXED,MONTHLY,1857019.41,WORKING_CAPITAL,AGRICULTURE,EQUITY_AND_WAREHOUSE,False,ACTIVE,2026-08-21,583333.33,594437.24,35,DPD_31_60,False,,False,False,0,0,PTY-LENDER_B-00000376,ANON-LENDER_B-00000376,ORGANISATION,synthetic,WCDS-0.1
FAC-LENDER_B-00000377,LENDER_B,LENDER_B-100377,,TERM_LOAN,SME_WC_180D,NGN,750000,750000,750000,2024-12-15,2024-12-15,2025-06-13,180,0.237884,FIXED,MONTHLY,139664.08,WORKING_CAPITAL,LOGISTICS,EQUITY_AND_WAREHOUSE,True,CLOSED,2026-08-21,0,0.0,0,CURRENT,False,,False,False,0,0,PTY-LENDER_B-00000377,ANON-LENDER_B-00000377,ORGANISATION,synthetic,WCDS-0.1
FAC-LENDER_B-00000378,LENDER_B,LENDER_B-100378,,TERM_LOAN,SME_WC_180D,NGN,500000,500000,500000,2026-04-09,2026-04-09,2026-10-06,180,0.281452,FIXED,MONTHLY,94899.85,WORKING_CAPITAL,SERVICES,EQUITY_AND_WAREHOUSE,True,ACTIVE,2026-08-21,156944.44,160575.05,35,DPD_31_60,False,,False,False,0,0,PTY-LENDER_B-00000378,ANON-LENDER_B-00000378,ORGANISATION,synthetic,WCDS-0.1
FAC-LENDER_B-00000379,LENDER_B,LENDER_B-100379,,TERM_LOAN,SME_WC_180D,NGN,3000000,3000000,3000000,2026-07-18,2026-07-18,2027-01-14,180,0.279933,FIXED,MONTHLY,569024.53,WORKING_CAPITAL,HOSPITALITY,EQUITY_AND_WAREHOUSE,True,ACTIVE,2026-08-21,2433333.33,2433333.33,0,CURRENT,False,,False,False,0,0,PTY-LENDER_B-00000379,ANON-LENDER_B-00000379,ORGANISATION,synthetic,WCDS-0.1
FAC-LENDER_B-00000380,LENDER_B,LENDER_B-100380,,TERM_LOAN,SME_WC_180D,NGN,2000000,2000000,2000000,2026-04-19,2026-04-19,2026-10-16,180,0.255689,FIXED,MONTHLY,375364.33,WORKING_CAPITAL,HOSPITALITY,EQUITY_AND_WAREHOUSE,True,ACTIVE,2026-08-21,622222.22,622222.22,0,CURRENT,False,,False,False,0,0,PTY-LENDER_B-00000380,ANON-LENDER_B-00000380,ORGANISATION,synthetic,WCDS-0.1
FAC-LENDER_B-00000381,LENDER_B,LENDER_B-100381,,TERM_LOAN,MERCHANT_90D,NGN,10000000,10000000,10000000,2026-03-16,2026-03-16,2026-06-14,90,0.243661,FIXED,MONTHLY,3533602.84,WORKING_CAPITAL,RETAIL,EQUITY_AND_WAREHOUSE,True,CLOSED,2026-08-21,0,0.0,0,CURRENT,False,,False,False,0,0,PTY-LENDER_B-00000381,ANON-LENDER_B-00000381,ORGANISATION,synthetic,WCDS-0.1
FAC-LENDER_B-00000382,LENDER_B,LENDER_B-100382,,TERM_LOAN,INVOICE_120D,NGN,15000000,15000000,15000000,2025-02-21,2025-02-21,2025-06-21,120,0.297185,FIXED,MONTHLY,4116392.81,WORKING_CAPITAL,LOGISTICS,EQUITY_AND_WAREHOUSE,False,CLOSED,2026-08-21,0,0.0,0,CURRENT,False,,False,False,0,0,PTY-LENDER_B-00000382,ANON-LENDER_B-00000382,ORGANISATION,synthetic,WCDS-0.1
FAC-LENDER_B-00000383,LENDER_B,LENDER_B-100383,,TERM_LOAN,INVOICE_120D,NGN,750000,750000,750000,2026-05-23,2026-05-23,2026-09-20,120,0.203829,FIXED,MONTHLY,200064.79,WORKING_CAPITAL,SERVICES,EQUITY_AND_WAREHOUSE,False,ACTIVE,2026-08-21,187500.0,187500.0,0,CURRENT,False,,False,False,0,0,PTY-LENDER_B-00000383,ANON-LENDER_B-00000383,ORGANISATION,synthetic,WCDS-0.1
FAC-LENDER_B-00000384,LENDER_B,LENDER_B-100384,,TERM_LOAN,MERCHANT_90D,NGN,2000000,2000000,2000000,2026-05-22,2026-05-22,2026-08-20,90,0.303674,FIXED,MONTHLY,716585.7,WORKING_CAPITAL,HOSPITALITY,EQUITY_AND_WAREHOUSE,False,ACTIVE,2026-08-21,50000.0,50623.99,15,DPD_1_30,False,,False,False,0,0,PTY-LENDER_B-00000384,ANON-LENDER_B-00000384,ORGANISATION,synthetic,WCDS-0.1
FAC-LENDER_B-00000385,LENDER_B,LENDER_B-100385,,TERM_LOAN,SME_WC_180D,NGN,2000000,2000000,2000000,2025-12-05,2025-12-05,2026-06-03,180,0.231643,FIXED,MONTHLY,371411.56,WORKING_CAPITAL,MANUFACTURING,EQUITY_AND_WAREHOUSE,False,CLOSED,2026-08-21,0,0.0,0,CURRENT,False,,False,False,0,0,PTY-LENDER_B-00000385,ANON-LENDER_B-00000385,ORGANISATION,synthetic,WCDS-0.1
FAC-LENDER_B-00000386,LENDER_B,LENDER_B-100386,,TERM_LOAN,SME_WC_180D,NGN,2000000,2000000,2000000,2026-02-02,2026-02-02,2026-08-01,180,0.277334,FIXED,MONTHLY,378922.42,WORKING_CAPITAL,HOSPITALITY,EQUITY_AND_WAREHOUSE,False,CLOSED,2026-08-21,0,0.0,0,CURRENT,False,,False,False,0,0,PTY-LENDER_B-00000386,ANON-LENDER_B-00000386,ORGANISATION,synthetic,WCDS-0.1
FAC-LENDER_B-00000387,LENDER_B,LENDER_B-100387,,TERM_LOAN,INVOICE_120D,NGN,2000000,2000000,2000000,2026-01-11,2026-01-11,2026-05-11,120,0.290975,FIXED,MONTHLY,547831.45,WORKING_CAPITAL,AGRICULTURE,EQUITY_AND_WAREHOUSE,True,CLOSED,2026-08-21,0,0.0,0,CURRENT,False,,False,False,0,0,PTY-LENDER_B-00000387,ANON-LENDER_B-00000387,ORGANISATION,synthetic,WCDS-0.1
FAC-LENDER_B-00000388,LENDER_B,LENDER_B-100388,,TERM_LOAN,INVOICE_120D,NGN,3000000,3000000,3000000,2026-07-24,2026-07-24,2026-11-21,120,0.226705,FIXED,MONTHLY,805899.94,WORKING_CAPITAL,RETAIL,EQUITY_AND_WAREHOUSE,True,ACTIVE,2026-08-21,2335000.0,2345152.05,7,DPD_1_30,False,,False,False,0,0,PTY-LENDER_B-00000388,ANON-LENDER_B-00000388,ORGANISATION,synthetic,WCDS-0.1
FAC-LENDER_B-00000389,LENDER_B,LENDER_B-100389,,TERM_LOAN,INVOICE_120D,NGN,7500000,7500000,7500000,2024-12-10,2024-12-10,2025-04-09,120,0.272816,FIXED,MONTHLY,2043174.49,WORKING_CAPITAL,MANUFACTURING,EQUITY_AND_WAREHOUSE,False,CLOSED,2026-08-21,0,0.0,0,CURRENT,False,,False,False,0,0,PTY-LENDER_B-00000389,ANON-LENDER_B-00000389,ORGANISATION,synthetic,WCDS-0.1
FAC-LENDER_B-00000390,LENDER_B,LENDER_B-100390,,TERM_LOAN,SME_WC_180D,NGN,3000000,3000000,3000000,2026-03-09,2026-03-09,2026-09-05,180,0.312987,FIXED,MONTHLY,577174.94,WORKING_CAPITAL,AGRICULTURE,EQUITY_AND_WAREHOUSE,False,ACTIVE,2026-08-21,250000.0,250000.0,0,CURRENT,False,,False,False,0,0,PTY-LENDER_B-00000390,ANON-LENDER_B-00000390,ORGANISATION,synthetic,WCDS-0.1
FAC-LENDER_B-00000391,LENDER_B,LENDER_B-100391,,TERM_LOAN,INVOICE_120D,NGN,5000000,5000000,5000000,2025-01-03,2025-01-03,2025-05-03,120,0.269773,FIXED,MONTHLY,1360865.43,WORKING_CAPITAL,AGRICULTURE,EQUITY_AND_WAREHOUSE,True,DEFAULTED,2026-08-21,750000.0,766629.81,130,DPD_90_PLUS,True,2026-07-12,False,False,0,0,PTY-LENDER_B-00000391,ANON-LENDER_B-00000391,ORGANISATION,synthetic,WCDS-0.1
FAC-LENDER_B-00000392,LENDER_B,LENDER_B-100392,,TERM_LOAN,SME_WC_180D,NGN,2000000,2000000,2000000,2025-05-06,2025-05-06,2025-11-02,180,0.240755,FIXED,MONTHLY,372909.52,WORKING_CAPITAL,AGRICULTURE,EQUITY_AND_WAREHOUSE,False,CLOSED,2026-08-21,0,0.0,0,CURRENT,False,,False,False,0,0,PTY-LENDER_B-00000392,ANON-LENDER_B-00000392,ORGANISATION,synthetic,WCDS-0.1
FAC-LENDER_B-00000393,LENDER_B,LENDER_B-100393,,TERM_LOAN,SME_WC_180D,NGN,15000000,15000000,15000000,2026-07-19,2026-07-19,2027-01-15,180,0.282486,FIXED,MONTHLY,2848270.74,WORKING_CAPITAL,SERVICES,EQUITY_AND_WAREHOUSE,True,ACTIVE,2026-08-21,12425000.0,12492313.0,7,DPD_1_30,False,,False,False,0,0,PTY-LENDER_B-00000393,ANON-LENDER_B-00000393,ORGANISATION,synthetic,WCDS-0.1
FAC-LENDER_B-00000394,LENDER_B,LENDER_B-100394,,TERM_LOAN,SME_WC_180D,NGN,10000000,10000000,10000000,2026-04-07,2026-04-07,2026-10-04,180,0.294405,FIXED,MONTHLY,1908643.54,WORKING_CAPITAL,LOGISTICS,EQUITY_AND_WAREHOUSE,True,ACTIVE,2026-08-21,2444444.44,2444444.44,0,CURRENT,False,,False,False,0,0,PTY-LENDER_B-00000394,ANON-LENDER_B-00000394,ORGANISATION,synthetic,WCDS-0.1
FAC-LENDER_B-00000395,LENDER_B,LENDER_B-100395,,TERM_LOAN,MERCHANT_90D,NGN,1000000,1000000,1000000,2025-01-25,2025-01-25,2025-04-25,90,0.261831,FIXED,MONTHLY,354853.65,WORKING_CAPITAL,HOSPITALITY,EQUITY_AND_WAREHOUSE,False,CLOSED,2026-08-21,0,0.0,0,CURRENT,False,,False,False,0,0,PTY-LENDER_B-00000395,ANON-LENDER_B-00000395,ORGANISATION,synthetic,WCDS-0.1
FAC-LENDER_B-00000396,LENDER_B,LENDER_B-100396,,TERM_LOAN,SME_WC_180D,NGN,3000000,3000000,3000000,2025-09-20,2025-09-20,2026-03-19,180,0.261818,FIXED,MONTHLY,564557.86,WORKING_CAPITAL,HOSPITALITY,EQUITY_AND_WAREHOUSE,True,CLOSED,2026-08-21,0,0.0,0,CURRENT,False,,False,False,0,0,PTY-LENDER_B-00000396,ANON-LENDER_B-00000396,ORGANISATION,synthetic,WCDS-0.1
FAC-LENDER_B-00000397,LENDER_B,LENDER_B-100397,,TERM_LOAN,SME_WC_180D,NGN,2000000,2000000,2000000,2026-02-11,2026-02-11,2026-08-10,180,0.24251,FIXED,MONTHLY,373197.98,WORKING_CAPITAL,SERVICES,EQUITY_AND_WAREHOUSE,True,CLOSED,2026-08-21,0,0.0,0,CURRENT,False,,False,False,0,0,PTY-LENDER_B-00000397,ANON-LENDER_B-00000397,ORGANISATION,synthetic,WCDS-0.1
FAC-LENDER_B-00000398,LENDER_B,LENDER_B-100398,,TERM_LOAN,INVOICE_120D,NGN,1000000,1000000,1000000,2025-07-15,2025-07-15,2025-11-12,120,0.276293,FIXED,MONTHLY,272709.05,WORKING_CAPITAL,HOSPITALITY,EQUITY_AND_WAREHOUSE,False,CLOSED,2026-08-21,0,0.0,0,CURRENT,False,,False,False,0,0,PTY-LENDER_B-00000398,ANON-LENDER_B-00000398,ORGANISATION,synthetic,WCDS-0.1
FAC-LENDER_B-00000399,LENDER_B,LENDER_B-100399,,TERM_LOAN,MERCHANT_90D,NGN,15000000,15000000,15000000,2025-03-14,2025-03-14,2025-06-12,90,0.28181,FIXED,MONTHLY,5347436.97,WORKING_CAPITAL,LOGISTICS,EQUITY_AND_WAREHOUSE,True,DEFAULTED,2026-08-21,2250000.0,2302115.55,180,DPD_90_PLUS,True,2026-05-23,False,False,0,0,PTY-LENDER_B-00000399,ANON-LENDER_B-00000399,ORGANISATION,synthetic,WCDS-0.1
FAC-LENDER_B-00000400,LENDER_B,LENDER_B-100400,,TERM_LOAN,INVOICE_120D,NGN,7500000,7500000,7500000,2025-07-28,2025-07-28,2025-11-25,120,0.224994,FIXED,MONTHLY,2013694.98,WORKING_CAPITAL,HOSPITALITY,EQUITY_AND_WAREHOUSE,True,CLOSED,2026-08-21,0,0.0,0,CURRENT,False,,False,False,0,0,PTY-LENDER_B-00000400,ANON-LENDER_B-00000400,ORGANISATION,synthetic,WCDS-0.1
FAC-LENDER_B-00000401,LENDER_B,LENDER_B-100401,,TERM_LOAN,INVOICE_120D,NGN,1500000,1500000,1500000,2025-12-09,2025-12-09,2026-04-08,120,0.238934,FIXED,MONTHLY,404457.61,WORKING_CAPITAL,LOGISTICS,EQUITY_AND_WAREHOUSE,False,CLOSED,2026-08-21,0,0.0,0,CURRENT,False,,False,False,0,0,PTY-LENDER_B-00000401,ANON-LENDER_B-00000401,ORGANISATION,synthetic,WCDS-0.1
FAC-LENDER_B-00000402,LENDER_B,LENDER_B-100402,,TERM_LOAN,SME_WC_180D,NGN,750000,750000,750000,2025-04-26,2025-04-26,2025-10-23,180,0.312139,FIXED,MONTHLY,144241.42,WORKING_CAPITAL,RETAIL,EQUITY_AND_WAREHOUSE,True,CLOSED,2026-08-21,0,0.0,0,CURRENT,False,,False,False,0,0,PTY-LENDER_B-00000402,ANON-LENDER_B-00000402,ORGANISATION,synthetic,WCDS-0.1
FAC-LENDER_B-00000403,LENDER_B,LENDER_B-100403,,TERM_LOAN,MERCHANT_90D,NGN,7500000,7500000,7500000,2025-09-06,2025-09-06,2025-12-05,90,0.308367,FIXED,MONTHLY,2690089.31,WORKING_CAPITAL,MANUFACTURING,EQUITY_AND_WAREHOUSE,False,ACTIVE,2026-08-21,437500.0,448588.54,35,DPD_31_60,False,,False,False,0,0,PTY-LENDER_B-00000403,ANON-LENDER_B-00000403,ORGANISATION,synthetic,WCDS-0.1
FAC-LENDER_B-00000404,LENDER_B,LENDER_B-100404,,TERM_LOAN,INVOICE_120D,NGN,500000,500000,500000,2025-02-25,2025-02-25,2025-06-25,120,0.206984,FIXED,MONTHLY,133506.2,WORKING_CAPITAL,HOSPITALITY,EQUITY_AND_WAREHOUSE,False,DEFAULTED,2026-08-21,75000.0,76275.93,180,DPD_90_PLUS,True,2026-05-23,True,False,0,0,PTY-LENDER_B-00000404,ANON-LENDER_B-00000404,ORGANISATION,synthetic,WCDS-0.1
FAC-LENDER_B-00000405,LENDER_B,LENDER_B-100405,,TERM_LOAN,MERCHANT_90D,NGN,15000000,15000000,15000000,2026-07-18,2026-07-18,2026-10-16,90,0.281709,FIXED,MONTHLY,5347312.42,WORKING_CAPITAL,HOSPITALITY,EQUITY_AND_WAREHOUSE,False,ACTIVE,2026-08-21,9333333.33,9333333.33,0,CURRENT,False,,False,False,0,0,PTY-LENDER_B-00000405,ANON-LENDER_B-00000405,ORGANISATION,synthetic,WCDS-0.1
FAC-LENDER_B-00000406,LENDER_B,LENDER_B-100406,,TERM_LOAN,INVOICE_120D,NGN,500000,500000,500000,2025-03-06,2025-03-06,2025-07-04,120,0.281166,FIXED,MONTHLY,136554.78,WORKING_CAPITAL,AGRICULTURE,EQUITY_AND_WAREHOUSE,True,CLOSED,2026-08-21,0,0.0,0,CURRENT,False,,False,False,0,0,PTY-LENDER_B-00000406,ANON-LENDER_B-00000406,ORGANISATION,synthetic,WCDS-0.1
FAC-LENDER_B-00000407,LENDER_B,LENDER_B-100407,,TERM_LOAN,SME_WC_180D,NGN,15000000,15000000,15000000,2025-08-01,2025-08-01,2026-01-28,180,0.298742,FIXED,MONTHLY,2868312.49,WORKING_CAPITAL,RETAIL,EQUITY_AND_WAREHOUSE,False,CLOSED,2026-08-21,0,0.0,0,CURRENT,False,,False,False,0,0,PTY-LENDER_B-00000407,ANON-LENDER_B-00000407,ORGANISATION,synthetic,WCDS-0.1
FAC-LENDER_B-00000408,LENDER_B,LENDER_B-100408,,TERM_LOAN,MERCHANT_90D,NGN,2000000,2000000,2000000,2026-05-28,2026-05-28,2026-08-26,90,0.273983,FIXED,MONTHLY,711705.04,WORKING_CAPITAL,RETAIL,EQUITY_AND_WAREHOUSE,True,ACTIVE,2026-08-21,111111.11,111111.11,0,CURRENT,False,,False,False,0,0,PTY-LENDER_B-00000408,ANON-LENDER_B-00000408,ORGANISATION,synthetic,WCDS-0.1
FAC-LENDER_B-00000409,LENDER_B,LENDER_B-100409,,TERM_LOAN,SME_WC_180D,NGN,2000000,2000000,2000000,2025-05-07,2025-05-07,2025-11-03,180,0.29525,FIXED,MONTHLY,381867.62,WORKING_CAPITAL,HOSPITALITY,EQUITY_AND_WAREHOUSE,False,CLOSED,2026-08-21,0,0.0,0,CURRENT,False,,False,False,0,0,PTY-LENDER_B-00000409,ANON-LENDER_B-00000409,ORGANISATION,synthetic,WCDS-0.1
FAC-LENDER_B-00000410,LENDER_B,LENDER_B-100410,,TERM_LOAN,MERCHANT_90D,NGN,10000000,10000000,10000000,2025-07-28,2025-07-28,2025-10-26,90,0.296823,FIXED,MONTHLY,3577297.54,WORKING_CAPITAL,AGRICULTURE,EQUITY_AND_WAREHOUSE,True,CLOSED,2026-08-21,0,0.0,0,CURRENT,False,,False,False,0,0,PTY-LENDER_B-00000410,ANON-LENDER_B-00000410,ORGANISATION,synthetic,WCDS-0.1
FAC-LENDER_B-00000411,LENDER_B,LENDER_B-100411,,TERM_LOAN,INVOICE_120D,NGN,2000000,2000000,2000000,2025-10-14,2025-10-14,2026-02-11,120,0.271584,FIXED,MONTHLY,544643.89,WORKING_CAPITAL,SERVICES,EQUITY_AND_WAREHOUSE,False,CLOSED,2026-08-21,0,0.0,0,CURRENT,False,,False,False,0,0,PTY-LENDER_B-00000411,ANON-LENDER_B-00000411,ORGANISATION,synthetic,WCDS-0.1
FAC-LENDER_B-00000412,LENDER_B,LENDER_B-100412,,TERM_LOAN,SME_WC_180D,NGN,2000000,2000000,2000000,2026-01-07,2026-01-07,2026-07-06,180,0.232855,FIXED,MONTHLY,371610.92,WORKING_CAPITAL,HOSPITALITY,EQUITY_AND_WAREHOUSE,True,CLOSED,2026-08-21,0,0.0,0,CURRENT,False,,False,False,0,0,PTY-LENDER_B-00000412,ANON-LENDER_B-00000412,ORGANISATION,synthetic,WCDS-0.1
FAC-LENDER_B-00000413,LENDER_B,LENDER_B-100413,,TERM_LOAN,INVOICE_120D,NGN,10000000,10000000,10000000,2026-02-18,2026-02-18,2026-06-18,120,0.236416,FIXED,MONTHLY,2694314.67,WORKING_CAPITAL,SERVICES,EQUITY_AND_WAREHOUSE,False,DEFAULTED,2026-08-21,1500000.0,1529147.2,130,DPD_90_PLUS,True,2026-07-12,False,False,0,0,PTY-LENDER_B-00000413,ANON-LENDER_B-00000413,ORGANISATION,synthetic,WCDS-0.1
FAC-LENDER_B-00000414,LENDER_B,LENDER_B-100414,,TERM_LOAN,SME_WC_180D,NGN,1000000,1000000,1000000,2025-04-03,2025-04-03,2025-09-30,180,0.272334,FIXED,MONTHLY,189050.26,WORKING_CAPITAL,MANUFACTURING,EQUITY_AND_WAREHOUSE,False,ACTIVE,2026-08-21,108333.33,110758.22,65,DPD_61_90,False,,True,False,0,0,PTY-LENDER_B-00000414,ANON-LENDER_B-00000414,ORGANISATION,synthetic,WCDS-0.1
FAC-LENDER_B-00000415,LENDER_B,LENDER_B-100415,,TERM_LOAN,MERCHANT_90D,NGN,1000000,1000000,1000000,2026-04-11,2026-04-11,2026-07-10,90,0.334695,FIXED,MONTHLY,360842.5,WORKING_CAPITAL,AGRICULTURE,EQUITY_AND_WAREHOUSE,False,CLOSED,2026-08-21,0,0.0,0,CURRENT,False,,False,False,0,0,PTY-LENDER_B-00000415,ANON-LENDER_B-00000415,ORGANISATION,synthetic,WCDS-0.1
FAC-LENDER_B-00000416,LENDER_B,LENDER_B-100416,,TERM_LOAN,MERCHANT_90D,NGN,10000000,10000000,10000000,2025-08-04,2025-08-04,2025-11-02,90,0.27565,FIXED,MONTHLY,3559895.1,WORKING_CAPITAL,LOGISTICS,EQUITY_AND_WAREHOUSE,False,CLOSED,2026-08-21,0,0.0,0,CURRENT,False,,False,False,0,0,PTY-LENDER_B-00000416,ANON-LENDER_B-00000416,ORGANISATION,synthetic,WCDS-0.1
FAC-LENDER_B-00000417,LENDER_B,LENDER_B-100417,,TERM_LOAN,MERCHANT_90D,NGN,2000000,2000000,2000000,2025-02-07,2025-02-07,2025-05-08,90,0.279849,FIXED,MONTHLY,712669.26,WORKING_CAPITAL,MANUFACTURING,EQUITY_AND_WAREHOUSE,False,ACTIVE,2026-08-21,116666.67,119350.15,35,DPD_31_60,False,,False,False,0,0,PTY-LENDER_B-00000417,ANON-LENDER_B-00000417,ORGANISATION,synthetic,WCDS-0.1
FAC-LENDER_B-00000418,LENDER_B,LENDER_B-100418,,TERM_LOAN,SME_WC_180D,NGN,1000000,1000000,1000000,2025-12-04,2025-12-04,2026-06-02,180,0.27667,FIXED,MONTHLY,189406.68,WORKING_CAPITAL,HOSPITALITY,EQUITY_AND_WAREHOUSE,False,CLOSED,2026-08-21,0,0.0,0,CURRENT,False,,False,False,0,0,PTY-LENDER_B-00000418,ANON-LENDER_B-00000418,ORGANISATION,synthetic,WCDS-0.1
FAC-LENDER_B-00000419,LENDER_B,LENDER_B-100419,,TERM_LOAN,SME_WC_180D,NGN,10000000,10000000,10000000,2026-01-29,2026-01-29,2026-07-28,180,0.237743,FIXED,MONTHLY,1862071.93,WORKING_CAPITAL,AGRICULTURE,EQUITY_AND_WAREHOUSE,True,ACTIVE,2026-08-21,116666.67,117198.6,7,DPD_1_30,False,,False,False,0,0,PTY-LENDER_B-00000419,ANON-LENDER_B-00000419,ORGANISATION,synthetic,WCDS-0.1
FAC-LENDER_B-00000420,LENDER_B,LENDER_B-100420,,TERM_LOAN,SME_WC_180D,NGN,500000,500000,500000,2024-12-20,2024-12-20,2025-06-18,180,0.310614,FIXED,MONTHLY,96098.3,WORKING_CAPITAL,LOGISTICS,EQUITY_AND_WAREHOUSE,True,ACTIVE,2026-08-21,5833.33,5868.08,7,DPD_1_30,False,,False,False,0,0,PTY-LENDER_B-00000420,ANON-LENDER_B-00000420,ORGANISATION,synthetic,WCDS-0.1
FAC-LENDER_B-00000421,LENDER_B,LENDER_B-100421,,TERM_LOAN,MERCHANT_90D,NGN,3000000,3000000,3000000,2025-04-09,2025-04-09,2025-07-08,90,0.287728,FIXED,MONTHLY,1070946.69,WORKING_CAPITAL,HOSPITALITY,EQUITY_AND_WAREHOUSE,True,CLOSED,2026-08-21,0,0.0,0,CURRENT,False,,False,False,0,0,PTY-LENDER_B-00000421,ANON-LENDER_B-00000421,ORGANISATION,synthetic,WCDS-0.1
FAC-LENDER_B-00000422,LENDER_B,LENDER_B-100422,,TERM_LOAN,MERCHANT_90D,NGN,15000000,15000000,15000000,2026-08-02,2026-08-02,2026-10-31,90,0.248339,FIXED,MONTHLY,5306170.9,WORKING_CAPITAL,SERVICES,EQUITY_AND_WAREHOUSE,True,ACTIVE,2026-08-21,11833333.33,11833333.33,0,CURRENT,False,,False,False,0,0,PTY-LENDER_B-00000422,ANON-LENDER_B-00000422,ORGANISATION,synthetic,WCDS-0.1
FAC-LENDER_B-00000423,LENDER_B,LENDER_B-100423,,TERM_LOAN,INVOICE_120D,NGN,1500000,1500000,1500000,2025-05-01,2025-05-01,2025-08-29,120,0.288652,FIXED,MONTHLY,410587.2,WORKING_CAPITAL,MANUFACTURING,EQUITY_AND_WAREHOUSE,False,WRITTEN_OFF,2026-08-21,6091.72,6236.25,180,DPD_90_PLUS,True,2026-05-23,False,True,225000.0,35500.96,PTY-LENDER_B-00000423,ANON-LENDER_B-00000423,ORGANISATION,synthetic,WCDS-0.1
FAC-LENDER_B-00000424,LENDER_B,LENDER_B-100424,,TERM_LOAN,INVOICE_120D,NGN,2000000,2000000,2000000,2025-11-30,2025-11-30,2026-03-30,120,0.228376,FIXED,MONTHLY,537541.19,WORKING_CAPITAL,AGRICULTURE,EQUITY_AND_WAREHOUSE,False,CLOSED,2026-08-21,0,0.0,0,CURRENT,False,,False,False,0,0,PTY-LENDER_B-00000424,ANON-LENDER_B-00000424,ORGANISATION,synthetic,WCDS-0.1
FAC-LENDER_B-00000425,LENDER_B,LENDER_B-100425,,TERM_LOAN,MERCHANT_90D,NGN,1000000,1000000,1000000,2025-03-08,2025-03-08,2025-06-06,90,0.307784,FIXED,MONTHLY,358630.67,WORKING_CAPITAL,SERVICES,EQUITY_AND_WAREHOUSE,True,CLOSED,2026-08-21,0,0.0,0,CURRENT,False,,False,False,0,0,PTY-LENDER_B-00000425,ANON-LENDER_B-00000425,ORGANISATION,synthetic,WCDS-0.1
FAC-LENDER_B-00000426,LENDER_B,LENDER_B-100426,,TERM_LOAN,SME_WC_180D,NGN,750000,750000,750000,2025-02-06,2025-02-06,2025-08-05,180,0.226556,FIXED,MONTHLY,138965.78,WORKING_CAPITAL,SERVICES,EQUITY_AND_WAREHOUSE,True,ACTIVE,2026-08-21,18750.0,18924.57,15,DPD_1_30,False,,False,False,0,0,PTY-LENDER_B-00000426,ANON-LENDER_B-00000426,ORGANISATION,synthetic,WCDS-0.1
FAC-LENDER_B-00000427,LENDER_B,LENDER_B-100427,,TERM_LOAN,SME_WC_180D,NGN,10000000,10000000,10000000,2025-02-14,2025-02-14,2025-08-13,180,0.230871,FIXED,MONTHLY,1856423.79,WORKING_CAPITAL,AGRICULTURE,EQUITY_AND_WAREHOUSE,True,CLOSED,2026-08-21,0,0.0,0,CURRENT,False,,False,False,0,0,PTY-LENDER_B-00000427,ANON-LENDER_B-00000427,ORGANISATION,synthetic,WCDS-0.1
FAC-LENDER_B-00000428,LENDER_B,LENDER_B-100428,,TERM_LOAN,INVOICE_120D,NGN,1000000,1000000,1000000,2025-07-02,2025-07-02,2025-10-30,120,0.221029,FIXED,MONTHLY,268166.78,WORKING_CAPITAL,AGRICULTURE,EQUITY_AND_WAREHOUSE,True,ACTIVE,2026-08-21,25000.0,25227.08,15,DPD_1_30,False,,False,False,0,0,PTY-LENDER_B-00000428,ANON-LENDER_B-00000428,ORGANISATION,synthetic,WCDS-0.1
FAC-LENDER_B-00000429,LENDER_B,LENDER_B-100429,,TERM_LOAN,INVOICE_120D,NGN,7500000,7500000,7500000,2025-06-11,2025-06-11,2025-10-09,120,0.215713,FIXED,MONTHLY,2007973.93,WORKING_CAPITAL,HOSPITALITY,EQUITY_AND_WAREHOUSE,False,ACTIVE,2026-08-21,87500.0,87861.98,7,DPD_1_30,False,,False,False,0,0,PTY-LENDER_B-00000429,ANON-LENDER_B-00000429,ORGANISATION,synthetic,WCDS-0.1
FAC-LENDER_B-00000430,LENDER_B,LENDER_B-100430,,TERM_LOAN,SME_WC_180D,NGN,3000000,3000000,3000000,2025-08-14,2025-08-14,2026-02-10,180,0.313284,FIXED,MONTHLY,577248.2,WORKING_CAPITAL,LOGISTICS,EQUITY_AND_WAREHOUSE,True,ACTIVE,2026-08-21,75000.0,75965.6,15,DPD_1_30,False,,False,False,0,0,PTY-LENDER_B-00000430,ANON-LENDER_B-00000430,ORGANISATION,synthetic,WCDS-0.1
FAC-LENDER_B-00000431,LENDER_B,LENDER_B-100431,,TERM_LOAN,SME_WC_180D,NGN,500000,500000,500000,2025-06-19,2025-06-19,2025-12-16,180,0.250802,FIXED,MONTHLY,93640.25,WORKING_CAPITAL,SERVICES,EQUITY_AND_WAREHOUSE,True,CLOSED,2026-08-21,0,0.0,0,CURRENT,False,,False,False,0,0,PTY-LENDER_B-00000431,ANON-LENDER_B-00000431,ORGANISATION,synthetic,WCDS-0.1
FAC-LENDER_B-00000432,LENDER_B,LENDER_B-100432,,TERM_LOAN,MERCHANT_90D,NGN,1500000,1500000,1500000,2025-11-22,2025-11-22,2026-02-20,90,0.320537,FIXED,MONTHLY,539518.27,WORKING_CAPITAL,LOGISTICS,EQUITY_AND_WAREHOUSE,False,CLOSED,2026-08-21,0,0.0,0,CURRENT,False,,False,False,0,0,PTY-LENDER_B-00000432,ANON-LENDER_B-00000432,ORGANISATION,synthetic,WCDS-0.1
FAC-LENDER_B-00000433,LENDER_B,LENDER_B-100433,,TERM_LOAN,SME_WC_180D,NGN,10000000,10000000,10000000,2026-01-03,2026-01-03,2026-07-02,180,0.252185,FIXED,MONTHLY,1873941.66,WORKING_CAPITAL,MANUFACTURING,EQUITY_AND_WAREHOUSE,False,CLOSED,2026-08-21,0,0.0,0,CURRENT,False,,False,False,0,0,PTY-LENDER_B-00000433,ANON-LENDER_B-00000433,ORGANISATION,synthetic,WCDS-0.1
FAC-LENDER_B-00000434,LENDER_B,LENDER_B-100434,,TERM_LOAN,MERCHANT_90D,NGN,3000000,3000000,3000000,2024-12-12,2024-12-12,2025-03-12,90,0.28401,FIXED,MONTHLY,1070029.94,WORKING_CAPITAL,HOSPITALITY,EQUITY_AND_WAREHOUSE,False,CLOSED,2026-08-21,0,0.0,0,CURRENT,False,,False,False,0,0,PTY-LENDER_B-00000434,ANON-LENDER_B-00000434,ORGANISATION,synthetic,WCDS-0.1
FAC-LENDER_B-00000435,LENDER_B,LENDER_B-100435,,TERM_LOAN,INVOICE_120D,NGN,7500000,7500000,7500000,2024-12-19,2024-12-19,2025-04-18,120,0.265942,FIXED,MONTHLY,2038936.74,WORKING_CAPITAL,LOGISTICS,EQUITY_AND_WAREHOUSE,True,CLOSED,2026-08-21,0,0.0,0,CURRENT,False,,False,False,0,0,PTY-LENDER_B-00000435,ANON-LENDER_B-00000435,ORGANISATION,synthetic,WCDS-0.1
FAC-LENDER_B-00000436,LENDER_B,LENDER_B-100436,,TERM_LOAN,SME_WC_180D,NGN,7500000,7500000,7500000,2026-03-27,2026-03-27,2026-09-23,180,0.283963,FIXED,MONTHLY,1425045.6,WORKING_CAPITAL,AGRICULTURE,EQUITY_AND_WAREHOUSE,True,ACTIVE,2026-08-21,1812500.0,1854802.69,35,DPD_31_60,False,,True,False,0,0,PTY-LENDER_B-00000436,ANON-LENDER_B-00000436,ORGANISATION,synthetic,WCDS-0.1
FAC-LENDER_B-00000437,LENDER_B,LENDER_B-100437,,TERM_LOAN,MERCHANT_90D,NGN,15000000,15000000,15000000,2025-01-13,2025-01-13,2025-04-13,90,0.337718,FIXED,MONTHLY,5416364.5,WORKING_CAPITAL,AGRICULTURE,EQUITY_AND_WAREHOUSE,False,CLOSED,2026-08-21,0,0.0,0,CURRENT,False,,False,False,0,0,PTY-LENDER_B-00000437,ANON-LENDER_B-00000437,ORGANISATION,synthetic,WCDS-0.1
FAC-LENDER_B-00000438,LENDER_B,LENDER_B-100438,,TERM_LOAN,SME_WC_180D,NGN,10000000,10000000,10000000,2026-07-20,2026-07-20,2027-01-16,180,0.277273,FIXED,MONTHLY,1894562.54,WORKING_CAPITAL,MANUFACTURING,EQUITY_AND_WAREHOUSE,False,ACTIVE,2026-08-21,8222222.22,8222222.22,0,CURRENT,False,,False,False,0,0,PTY-LENDER_B-00000438,ANON-LENDER_B-00000438,ORGANISATION,synthetic,WCDS-0.1
FAC-LENDER_B-00000439,LENDER_B,LENDER_B-100439,,TERM_LOAN,INVOICE_120D,NGN,3000000,3000000,3000000,2025-05-12,2025-05-12,2025-09-09,120,0.269925,FIXED,MONTHLY,816556.88,WORKING_CAPITAL,AGRICULTURE,EQUITY_AND_WAREHOUSE,False,ACTIVE,2026-08-21,35000.0,35181.18,7,DPD_1_30,False,,False,False,0,0,PTY-LENDER_B-00000439,ANON-LENDER_B-00000439,ORGANISATION,synthetic,WCDS-0.1
FAC-LENDER_B-00000440,LENDER_B,LENDER_B-100440,,TERM_LOAN,SME_WC_180D,NGN,3000000,3000000,3000000,2025-11-19,2025-11-19,2026-05-18,180,0.252127,FIXED,MONTHLY,562168.23,WORKING_CAPITAL,LOGISTICS,EQUITY_AND_WAREHOUSE,False,CLOSED,2026-08-21,0,0.0,0,CURRENT,False,,False,False,0,0,PTY-LENDER_B-00000440,ANON-LENDER_B-00000440,ORGANISATION,synthetic,WCDS-0.1
FAC-LENDER_B-00000441,LENDER_B,LENDER_B-100441,,TERM_LOAN,SME_WC_180D,NGN,5000000,5000000,5000000,2026-06-23,2026-06-23,2026-12-20,180,0.222314,FIXED,MONTHLY,924695.18,WORKING_CAPITAL,SERVICES,EQUITY_AND_WAREHOUSE,False,ACTIVE,2026-08-21,3486111.11,3517960.87,15,DPD_1_30,False,,False,False,0,0,PTY-LENDER_B-00000441,ANON-LENDER_B-00000441,ORGANISATION,synthetic,WCDS-0.1
FAC-LENDER_B-00000442,LENDER_B,LENDER_B-100442,,TERM_LOAN,INVOICE_120D,NGN,5000000,5000000,5000000,2025-09-11,2025-09-11,2026-01-09,120,0.237347,FIXED,MONTHLY,1347540.04,WORKING_CAPITAL,RETAIL,EQUITY_AND_WAREHOUSE,False,ACTIVE,2026-08-21,125000.0,126219.25,15,DPD_1_30,False,,False,False,0,0,PTY-LENDER_B-00000442,ANON-LENDER_B-00000442,ORGANISATION,synthetic,WCDS-0.1
FAC-LENDER_B-00000443,LENDER_B,LENDER_B-100443,,TERM_LOAN,INVOICE_120D,NGN,750000,750000,750000,2025-01-17,2025-01-17,2025-05-17,120,0.263437,FIXED,MONTHLY,203739.29,WORKING_CAPITAL,MANUFACTURING,EQUITY_AND_WAREHOUSE,True,ACTIVE,2026-08-21,18750.0,18952.99,15,DPD_1_30,False,,False,False,0,0,PTY-LENDER_B-00000443,ANON-LENDER_B-00000443,ORGANISATION,synthetic,WCDS-0.1
FAC-LENDER_B-00000444,LENDER_B,LENDER_B-100444,,TERM_LOAN,MERCHANT_90D,NGN,15000000,15000000,15000000,2026-01-28,2026-01-28,2026-04-28,90,0.293176,FIXED,MONTHLY,5361450.16,WORKING_CAPITAL,SERVICES,EQUITY_AND_WAREHOUSE,False,ACTIVE,2026-08-21,175000.0,175983.95,7,DPD_1_30,False,,False,False,0,0,PTY-LENDER_B-00000444,ANON-LENDER_B-00000444,ORGANISATION,synthetic,WCDS-0.1
FAC-LENDER_B-00000445,LENDER_B,LENDER_B-100445,,TERM_LOAN,SME_WC_180D,NGN,1000000,1000000,1000000,2026-02-06,2026-02-06,2026-08-05,180,0.263095,FIXED,MONTHLY,188290.89,WORKING_CAPITAL,HOSPITALITY,EQUITY_AND_WAREHOUSE,True,CLOSED,2026-08-21,0,0.0,0,CURRENT,False,,False,False,0,0,PTY-LENDER_B-00000445,ANON-LENDER_B-00000445,ORGANISATION,synthetic,WCDS-0.1
FAC-LENDER_B-00000446,LENDER_B,LENDER_B-100446,,TERM_LOAN,SME_WC_180D,NGN,500000,500000,500000,2026-08-05,2026-08-05,2027-02-01,180,0.272771,FIXED,MONTHLY,94543.12,WORKING_CAPITAL,SERVICES,EQUITY_AND_WAREHOUSE,False,ACTIVE,2026-08-21,455555.56,455555.56,0,CURRENT,False,,False,False,0,0,PTY-LENDER_B-00000446,ANON-LENDER_B-00000446,ORGANISATION,synthetic,WCDS-0.1
FAC-LENDER_B-00000447,LENDER_B,LENDER_B-100447,,TERM_LOAN,MERCHANT_90D,NGN,2000000,2000000,2000000,2025-09-11,2025-09-11,2025-12-10,90,0.278995,FIXED,MONTHLY,712528.82,WORKING_CAPITAL,LOGISTICS,EQUITY_AND_WAREHOUSE,False,CLOSED,2026-08-21,0,0.0,0,CURRENT,False,,False,False,0,0,PTY-LENDER_B-00000447,ANON-LENDER_B-00000447,ORGANISATION,synthetic,WCDS-0.1
FAC-LENDER_B-00000448,LENDER_B,LENDER_B-100448,,TERM_LOAN,SME_WC_180D,NGN,15000000,15000000,15000000,2026-03-13,2026-03-13,2026-09-09,180,0.240033,FIXED,MONTHLY,2795931.29,WORKING_CAPITAL,LOGISTICS,EQUITY_AND_WAREHOUSE,True,ACTIVE,2026-08-21,1583333.33,1583333.33,0,CURRENT,False,,False,False,0,0,PTY-LENDER_B-00000448,ANON-LENDER_B-00000448,ORGANISATION,synthetic,WCDS-0.1
FAC-LENDER_B-00000449,LENDER_B,LENDER_B-100449,,TERM_LOAN,MERCHANT_90D,NGN,1000000,1000000,1000000,2026-06-02,2026-06-02,2026-08-31,90,0.258159,FIXED,MONTHLY,354551.85,WORKING_CAPITAL,MANUFACTURING,EQUITY_AND_WAREHOUSE,True,ACTIVE,2026-08-21,111111.11,111111.11,0,CURRENT,False,,False,False,0,0,PTY-LENDER_B-00000449,ANON-LENDER_B-00000449,ORGANISATION,synthetic,WCDS-0.1
FAC-LENDER_B-00000450,LENDER_B,LENDER_B-100450,,TERM_LOAN,SME_WC_180D,NGN,1000000,1000000,1000000,2025-12-16,2025-12-16,2026-06-14,180,0.24301,FIXED,MONTHLY,186640.12,WORKING_CAPITAL,SERVICES,EQUITY_AND_WAREHOUSE,False,DEFAULTED,2026-08-21,150000.0,152996.02,95,DPD_90_PLUS,True,2026-08-16,False,False,0,0,PTY-LENDER_B-00000450,ANON-LENDER_B-00000450,ORGANISATION,synthetic,WCDS-0.1
FAC-LENDER_B-00000451,LENDER_B,LENDER_B-100451,,TERM_LOAN,SME_WC_180D,NGN,750000,750000,750000,2026-01-10,2026-01-10,2026-07-09,180,0.233731,FIXED,MONTHLY,139408.09,WORKING_CAPITAL,SERVICES,EQUITY_AND_WAREHOUSE,True,CLOSED,2026-08-21,0,0.0,0,CURRENT,False,,False,False,0,0,PTY-LENDER_B-00000451,ANON-LENDER_B-00000451,ORGANISATION,synthetic,WCDS-0.1
FAC-LENDER_B-00000452,LENDER_B,LENDER_B-100452,,TERM_LOAN,SME_WC_180D,NGN,15000000,15000000,15000000,2026-02-13,2026-02-13,2026-08-12,180,0.259918,FIXED,MONTHLY,2820446.63,WORKING_CAPITAL,RETAIL,EQUITY_AND_WAREHOUSE,True,CLOSED,2026-08-21,0,0.0,0,CURRENT,False,,False,False,0,0,PTY-LENDER_B-00000452,ANON-LENDER_B-00000452,ORGANISATION,synthetic,WCDS-0.1
FAC-LENDER_B-00000453,LENDER_B,LENDER_B-100453,,TERM_LOAN,MERCHANT_90D,NGN,750000,750000,750000,2025-08-10,2025-08-10,2025-11-08,90,0.29783,FIXED,MONTHLY,268359.41,WORKING_CAPITAL,SERVICES,EQUITY_AND_WAREHOUSE,False,ACTIVE,2026-08-21,8750.0,8799.98,7,DPD_1_30,False,,False,False,0,0,PTY-LENDER_B-00000453,ANON-LENDER_B-00000453,ORGANISATION,synthetic,WCDS-0.1
FAC-LENDER_B-00000454,LENDER_B,LENDER_B-100454,,TERM_LOAN,INVOICE_120D,NGN,3000000,3000000,3000000,2026-04-19,2026-04-19,2026-08-17,120,0.298515,FIXED,MONTHLY,823606.49,WORKING_CAPITAL,SERVICES,EQUITY_AND_WAREHOUSE,True,DEFAULTED,2026-08-21,450000.0,461040.97,95,DPD_90_PLUS,True,2026-08-16,True,False,0,0,PTY-LENDER_B-00000454,ANON-LENDER_B-00000454,ORGANISATION,synthetic,WCDS-0.1
FAC-LENDER_B-00000455,LENDER_B,LENDER_B-100455,,TERM_LOAN,MERCHANT_90D,NGN,3000000,3000000,3000000,2026-06-06,2026-06-06,2026-09-04,90,0.278003,FIXED,MONTHLY,1068548.66,WORKING_CAPITAL,AGRICULTURE,EQUITY_AND_WAREHOUSE,False,ACTIVE,2026-08-21,466666.67,466666.67,0,CURRENT,False,,False,False,0,0,PTY-LENDER_B-00000455,ANON-LENDER_B-00000455,ORGANISATION,synthetic,WCDS-0.1
FAC-LENDER_B-00000456,LENDER_B,LENDER_B-100456,,TERM_LOAN,MERCHANT_90D,NGN,5000000,5000000,5000000,2025-11-03,2025-11-03,2026-02-01,90,0.324781,FIXED,MONTHLY,1800138.23,WORKING_CAPITAL,SERVICES,EQUITY_AND_WAREHOUSE,True,ACTIVE,2026-08-21,58333.33,58696.67,7,DPD_1_30,False,,False,False,0,0,PTY-LENDER_B-00000456,ANON-LENDER_B-00000456,ORGANISATION,synthetic,WCDS-0.1
FAC-LENDER_B-00000457,LENDER_B,LENDER_B-100457,,TERM_LOAN,MERCHANT_90D,NGN,15000000,15000000,15000000,2026-03-05,2026-03-05,2026-06-03,90,0.329733,FIXED,MONTHLY,5406520.28,WORKING_CAPITAL,RETAIL,EQUITY_AND_WAREHOUSE,True,CLOSED,2026-08-21,0,0.0,0,CURRENT,False,,False,False,0,0,PTY-LENDER_B-00000457,ANON-LENDER_B-00000457,ORGANISATION,synthetic,WCDS-0.1
FAC-LENDER_B-00000458,LENDER_B,LENDER_B-100458,,TERM_LOAN,MERCHANT_90D,NGN,2000000,2000000,2000000,2026-03-03,2026-03-03,2026-06-01,90,0.286981,FIXED,MONTHLY,713841.67,WORKING_CAPITAL,AGRICULTURE,EQUITY_AND_WAREHOUSE,False,CLOSED,2026-08-21,0,0.0,0,CURRENT,False,,False,False,0,0,PTY-LENDER_B-00000458,ANON-LENDER_B-00000458,ORGANISATION,synthetic,WCDS-0.1
FAC-LENDER_B-00000459,LENDER_B,LENDER_B-100459,,TERM_LOAN,INVOICE_120D,NGN,1000000,1000000,1000000,2026-04-21,2026-04-21,2026-08-19,120,0.215138,FIXED,MONTHLY,267682.58,WORKING_CAPITAL,AGRICULTURE,EQUITY_AND_WAREHOUSE,False,ACTIVE,2026-08-21,25000.0,25221.03,15,DPD_1_30,False,,False,False,0,0,PTY-LENDER_B-00000459,ANON-LENDER_B-00000459,ORGANISATION,synthetic,WCDS-0.1
FAC-LENDER_B-00000460,LENDER_B,LENDER_B-100460,,TERM_LOAN,SME_WC_180D,NGN,2000000,2000000,2000000,2026-07-16,2026-07-16,2027-01-12,180,0.240408,FIXED,MONTHLY,372852.41,WORKING_CAPITAL,MANUFACTURING,EQUITY_AND_WAREHOUSE,True,ACTIVE,2026-08-21,1600000.0,1600000.0,0,CURRENT,False,,False,False,0,0,PTY-LENDER_B-00000460,ANON-LENDER_B-00000460,ORGANISATION,synthetic,WCDS-0.1
FAC-LENDER_B-00000461,LENDER_B,LENDER_B-100461,,TERM_LOAN,SME_WC_180D,NGN,500000,500000,500000,2025-02-20,2025-02-20,2025-08-19,180,0.223422,FIXED,MONTHLY,92515.07,WORKING_CAPITAL,MANUFACTURING,EQUITY_AND_WAREHOUSE,True,CLOSED,2026-08-21,0,0.0,0,CURRENT,False,,False,False,0,0,PTY-LENDER_B-00000461,ANON-LENDER_B-00000461,ORGANISATION,synthetic,WCDS-0.1
FAC-LENDER_B-00000462,LENDER_B,LENDER_B-100462,,TERM_LOAN,SME_WC_180D,NGN,750000,750000,750000,2025-04-23,2025-04-23,2025-10-20,180,0.254867,FIXED,MONTHLY,140710.96,WORKING_CAPITAL,RETAIL,EQUITY_AND_WAREHOUSE,False,DEFAULTED,2026-08-21,112500.0,114856.64,180,DPD_90_PLUS,True,2026-05-23,False,False,0,0,PTY-LENDER_B-00000462,ANON-LENDER_B-00000462,ORGANISATION,synthetic,WCDS-0.1
FAC-LENDER_B-00000463,LENDER_B,LENDER_B-100463,,TERM_LOAN,SME_WC_180D,NGN,7500000,7500000,7500000,2025-11-21,2025-11-21,2026-05-20,180,0.280327,FIXED,MONTHLY,1422804.38,WORKING_CAPITAL,SERVICES,EQUITY_AND_WAREHOUSE,False,CLOSED,2026-08-21,0,0.0,0,CURRENT,False,,False,False,0,0,PTY-LENDER_B-00000463,ANON-LENDER_B-00000463,ORGANISATION,synthetic,WCDS-0.1
FAC-LENDER_B-00000464,LENDER_B,LENDER_B-100464,,TERM_LOAN,INVOICE_120D,NGN,750000,750000,750000,2025-01-04,2025-01-04,2025-05-04,120,0.261361,FIXED,MONTHLY,203611.29,WORKING_CAPITAL,SERVICES,EQUITY_AND_WAREHOUSE,False,CLOSED,2026-08-21,0,0.0,0,CURRENT,False,,False,False,0,0,PTY-LENDER_B-00000464,ANON-LENDER_B-00000464,ORGANISATION,synthetic,WCDS-0.1
FAC-LENDER_B-00000465,LENDER_B,LENDER_B-100465,,TERM_LOAN,MERCHANT_90D,NGN,750000,750000,750000,2025-06-24,2025-06-24,2025-09-22,90,0.261931,FIXED,MONTHLY,266146.44,WORKING_CAPITAL,HOSPITALITY,EQUITY_AND_WAREHOUSE,True,CLOSED,2026-08-21,0,0.0,0,CURRENT,False,,False,False,0,0,PTY-LENDER_B-00000465,ANON-LENDER_B-00000465,ORGANISATION,synthetic,WCDS-0.1
FAC-LENDER_B-00000466,LENDER_B,LENDER_B-100466,,TERM_LOAN,INVOICE_120D,NGN,2000000,2000000,2000000,2025-04-25,2025-04-25,2025-08-23,120,0.225067,FIXED,MONTHLY,536997.33,WORKING_CAPITAL,AGRICULTURE,EQUITY_AND_WAREHOUSE,False,CLOSED,2026-08-21,0,0.0,0,CURRENT,False,,False,False,0,0,PTY-LENDER_B-00000466,ANON-LENDER_B-00000466,ORGANISATION,synthetic,WCDS-0.1
FAC-LENDER_B-00000467,LENDER_B,LENDER_B-100467,,TERM_LOAN,MERCHANT_90D,NGN,3000000,3000000,3000000,2026-03-16,2026-03-16,2026-06-14,90,0.291992,FIXED,MONTHLY,1071997.95,WORKING_CAPITAL,SERVICES,EQUITY_AND_WAREHOUSE,True,CLOSED,2026-08-21,0,0.0,0,CURRENT,False,,False,False,0,0,PTY-LENDER_B-00000467,ANON-LENDER_B-00000467,ORGANISATION,synthetic,WCDS-0.1
FAC-LENDER_B-00000468,LENDER_B,LENDER_B-100468,,TERM_LOAN,SME_WC_180D,NGN,500000,500000,500000,2026-07-28,2026-07-28,2027-01-24,180,0.223423,FIXED,MONTHLY,92515.08,WORKING_CAPITAL,LOGISTICS,EQUITY_AND_WAREHOUSE,False,ACTIVE,2026-08-21,433333.33,433333.33,0,CURRENT,False,,False,False,0,0,PTY-LENDER_B-00000468,ANON-LENDER_B-00000468,ORGANISATION,synthetic,WCDS-0.1
FAC-LENDER_B-00000469,LENDER_B,LENDER_B-100469,,TERM_LOAN,SME_WC_180D,NGN,500000,500000,500000,2025-08-24,2025-08-24,2026-02-20,180,0.299477,FIXED,MONTHLY,95640.62,WORKING_CAPITAL,MANUFACTURING,EQUITY_AND_WAREHOUSE,False,CLOSED,2026-08-21,0,0.0,0,CURRENT,False,,False,False,0,0,PTY-LENDER_B-00000469,ANON-LENDER_B-00000469,ORGANISATION,synthetic,WCDS-0.1
FAC-LENDER_B-00000470,LENDER_B,LENDER_B-100470,,TERM_LOAN,MERCHANT_90D,NGN,7500000,7500000,7500000,2025-05-18,2025-05-18,2025-08-16,90,0.326953,FIXED,MONTHLY,2701546.11,WORKING_CAPITAL,MANUFACTURING,EQUITY_AND_WAREHOUSE,True,CLOSED,2026-08-21,0,0.0,0,CURRENT,False,,False,False,0,0,PTY-LENDER_B-00000470,ANON-LENDER_B-00000470,ORGANISATION,synthetic,WCDS-0.1
FAC-LENDER_B-00000471,LENDER_B,LENDER_B-100471,,TERM_LOAN,SME_WC_180D,NGN,1000000,1000000,1000000,2025-03-30,2025-03-30,2025-09-26,180,0.296851,FIXED,MONTHLY,191065.39,WORKING_CAPITAL,AGRICULTURE,EQUITY_AND_WAREHOUSE,True,ACTIVE,2026-08-21,11666.67,11733.09,7,DPD_1_30,False,,False,False,0,0,PTY-LENDER_B-00000471,ANON-LENDER_B-00000471,ORGANISATION,synthetic,WCDS-0.1
FAC-LENDER_B-00000472,LENDER_B,LENDER_B-100472,,TERM_LOAN,INVOICE_120D,NGN,2000000,2000000,2000000,2025-06-01,2025-06-01,2025-09-29,120,0.285621,FIXED,MONTHLY,546951.47,WORKING_CAPITAL,RETAIL,EQUITY_AND_WAREHOUSE,False,CLOSED,2026-08-21,0,0.0,0,CURRENT,False,,False,False,0,0,PTY-LENDER_B-00000472,ANON-LENDER_B-00000472,ORGANISATION,synthetic,WCDS-0.1
FAC-LENDER_B-00000473,LENDER_B,LENDER_B-100473,,TERM_LOAN,SME_WC_180D,NGN,750000,750000,750000,2025-10-13,2025-10-13,2026-04-11,180,0.232623,FIXED,MONTHLY,139339.76,WORKING_CAPITAL,RETAIL,EQUITY_AND_WAREHOUSE,False,CLOSED,2026-08-21,0,0.0,0,CURRENT,False,,False,False,0,0,PTY-LENDER_B-00000473,ANON-LENDER_B-00000473,ORGANISATION,synthetic,WCDS-0.1
FAC-LENDER_B-00000474,LENDER_B,LENDER_B-100474,,TERM_LOAN,MERCHANT_90D,NGN,10000000,10000000,10000000,2025-03-06,2025-03-06,2025-06-04,90,0.274762,FIXED,MONTHLY,3559165.46,WORKING_CAPITAL,LOGISTICS,EQUITY_AND_WAREHOUSE,True,CLOSED,2026-08-21,0,0.0,0,CURRENT,False,,False,False,0,0,PTY-LENDER_B-00000474,ANON-LENDER_B-00000474,ORGANISATION,synthetic,WCDS-0.1
FAC-LENDER_B-00000475,LENDER_B,LENDER_B-100475,,TERM_LOAN,INVOICE_120D,NGN,3000000,3000000,3000000,2026-03-09,2026-03-09,2026-07-07,120,0.201672,FIXED,MONTHLY,799727.32,WORKING_CAPITAL,MANUFACTURING,EQUITY_AND_WAREHOUSE,False,CLOSED,2026-08-21,0,0.0,0,CURRENT,False,,False,False,0,0,PTY-LENDER_B-00000475,ANON-LENDER_B-00000475,ORGANISATION,synthetic,WCDS-0.1
FAC-LENDER_B-00000476,LENDER_B,LENDER_B-100476,,TERM_LOAN,INVOICE_120D,NGN,1500000,1500000,1500000,2025-02-14,2025-02-14,2025-06-14,120,0.253316,FIXED,MONTHLY,406230.69,WORKING_CAPITAL,HOSPITALITY,EQUITY_AND_WAREHOUSE,False,CLOSED,2026-08-21,0,0.0,0,CURRENT,False,,False,False,0,0,PTY-LENDER_B-00000476,ANON-LENDER_B-00000476,ORGANISATION,synthetic,WCDS-0.1
FAC-LENDER_B-00000477,LENDER_B,LENDER_B-100477,,TERM_LOAN,INVOICE_120D,NGN,1500000,1500000,1500000,2025-06-03,2025-06-03,2025-10-01,120,0.263491,FIXED,MONTHLY,407485.16,WORKING_CAPITAL,HOSPITALITY,EQUITY_AND_WAREHOUSE,True,ACTIVE,2026-08-21,87500.0,89394.97,35,DPD_31_60,False,,False,False,0,0,PTY-LENDER_B-00000477,ANON-LENDER_B-00000477,ORGANISATION,synthetic,WCDS-0.1
FAC-LENDER_B-00000478,LENDER_B,LENDER_B-100478,,TERM_LOAN,INVOICE_120D,NGN,5000000,5000000,5000000,2026-03-25,2026-03-25,2026-07-23,120,0.22965,FIXED,MONTHLY,1344376.57,WORKING_CAPITAL,SERVICES,EQUITY_AND_WAREHOUSE,False,ACTIVE,2026-08-21,58333.33,58590.25,7,DPD_1_30,False,,False,False,0,0,PTY-LENDER_B-00000478,ANON-LENDER_B-00000478,ORGANISATION,synthetic,WCDS-0.1
FAC-LENDER_B-00000479,LENDER_B,LENDER_B-100479,,TERM_LOAN,INVOICE_120D,NGN,2000000,2000000,2000000,2024-12-11,2024-12-11,2025-04-10,120,0.270834,FIXED,MONTHLY,544520.67,WORKING_CAPITAL,LOGISTICS,EQUITY_AND_WAREHOUSE,False,DEFAULTED,2026-08-21,300000.0,306678.1,95,DPD_90_PLUS,True,2026-08-16,True,False,0,0,PTY-LENDER_B-00000479,ANON-LENDER_B-00000479,ORGANISATION,synthetic,WCDS-0.1
FAC-LENDER_B-00000480,LENDER_B,LENDER_B-100480,,TERM_LOAN,MERCHANT_90D,NGN,5000000,5000000,5000000,2025-07-07,2025-07-07,2025-10-05,90,0.281038,FIXED,MONTHLY,1782161.55,WORKING_CAPITAL,LOGISTICS,EQUITY_AND_WAREHOUSE,False,CLOSED,2026-08-21,0,0.0,0,CURRENT,False,,False,False,0,0,PTY-LENDER_B-00000480,ANON-LENDER_B-00000480,ORGANISATION,synthetic,WCDS-0.1
FAC-LENDER_B-00000481,LENDER_B,LENDER_B-100481,,TERM_LOAN,SME_WC_180D,NGN,1000000,1000000,1000000,2024-12-20,2024-12-20,2025-06-18,180,0.255041,FIXED,MONTHLY,187628.92,WORKING_CAPITAL,SERVICES,EQUITY_AND_WAREHOUSE,True,DEFAULTED,2026-08-21,150000.0,153144.34,95,DPD_90_PLUS,True,2026-08-16,False,False,0,0,PTY-LENDER_B-00000481,ANON-LENDER_B-00000481,ORGANISATION,synthetic,WCDS-0.1
FAC-LENDER_B-00000482,LENDER_B,LENDER_B-100482,,TERM_LOAN,MERCHANT_90D,NGN,750000,750000,750000,2026-04-28,2026-04-28,2026-07-27,90,0.284338,FIXED,MONTHLY,267527.69,WORKING_CAPITAL,MANUFACTURING,EQUITY_AND_WAREHOUSE,True,ACTIVE,2026-08-21,8750.0,8797.71,7,DPD_1_30,False,,False,False,0,0,PTY-LENDER_B-00000482,ANON-LENDER_B-00000482,ORGANISATION,synthetic,WCDS-0.1
FAC-LENDER_B-00000483,LENDER_B,LENDER_B-100483,,TERM_LOAN,MERCHANT_90D,NGN,10000000,10000000,10000000,2026-03-07,2026-03-07,2026-06-05,90,0.299845,FIXED,MONTHLY,3579780.99,WORKING_CAPITAL,HOSPITALITY,EQUITY_AND_WAREHOUSE,False,CLOSED,2026-08-21,0,0.0,0,CURRENT,False,,False,False,0,0,PTY-LENDER_B-00000483,ANON-LENDER_B-00000483,ORGANISATION,synthetic,WCDS-0.1
FAC-LENDER_B-00000484,LENDER_B,LENDER_B-100484,,TERM_LOAN,SME_WC_180D,NGN,500000,500000,500000,2025-11-23,2025-11-23,2026-05-22,180,0.311051,FIXED,MONTHLY,96116.24,WORKING_CAPITAL,SERVICES,EQUITY_AND_WAREHOUSE,False,CLOSED,2026-08-21,0,0.0,0,CURRENT,False,,False,False,0,0,PTY-LENDER_B-00000484,ANON-LENDER_B-00000484,ORGANISATION,synthetic,WCDS-0.1
FAC-LENDER_B-00000485,LENDER_B,LENDER_B-100485,,TERM_LOAN,INVOICE_120D,NGN,7500000,7500000,7500000,2026-04-28,2026-04-28,2026-08-26,120,0.287624,FIXED,MONTHLY,2052302.61,WORKING_CAPITAL,AGRICULTURE,EQUITY_AND_WAREHOUSE,True,ACTIVE,2026-08-21,312500.0,312500.0,0,CURRENT,False,,False,False,0,0,PTY-LENDER_B-00000485,ANON-LENDER_B-00000485,ORGANISATION,synthetic,WCDS-0.1
FAC-LENDER_B-00000486,LENDER_B,LENDER_B-100486,,TERM_LOAN,MERCHANT_90D,NGN,7500000,7500000,7500000,2025-06-06,2025-06-06,2025-09-04,90,0.313176,FIXED,MONTHLY,2693053.66,WORKING_CAPITAL,HOSPITALITY,EQUITY_AND_WAREHOUSE,False,CLOSED,2026-08-21,0,0.0,0,CURRENT,False,,False,False,0,0,PTY-LENDER_B-00000486,ANON-LENDER_B-00000486,ORGANISATION,synthetic,WCDS-0.1
FAC-LENDER_B-00000487,LENDER_B,LENDER_B-100487,,TERM_LOAN,INVOICE_120D,NGN,2000000,2000000,2000000,2025-09-09,2025-09-09,2026-01-07,120,0.284232,FIXED,MONTHLY,546723.15,WORKING_CAPITAL,AGRICULTURE,EQUITY_AND_WAREHOUSE,False,CLOSED,2026-08-21,0,0.0,0,CURRENT,False,,False,False,0,0,PTY-LENDER_B-00000487,ANON-LENDER_B-00000487,ORGANISATION,synthetic,WCDS-0.1
FAC-LENDER_B-00000488,LENDER_B,LENDER_B-100488,,TERM_LOAN,MERCHANT_90D,NGN,7500000,7500000,7500000,2025-12-28,2025-12-28,2026-03-28,90,0.32363,FIXED,MONTHLY,2699497.71,WORKING_CAPITAL,LOGISTICS,EQUITY_AND_WAREHOUSE,False,CLOSED,2026-08-21,0,0.0,0,CURRENT,False,,False,False,0,0,PTY-LENDER_B-00000488,ANON-LENDER_B-00000488,ORGANISATION,synthetic,WCDS-0.1
FAC-LENDER_B-00000489,LENDER_B,LENDER_B-100489,,TERM_LOAN,INVOICE_120D,NGN,7500000,7500000,7500000,2025-01-09,2025-01-09,2025-05-09,120,0.278092,FIXED,MONTHLY,2046426.69,WORKING_CAPITAL,MANUFACTURING,EQUITY_AND_WAREHOUSE,False,CLOSED,2026-08-21,0,0.0,0,CURRENT,False,,False,False,0,0,PTY-LENDER_B-00000489,ANON-LENDER_B-00000489,ORGANISATION,synthetic,WCDS-0.1
FAC-LENDER_B-00000490,LENDER_B,LENDER_B-100490,,TERM_LOAN,INVOICE_120D,NGN,750000,750000,750000,2026-05-03,2026-05-03,2026-08-31,120,0.238259,FIXED,MONTHLY,202187.18,WORKING_CAPITAL,MANUFACTURING,EQUITY_AND_WAREHOUSE,False,ACTIVE,2026-08-21,62500.0,62500.0,0,CURRENT,False,,False,False,0,0,PTY-LENDER_B-00000490,ANON-LENDER_B-00000490,ORGANISATION,synthetic,WCDS-0.1
FAC-LENDER_B-00000491,LENDER_B,LENDER_B-100491,,TERM_LOAN,INVOICE_120D,NGN,15000000,15000000,15000000,2026-07-02,2026-07-02,2026-10-30,120,0.23607,FIXED,MONTHLY,4041045.31,WORKING_CAPITAL,SERVICES,EQUITY_AND_WAREHOUSE,False,ACTIVE,2026-08-21,8750000.0,8750000.0,0,CURRENT,False,,False,False,0,0,PTY-LENDER_B-00000491,ANON-LENDER_B-00000491,ORGANISATION,synthetic,WCDS-0.1
FAC-LENDER_B-00000492,LENDER_B,LENDER_B-100492,,TERM_LOAN,INVOICE_120D,NGN,500000,500000,500000,2025-05-26,2025-05-26,2025-09-23,120,0.257334,FIXED,MONTHLY,135575.39,WORKING_CAPITAL,SERVICES,EQUITY_AND_WAREHOUSE,False,CLOSED,2026-08-21,0,0.0,0,CURRENT,False,,False,False,0,0,PTY-LENDER_B-00000492,ANON-LENDER_B-00000492,ORGANISATION,synthetic,WCDS-0.1
FAC-LENDER_B-00000493,LENDER_B,LENDER_B-100493,,TERM_LOAN,SME_WC_180D,NGN,750000,750000,750000,2026-07-13,2026-07-13,2027-01-09,180,0.276693,FIXED,MONTHLY,142056.42,WORKING_CAPITAL,AGRICULTURE,EQUITY_AND_WAREHOUSE,False,ACTIVE,2026-08-21,596250.0,599413.97,7,DPD_1_30,False,,False,False,0,0,PTY-LENDER_B-00000493,ANON-LENDER_B-00000493,ORGANISATION,synthetic,WCDS-0.1
FAC-LENDER_B-00000494,LENDER_B,LENDER_B-100494,,TERM_LOAN,SME_WC_180D,NGN,3000000,3000000,3000000,2026-06-24,2026-06-24,2026-12-21,180,0.245351,FIXED,MONTHLY,560497.61,WORKING_CAPITAL,LOGISTICS,EQUITY_AND_WAREHOUSE,True,ACTIVE,2026-08-21,2033333.33,2033333.33,0,CURRENT,False,,False,False,0,0,PTY-LENDER_B-00000494,ANON-LENDER_B-00000494,ORGANISATION,synthetic,WCDS-0.1
FAC-LENDER_B-00000495,LENDER_B,LENDER_B-100495,,TERM_LOAN,MERCHANT_90D,NGN,1500000,1500000,1500000,2025-01-28,2025-01-28,2025-04-28,90,0.30991,FIXED,MONTHLY,538208.14,WORKING_CAPITAL,MANUFACTURING,EQUITY_AND_WAREHOUSE,False,CLOSED,2026-08-21,0,0.0,0,CURRENT,False,,False,False,0,0,PTY-LENDER_B-00000495,ANON-LENDER_B-00000495,ORGANISATION,synthetic,WCDS-0.1
FAC-LENDER_B-00000496,LENDER_B,LENDER_B-100496,,TERM_LOAN,MERCHANT_90D,NGN,7500000,7500000,7500000,2025-02-06,2025-02-06,2025-05-07,90,0.31407,FIXED,MONTHLY,2693605.09,WORKING_CAPITAL,RETAIL,EQUITY_AND_WAREHOUSE,True,ACTIVE,2026-08-21,87500.0,88027.04,7,DPD_1_30,False,,False,False,0,0,PTY-LENDER_B-00000496,ANON-LENDER_B-00000496,ORGANISATION,synthetic,WCDS-0.1
FAC-LENDER_B-00000497,LENDER_B,LENDER_B-100497,,TERM_LOAN,MERCHANT_90D,NGN,750000,750000,750000,2025-03-20,2025-03-20,2025-06-18,90,0.323624,FIXED,MONTHLY,269949.4,WORKING_CAPITAL,HOSPITALITY,EQUITY_AND_WAREHOUSE,True,CLOSED,2026-08-21,0,0.0,0,CURRENT,False,,False,False,0,0,PTY-LENDER_B-00000497,ANON-LENDER_B-00000497,ORGANISATION,synthetic,WCDS-0.1
FAC-LENDER_B-00000498,LENDER_B,LENDER_B-100498,,TERM_LOAN,SME_WC_180D,NGN,3000000,3000000,3000000,2025-08-06,2025-08-06,2026-02-02,180,0.240215,FIXED,MONTHLY,559231.07,WORKING_CAPITAL,AGRICULTURE,EQUITY_AND_WAREHOUSE,False,ACTIVE,2026-08-21,35000.0,35161.24,7,DPD_1_30,False,,False,False,0,0,PTY-LENDER_B-00000498,ANON-LENDER_B-00000498,ORGANISATION,synthetic,WCDS-0.1
FAC-LENDER_B-00000499,LENDER_B,LENDER_B-100499,,TERM_LOAN,INVOICE_120D,NGN,2000000,2000000,2000000,2025-01-15,2025-01-15,2025-05-15,120,0.211148,FIXED,MONTHLY,534709.27,WORKING_CAPITAL,MANUFACTURING,EQUITY_AND_WAREHOUSE,False,CLOSED,2026-08-21,0,0.0,0,CURRENT,False,,False,False,0,0,PTY-LENDER_B-00000499,ANON-LENDER_B-00000499,ORGANISATION,synthetic,WCDS-0.1
FAC-LENDER_B-00000500,LENDER_B,LENDER_B-100500,,TERM_LOAN,MERCHANT_90D,NGN,1500000,1500000,1500000,2025-06-23,2025-06-23,2025-09-21,90,0.295992,FIXED,MONTHLY,536492.18,WORKING_CAPITAL,RETAIL,EQUITY_AND_WAREHOUSE,True,ACTIVE,2026-08-21,87500.0,89628.71,35,DPD_31_60,False,,True,False,0,0,PTY-LENDER_B-00000500,ANON-LENDER_B-00000500,ORGANISATION,synthetic,WCDS-0.1
FAC-LENDER_B-00000501,LENDER_B,LENDER_B-100501,,TERM_LOAN,SME_WC_180D,NGN,750000,750000,750000,2025-10-15,2025-10-15,2026-04-13,180,0.25538,FIXED,MONTHLY,140742.6,WORKING_CAPITAL,HOSPITALITY,EQUITY_AND_WAREHOUSE,False,CLOSED,2026-08-21,0,0.0,0,CURRENT,False,,False,False,0,0,PTY-LENDER_B-00000501,ANON-LENDER_B-00000501,ORGANISATION,synthetic,WCDS-0.1
FAC-LENDER_B-00000502,LENDER_B,LENDER_B-100502,,TERM_LOAN,MERCHANT_90D,NGN,1500000,1500000,1500000,2025-11-04,2025-11-04,2026-02-02,90,0.337075,FIXED,MONTHLY,541557.13,WORKING_CAPITAL,MANUFACTURING,EQUITY_AND_WAREHOUSE,True,CLOSED,2026-08-21,0,0.0,0,CURRENT,False,,False,False,0,0,PTY-LENDER_B-00000502,ANON-LENDER_B-00000502,ORGANISATION,synthetic,WCDS-0.1
FAC-LENDER_B-00000503,LENDER_B,LENDER_B-100503,,TERM_LOAN,MERCHANT_90D,NGN,7500000,7500000,7500000,2026-03-16,2026-03-16,2026-06-14,90,0.262447,FIXED,MONTHLY,2661782.31,WORKING_CAPITAL,HOSPITALITY,EQUITY_AND_WAREHOUSE,False,CLOSED,2026-08-21,0,0.0,0,CURRENT,False,,False,False,0,0,PTY-LENDER_B-00000503,ANON-LENDER_B-00000503,ORGANISATION,synthetic,WCDS-0.1
FAC-LENDER_B-00000504,LENDER_B,LENDER_B-100504,,TERM_LOAN,SME_WC_180D,NGN,5000000,5000000,5000000,2025-01-07,2025-01-07,2025-07-06,180,0.222077,FIXED,MONTHLY,924598.02,WORKING_CAPITAL,MANUFACTURING,EQUITY_AND_WAREHOUSE,False,CLOSED,2026-08-21,0,0.0,0,CURRENT,False,,False,False,0,0,PTY-LENDER_B-00000504,ANON-LENDER_B-00000504,ORGANISATION,synthetic,WCDS-0.1
FAC-LENDER_B-00000505,LENDER_B,LENDER_B-100505,,TERM_LOAN,INVOICE_120D,NGN,5000000,5000000,5000000,2025-08-04,2025-08-04,2025-12-02,120,0.239962,FIXED,MONTHLY,1348614.39,WORKING_CAPITAL,HOSPITALITY,EQUITY_AND_WAREHOUSE,True,ACTIVE,2026-08-21,125000.0,126232.68,15,DPD_1_30,False,,False,False,0,0,PTY-LENDER_B-00000505,ANON-LENDER_B-00000505,ORGANISATION,synthetic,WCDS-0.1
FAC-LENDER_B-00000506,LENDER_B,LENDER_B-100506,,TERM_LOAN,MERCHANT_90D,NGN,3000000,3000000,3000000,2026-03-27,2026-03-27,2026-06-25,90,0.266356,FIXED,MONTHLY,1065676.76,WORKING_CAPITAL,MANUFACTURING,EQUITY_AND_WAREHOUSE,True,CLOSED,2026-08-21,0,0.0,0,CURRENT,False,,False,False,0,0,PTY-LENDER_B-00000506,ANON-LENDER_B-00000506,ORGANISATION,synthetic,WCDS-0.1
FAC-LENDER_B-00000507,LENDER_B,LENDER_B-100507,,TERM_LOAN,INVOICE_120D,NGN,1000000,1000000,1000000,2025-03-10,2025-03-10,2025-07-08,120,0.279556,FIXED,MONTHLY,272977.18,WORKING_CAPITAL,RETAIL,EQUITY_AND_WAREHOUSE,False,ACTIVE,2026-08-21,11666.67,11729.22,7,DPD_1_30,False,,False,False,0,0,PTY-LENDER_B-00000507,ANON-LENDER_B-00000507,ORGANISATION,synthetic,WCDS-0.1
FAC-LENDER_B-00000508,LENDER_B,LENDER_B-100508,,TERM_LOAN,MERCHANT_90D,NGN,3000000,3000000,3000000,2025-01-21,2025-01-21,2025-04-21,90,0.293536,FIXED,MONTHLY,1072378.74,WORKING_CAPITAL,HOSPITALITY,EQUITY_AND_WAREHOUSE,False,ACTIVE,2026-08-21,75000.0,75904.73,15,DPD_1_30,False,,False,False,0,0,PTY-LENDER_B-00000508,ANON-LENDER_B-00000508,ORGANISATION,synthetic,WCDS-0.1
FAC-LENDER_B-00000509,LENDER_B,LENDER_B-100509,,TERM_LOAN,SME_WC_180D,NGN,15000000,15000000,15000000,2025-05-22,2025-05-22,2025-11-18,180,0.246913,FIXED,MONTHLY,2804413.71,WORKING_CAPITAL,SERVICES,EQUITY_AND_WAREHOUSE,False,CLOSED,2026-08-21,0,0.0,0,CURRENT,False,,False,False,0,0,PTY-LENDER_B-00000509,ANON-LENDER_B-00000509,ORGANISATION,synthetic,WCDS-0.1
FAC-LENDER_B-00000510,LENDER_B,LENDER_B-100510,,TERM_LOAN,INVOICE_120D,NGN,500000,500000,500000,2026-03-13,2026-03-13,2026-07-11,120,0.244847,FIXED,MONTHLY,135062.2,WORKING_CAPITAL,AGRICULTURE,EQUITY_AND_WAREHOUSE,False,CLOSED,2026-08-21,0,0.0,0,CURRENT,False,,False,False,0,0,PTY-LENDER_B-00000510,ANON-LENDER_B-00000510,ORGANISATION,synthetic,WCDS-0.1
FAC-LENDER_B-00000511,LENDER_B,LENDER_B-100511,,TERM_LOAN,SME_WC_180D,NGN,500000,500000,500000,2025-05-27,2025-05-27,2025-11-23,180,0.315473,FIXED,MONTHLY,96297.99,WORKING_CAPITAL,HOSPITALITY,EQUITY_AND_WAREHOUSE,False,ACTIVE,2026-08-21,5833.33,5868.63,7,DPD_1_30,False,,False,False,0,0,PTY-LENDER_B-00000511,ANON-LENDER_B-00000511,ORGANISATION,synthetic,WCDS-0.1
FAC-LENDER_B-00000512,LENDER_B,LENDER_B-100512,,TERM_LOAN,SME_WC_180D,NGN,2000000,2000000,2000000,2025-10-04,2025-10-04,2026-04-02,180,0.318621,FIXED,MONTHLY,385709.33,WORKING_CAPITAL,MANUFACTURING,EQUITY_AND_WAREHOUSE,False,CLOSED,2026-08-21,0,0.0,0,CURRENT,False,,False,False,0,0,PTY-LENDER_B-00000512,ANON-LENDER_B-00000512,ORGANISATION,synthetic,WCDS-0.1
FAC-LENDER_B-00000513,LENDER_B,LENDER_B-100513,,TERM_LOAN,MERCHANT_90D,NGN,10000000,10000000,10000000,2026-08-05,2026-08-05,2026-11-03,90,0.296986,FIXED,MONTHLY,3577431.2,WORKING_CAPITAL,HOSPITALITY,EQUITY_AND_WAREHOUSE,False,WRITTEN_OFF,2026-08-21,571129.68,585070.84,130,DPD_90_PLUS,True,2026-07-12,False,True,9722222.22,1882759.18,PTY-LENDER_B-00000513,ANON-LENDER_B-00000513,ORGANISATION,synthetic,WCDS-0.1
FAC-LENDER_B-00000514,LENDER_B,LENDER_B-100514,,TERM_LOAN,MERCHANT_90D,NGN,1500000,1500000,1500000,2026-02-09,2026-02-09,2026-05-10,90,0.247101,FIXED,MONTHLY,530464.55,WORKING_CAPITAL,LOGISTICS,EQUITY_AND_WAREHOUSE,False,ACTIVE,2026-08-21,37500.0,37880.81,15,DPD_1_30,False,,False,False,0,0,PTY-LENDER_B-00000514,ANON-LENDER_B-00000514,ORGANISATION,synthetic,WCDS-0.1
FAC-LENDER_B-00000515,LENDER_B,LENDER_B-100515,,TERM_LOAN,SME_WC_180D,NGN,750000,750000,750000,2025-01-01,2025-01-01,2025-06-30,180,0.312883,FIXED,MONTHLY,144287.28,WORKING_CAPITAL,RETAIL,EQUITY_AND_WAREHOUSE,False,ACTIVE,2026-08-21,8750.0,8802.5,7,DPD_1_30,False,,False,False,0,0,PTY-LENDER_B-00000515,ANON-LENDER_B-00000515,ORGANISATION,synthetic,WCDS-0.1
FAC-LENDER_B-00000516,LENDER_B,LENDER_B-100516,,TERM_LOAN,SME_WC_180D,NGN,1000000,1000000,1000000,2025-09-27,2025-09-27,2026-03-26,180,0.300491,FIXED,MONTHLY,191364.59,WORKING_CAPITAL,AGRICULTURE,EQUITY_AND_WAREHOUSE,True,CLOSED,2026-08-21,0,0.0,0,CURRENT,False,,False,False,0,0,PTY-LENDER_B-00000516,ANON-LENDER_B-00000516,ORGANISATION,synthetic,WCDS-0.1
FAC-LENDER_B-00000517,LENDER_B,LENDER_B-100517,,TERM_LOAN,MERCHANT_90D,NGN,2000000,2000000,2000000,2025-08-17,2025-08-17,2025-11-15,90,0.310726,FIXED,MONTHLY,717744.96,WORKING_CAPITAL,SERVICES,EQUITY_AND_WAREHOUSE,True,DEFAULTED,2026-08-21,300000.0,307661.74,180,DPD_90_PLUS,True,2026-05-23,False,False,0,0,PTY-LENDER_B-00000517,ANON-LENDER_B-00000517,ORGANISATION,synthetic,WCDS-0.1
FAC-LENDER_B-00000518,LENDER_B,LENDER_B-100518,,TERM_LOAN,INVOICE_120D,NGN,500000,500000,500000,2025-07-25,2025-07-25,2025-11-22,120,0.20204,FIXED,MONTHLY,133303.02,WORKING_CAPITAL,MANUFACTURING,EQUITY_AND_WAREHOUSE,True,CLOSED,2026-08-21,0,0.0,0,CURRENT,False,,False,False,0,0,PTY-LENDER_B-00000518,ANON-LENDER_B-00000518,ORGANISATION,synthetic,WCDS-0.1
FAC-LENDER_B-00000519,LENDER_B,LENDER_B-100519,,TERM_LOAN,SME_WC_180D,NGN,5000000,5000000,5000000,2025-01-07,2025-01-07,2025-07-06,180,0.318513,FIXED,MONTHLY,964229.03,WORKING_CAPITAL,AGRICULTURE,EQUITY_AND_WAREHOUSE,True,CLOSED,2026-08-21,0,0.0,0,CURRENT,False,,False,False,0,0,PTY-LENDER_B-00000519,ANON-LENDER_B-00000519,ORGANISATION,synthetic,WCDS-0.1
FAC-LENDER_B-00000520,LENDER_B,LENDER_B-100520,,TERM_LOAN,INVOICE_120D,NGN,7500000,7500000,7500000,2025-08-23,2025-08-23,2025-12-21,120,0.218848,FIXED,MONTHLY,2009906.43,WORKING_CAPITAL,LOGISTICS,EQUITY_AND_WAREHOUSE,False,CLOSED,2026-08-21,0,0.0,0,CURRENT,False,,False,False,0,0,PTY-LENDER_B-00000520,ANON-LENDER_B-00000520,ORGANISATION,synthetic,WCDS-0.1
FAC-LENDER_B-00000521,LENDER_B,LENDER_B-100521,,TERM_LOAN,MERCHANT_90D,NGN,7500000,7500000,7500000,2026-02-11,2026-02-11,2026-05-12,90,0.308318,FIXED,MONTHLY,2690059.11,WORKING_CAPITAL,HOSPITALITY,EQUITY_AND_WAREHOUSE,False,CLOSED,2026-08-21,0,0.0,0,CURRENT,False,,False,False,0,0,PTY-LENDER_B-00000521,ANON-LENDER_B-00000521,ORGANISATION,synthetic,WCDS-0.1
FAC-LENDER_B-00000522,LENDER_B,LENDER_B-100522,,TERM_LOAN,INVOICE_120D,NGN,750000,750000,750000,2026-04-23,2026-04-23,2026-08-21,120,0.262208,FIXED,MONTHLY,203663.52,WORKING_CAPITAL,AGRICULTURE,EQUITY_AND_WAREHOUSE,False,CLOSED,2026-08-21,0,0.0,0,CURRENT,False,,False,False,0,0,PTY-LENDER_B-00000522,ANON-LENDER_B-00000522,ORGANISATION,synthetic,WCDS-0.1
FAC-LENDER_B-00000523,LENDER_B,LENDER_B-100523,,TERM_LOAN,SME_WC_180D,NGN,1500000,1500000,1500000,2025-08-31,2025-08-31,2026-02-27,180,0.271849,FIXED,MONTHLY,283515.62,WORKING_CAPITAL,MANUFACTURING,EQUITY_AND_WAREHOUSE,True,DEFAULTED,2026-08-21,225000.0,230027.34,95,DPD_90_PLUS,True,2026-08-16,False,False,0,0,PTY-LENDER_B-00000523,ANON-LENDER_B-00000523,ORGANISATION,synthetic,WCDS-0.1
FAC-LENDER_B-00000524,LENDER_B,LENDER_B-100524,,TERM_LOAN,MERCHANT_90D,NGN,10000000,10000000,10000000,2025-08-02,2025-08-02,2025-10-31,90,0.294798,FIXED,MONTHLY,3575633.1,WORKING_CAPITAL,RETAIL,EQUITY_AND_WAREHOUSE,True,CLOSED,2026-08-21,0,0.0,0,CURRENT,False,,False,False,0,0,PTY-LENDER_B-00000524,ANON-LENDER_B-00000524,ORGANISATION,synthetic,WCDS-0.1
FAC-LENDER_B-00000525,LENDER_B,LENDER_B-100525,,TERM_LOAN,MERCHANT_90D,NGN,3000000,3000000,3000000,2025-04-07,2025-04-07,2025-07-06,90,0.336039,FIXED,MONTHLY,1082858.86,WORKING_CAPITAL,RETAIL,EQUITY_AND_WAREHOUSE,False,ACTIVE,2026-08-21,75000.0,76035.74,15,DPD_1_30,False,,False,False,0,0,PTY-LENDER_B-00000525,ANON-LENDER_B-00000525,ORGANISATION,synthetic,WCDS-0.1
FAC-LENDER_B-00000526,LENDER_B,LENDER_B-100526,,TERM_LOAN,MERCHANT_90D,NGN,10000000,10000000,10000000,2025-09-17,2025-09-17,2025-12-16,90,0.330967,FIXED,MONTHLY,3605360.85,WORKING_CAPITAL,RETAIL,EQUITY_AND_WAREHOUSE,False,ACTIVE,2026-08-21,1083333.33,1112802.98,65,DPD_61_90,False,,False,False,0,0,PTY-LENDER_B-00000526,ANON-LENDER_B-00000526,ORGANISATION,synthetic,WCDS-0.1
FAC-LENDER_B-00000527,LENDER_B,LENDER_B-100527,,TERM_LOAN,INVOICE_120D,NGN,1500000,1500000,1500000,2025-05-10,2025-05-10,2025-09-07,120,0.275692,FIXED,MONTHLY,408989.47,WORKING_CAPITAL,AGRICULTURE,EQUITY_AND_WAREHOUSE,True,ACTIVE,2026-08-21,17500.0,17592.53,7,DPD_1_30,False,,False,False,0,0,PTY-LENDER_B-00000527,ANON-LENDER_B-00000527,ORGANISATION,synthetic,WCDS-0.1
FAC-LENDER_B-00000528,LENDER_B,LENDER_B-100528,,TERM_LOAN,SME_WC_180D,NGN,750000,750000,750000,2026-04-27,2026-04-27,2026-10-24,180,0.282634,FIXED,MONTHLY,142422.64,WORKING_CAPITAL,SERVICES,EQUITY_AND_WAREHOUSE,True,ACTIVE,2026-08-21,266666.67,266666.67,0,CURRENT,False,,False,False,0,0,PTY-LENDER_B-00000528,ANON-LENDER_B-00000528,ORGANISATION,synthetic,WCDS-0.1
FAC-LENDER_B-00000529,LENDER_B,LENDER_B-100529,,TERM_LOAN,SME_WC_180D,NGN,500000,500000,500000,2026-01-31,2026-01-31,2026-07-30,180,0.258881,FIXED,MONTHLY,93972.27,WORKING_CAPITAL,MANUFACTURING,EQUITY_AND_WAREHOUSE,False,DEFAULTED,2026-08-21,75000.0,76595.84,95,DPD_90_PLUS,True,2026-08-16,False,False,0,0,PTY-LENDER_B-00000529,ANON-LENDER_B-00000529,ORGANISATION,synthetic,WCDS-0.1
FAC-LENDER_B-00000530,LENDER_B,LENDER_B-100530,,TERM_LOAN,INVOICE_120D,NGN,3000000,3000000,3000000,2026-07-14,2026-07-14,2026-11-11,120,0.254279,FIXED,MONTHLY,812698.86,WORKING_CAPITAL,HOSPITALITY,EQUITY_AND_WAREHOUSE,True,ACTIVE,2026-08-21,2050000.0,2050000.0,0,CURRENT,False,,False,False,0,0,PTY-LENDER_B-00000530,ANON-LENDER_B-00000530,ORGANISATION,synthetic,WCDS-0.1
FAC-LENDER_B-00000531,LENDER_B,LENDER_B-100531,,TERM_LOAN,MERCHANT_90D,NGN,5000000,5000000,5000000,2026-02-10,2026-02-10,2026-05-11,90,0.270295,FIXED,MONTHLY,1777746.64,WORKING_CAPITAL,HOSPITALITY,EQUITY_AND_WAREHOUSE,False,CLOSED,2026-08-21,0,0.0,0,CURRENT,False,,False,False,0,0,PTY-LENDER_B-00000531,ANON-LENDER_B-00000531,ORGANISATION,synthetic,WCDS-0.1
FAC-LENDER_B-00000532,LENDER_B,LENDER_B-100532,,TERM_LOAN,SME_WC_180D,NGN,1000000,1000000,1000000,2026-05-29,2026-05-29,2026-11-25,180,0.224472,FIXED,MONTHLY,185116.43,WORKING_CAPITAL,LOGISTICS,EQUITY_AND_WAREHOUSE,False,ACTIVE,2026-08-21,545000.0,547346.19,7,DPD_1_30,False,,False,False,0,0,PTY-LENDER_B-00000532,ANON-LENDER_B-00000532,ORGANISATION,synthetic,WCDS-0.1
FAC-LENDER_B-00000533,LENDER_B,LENDER_B-100533,,TERM_LOAN,MERCHANT_90D,NGN,5000000,5000000,5000000,2026-04-14,2026-04-14,2026-07-13,90,0.289528,FIXED,MONTHLY,1785650.58,WORKING_CAPITAL,LOGISTICS,EQUITY_AND_WAREHOUSE,False,ACTIVE,2026-08-21,541666.67,554556.59,65,DPD_61_90,False,,True,False,0,0,PTY-LENDER_B-00000533,ANON-LENDER_B-00000533,ORGANISATION,synthetic,WCDS-0.1
FAC-LENDER_B-00000534,LENDER_B,LENDER_B-100534,,TERM_LOAN,MERCHANT_90D,NGN,5000000,5000000,5000000,2025-06-26,2025-06-26,2025-09-24,90,0.264039,FIXED,MONTHLY,1775175.74,WORKING_CAPITAL,LOGISTICS,EQUITY_AND_WAREHOUSE,True,CLOSED,2026-08-21,0,0.0,0,CURRENT,False,,False,False,0,0,PTY-LENDER_B-00000534,ANON-LENDER_B-00000534,ORGANISATION,synthetic,WCDS-0.1
FAC-LENDER_B-00000535,LENDER_B,LENDER_B-100535,,TERM_LOAN,SME_WC_180D,NGN,15000000,15000000,15000000,2025-09-28,2025-09-28,2026-03-27,180,0.244617,FIXED,MONTHLY,2801582.99,WORKING_CAPITAL,HOSPITALITY,EQUITY_AND_WAREHOUSE,False,CLOSED,2026-08-21,0,0.0,0,CURRENT,False,,False,False,0,0,PTY-LENDER_B-00000535,ANON-LENDER_B-00000535,ORGANISATION,synthetic,WCDS-0.1
FAC-LENDER_B-00000536,LENDER_B,LENDER_B-100536,,TERM_LOAN,INVOICE_120D,NGN,500000,500000,500000,2025-07-21,2025-07-21,2025-11-18,120,0.227261,FIXED,MONTHLY,134339.51,WORKING_CAPITAL,SERVICES,EQUITY_AND_WAREHOUSE,False,CLOSED,2026-08-21,0,0.0,0,CURRENT,False,,False,False,0,0,PTY-LENDER_B-00000536,ANON-LENDER_B-00000536,ORGANISATION,synthetic,WCDS-0.1
FAC-LENDER_B-00000537,LENDER_B,LENDER_B-100537,,TERM_LOAN,INVOICE_120D,NGN,500000,500000,500000,2026-06-30,2026-06-30,2026-10-28,120,0.248822,FIXED,MONTHLY,135225.55,WORKING_CAPITAL,HOSPITALITY,EQUITY_AND_WAREHOUSE,False,ACTIVE,2026-08-21,283333.33,283333.33,0,CURRENT,False,,False,False,0,0,PTY-LENDER_B-00000537,ANON-LENDER_B-00000537,ORGANISATION,synthetic,WCDS-0.1
FAC-LENDER_B-00000538,LENDER_B,LENDER_B-100538,,TERM_LOAN,INVOICE_120D,NGN,750000,750000,750000,2025-03-29,2025-03-29,2025-07-27,120,0.222297,FIXED,MONTHLY,201203.27,WORKING_CAPITAL,RETAIL,EQUITY_AND_WAREHOUSE,True,CLOSED,2026-08-21,0,0.0,0,CURRENT,False,,False,False,0,0,PTY-LENDER_B-00000538,ANON-LENDER_B-00000538,ORGANISATION,synthetic,WCDS-0.1
FAC-LENDER_B-00000539,LENDER_B,LENDER_B-100539,,TERM_LOAN,INVOICE_120D,NGN,5000000,5000000,5000000,2025-10-24,2025-10-24,2026-02-21,120,0.274009,FIXED,MONTHLY,1362606.56,WORKING_CAPITAL,AGRICULTURE,EQUITY_AND_WAREHOUSE,False,ACTIVE,2026-08-21,291666.67,298235.38,35,DPD_31_60,False,,False,False,0,0,PTY-LENDER_B-00000539,ANON-LENDER_B-00000539,ORGANISATION,synthetic,WCDS-0.1
FAC-LENDER_B-00000540,LENDER_B,LENDER_B-100540,,TERM_LOAN,MERCHANT_90D,NGN,750000,750000,750000,2026-01-18,2026-01-18,2026-04-18,90,0.316099,FIXED,MONTHLY,269485.55,WORKING_CAPITAL,MANUFACTURING,EQUITY_AND_WAREHOUSE,False,CLOSED,2026-08-21,0,0.0,0,CURRENT,False,,False,False,0,0,PTY-LENDER_B-00000540,ANON-LENDER_B-00000540,ORGANISATION,synthetic,WCDS-0.1
FAC-LENDER_B-00000541,LENDER_B,LENDER_B-100541,,TERM_LOAN,MERCHANT_90D,NGN,500000,500000,500000,2026-06-03,2026-06-03,2026-09-01,90,0.339556,FIXED,MONTHLY,180621.02,WORKING_CAPITAL,SERVICES,EQUITY_AND_WAREHOUSE,True,ACTIVE,2026-08-21,61111.11,61111.11,0,CURRENT,False,,False,False,0,0,PTY-LENDER_B-00000541,ANON-LENDER_B-00000541,ORGANISATION,synthetic,WCDS-0.1
FAC-LENDER_B-00000542,LENDER_B,LENDER_B-100542,,TERM_LOAN,INVOICE_120D,NGN,500000,500000,500000,2026-01-30,2026-01-30,2026-05-30,120,0.214276,FIXED,MONTHLY,133805.86,WORKING_CAPITAL,HOSPITALITY,EQUITY_AND_WAREHOUSE,False,ACTIVE,2026-08-21,5833.33,5857.3,7,DPD_1_30,False,,False,False,0,0,PTY-LENDER_B-00000542,ANON-LENDER_B-00000542,ORGANISATION,synthetic,WCDS-0.1
FAC-LENDER_B-00000543,LENDER_B,LENDER_B-100543,,TERM_LOAN,MERCHANT_90D,NGN,3000000,3000000,3000000,2025-08-18,2025-08-18,2025-11-16,90,0.312491,FIXED,MONTHLY,1077052.58,WORKING_CAPITAL,AGRICULTURE,EQUITY_AND_WAREHOUSE,False,CLOSED,2026-08-21,0,0.0,0,CURRENT,False,,False,False,0,0,PTY-LENDER_B-00000543,ANON-LENDER_B-00000543,ORGANISATION,synthetic,WCDS-0.1
FAC-LENDER_B-00000544,LENDER_B,LENDER_B-100544,,TERM_LOAN,SME_WC_180D,NGN,10000000,10000000,10000000,2026-01-24,2026-01-24,2026-07-23,180,0.225643,FIXED,MONTHLY,1852126.52,WORKING_CAPITAL,RETAIL,EQUITY_AND_WAREHOUSE,True,CLOSED,2026-08-21,0,0.0,0,CURRENT,False,,False,False,0,0,PTY-LENDER_B-00000544,ANON-LENDER_B-00000544,ORGANISATION,synthetic,WCDS-0.1
FAC-LENDER_B-00000545,LENDER_B,LENDER_B-100545,,TERM_LOAN,MERCHANT_90D,NGN,15000000,15000000,15000000,2026-02-28,2026-02-28,2026-05-29,90,0.312118,FIXED,MONTHLY,5384803.15,WORKING_CAPITAL,MANUFACTURING,EQUITY_AND_WAREHOUSE,True,CLOSED,2026-08-21,0,0.0,0,CURRENT,False,,False,False,0,0,PTY-LENDER_B-00000545,ANON-LENDER_B-00000545,ORGANISATION,synthetic,WCDS-0.1
FAC-LENDER_B-00000546,LENDER_B,LENDER_B-100546,,TERM_LOAN,SME_WC_180D,NGN,10000000,10000000,10000000,2026-02-19,2026-02-19,2026-08-18,180,0.225671,FIXED,MONTHLY,1852149.94,WORKING_CAPITAL,MANUFACTURING,EQUITY_AND_WAREHOUSE,True,ACTIVE,2026-08-21,116666.67,117171.59,7,DPD_1_30,False,,False,False,0,0,PTY-LENDER_B-00000546,ANON-LENDER_B-00000546,ORGANISATION,synthetic,WCDS-0.1
FAC-LENDER_B-00000547,LENDER_B,LENDER_B-100547,,TERM_LOAN,INVOICE_120D,NGN,1500000,1500000,1500000,2025-01-12,2025-01-12,2025-05-12,120,0.290152,FIXED,MONTHLY,410772.16,WORKING_CAPITAL,RETAIL,EQUITY_AND_WAREHOUSE,True,CLOSED,2026-08-21,0,0.0,0,CURRENT,False,,False,False,0,0,PTY-LENDER_B-00000547,ANON-LENDER_B-00000547,ORGANISATION,synthetic,WCDS-0.1
FAC-LENDER_B-00000548,LENDER_B,LENDER_B-100548,,TERM_LOAN,INVOICE_120D,NGN,500000,500000,500000,2026-07-22,2026-07-22,2026-11-19,120,0.2857,FIXED,MONTHLY,136741.11,WORKING_CAPITAL,MANUFACTURING,EQUITY_AND_WAREHOUSE,False,ACTIVE,2026-08-21,375000.0,375000.0,0,CURRENT,False,,False,False,0,0,PTY-LENDER_B-00000548,ANON-LENDER_B-00000548,ORGANISATION,synthetic,WCDS-0.1
FAC-LENDER_B-00000549,LENDER_B,LENDER_B-100549,,TERM_LOAN,SME_WC_180D,NGN,15000000,15000000,15000000,2025-12-11,2025-12-11,2026-06-09,180,0.313721,FIXED,MONTHLY,2886779.43,WORKING_CAPITAL,SERVICES,EQUITY_AND_WAREHOUSE,False,CLOSED,2026-08-21,0,0.0,0,CURRENT,False,,False,False,0,0,PTY-LENDER_B-00000549,ANON-LENDER_B-00000549,ORGANISATION,synthetic,WCDS-0.1
FAC-LENDER_B-00000550,LENDER_B,LENDER_B-100550,,TERM_LOAN,SME_WC_180D,NGN,7500000,7500000,7500000,2025-08-08,2025-08-08,2026-02-04,180,0.254515,FIXED,MONTHLY,1406892.58,WORKING_CAPITAL,LOGISTICS,EQUITY_AND_WAREHOUSE,False,CLOSED,2026-08-21,0,0.0,0,CURRENT,False,,False,False,0,0,PTY-LENDER_B-00000550,ANON-LENDER_B-00000550,ORGANISATION,synthetic,WCDS-0.1
FAC-LENDER_B-00000551,LENDER_B,LENDER_B-100551,,TERM_LOAN,SME_WC_180D,NGN,2000000,2000000,2000000,2026-07-21,2026-07-21,2027-01-17,180,0.293098,FIXED,MONTHLY,381513.8,WORKING_CAPITAL,LOGISTICS,EQUITY_AND_WAREHOUSE,True,ACTIVE,2026-08-21,1655555.56,1655555.56,0,CURRENT,False,,False,False,0,0,PTY-LENDER_B-00000551,ANON-LENDER_B-00000551,ORGANISATION,synthetic,WCDS-0.1
FAC-LENDER_B-00000552,LENDER_B,LENDER_B-100552,,TERM_LOAN,INVOICE_120D,NGN,1500000,1500000,1500000,2025-08-15,2025-08-15,2025-12-13,120,0.241037,FIXED,MONTHLY,404716.91,WORKING_CAPITAL,SERVICES,EQUITY_AND_WAREHOUSE,True,CLOSED,2026-08-21,0,0.0,0,CURRENT,False,,False,False,0,0,PTY-LENDER_B-00000552,ANON-LENDER_B-00000552,ORGANISATION,synthetic,WCDS-0.1
FAC-LENDER_B-00000553,LENDER_B,LENDER_B-100553,,TERM_LOAN,SME_WC_180D,NGN,7500000,7500000,7500000,2025-08-31,2025-08-31,2026-02-27,180,0.308362,FIXED,MONTHLY,1440086.27,WORKING_CAPITAL,SERVICES,EQUITY_AND_WAREHOUSE,False,CLOSED,2026-08-21,0,0.0,0,CURRENT,False,,False,False,0,0,PTY-LENDER_B-00000553,ANON-LENDER_B-00000553,ORGANISATION,synthetic,WCDS-0.1
FAC-LENDER_B-00000554,LENDER_B,LENDER_B-100554,,TERM_LOAN,MERCHANT_90D,NGN,1500000,1500000,1500000,2025-08-04,2025-08-04,2025-11-02,90,0.279888,FIXED,MONTHLY,534506.78,WORKING_CAPITAL,MANUFACTURING,EQUITY_AND_WAREHOUSE,True,ACTIVE,2026-08-21,162500.0,166238.23,65,DPD_61_90,False,,False,False,0,0,PTY-LENDER_B-00000554,ANON-LENDER_B-00000554,ORGANISATION,synthetic,WCDS-0.1
FAC-LENDER_B-00000555,LENDER_B,LENDER_B-100555,,TERM_LOAN,MERCHANT_90D,NGN,5000000,5000000,5000000,2025-02-02,2025-02-02,2025-05-03,90,0.316398,FIXED,MONTHLY,1796693.1,WORKING_CAPITAL,LOGISTICS,EQUITY_AND_WAREHOUSE,False,CLOSED,2026-08-21,0,0.0,0,CURRENT,False,,False,False,0,0,PTY-LENDER_B-00000555,ANON-LENDER_B-00000555,ORGANISATION,synthetic,WCDS-0.1
FAC-LENDER_B-00000556,LENDER_B,LENDER_B-100556,,TERM_LOAN,INVOICE_120D,NGN,5000000,5000000,5000000,2025-08-31,2025-08-31,2025-12-29,120,0.277458,FIXED,MONTHLY,1364023.74,WORKING_CAPITAL,RETAIL,EQUITY_AND_WAREHOUSE,True,CLOSED,2026-08-21,0,0.0,0,CURRENT,False,,False,False,0,0,PTY-LENDER_B-00000556,ANON-LENDER_B-00000556,ORGANISATION,synthetic,WCDS-0.1
FAC-LENDER_B-00000557,LENDER_B,LENDER_B-100557,,TERM_LOAN,MERCHANT_90D,NGN,7500000,7500000,7500000,2025-07-12,2025-07-12,2025-10-10,90,0.255672,FIXED,MONTHLY,2657605.99,WORKING_CAPITAL,RETAIL,EQUITY_AND_WAREHOUSE,False,CLOSED,2026-08-21,0,0.0,0,CURRENT,False,,False,False,0,0,PTY-LENDER_B-00000557,ANON-LENDER_B-00000557,ORGANISATION,synthetic,WCDS-0.1
FAC-LENDER_B-00000558,LENDER_B,LENDER_B-100558,,TERM_LOAN,MERCHANT_90D,NGN,5000000,5000000,5000000,2026-01-21,2026-01-21,2026-04-21,90,0.257234,FIXED,MONTHLY,1772379.3,WORKING_CAPITAL,MANUFACTURING,EQUITY_AND_WAREHOUSE,False,CLOSED,2026-08-21,0,0.0,0,CURRENT,False,,False,False,0,0,PTY-LENDER_B-00000558,ANON-LENDER_B-00000558,ORGANISATION,synthetic,WCDS-0.1
FAC-LENDER_B-00000559,LENDER_B,LENDER_B-100559,,TERM_LOAN,SME_WC_180D,NGN,3000000,3000000,3000000,2025-02-14,2025-02-14,2025-08-13,180,0.24457,FIXED,MONTHLY,560304.89,WORKING_CAPITAL,MANUFACTURING,EQUITY_AND_WAREHOUSE,False,ACTIVE,2026-08-21,35000.0,35164.16,7,DPD_1_30,False,,False,False,0,0,PTY-LENDER_B-00000559,ANON-LENDER_B-00000559,ORGANISATION,synthetic,WCDS-0.1
FAC-LENDER_B-00000560,LENDER_B,LENDER_B-100560,,TERM_LOAN,MERCHANT_90D,NGN,500000,500000,500000,2026-06-18,2026-06-18,2026-09-16,90,0.327592,FIXED,MONTHLY,180129.34,WORKING_CAPITAL,RETAIL,EQUITY_AND_WAREHOUSE,False,ACTIVE,2026-08-21,144444.44,144444.44,0,CURRENT,False,,False,False,0,0,PTY-LENDER_B-00000560,ANON-LENDER_B-00000560,ORGANISATION,synthetic,WCDS-0.1
FAC-LENDER_B-00000561,LENDER_B,LENDER_B-100561,,TERM_LOAN,INVOICE_120D,NGN,1000000,1000000,1000000,2026-06-05,2026-06-05,2026-10-03,120,0.23567,FIXED,MONTHLY,269370.11,WORKING_CAPITAL,LOGISTICS,EQUITY_AND_WAREHOUSE,True,ACTIVE,2026-08-21,358333.33,358333.33,0,CURRENT,False,,False,False,0,0,PTY-LENDER_B-00000561,ANON-LENDER_B-00000561,ORGANISATION,synthetic,WCDS-0.1
FAC-LENDER_B-00000562,LENDER_B,LENDER_B-100562,,TERM_LOAN,SME_WC_180D,NGN,3000000,3000000,3000000,2025-10-05,2025-10-05,2026-04-03,180,0.278345,FIXED,MONTHLY,568632.98,WORKING_CAPITAL,HOSPITALITY,EQUITY_AND_WAREHOUSE,True,CLOSED,2026-08-21,0,0.0,0,CURRENT,False,,False,False,0,0,PTY-LENDER_B-00000562,ANON-LENDER_B-00000562,ORGANISATION,synthetic,WCDS-0.1
FAC-LENDER_B-00000563,LENDER_B,LENDER_B-100563,,TERM_LOAN,SME_WC_180D,NGN,750000,750000,750000,2025-06-18,2025-06-18,2025-12-15,180,0.310082,FIXED,MONTHLY,144114.63,WORKING_CAPITAL,MANUFACTURING,EQUITY_AND_WAREHOUSE,False,CLOSED,2026-08-21,0,0.0,0,CURRENT,False,,False,False,0,0,PTY-LENDER_B-00000563,ANON-LENDER_B-00000563,ORGANISATION,synthetic,WCDS-0.1
FAC-LENDER_B-00000564,LENDER_B,LENDER_B-100564,,TERM_LOAN,INVOICE_120D,NGN,1500000,1500000,1500000,2026-03-14,2026-03-14,2026-07-12,120,0.29833,FIXED,MONTHLY,411780.45,WORKING_CAPITAL,RETAIL,EQUITY_AND_WAREHOUSE,False,ACTIVE,2026-08-21,162500.0,166484.55,65,DPD_61_90,False,,True,False,0,0,PTY-LENDER_B-00000564,ANON-LENDER_B-00000564,ORGANISATION,synthetic,WCDS-0.1
FAC-LENDER_B-00000565,LENDER_B,LENDER_B-100565,,TERM_LOAN,SME_WC_180D,NGN,1000000,1000000,1000000,2025-08-05,2025-08-05,2026-02-01,180,0.308023,FIXED,MONTHLY,191983.64,WORKING_CAPITAL,RETAIL,EQUITY_AND_WAREHOUSE,False,DEFAULTED,2026-08-21,150000.0,153797.55,95,DPD_90_PLUS,True,2026-08-16,False,False,0,0,PTY-LENDER_B-00000565,ANON-LENDER_B-00000565,ORGANISATION,synthetic,WCDS-0.1
FAC-LENDER_B-00000566,LENDER_B,LENDER_B-100566,,TERM_LOAN,INVOICE_120D,NGN,15000000,15000000,15000000,2026-05-16,2026-05-16,2026-09-13,120,0.29703,FIXED,MONTHLY,4116200.96,WORKING_CAPITAL,AGRICULTURE,EQUITY_AND_WAREHOUSE,False,ACTIVE,2026-08-21,3750000.0,3841550.24,35,DPD_31_60,False,,True,False,0,0,PTY-LENDER_B-00000566,ANON-LENDER_B-00000566,ORGANISATION,synthetic,WCDS-0.1
FAC-LENDER_B-00000567,LENDER_B,LENDER_B-100567,,TERM_LOAN,MERCHANT_90D,NGN,750000,750000,750000,2025-09-17,2025-09-17,2025-12-16,90,0.253494,FIXED,MONTHLY,265626.36,WORKING_CAPITAL,HOSPITALITY,EQUITY_AND_WAREHOUSE,True,CLOSED,2026-08-21,0,0.0,0,CURRENT,False,,False,False,0,0,PTY-LENDER_B-00000567,ANON-LENDER_B-00000567,ORGANISATION,synthetic,WCDS-0.1
FAC-LENDER_B-00000568,LENDER_B,LENDER_B-100568,,TERM_LOAN,SME_WC_180D,NGN,500000,500000,500000,2025-06-10,2025-06-10,2025-12-07,180,0.298658,FIXED,MONTHLY,95606.94,WORKING_CAPITAL,MANUFACTURING,EQUITY_AND_WAREHOUSE,False,DEFAULTED,2026-08-21,75000.0,76841.04,180,DPD_90_PLUS,True,2026-05-23,False,False,0,0,PTY-LENDER_B-00000568,ANON-LENDER_B-00000568,ORGANISATION,synthetic,WCDS-0.1
FAC-LENDER_B-00000569,LENDER_B,LENDER_B-100569,,TERM_LOAN,MERCHANT_90D,NGN,7500000,7500000,7500000,2026-06-19,2026-06-19,2026-09-17,90,0.291342,FIXED,MONTHLY,2679594.56,WORKING_CAPITAL,AGRICULTURE,EQUITY_AND_WAREHOUSE,False,ACTIVE,2026-08-21,2250000.0,2250000.0,0,CURRENT,False,,False,False,0,0,PTY-LENDER_B-00000569,ANON-LENDER_B-00000569,ORGANISATION,synthetic,WCDS-0.1
FAC-LENDER_B-00000570,LENDER_B,LENDER_B-100570,,TERM_LOAN,SME_WC_180D,NGN,500000,500000,500000,2025-04-29,2025-04-29,2025-10-26,180,0.246311,FIXED,MONTHLY,93455.72,WORKING_CAPITAL,AGRICULTURE,EQUITY_AND_WAREHOUSE,False,CLOSED,2026-08-21,0,0.0,0,CURRENT,False,,False,False,0,0,PTY-LENDER_B-00000570,ANON-LENDER_B-00000570,ORGANISATION,synthetic,WCDS-0.1
FAC-LENDER_B-00000571,LENDER_B,LENDER_B-100571,,TERM_LOAN,INVOICE_120D,NGN,500000,500000,500000,2025-10-06,2025-10-06,2026-02-03,120,0.287204,FIXED,MONTHLY,136802.9,WORKING_CAPITAL,HOSPITALITY,EQUITY_AND_WAREHOUSE,False,CLOSED,2026-08-21,0,0.0,0,CURRENT,False,,False,False,0,0,PTY-LENDER_B-00000571,ANON-LENDER_B-00000571,ORGANISATION,synthetic,WCDS-0.1
FAC-LENDER_B-00000572,LENDER_B,LENDER_B-100572,,TERM_LOAN,INVOICE_120D,NGN,2000000,2000000,2000000,2025-08-01,2025-08-01,2025-11-29,120,0.203598,FIXED,MONTHLY,533468.22,WORKING_CAPITAL,HOSPITALITY,EQUITY_AND_WAREHOUSE,True,ACTIVE,2026-08-21,50000.0,50418.35,15,DPD_1_30,False,,False,False,0,0,PTY-LENDER_B-00000572,ANON-LENDER_B-00000572,ORGANISATION,synthetic,WCDS-0.1
FAC-LENDER_B-00000573,LENDER_B,LENDER_B-100573,,TERM_LOAN,SME_WC_180D,NGN,1000000,1000000,1000000,2025-01-23,2025-01-23,2025-07-22,180,0.298412,FIXED,MONTHLY,191193.68,WORKING_CAPITAL,AGRICULTURE,EQUITY_AND_WAREHOUSE,False,CLOSED,2026-08-21,0,0.0,0,CURRENT,False,,False,False,0,0,PTY-LENDER_B-00000573,ANON-LENDER_B-00000573,ORGANISATION,synthetic,WCDS-0.1
FAC-LENDER_B-00000574,LENDER_B,LENDER_B-100574,,TERM_LOAN,INVOICE_120D,NGN,750000,750000,750000,2025-03-08,2025-03-08,2025-07-06,120,0.244987,FIXED,MONTHLY,202601.96,WORKING_CAPITAL,HOSPITALITY,EQUITY_AND_WAREHOUSE,False,ACTIVE,2026-08-21,81250.0,82886.05,65,DPD_61_90,False,,True,False,0,0,PTY-LENDER_B-00000574,ANON-LENDER_B-00000574,ORGANISATION,synthetic,WCDS-0.1
FAC-LENDER_B-00000575,LENDER_B,LENDER_B-100575,,TERM_LOAN,MERCHANT_90D,NGN,3000000,3000000,3000000,2025-12-12,2025-12-12,2026-03-12,90,0.252853,FIXED,MONTHLY,1062347.21,WORKING_CAPITAL,RETAIL,EQUITY_AND_WAREHOUSE,True,ACTIVE,2026-08-21,35000.0,35169.72,7,DPD_1_30,False,,False,False,0,0,PTY-LENDER_B-00000575,ANON-LENDER_B-00000575,ORGANISATION,synthetic,WCDS-0.1
FAC-LENDER_B-00000576,LENDER_B,LENDER_B-100576,,TERM_LOAN,SME_WC_180D,NGN,15000000,15000000,15000000,2025-04-27,2025-04-27,2025-10-24,180,0.220965,FIXED,MONTHLY,2772422.02,WORKING_CAPITAL,RETAIL,EQUITY_AND_WAREHOUSE,True,CLOSED,2026-08-21,0,0.0,0,CURRENT,False,,False,False,0,0,PTY-LENDER_B-00000576,ANON-LENDER_B-00000576,ORGANISATION,synthetic,WCDS-0.1
FAC-LENDER_B-00000577,LENDER_B,LENDER_B-100577,,TERM_LOAN,MERCHANT_90D,NGN,1000000,1000000,1000000,2026-05-20,2026-05-20,2026-08-18,90,0.27309,FIXED,MONTHLY,355779.09,WORKING_CAPITAL,LOGISTICS,EQUITY_AND_WAREHOUSE,False,CLOSED,2026-08-21,0,0.0,0,CURRENT,False,,False,False,0,0,PTY-LENDER_B-00000577,ANON-LENDER_B-00000577,ORGANISATION,synthetic,WCDS-0.1
FAC-LENDER_B-00000578,LENDER_B,LENDER_B-100578,,TERM_LOAN,INVOICE_120D,NGN,1500000,1500000,1500000,2026-05-22,2026-05-22,2026-09-19,120,0.243297,FIXED,MONTHLY,404995.51,WORKING_CAPITAL,LOGISTICS,EQUITY_AND_WAREHOUSE,True,ACTIVE,2026-08-21,362500.0,362500.0,0,CURRENT,False,,False,False,0,0,PTY-LENDER_B-00000578,ANON-LENDER_B-00000578,ORGANISATION,synthetic,WCDS-0.1
FAC-LENDER_B-00000579,LENDER_B,LENDER_B-100579,,TERM_LOAN,INVOICE_120D,NGN,7500000,7500000,7500000,2025-04-18,2025-04-18,2025-08-16,120,0.281755,FIXED,MONTHLY,2048684.65,WORKING_CAPITAL,MANUFACTURING,EQUITY_AND_WAREHOUSE,False,CLOSED,2026-08-21,0,0.0,0,CURRENT,False,,False,False,0,0,PTY-LENDER_B-00000579,ANON-LENDER_B-00000579,ORGANISATION,synthetic,WCDS-0.1
FAC-LENDER_B-00000580,LENDER_B,LENDER_B-100580,,TERM_LOAN,MERCHANT_90D,NGN,10000000,10000000,10000000,2026-01-21,2026-01-21,2026-04-21,90,0.307616,FIXED,MONTHLY,3586168.35,WORKING_CAPITAL,RETAIL,EQUITY_AND_WAREHOUSE,True,CLOSED,2026-08-21,0,0.0,0,CURRENT,False,,False,False,0,0,PTY-LENDER_B-00000580,ANON-LENDER_B-00000580,ORGANISATION,synthetic,WCDS-0.1
FAC-LENDER_B-00000581,LENDER_B,LENDER_B-100581,,TERM_LOAN,MERCHANT_90D,NGN,750000,750000,750000,2025-09-16,2025-09-16,2025-12-15,90,0.327818,FIXED,MONTHLY,270207.94,WORKING_CAPITAL,LOGISTICS,EQUITY_AND_WAREHOUSE,True,ACTIVE,2026-08-21,8750.0,8805.01,7,DPD_1_30,False,,False,False,0,0,PTY-LENDER_B-00000581,ANON-LENDER_B-00000581,ORGANISATION,synthetic,WCDS-0.1
FAC-LENDER_B-00000582,LENDER_B,LENDER_B-100582,,TERM_LOAN,SME_WC_180D,NGN,15000000,15000000,15000000,2025-10-23,2025-10-23,2026-04-21,180,0.259467,FIXED,MONTHLY,2819890.57,WORKING_CAPITAL,SERVICES,EQUITY_AND_WAREHOUSE,False,CLOSED,2026-08-21,0,0.0,0,CURRENT,False,,False,False,0,0,PTY-LENDER_B-00000582,ANON-LENDER_B-00000582,ORGANISATION,synthetic,WCDS-0.1
FAC-LENDER_B-00000583,LENDER_B,LENDER_B-100583,,TERM_LOAN,MERCHANT_90D,NGN,2000000,2000000,2000000,2026-06-06,2026-06-06,2026-09-04,90,0.265095,FIXED,MONTHLY,710243.92,WORKING_CAPITAL,AGRICULTURE,EQUITY_AND_WAREHOUSE,False,ACTIVE,2026-08-21,311111.11,311111.11,0,CURRENT,False,,False,False,0,0,PTY-LENDER_B-00000583,ANON-LENDER_B-00000583,ORGANISATION,synthetic,WCDS-0.1
FAC-LENDER_B-00000584,LENDER_B,LENDER_B-100584,,TERM_LOAN,SME_WC_180D,NGN,750000,750000,750000,2025-05-12,2025-05-12,2025-11-08,180,0.310269,FIXED,MONTHLY,144126.19,WORKING_CAPITAL,HOSPITALITY,EQUITY_AND_WAREHOUSE,False,CLOSED,2026-08-21,0,0.0,0,CURRENT,False,,False,False,0,0,PTY-LENDER_B-00000584,ANON-LENDER_B-00000584,ORGANISATION,synthetic,WCDS-0.1
FAC-LENDER_B-00000585,LENDER_B,LENDER_B-100585,,TERM_LOAN,SME_WC_180D,NGN,15000000,15000000,15000000,2025-01-06,2025-01-06,2025-07-05,180,0.228823,FIXED,MONTHLY,2782110.76,WORKING_CAPITAL,HOSPITALITY,EQUITY_AND_WAREHOUSE,False,CLOSED,2026-08-21,0,0.0,0,CURRENT,False,,False,False,0,0,PTY-LENDER_B-00000585,ANON-LENDER_B-00000585,ORGANISATION,synthetic,WCDS-0.1
FAC-LENDER_B-00000586,LENDER_B,LENDER_B-100586,,TERM_LOAN,SME_WC_180D,NGN,3000000,3000000,3000000,2025-03-29,2025-03-29,2025-09-25,180,0.265079,FIXED,MONTHLY,565361.87,WORKING_CAPITAL,SERVICES,EQUITY_AND_WAREHOUSE,True,CLOSED,2026-08-21,0,0.0,0,CURRENT,False,,False,False,0,0,PTY-LENDER_B-00000586,ANON-LENDER_B-00000586,ORGANISATION,synthetic,WCDS-0.1
FAC-LENDER_B-00000587,LENDER_B,LENDER_B-100587,,TERM_LOAN,MERCHANT_90D,NGN,3000000,3000000,3000000,2025-04-26,2025-04-26,2025-07-25,90,0.33991,FIXED,MONTHLY,1083813.36,WORKING_CAPITAL,SERVICES,EQUITY_AND_WAREHOUSE,False,CLOSED,2026-08-21,0,0.0,0,CURRENT,False,,False,False,0,0,PTY-LENDER_B-00000587,ANON-LENDER_B-00000587,ORGANISATION,synthetic,WCDS-0.1
FAC-LENDER_B-00000588,LENDER_B,LENDER_B-100588,,TERM_LOAN,SME_WC_180D,NGN,7500000,7500000,7500000,2025-07-13,2025-07-13,2026-01-09,180,0.314521,FIXED,MONTHLY,1443883.0,WORKING_CAPITAL,LOGISTICS,EQUITY_AND_WAREHOUSE,True,CLOSED,2026-08-21,0,0.0,0,CURRENT,False,,False,False,0,0,PTY-LENDER_B-00000588,ANON-LENDER_B-00000588,ORGANISATION,synthetic,WCDS-0.1
FAC-LENDER_B-00000589,LENDER_B,LENDER_B-100589,,TERM_LOAN,INVOICE_120D,NGN,1000000,1000000,1000000,2025-05-24,2025-05-24,2025-09-21,120,0.231672,FIXED,MONTHLY,269041.56,WORKING_CAPITAL,SERVICES,EQUITY_AND_WAREHOUSE,True,ACTIVE,2026-08-21,25000.0,25238.02,15,DPD_1_30,False,,False,False,0,0,PTY-LENDER_B-00000589,ANON-LENDER_B-00000589,ORGANISATION,synthetic,WCDS-0.1
FAC-LENDER_B-00000590,LENDER_B,LENDER_B-100590,,TERM_LOAN,MERCHANT_90D,NGN,1500000,1500000,1500000,2025-04-15,2025-04-15,2025-07-14,90,0.306177,FIXED,MONTHLY,537747.87,WORKING_CAPITAL,RETAIL,EQUITY_AND_WAREHOUSE,True,CLOSED,2026-08-21,0,0.0,0,CURRENT,False,,False,False,0,0,PTY-LENDER_B-00000590,ANON-LENDER_B-00000590,ORGANISATION,synthetic,WCDS-0.1
FAC-LENDER_B-00000591,LENDER_B,LENDER_B-100591,,TERM_LOAN,SME_WC_180D,NGN,10000000,10000000,10000000,2025-03-31,2025-03-31,2025-09-27,180,0.222168,FIXED,MONTHLY,1849270.56,WORKING_CAPITAL,AGRICULTURE,EQUITY_AND_WAREHOUSE,True,CLOSED,2026-08-21,0,0.0,0,CURRENT,False,,False,False,0,0,PTY-LENDER_B-00000591,ANON-LENDER_B-00000591,ORGANISATION,synthetic,WCDS-0.1
FAC-LENDER_B-00000592,LENDER_B,LENDER_B-100592,,TERM_LOAN,SME_WC_180D,NGN,500000,500000,500000,2026-06-04,2026-06-04,2026-12-01,180,0.263511,FIXED,MONTHLY,94162.54,WORKING_CAPITAL,AGRICULTURE,EQUITY_AND_WAREHOUSE,False,DEFAULTED,2026-08-21,358333.33,366094.27,95,DPD_90_PLUS,True,2026-08-16,False,False,0,0,PTY-LENDER_B-00000592,ANON-LENDER_B-00000592,ORGANISATION,synthetic,WCDS-0.1
FAC-LENDER_B-00000593,LENDER_B,LENDER_B-100593,,TERM_LOAN,SME_WC_180D,NGN,1500000,1500000,1500000,2025-09-30,2025-09-30,2026-03-29,180,0.234148,FIXED,MONTHLY,278867.53,WORKING_CAPITAL,SERVICES,EQUITY_AND_WAREHOUSE,False,CLOSED,2026-08-21,0,0.0,0,CURRENT,False,,False,False,0,0,PTY-LENDER_B-00000593,ANON-LENDER_B-00000593,ORGANISATION,synthetic,WCDS-0.1
FAC-LENDER_B-00000594,LENDER_B,LENDER_B-100594,,TERM_LOAN,INVOICE_120D,NGN,750000,750000,750000,2025-10-27,2025-10-27,2026-02-24,120,0.261848,FIXED,MONTHLY,203641.32,WORKING_CAPITAL,MANUFACTURING,EQUITY_AND_WAREHOUSE,True,CLOSED,2026-08-21,0,0.0,0,CURRENT,False,,False,False,0,0,PTY-LENDER_B-00000594,ANON-LENDER_B-00000594,ORGANISATION,synthetic,WCDS-0.1
FAC-LENDER_B-00000595,LENDER_B,LENDER_B-100595,,TERM_LOAN,INVOICE_120D,NGN,7500000,7500000,7500000,2025-07-29,2025-07-29,2025-11-26,120,0.212813,FIXED,MONTHLY,2006186.31,WORKING_CAPITAL,RETAIL,EQUITY_AND_WAREHOUSE,True,CLOSED,2026-08-21,0,0.0,0,CURRENT,False,,False,False,0,0,PTY-LENDER_B-00000595,ANON-LENDER_B-00000595,ORGANISATION,synthetic,WCDS-0.1
FAC-LENDER_B-00000596,LENDER_B,LENDER_B-100596,,TERM_LOAN,SME_WC_180D,NGN,7500000,7500000,7500000,2024-12-28,2024-12-28,2025-06-26,180,0.25262,FIXED,MONTHLY,1405724.7,WORKING_CAPITAL,AGRICULTURE,EQUITY_AND_WAREHOUSE,False,ACTIVE,2026-08-21,187500.0,189446.56,15,DPD_1_30,False,,False,False,0,0,PTY-LENDER_B-00000596,ANON-LENDER_B-00000596,ORGANISATION,synthetic,WCDS-0.1
FAC-LENDER_B-00000597,LENDER_B,LENDER_B-100597,,TERM_LOAN,INVOICE_120D,NGN,15000000,15000000,15000000,2025-12-12,2025-12-12,2026-04-11,120,0.296547,FIXED,MONTHLY,4115606.37,WORKING_CAPITAL,LOGISTICS,EQUITY_AND_WAREHOUSE,False,ACTIVE,2026-08-21,375000.0,379570.08,15,DPD_1_30,False,,False,False,0,0,PTY-LENDER_B-00000597,ANON-LENDER_B-00000597,ORGANISATION,synthetic,WCDS-0.1
FAC-LENDER_B-00000598,LENDER_B,LENDER_B-100598,,TERM_LOAN,SME_WC_180D,NGN,10000000,10000000,10000000,2026-03-13,2026-03-13,2026-09-09,180,0.27633,FIXED,MONTHLY,1893787.05,WORKING_CAPITAL,RETAIL,EQUITY_AND_WAREHOUSE,True,ACTIVE,2026-08-21,1055555.56,1055555.56,0,CURRENT,False,,False,False,0,0,PTY-LENDER_B-00000598,ANON-LENDER_B-00000598,ORGANISATION,synthetic,WCDS-0.1
FAC-LENDER_B-00000599,LENDER_B,LENDER_B-100599,,TERM_LOAN,INVOICE_120D,NGN,2000000,2000000,2000000,2026-01-26,2026-01-26,2026-05-26,120,0.26026,FIXED,MONTHLY,542782.46,WORKING_CAPITAL,RETAIL,EQUITY_AND_WAREHOUSE,False,ACTIVE,2026-08-21,50000.0,50534.78,15,DPD_1_30,False,,False,False,0,0,PTY-LENDER_B-00000599,ANON-LENDER_B-00000599,ORGANISATION,synthetic,WCDS-0.1
FAC-LENDER_B-00000600,LENDER_B,LENDER_B-100600,,TERM_LOAN,MERCHANT_90D,NGN,7500000,7500000,7500000,2026-08-08,2026-08-08,2026-11-06,90,0.267621,FIXED,MONTHLY,2664971.87,WORKING_CAPITAL,LOGISTICS,EQUITY_AND_WAREHOUSE,True,ACTIVE,2026-08-21,6416666.67,6416666.67,0,CURRENT,False,,False,False,0,0,PTY-LENDER_B-00000600,ANON-LENDER_B-00000600,ORGANISATION,synthetic,WCDS-0.1
FAC-LENDER_B-00000601,LENDER_B,LENDER_B-100601,,TERM_LOAN,SME_WC_180D,NGN,3000000,3000000,3000000,2025-02-08,2025-02-08,2025-08-07,180,0.268255,FIXED,MONTHLY,566145.15,WORKING_CAPITAL,SERVICES,EQUITY_AND_WAREHOUSE,False,CLOSED,2026-08-21,0,0.0,0,CURRENT,False,,False,False,0,0,PTY-LENDER_B-00000601,ANON-LENDER_B-00000601,ORGANISATION,synthetic,WCDS-0.1
FAC-LENDER_B-00000602,LENDER_B,LENDER_B-100602,,TERM_LOAN,INVOICE_120D,NGN,750000,750000,750000,2026-01-24,2026-01-24,2026-05-24,120,0.292371,FIXED,MONTHLY,205522.86,WORKING_CAPITAL,AGRICULTURE,EQUITY_AND_WAREHOUSE,False,CLOSED,2026-08-21,0,0.0,0,CURRENT,False,,False,False,0,0,PTY-LENDER_B-00000602,ANON-LENDER_B-00000602,ORGANISATION,synthetic,WCDS-0.1
FAC-LENDER_B-00000603,LENDER_B,LENDER_B-100603,,TERM_LOAN,INVOICE_120D,NGN,500000,500000,500000,2026-03-17,2026-03-17,2026-07-15,120,0.237601,FIXED,MONTHLY,134764.42,WORKING_CAPITAL,AGRICULTURE,EQUITY_AND_WAREHOUSE,True,CLOSED,2026-08-21,0,0.0,0,CURRENT,False,,False,False,0,0,PTY-LENDER_B-00000603,ANON-LENDER_B-00000603,ORGANISATION,synthetic,WCDS-0.1
FAC-LENDER_B-00000604,LENDER_B,LENDER_B-100604,,TERM_LOAN,SME_WC_180D,NGN,7500000,7500000,7500000,2025-07-16,2025-07-16,2026-01-12,180,0.284399,FIXED,MONTHLY,1425314.35,WORKING_CAPITAL,LOGISTICS,EQUITY_AND_WAREHOUSE,False,CLOSED,2026-08-21,0,0.0,0,CURRENT,False,,False,False,0,0,PTY-LENDER_B-00000604,ANON-LENDER_B-00000604,ORGANISATION,synthetic,WCDS-0.1
FAC-LENDER_B-00000605,LENDER_B,LENDER_B-100605,,TERM_LOAN,SME_WC_180D,NGN,7500000,7500000,7500000,2025-05-04,2025-05-04,2025-10-31,180,0.295846,FIXED,MONTHLY,1432370.92,WORKING_CAPITAL,AGRICULTURE,EQUITY_AND_WAREHOUSE,True,CLOSED,2026-08-21,0,0.0,0,CURRENT,False,,False,False,0,0,PTY-LENDER_B-00000605,ANON-LENDER_B-00000605,ORGANISATION,synthetic,WCDS-0.1
FAC-LENDER_B-00000606,LENDER_B,LENDER_B-100606,,TERM_LOAN,MERCHANT_90D,NGN,3000000,3000000,3000000,2026-03-19,2026-03-19,2026-06-17,90,0.298648,FIXED,MONTHLY,1073639.24,WORKING_CAPITAL,MANUFACTURING,EQUITY_AND_WAREHOUSE,False,CLOSED,2026-08-21,0,0.0,0,CURRENT,False,,False,False,0,0,PTY-LENDER_B-00000606,ANON-LENDER_B-00000606,ORGANISATION,synthetic,WCDS-0.1
FAC-LENDER_B-00000607,LENDER_B,LENDER_B-100607,,TERM_LOAN,INVOICE_120D,NGN,3000000,3000000,3000000,2026-07-07,2026-07-07,2026-11-04,120,0.262889,FIXED,MONTHLY,814821.95,WORKING_CAPITAL,SERVICES,EQUITY_AND_WAREHOUSE,True,ACTIVE,2026-08-21,1875000.0,1875000.0,0,CURRENT,False,,False,False,0,0,PTY-LENDER_B-00000607,ANON-LENDER_B-00000607,ORGANISATION,synthetic,WCDS-0.1
FAC-LENDER_B-00000608,LENDER_B,LENDER_B-100608,,TERM_LOAN,INVOICE_120D,NGN,500000,500000,500000,2026-03-29,2026-03-29,2026-07-27,120,0.203938,FIXED,MONTHLY,133381.02,WORKING_CAPITAL,HOSPITALITY,EQUITY_AND_WAREHOUSE,False,CLOSED,2026-08-21,0,0.0,0,CURRENT,False,,False,False,0,0,PTY-LENDER_B-00000608,ANON-LENDER_B-00000608,ORGANISATION,synthetic,WCDS-0.1
FAC-LENDER_B-00000609,LENDER_B,LENDER_B-100609,,TERM_LOAN,MERCHANT_90D,NGN,1500000,1500000,1500000,2025-08-11,2025-08-11,2025-11-09,90,0.332695,FIXED,MONTHLY,541017.18,WORKING_CAPITAL,RETAIL,EQUITY_AND_WAREHOUSE,False,CLOSED,2026-08-21,0,0.0,0,CURRENT,False,,False,False,0,0,PTY-LENDER_B-00000609,ANON-LENDER_B-00000609,ORGANISATION,synthetic,WCDS-0.1
FAC-LENDER_B-00000610,LENDER_B,LENDER_B-100610,,TERM_LOAN,INVOICE_120D,NGN,500000,500000,500000,2025-07-02,2025-07-02,2025-10-30,120,0.249246,FIXED,MONTHLY,135242.97,WORKING_CAPITAL,MANUFACTURING,EQUITY_AND_WAREHOUSE,True,CLOSED,2026-08-21,0,0.0,0,CURRENT,False,,False,False,0,0,PTY-LENDER_B-00000610,ANON-LENDER_B-00000610,ORGANISATION,synthetic,WCDS-0.1
FAC-LENDER_B-00000611,LENDER_B,LENDER_B-100611,,TERM_LOAN,MERCHANT_90D,NGN,750000,750000,750000,2026-06-15,2026-06-15,2026-09-13,90,0.29481,FIXED,MONTHLY,268173.2,WORKING_CAPITAL,AGRICULTURE,EQUITY_AND_WAREHOUSE,True,ACTIVE,2026-08-21,191666.67,191666.67,0,CURRENT,False,,False,False,0,0,PTY-LENDER_B-00000611,ANON-LENDER_B-00000611,ORGANISATION,synthetic,WCDS-0.1
FAC-LENDER_B-00000612,LENDER_B,LENDER_B-100612,,TERM_LOAN,MERCHANT_90D,NGN,7500000,7500000,7500000,2025-12-16,2025-12-16,2026-03-16,90,0.295768,FIXED,MONTHLY,2682323.02,WORKING_CAPITAL,RETAIL,EQUITY_AND_WAREHOUSE,True,DEFAULTED,2026-08-21,1125000.0,1152348.45,95,DPD_90_PLUS,True,2026-08-16,False,False,0,0,PTY-LENDER_B-00000612,ANON-LENDER_B-00000612,ORGANISATION,synthetic,WCDS-0.1
FAC-LENDER_B-00000613,LENDER_B,LENDER_B-100613,,TERM_LOAN,INVOICE_120D,NGN,5000000,5000000,5000000,2025-10-19,2025-10-19,2026-02-16,120,0.238753,FIXED,MONTHLY,1348117.48,WORKING_CAPITAL,RETAIL,EQUITY_AND_WAREHOUSE,False,CLOSED,2026-08-21,0,0.0,0,CURRENT,False,,False,False,0,0,PTY-LENDER_B-00000613,ANON-LENDER_B-00000613,ORGANISATION,synthetic,WCDS-0.1
FAC-LENDER_B-00000614,LENDER_B,LENDER_B-100614,,TERM_LOAN,MERCHANT_90D,NGN,1500000,1500000,1500000,2025-12-19,2025-12-19,2026-03-19,90,0.306964,FIXED,MONTHLY,537844.9,WORKING_CAPITAL,MANUFACTURING,EQUITY_AND_WAREHOUSE,True,CLOSED,2026-08-21,0,0.0,0,CURRENT,False,,False,False,0,0,PTY-LENDER_B-00000614,ANON-LENDER_B-00000614,ORGANISATION,synthetic,WCDS-0.1
FAC-LENDER_B-00000615,LENDER_B,LENDER_B-100615,,TERM_LOAN,SME_WC_180D,NGN,10000000,10000000,10000000,2026-03-09,2026-03-09,2026-09-05,180,0.290182,FIXED,MONTHLY,1905172.77,WORKING_CAPITAL,LOGISTICS,EQUITY_AND_WAREHOUSE,True,ACTIVE,2026-08-21,833333.33,833333.33,0,CURRENT,False,,False,False,0,0,PTY-LENDER_B-00000615,ANON-LENDER_B-00000615,ORGANISATION,synthetic,WCDS-0.1
FAC-LENDER_B-00000616,LENDER_B,LENDER_B-100616,,TERM_LOAN,INVOICE_120D,NGN,3000000,3000000,3000000,2026-01-17,2026-01-17,2026-05-17,120,0.228142,FIXED,MONTHLY,806254.12,WORKING_CAPITAL,MANUFACTURING,EQUITY_AND_WAREHOUSE,True,ACTIVE,2026-08-21,35000.0,35153.14,7,DPD_1_30,False,,False,False,0,0,PTY-LENDER_B-00000616,ANON-LENDER_B-00000616,ORGANISATION,synthetic,WCDS-0.1
FAC-LENDER_B-00000617,LENDER_B,LENDER_B-100617,,TERM_LOAN,SME_WC_180D,NGN,750000,750000,750000,2026-07-13,2026-07-13,2027-01-09,180,0.239577,FIXED,MONTHLY,139768.46,WORKING_CAPITAL,HOSPITALITY,EQUITY_AND_WAREHOUSE,True,ACTIVE,2026-08-21,587500.0,587500.0,0,CURRENT,False,,False,False,0,0,PTY-LENDER_B-00000617,ANON-LENDER_B-00000617,ORGANISATION,synthetic,WCDS-0.1
FAC-LENDER_B-00000618,LENDER_B,LENDER_B-100618,,TERM_LOAN,MERCHANT_90D,NGN,1000000,1000000,1000000,2026-04-24,2026-04-24,2026-07-23,90,0.336773,FIXED,MONTHLY,361013.35,WORKING_CAPITAL,RETAIL,EQUITY_AND_WAREHOUSE,True,ACTIVE,2026-08-21,11666.67,11742.02,7,DPD_1_30,False,,False,False,0,0,PTY-LENDER_B-00000618,ANON-LENDER_B-00000618,ORGANISATION,synthetic,WCDS-0.1
FAC-LENDER_B-00000619,LENDER_B,LENDER_B-100619,,TERM_LOAN,INVOICE_120D,NGN,2000000,2000000,2000000,2024-12-12,2024-12-12,2025-04-11,120,0.257021,FIXED,MONTHLY,542249.98,WORKING_CAPITAL,HOSPITALITY,EQUITY_AND_WAREHOUSE,False,ACTIVE,2026-08-21,50000.0,50528.12,15,DPD_1_30,False,,False,False,0,0,PTY-LENDER_B-00000619,ANON-LENDER_B-00000619,ORGANISATION,synthetic,WCDS-0.1
FAC-LENDER_B-00000620,LENDER_B,LENDER_B-100620,,TERM_LOAN,INVOICE_120D,NGN,2000000,2000000,2000000,2025-09-28,2025-09-28,2026-01-26,120,0.262612,FIXED,MONTHLY,543169.06,WORKING_CAPITAL,LOGISTICS,EQUITY_AND_WAREHOUSE,False,CLOSED,2026-08-21,0,0.0,0,CURRENT,False,,False,False,0,0,PTY-LENDER_B-00000620,ANON-LENDER_B-00000620,ORGANISATION,synthetic,WCDS-0.1
FAC-LENDER_B-00000621,LENDER_B,LENDER_B-100621,,TERM_LOAN,INVOICE_120D,NGN,5000000,5000000,5000000,2025-07-07,2025-07-07,2025-11-04,120,0.220635,FIXED,MONTHLY,1340672.03,WORKING_CAPITAL,HOSPITALITY,EQUITY_AND_WAREHOUSE,True,CLOSED,2026-08-21,0,0.0,0,CURRENT,False,,False,False,0,0,PTY-LENDER_B-00000621,ANON-LENDER_B-00000621,ORGANISATION,synthetic,WCDS-0.1
FAC-LENDER_B-00000622,LENDER_B,LENDER_B-100622,,TERM_LOAN,SME_WC_180D,NGN,1500000,1500000,1500000,2026-08-11,2026-08-11,2027-02-07,180,0.269168,FIXED,MONTHLY,283185.12,WORKING_CAPITAL,RETAIL,EQUITY_AND_WAREHOUSE,False,ACTIVE,2026-08-21,1500000,1533185.12,35,DPD_31_60,False,,False,False,0,0,PTY-LENDER_B-00000622,ANON-LENDER_B-00000622,ORGANISATION,synthetic,WCDS-0.1
FAC-LENDER_B-00000623,LENDER_B,LENDER_B-100623,,TERM_LOAN,SME_WC_180D,NGN,7500000,7500000,7500000,2026-03-01,2026-03-01,2026-02-19,180,0.314679,FIXED,MONTHLY,1443980.03,WORKING_CAPITAL,SERVICES,EQUITY_AND_WAREHOUSE,False,ACTIVE,2026-08-21,291666.67,291666.67,0,CURRENT,False,,False,False,0,0,PTY-LENDER_B-00000623,ANON-LENDER_B-00000623,ORGANISATION,synthetic,WCDS-0.1
FAC-LENDER_B-00000624,LENDER_B,LENDER_B-100624,,TERM_LOAN,INVOICE_120D,NGN,3000000,3000000,3000000,2026-07-20,2026-07-20,2026-11-17,120,0.297094,FIXED,MONTHLY,823256.06,WORKING_CAPITAL,RETAIL,EQUITY_AND_WAREHOUSE,True,ACTIVE,2026-08-21,2200000.0,2200000.0,0,CURRENT,False,,False,False,0,0,PTY-LENDER_B-00000624,ANON-LENDER_B-00000624,ORGANISATION,synthetic,WCDS-0.1
FAC-LENDER_B-00000625,LENDER_B,LENDER_B-100625,,TERM_LOAN,SME_WC_180D,NGN,1500000,1500000,1500000,2026-07-11,2026-07-11,2027-01-07,180,0.232008,FIXED,MONTHLY,278603.68,WORKING_CAPITAL,RETAIL,EQUITY_AND_WAREHOUSE,False,ACTIVE,2026-08-21,1245833.33,1269590.28,35,DPD_31_60,False,,False,False,0,0,PTY-LENDER_B-00000625,ANON-LENDER_B-00000625,ORGANISATION,synthetic,WCDS-0.1
FAC-LENDER_B-00000626,LENDER_B,LENDER_B-100626,,TERM_LOAN,SME_WC_180D,NGN,15000000,15000000,15000000,2025-11-08,2025-11-08,2026-05-07,180,0.231259,FIXED,MONTHLY,2785113.44,WORKING_CAPITAL,HOSPITALITY,EQUITY_AND_WAREHOUSE,False,CLOSED,2026-08-21,0,0.0,0,CURRENT,False,,False,False,0,0,PTY-LENDER_B-00000626,ANON-LENDER_B-00000626,ORGANISATION,synthetic,WCDS-0.1
FAC-LENDER_B-00000627,LENDER_B,LENDER_B-100627,,TERM_LOAN,MERCHANT_90D,NGN,750000,750000,750000,2026-07-12,2026-07-12,2026-10-10,90,0.296323,FIXED,MONTHLY,268266.49,WORKING_CAPITAL,SERVICES,EQUITY_AND_WAREHOUSE,False,ACTIVE,2026-08-21,416666.67,416666.67,0,CURRENT,False,,False,False,0,0,PTY-LENDER_B-00000627,ANON-LENDER_B-00000627,ORGANISATION,synthetic,WCDS-0.1
FAC-LENDER_B-00000628,LENDER_B,LENDER_B-100628,,TERM_LOAN,MERCHANT_90D,NGN,15000000,15000000,15000000,2025-10-28,2025-10-28,2026-01-26,90,0.283249,FIXED,MONTHLY,5349210.79,WORKING_CAPITAL,RETAIL,EQUITY_AND_WAREHOUSE,False,ACTIVE,2026-08-21,175000.0,175950.63,7,DPD_1_30,False,,False,False,0,0,PTY-LENDER_B-00000628,ANON-LENDER_B-00000628,ORGANISATION,synthetic,WCDS-0.1
FAC-LENDER_B-00000629,LENDER_B,LENDER_B-100629,,TERM_LOAN,INVOICE_120D,NGN,2000000,2000000,2000000,2025-05-10,2025-05-10,2025-09-07,120,0.226728,FIXED,MONTHLY,537270.43,WORKING_CAPITAL,LOGISTICS,EQUITY_AND_WAREHOUSE,True,ACTIVE,2026-08-21,50000.0,50465.88,15,DPD_1_30,False,,False,False,0,0,PTY-LENDER_B-00000629,ANON-LENDER_B-00000629,ORGANISATION,synthetic,WCDS-0.1
FAC-LENDER_B-00000630,LENDER_B,LENDER_B-100630,,TERM_LOAN,SME_WC_180D,NGN,10000000,10000000,10000000,2025-12-17,2025-12-17,2026-06-15,180,0.224412,FIXED,MONTHLY,1851115.14,WORKING_CAPITAL,HOSPITALITY,EQUITY_AND_WAREHOUSE,False,ACTIVE,2026-08-21,116666.67,117168.78,7,DPD_1_30,False,,False,False,0,0,PTY-LENDER_B-00000630,ANON-LENDER_B-00000630,ORGANISATION,synthetic,WCDS-0.1
FAC-LENDER_B-00000631,LENDER_B,LENDER_B-100631,,TERM_LOAN,SME_WC_180D,NGN,7500000,7500000,7500000,2025-07-25,2025-07-25,2026-01-21,180,0.248652,FIXED,MONTHLY,1403278.45,WORKING_CAPITAL,SERVICES,EQUITY_AND_WAREHOUSE,False,CLOSED,2026-08-21,0,0.0,0,CURRENT,False,,False,False,0,0,PTY-LENDER_B-00000631,ANON-LENDER_B-00000631,ORGANISATION,synthetic,WCDS-0.1
FAC-LENDER_B-00000632,LENDER_B,LENDER_B-100632,,TERM_LOAN,INVOICE_120D,NGN,3000000,3000000,3000000,2025-06-26,2025-06-26,2025-10-24,120,0.21457,FIXED,MONTHLY,802907.57,WORKING_CAPITAL,SERVICES,EQUITY_AND_WAREHOUSE,True,CLOSED,2026-08-21,0,0.0,0,CURRENT,False,,False,False,0,0,PTY-LENDER_B-00000632,ANON-LENDER_B-00000632,ORGANISATION,synthetic,WCDS-0.1
FAC-LENDER_B-00000633,LENDER_B,LENDER_B-100633,,TERM_LOAN,INVOICE_120D,NGN,7500000,7500000,7500000,2025-08-08,2025-08-08,2025-12-06,120,0.214763,FIXED,MONTHLY,2007388.35,WORKING_CAPITAL,HOSPITALITY,EQUITY_AND_WAREHOUSE,False,WRITTEN_OFF,2026-08-21,15484.67,15758.0,130,DPD_90_PLUS,True,2026-07-12,False,True,1125000.0,260077.24,PTY-LENDER_B-00000633,ANON-LENDER_B-00000633,ORGANISATION,synthetic,WCDS-0.1
FAC-LENDER_B-00000634,LENDER_B,LENDER_B-100634,,TERM_LOAN,INVOICE_120D,NGN,1000000,1000000,1000000,2026-03-16,2026-03-16,2026-07-14,120,0.253921,FIXED,MONTHLY,270870.23,WORKING_CAPITAL,RETAIL,EQUITY_AND_WAREHOUSE,True,CLOSED,2026-08-21,0,0.0,0,CURRENT,False,,False,False,0,0,PTY-LENDER_B-00000634,ANON-LENDER_B-00000634,ORGANISATION,synthetic,WCDS-0.1
FAC-LENDER_B-00000635,LENDER_B,LENDER_B-100635,,TERM_LOAN,INVOICE_120D,NGN,1000000,1000000,1000000,2025-07-02,2025-07-02,2025-10-30,120,0.215943,FIXED,MONTHLY,267748.72,WORKING_CAPITAL,LOGISTICS,EQUITY_AND_WAREHOUSE,False,CLOSED,2026-08-21,0,0.0,0,CURRENT,False,,False,False,0,0,PTY-LENDER_B-00000635,ANON-LENDER_B-00000635,ORGANISATION,synthetic,WCDS-0.1
FAC-LENDER_B-00000636,LENDER_B,LENDER_B-100636,,TERM_LOAN,MERCHANT_90D,NGN,10000000,10000000,10000000,2025-11-24,2025-11-24,2026-02-22,90,0.281898,FIXED,MONTHLY,3565030.0,WORKING_CAPITAL,RETAIL,EQUITY_AND_WAREHOUSE,False,DEFAULTED,2026-08-21,1500000.0,1534754.5,95,DPD_90_PLUS,True,2026-08-16,False,False,0,0,PTY-LENDER_B-00000636,ANON-LENDER_B-00000636,ORGANISATION,synthetic,WCDS-0.1
FAC-LENDER_B-00000637,LENDER_B,LENDER_B-100637,,TERM_LOAN,SME_WC_180D,NGN,7500000,7500000,7500000,2025-07-25,2025-07-25,2026-01-21,180,0.242678,FIXED,MONTHLY,1399596.17,WORKING_CAPITAL,RETAIL,EQUITY_AND_WAREHOUSE,True,CLOSED,2026-08-21,0,0.0,0,CURRENT,False,,False,False,0,0,PTY-LENDER_B-00000637,ANON-LENDER_B-00000637,ORGANISATION,synthetic,WCDS-0.1
FAC-LENDER_B-00000638,LENDER_B,LENDER_B-100638,,TERM_LOAN,INVOICE_120D,NGN,3000000,3000000,3000000,2026-04-25,2026-04-25,2026-08-23,120,0.23928,FIXED,MONTHLY,809000.54,WORKING_CAPITAL,HOSPITALITY,EQUITY_AND_WAREHOUSE,True,ACTIVE,2026-08-21,50000.0,50000.0,0,CURRENT,False,,False,False,0,0,PTY-LENDER_B-00000638,ANON-LENDER_B-00000638,ORGANISATION,synthetic,WCDS-0.1
FAC-LENDER_B-00000639,LENDER_B,LENDER_B-100639,,TERM_LOAN,MERCHANT_90D,NGN,500000,500000,500000,2025-03-22,2025-03-22,2025-06-20,90,0.30439,FIXED,MONTHLY,179175.85,WORKING_CAPITAL,MANUFACTURING,EQUITY_AND_WAREHOUSE,False,CLOSED,2026-08-21,0,0.0,0,CURRENT,False,,False,False,0,0,PTY-LENDER_B-00000639,ANON-LENDER_B-00000639,ORGANISATION,synthetic,WCDS-0.1
FAC-LENDER_B-00000640,LENDER_B,LENDER_B-100640,,TERM_LOAN,SME_WC_180D,NGN,2000000,2000000,2000000,2026-05-05,2026-05-05,2026-11-01,180,0.315011,FIXED,MONTHLY,385115.97,WORKING_CAPITAL,LOGISTICS,EQUITY_AND_WAREHOUSE,False,DEFAULTED,2026-08-21,1100000.0,1128480.45,95,DPD_90_PLUS,True,2026-08-16,False,False,0,0,PTY-LENDER_B-00000640,ANON-LENDER_B-00000640,ORGANISATION,synthetic,WCDS-0.1
FAC-LENDER_B-00000641,LENDER_B,LENDER_B-100641,,TERM_LOAN,INVOICE_120D,NGN,750000,750000,750000,2026-04-12,2026-04-12,2026-08-10,120,0.220709,FIXED,MONTHLY,201105.33,WORKING_CAPITAL,RETAIL,EQUITY_AND_WAREHOUSE,True,CLOSED,2026-08-21,0,0.0,0,CURRENT,False,,False,False,0,0,PTY-LENDER_B-00000641,ANON-LENDER_B-00000641,ORGANISATION,synthetic,WCDS-0.1
FAC-LENDER_B-00000642,LENDER_B,LENDER_B-100642,,TERM_LOAN,SME_WC_180D,NGN,3000000,3000000,3000000,2025-10-04,2025-10-04,2026-04-02,180,0.2603,FIXED,MONTHLY,564183.58,WORKING_CAPITAL,SERVICES,EQUITY_AND_WAREHOUSE,True,CLOSED,2026-08-21,0,0.0,0,CURRENT,False,,False,False,0,0,PTY-LENDER_B-00000642,ANON-LENDER_B-00000642,ORGANISATION,synthetic,WCDS-0.1
FAC-LENDER_B-00000643,LENDER_B,LENDER_B-100643,,TERM_LOAN,MERCHANT_90D,NGN,7500000,7500000,7500000,2025-08-17,2025-08-17,2025-11-15,90,0.298969,FIXED,MONTHLY,2684296.01,WORKING_CAPITAL,RETAIL,EQUITY_AND_WAREHOUSE,False,CLOSED,2026-08-21,0,0.0,0,CURRENT,False,,False,False,0,0,PTY-LENDER_B-00000643,ANON-LENDER_B-00000643,ORGANISATION,synthetic,WCDS-0.1
FAC-LENDER_B-00000644,LENDER_B,LENDER_B-100644,,TERM_LOAN,INVOICE_120D,NGN,750000,750000,750000,2025-08-17,2025-08-17,2025-12-15,120,0.238376,FIXED,MONTHLY,202194.38,WORKING_CAPITAL,SERVICES,EQUITY_AND_WAREHOUSE,False,DEFAULTED,2026-08-21,112500.0,114704.16,95,DPD_90_PLUS,True,2026-08-16,False,False,0,0,PTY-LENDER_B-00000644,ANON-LENDER_B-00000644,ORGANISATION,synthetic,WCDS-0.1
FAC-LENDER_B-00000645,LENDER_B,LENDER_B-100645,,TERM_LOAN,MERCHANT_90D,NGN,7500000,7500000,7500000,2026-05-19,2026-05-19,2026-08-17,90,0.339464,FIXED,MONTHLY,2709258.53,WORKING_CAPITAL,AGRICULTURE,EQUITY_AND_WAREHOUSE,False,CLOSED,2026-08-21,0,0.0,0,CURRENT,False,,False,False,0,0,PTY-LENDER_B-00000645,ANON-LENDER_B-00000645,ORGANISATION,synthetic,WCDS-0.1
FAC-LENDER_B-00000646,LENDER_B,LENDER_B-100646,,TERM_LOAN,SME_WC_180D,NGN,3000000,3000000,3000000,2025-04-18,2025-04-18,2025-10-15,180,0.28313,FIXED,MONTHLY,569812.85,WORKING_CAPITAL,LOGISTICS,EQUITY_AND_WAREHOUSE,False,CLOSED,2026-08-21,0,0.0,0,CURRENT,False,,False,False,0,0,PTY-LENDER_B-00000646,ANON-LENDER_B-00000646,ORGANISATION,synthetic,WCDS-0.1
FAC-LENDER_B-00000647,LENDER_B,LENDER_B-100647,,TERM_LOAN,MERCHANT_90D,NGN,15000000,15000000,15000000,2026-04-02,2026-04-02,2026-07-01,90,0.270981,FIXED,MONTHLY,5334086.61,WORKING_CAPITAL,SERVICES,EQUITY_AND_WAREHOUSE,True,CLOSED,2026-08-21,0,0.0,0,CURRENT,False,,False,False,0,0,PTY-LENDER_B-00000647,ANON-LENDER_B-00000647,ORGANISATION,synthetic,WCDS-0.1
FAC-LENDER_B-00000648,LENDER_B,LENDER_B-100648,,TERM_LOAN,MERCHANT_90D,NGN,10000000,10000000,10000000,2025-01-10,2025-01-10,2025-04-10,90,0.307524,FIXED,MONTHLY,3586093.01,WORKING_CAPITAL,LOGISTICS,EQUITY_AND_WAREHOUSE,False,CLOSED,2026-08-21,0,0.0,0,CURRENT,False,,False,False,0,0,PTY-LENDER_B-00000648,ANON-LENDER_B-00000648,ORGANISATION,synthetic,WCDS-0.1
FAC-LENDER_B-00000649,LENDER_B,LENDER_B-100649,,TERM_LOAN,INVOICE_120D,NGN,750000,750000,750000,2026-02-14,2026-02-14,2026-06-14,120,0.204871,FIXED,MONTHLY,200129.06,WORKING_CAPITAL,HOSPITALITY,EQUITY_AND_WAREHOUSE,False,ACTIVE,2026-08-21,81250.0,82618.15,65,DPD_61_90,False,,False,False,0,0,PTY-LENDER_B-00000649,ANON-LENDER_B-00000649,ORGANISATION,synthetic,WCDS-0.1
FAC-LENDER_B-00000650,LENDER_B,LENDER_B-100650,,TERM_LOAN,MERCHANT_90D,NGN,1000000,1000000,1000000,2025-04-01,2025-04-01,2025-06-30,90,0.256275,FIXED,MONTHLY,354397.0,WORKING_CAPITAL,RETAIL,EQUITY_AND_WAREHOUSE,True,CLOSED,2026-08-21,0,0.0,0,CURRENT,False,,False,False,0,0,PTY-LENDER_B-00000650,ANON-LENDER_B-00000650,ORGANISATION,synthetic,WCDS-0.1
FAC-LENDER_B-00000651,LENDER_B,LENDER_B-100651,,TERM_LOAN,MERCHANT_90D,NGN,5000000,5000000,5000000,2025-12-26,2025-12-26,2026-03-26,90,0.27873,FIXED,MONTHLY,1781213.39,WORKING_CAPITAL,RETAIL,EQUITY_AND_WAREHOUSE,True,CLOSED,2026-08-21,0,0.0,0,CURRENT,False,,False,False,0,0,PTY-LENDER_B-00000651,ANON-LENDER_B-00000651,ORGANISATION,synthetic,WCDS-0.1
FAC-LENDER_B-00000652,LENDER_B,LENDER_B-100652,,TERM_LOAN,SME_WC_180D,NGN,750000,750000,750000,2026-03-29,2026-03-29,2026-09-25,180,0.304554,FIXED,MONTHLY,143773.87,WORKING_CAPITAL,RETAIL,EQUITY_AND_WAREHOUSE,True,ACTIVE,2026-08-21,154583.33,155486.22,7,DPD_1_30,False,,False,False,0,0,PTY-LENDER_B-00000652,ANON-LENDER_B-00000652,ORGANISATION,synthetic,WCDS-0.1
FAC-LENDER_B-00000653,LENDER_B,LENDER_B-100653,,TERM_LOAN,SME_WC_180D,NGN,5000000,5000000,5000000,2025-07-30,2025-07-30,2026-01-26,180,0.276277,FIXED,MONTHLY,946871.86,WORKING_CAPITAL,RETAIL,EQUITY_AND_WAREHOUSE,False,CLOSED,2026-08-21,0,0.0,0,CURRENT,False,,False,False,0,0,PTY-LENDER_B-00000653,ANON-LENDER_B-00000653,ORGANISATION,synthetic,WCDS-0.1
FAC-LENDER_B-00000654,LENDER_B,LENDER_B-100654,,TERM_LOAN,INVOICE_120D,NGN,5000000,5000000,5000000,2025-11-15,2025-11-15,2026-03-15,120,0.22789,FIXED,MONTHLY,1343653.52,WORKING_CAPITAL,RETAIL,EQUITY_AND_WAREHOUSE,True,ACTIVE,2026-08-21,291666.67,297129.79,35,DPD_31_60,False,,False,False,0,0,PTY-LENDER_B-00000654,ANON-LENDER_B-00000654,ORGANISATION,synthetic,WCDS-0.1
FAC-LENDER_B-00000655,LENDER_B,LENDER_B-100655,,TERM_LOAN,MERCHANT_90D,NGN,750000,750000,750000,2025-01-04,2025-01-04,2025-04-04,90,0.287463,FIXED,MONTHLY,267720.29,WORKING_CAPITAL,RETAIL,EQUITY_AND_WAREHOUSE,True,CLOSED,2026-08-21,0,0.0,0,CURRENT,False,,False,False,0,0,PTY-LENDER_B-00000655,ANON-LENDER_B-00000655,ORGANISATION,synthetic,WCDS-0.1
FAC-LENDER_B-00000656,LENDER_B,LENDER_B-100656,,TERM_LOAN,INVOICE_120D,NGN,2000000,2000000,2000000,2026-02-03,2026-02-03,2026-06-03,120,0.254592,FIXED,MONTHLY,541850.72,WORKING_CAPITAL,SERVICES,EQUITY_AND_WAREHOUSE,True,CLOSED,2026-08-21,0,0.0,0,CURRENT,False,,False,False,0,0,PTY-LENDER_B-00000656,ANON-LENDER_B-00000656,ORGANISATION,synthetic,WCDS-0.1
FAC-LENDER_B-00000657,LENDER_B,LENDER_B-100657,,TERM_LOAN,SME_WC_180D,NGN,1000000,1000000,1000000,2026-07-31,2026-07-31,2027-01-27,180,0.223976,FIXED,MONTHLY,185075.62,WORKING_CAPITAL,HOSPITALITY,EQUITY_AND_WAREHOUSE,False,ACTIVE,2026-08-21,883333.33,883333.33,0,CURRENT,False,,False,False,0,0,PTY-LENDER_B-00000657,ANON-LENDER_B-00000657,ORGANISATION,synthetic,WCDS-0.1
FAC-LENDER_B-00000658,LENDER_B,LENDER_B-100658,,TERM_LOAN,SME_WC_180D,NGN,15000000,15000000,15000000,2026-03-24,2026-03-24,2026-09-20,180,0.221217,FIXED,MONTHLY,2772732.72,WORKING_CAPITAL,MANUFACTURING,EQUITY_AND_WAREHOUSE,True,ACTIVE,2026-08-21,2500000.0,2500000.0,0,CURRENT,False,,False,False,0,0,PTY-LENDER_B-00000658,ANON-LENDER_B-00000658,ORGANISATION,synthetic,WCDS-0.1
FAC-LENDER_B-00000659,LENDER_B,LENDER_B-100659,,TERM_LOAN,INVOICE_120D,NGN,7500000,7500000,7500000,2026-05-02,2026-05-02,2026-08-30,120,0.221356,FIXED,MONTHLY,2011452.39,WORKING_CAPITAL,SERVICES,EQUITY_AND_WAREHOUSE,False,ACTIVE,2026-08-21,562500.0,562500.0,0,CURRENT,False,,False,False,0,0,PTY-LENDER_B-00000659,ANON-LENDER_B-00000659,ORGANISATION,synthetic,WCDS-0.1
FAC-LENDER_B-00000660,LENDER_B,LENDER_B-100660,,TERM_LOAN,MERCHANT_90D,NGN,1000000,1000000,1000000,2025-03-07,2025-03-07,2025-06-05,90,0.295303,FIXED,MONTHLY,357604.83,WORKING_CAPITAL,HOSPITALITY,EQUITY_AND_WAREHOUSE,True,CLOSED,2026-08-21,0,0.0,0,CURRENT,False,,False,False,0,0,PTY-LENDER_B-00000660,ANON-LENDER_B-00000660,ORGANISATION,synthetic,WCDS-0.1
FAC-LENDER_B-00000661,LENDER_B,LENDER_B-100661,,TERM_LOAN,MERCHANT_90D,NGN,15000000,15000000,15000000,2025-06-14,2025-06-14,2025-09-12,90,0.316052,FIXED,MONTHLY,5389652.91,WORKING_CAPITAL,LOGISTICS,EQUITY_AND_WAREHOUSE,True,ACTIVE,2026-08-21,375000.0,379870.66,15,DPD_1_30,False,,False,False,0,0,PTY-LENDER_B-00000661,ANON-LENDER_B-00000661,ORGANISATION,synthetic,WCDS-0.1
FAC-LENDER_B-00000662,LENDER_B,LENDER_B-100662,,TERM_LOAN,MERCHANT_90D,NGN,5000000,5000000,5000000,2025-07-03,2025-07-03,2025-10-01,90,0.276172,FIXED,MONTHLY,1780162.11,WORKING_CAPITAL,RETAIL,EQUITY_AND_WAREHOUSE,False,CLOSED,2026-08-21,0,0.0,0,CURRENT,False,,False,False,0,0,PTY-LENDER_B-00000662,ANON-LENDER_B-00000662,ORGANISATION,synthetic,WCDS-0.1
FAC-LENDER_B-00000663,LENDER_B,LENDER_B-100663,,TERM_LOAN,INVOICE_120D,NGN,1500000,1500000,1500000,2025-04-08,2025-04-08,2025-08-06,120,0.239078,FIXED,MONTHLY,404475.32,WORKING_CAPITAL,HOSPITALITY,EQUITY_AND_WAREHOUSE,False,CLOSED,2026-08-21,0,0.0,0,CURRENT,False,,False,False,0,0,PTY-LENDER_B-00000663,ANON-LENDER_B-00000663,ORGANISATION,synthetic,WCDS-0.1
FAC-LENDER_B-00000664,LENDER_B,LENDER_B-100664,,TERM_LOAN,INVOICE_120D,NGN,1000000,1000000,1000000,2025-10-21,2025-10-21,2026-02-18,120,0.264604,FIXED,MONTHLY,271748.28,WORKING_CAPITAL,LOGISTICS,EQUITY_AND_WAREHOUSE,False,CLOSED,2026-08-21,0,0.0,0,CURRENT,False,,False,False,0,0,PTY-LENDER_B-00000664,ANON-LENDER_B-00000664,ORGANISATION,synthetic,WCDS-0.1
FAC-LENDER_B-00000665,LENDER_B,LENDER_B-100665,,TERM_LOAN,INVOICE_120D,NGN,750000,750000,750000,2026-03-15,2026-03-15,2026-07-13,120,0.241732,FIXED,MONTHLY,202401.27,WORKING_CAPITAL,HOSPITALITY,EQUITY_AND_WAREHOUSE,False,ACTIVE,2026-08-21,8750.0,8790.56,7,DPD_1_30,False,,False,False,0,0,PTY-LENDER_B-00000665,ANON-LENDER_B-00000665,ORGANISATION,synthetic,WCDS-0.1
FAC-LENDER_B-00000666,LENDER_B,LENDER_B-100666,,TERM_LOAN,INVOICE_120D,NGN,3000000,3000000,3000000,2025-09-11,2025-09-11,2026-01-09,120,0.228083,FIXED,MONTHLY,806239.73,WORKING_CAPITAL,AGRICULTURE,EQUITY_AND_WAREHOUSE,False,ACTIVE,2026-08-21,325000.0,331092.64,65,DPD_61_90,False,,False,False,0,0,PTY-LENDER_B-00000666,ANON-LENDER_B-00000666,ORGANISATION,synthetic,WCDS-0.1
FAC-LENDER_B-00000667,LENDER_B,LENDER_B-100667,,TERM_LOAN,INVOICE_120D,NGN,15000000,15000000,15000000,2025-01-01,2025-01-01,2025-05-01,120,0.275742,FIXED,MONTHLY,4089955.61,WORKING_CAPITAL,HOSPITALITY,EQUITY_AND_WAREHOUSE,False,CLOSED,2026-08-21,0,0.0,0,CURRENT,False,,False,False,0,0,PTY-LENDER_B-00000667,ANON-LENDER_B-00000667,ORGANISATION,synthetic,WCDS-0.1
FAC-LENDER_B-00000668,LENDER_B,LENDER_B-100668,,TERM_LOAN,INVOICE_120D,NGN,10000000,10000000,10000000,2025-11-27,2025-11-27,2026-03-27,120,0.297523,FIXED,MONTHLY,2744539.18,WORKING_CAPITAL,MANUFACTURING,EQUITY_AND_WAREHOUSE,False,CLOSED,2026-08-21,0,0.0,0,CURRENT,False,,False,False,0,0,PTY-LENDER_B-00000668,ANON-LENDER_B-00000668,ORGANISATION,synthetic,WCDS-0.1
FAC-LENDER_B-00000669,LENDER_B,LENDER_B-100669,,TERM_LOAN,MERCHANT_90D,NGN,3000000,3000000,3000000,2025-01-09,2025-01-09,2025-04-09,90,0.333416,FIXED,MONTHLY,1082212.19,WORKING_CAPITAL,AGRICULTURE,EQUITY_AND_WAREHOUSE,False,CLOSED,2026-08-21,0,0.0,0,CURRENT,False,,False,False,0,0,PTY-LENDER_B-00000669,ANON-LENDER_B-00000669,ORGANISATION,synthetic,WCDS-0.1
FAC-LENDER_B-00000670,LENDER_B,LENDER_B-100670,,TERM_LOAN,INVOICE_120D,NGN,5000000,5000000,5000000,2025-06-03,2025-06-03,2025-10-01,120,0.2335,FIXED,MONTHLY,1345958.84,WORKING_CAPITAL,AGRICULTURE,EQUITY_AND_WAREHOUSE,True,CLOSED,2026-08-21,0,0.0,0,CURRENT,False,,False,False,0,0,PTY-LENDER_B-00000670,ANON-LENDER_B-00000670,ORGANISATION,synthetic,WCDS-0.1
FAC-LENDER_B-00000671,LENDER_B,LENDER_B-100671,,TERM_LOAN,INVOICE_120D,NGN,2000000,2000000,2000000,2025-08-06,2025-08-06,2025-12-04,120,0.278689,FIXED,MONTHLY,545811.95,WORKING_CAPITAL,LOGISTICS,EQUITY_AND_WAREHOUSE,False,ACTIVE,2026-08-21,23333.33,23458.04,7,DPD_1_30,False,,False,False,0,0,PTY-LENDER_B-00000671,ANON-LENDER_B-00000671,ORGANISATION,synthetic,WCDS-0.1
FAC-LENDER_B-00000672,LENDER_B,LENDER_B-100672,,TERM_LOAN,INVOICE_120D,NGN,1000000,1000000,1000000,2025-10-17,2025-10-17,2026-02-14,120,0.246269,FIXED,MONTHLY,270241.29,WORKING_CAPITAL,RETAIL,EQUITY_AND_WAREHOUSE,False,CLOSED,2026-08-21,0,0.0,0,CURRENT,False,,False,False,0,0,PTY-LENDER_B-00000672,ANON-LENDER_B-00000672,ORGANISATION,synthetic,WCDS-0.1
FAC-LENDER_B-00000673,LENDER_B,LENDER_B-100673,,TERM_LOAN,MERCHANT_90D,NGN,7500000,7500000,7500000,2025-04-03,2025-04-03,2025-07-02,90,0.260573,FIXED,MONTHLY,2660627.43,WORKING_CAPITAL,AGRICULTURE,EQUITY_AND_WAREHOUSE,True,ACTIVE,2026-08-21,87500.0,87937.26,7,DPD_1_30,False,,False,False,0,0,PTY-LENDER_B-00000673,ANON-LENDER_B-00000673,ORGANISATION,synthetic,WCDS-0.1
FAC-LENDER_B-00000674,LENDER_B,LENDER_B-100674,,TERM_LOAN,SME_WC_180D,NGN,15000000,15000000,15000000,2025-07-22,2025-07-22,2026-01-18,180,0.265908,FIXED,MONTHLY,2827831.69,WORKING_CAPITAL,RETAIL,EQUITY_AND_WAREHOUSE,True,ACTIVE,2026-08-21,375000.0,379097.9,15,DPD_1_30,False,,False,False,0,0,PTY-LENDER_B-00000674,ANON-LENDER_B-00000674,ORGANISATION,synthetic,WCDS-0.1
FAC-LENDER_B-00000675,LENDER_B,LENDER_B-100675,,TERM_LOAN,SME_WC_180D,NGN,7500000,7500000,7500000,2025-01-25,2025-01-25,2025-07-24,180,0.220327,FIXED,MONTHLY,1385817.83,WORKING_CAPITAL,SERVICES,EQUITY_AND_WAREHOUSE,False,CLOSED,2026-08-21,0,0.0,0,CURRENT,False,,False,False,0,0,PTY-LENDER_B-00000675,ANON-LENDER_B-00000675,ORGANISATION,synthetic,WCDS-0.1
FAC-LENDER_B-00000676,LENDER_B,LENDER_B-100676,,TERM_LOAN,MERCHANT_90D,NGN,5000000,5000000,5000000,2024-12-10,2024-12-10,2025-03-10,90,0.267709,FIXED,MONTHLY,1776684.13,WORKING_CAPITAL,HOSPITALITY,EQUITY_AND_WAREHOUSE,False,CLOSED,2026-08-21,0,0.0,0,CURRENT,False,,False,False,0,0,PTY-LENDER_B-00000676,ANON-LENDER_B-00000676,ORGANISATION,synthetic,WCDS-0.1
FAC-LENDER_B-00000677,LENDER_B,LENDER_B-100677,,TERM_LOAN,MERCHANT_90D,NGN,3000000,3000000,3000000,2026-06-01,2026-06-01,2026-08-30,90,0.283717,FIXED,MONTHLY,1069957.67,WORKING_CAPITAL,RETAIL,EQUITY_AND_WAREHOUSE,True,ACTIVE,2026-08-21,300000.0,300000.0,0,CURRENT,False,,False,False,0,0,PTY-LENDER_B-00000677,ANON-LENDER_B-00000677,ORGANISATION,synthetic,WCDS-0.1
FAC-LENDER_B-00000678,LENDER_B,LENDER_B-100678,,TERM_LOAN,INVOICE_120D,NGN,5000000,5000000,5000000,2025-01-08,2025-01-08,2025-05-08,120,0.278387,FIXED,MONTHLY,1364405.64,WORKING_CAPITAL,LOGISTICS,EQUITY_AND_WAREHOUSE,True,CLOSED,2026-08-21,0,0.0,0,CURRENT,False,,False,False,0,0,PTY-LENDER_B-00000678,ANON-LENDER_B-00000678,ORGANISATION,synthetic,WCDS-0.1
FAC-LENDER_B-00000679,LENDER_B,LENDER_B-100679,,TERM_LOAN,SME_WC_180D,NGN,5000000,5000000,5000000,2025-01-04,2025-01-04,2025-07-03,180,0.317684,FIXED,MONTHLY,963888.25,WORKING_CAPITAL,LOGISTICS,EQUITY_AND_WAREHOUSE,True,ACTIVE,2026-08-21,58333.33,58688.73,7,DPD_1_30,False,,False,False,0,0,PTY-LENDER_B-00000679,ANON-LENDER_B-00000679,ORGANISATION,synthetic,WCDS-0.1
FAC-LENDER_B-00000680,LENDER_B,LENDER_B-100680,,TERM_LOAN,MERCHANT_90D,NGN,10000000,10000000,10000000,2025-12-29,2025-12-29,2026-03-29,90,0.332785,FIXED,MONTHLY,3606855.38,WORKING_CAPITAL,MANUFACTURING,EQUITY_AND_WAREHOUSE,True,CLOSED,2026-08-21,0,0.0,0,CURRENT,False,,False,False,0,0,PTY-LENDER_B-00000680,ANON-LENDER_B-00000680,ORGANISATION,synthetic,WCDS-0.1
FAC-LENDER_B-00000681,LENDER_B,LENDER_B-100681,,TERM_LOAN,MERCHANT_90D,NGN,1000000,1000000,1000000,2025-11-08,2025-11-08,2026-02-06,90,0.33664,FIXED,MONTHLY,361002.37,WORKING_CAPITAL,RETAIL,EQUITY_AND_WAREHOUSE,False,ACTIVE,2026-08-21,25000.0,25345.86,15,DPD_1_30,False,,False,False,0,0,PTY-LENDER_B-00000681,ANON-LENDER_B-00000681,ORGANISATION,synthetic,WCDS-0.1
FAC-LENDER_B-00000682,LENDER_B,LENDER_B-100682,,TERM_LOAN,MERCHANT_90D,NGN,7500000,7500000,7500000,2026-02-15,2026-02-15,2026-05-16,90,0.252456,FIXED,MONTHLY,2655623.76,WORKING_CAPITAL,MANUFACTURING,EQUITY_AND_WAREHOUSE,True,ACTIVE,2026-08-21,812500.0,829359.24,65,DPD_61_90,False,,False,False,0,0,PTY-LENDER_B-00000682,ANON-LENDER_B-00000682,ORGANISATION,synthetic,WCDS-0.1
FAC-LENDER_B-00000683,LENDER_B,LENDER_B-100683,,TERM_LOAN,INVOICE_120D,NGN,5000000,5000000,5000000,2026-05-01,2026-05-01,2026-08-29,120,0.243519,FIXED,MONTHLY,1350076.44,WORKING_CAPITAL,SERVICES,EQUITY_AND_WAREHOUSE,True,ACTIVE,2026-08-21,625000.0,637509.55,35,DPD_31_60,False,,False,False,0,0,PTY-LENDER_B-00000683,ANON-LENDER_B-00000683,ORGANISATION,synthetic,WCDS-0.1
FAC-LENDER_B-00000684,LENDER_B,LENDER_B-100684,,TERM_LOAN,INVOICE_120D,NGN,5000000,5000000,5000000,2025-11-06,2025-11-06,2026-03-06,120,0.288812,FIXED,MONTHLY,1368689.8,WORKING_CAPITAL,RETAIL,EQUITY_AND_WAREHOUSE,False,CLOSED,2026-08-21,0,0.0,0,CURRENT,False,,False,False,0,0,PTY-LENDER_B-00000684,ANON-LENDER_B-00000684,ORGANISATION,synthetic,WCDS-0.1
FAC-LENDER_B-00000685,LENDER_B,LENDER_B-100685,,TERM_LOAN,SME_WC_180D,NGN,3000000,3000000,3000000,2025-07-10,2025-07-10,2026-01-06,180,0.263665,FIXED,MONTHLY,565013.29,WORKING_CAPITAL,RETAIL,EQUITY_AND_WAREHOUSE,False,ACTIVE,2026-08-21,75000.0,75812.67,15,DPD_1_30,False,,False,False,0,0,PTY-LENDER_B-00000685,ANON-LENDER_B-00000685,ORGANISATION,synthetic,WCDS-0.1
FAC-LENDER_B-00000686,LENDER_B,LENDER_B-100686,,TERM_LOAN,INVOICE_120D,NGN,5000000,5000000,5000000,2026-01-11,2026-01-11,2026-05-11,120,0.270346,FIXED,MONTHLY,1361100.95,WORKING_CAPITAL,LOGISTICS,EQUITY_AND_WAREHOUSE,False,CLOSED,2026-08-21,0,0.0,0,CURRENT,False,,False,False,0,0,PTY-LENDER_B-00000686,ANON-LENDER_B-00000686,ORGANISATION,synthetic,WCDS-0.1
FAC-LENDER_B-00000687,LENDER_B,LENDER_B-100687,,TERM_LOAN,MERCHANT_90D,NGN,5000000,5000000,5000000,2026-07-18,2026-07-18,2026-10-16,90,0.275327,FIXED,MONTHLY,1779814.56,WORKING_CAPITAL,MANUFACTURING,EQUITY_AND_WAREHOUSE,False,ACTIVE,2026-08-21,3111111.11,3111111.11,0,CURRENT,False,,False,False,0,0,PTY-LENDER_B-00000687,ANON-LENDER_B-00000687,ORGANISATION,synthetic,WCDS-0.1
FAC-LENDER_B-00000688,LENDER_B,LENDER_B-100688,,TERM_LOAN,INVOICE_120D,NGN,500000,500000,500000,2025-08-08,2025-08-08,2025-12-06,120,0.206469,FIXED,MONTHLY,133485.05,WORKING_CAPITAL,SERVICES,EQUITY_AND_WAREHOUSE,False,CLOSED,2026-08-21,0,0.0,0,CURRENT,False,,False,False,0,0,PTY-LENDER_B-00000688,ANON-LENDER_B-00000688,ORGANISATION,synthetic,WCDS-0.1
FAC-LENDER_B-00000689,LENDER_B,LENDER_B-100689,,TERM_LOAN,MERCHANT_90D,NGN,5000000,5000000,5000000,2025-11-09,2025-11-09,2026-02-07,90,0.289096,FIXED,MONTHLY,1785473.14,WORKING_CAPITAL,AGRICULTURE,EQUITY_AND_WAREHOUSE,True,CLOSED,2026-08-21,0,0.0,0,CURRENT,False,,False,False,0,0,PTY-LENDER_B-00000689,ANON-LENDER_B-00000689,ORGANISATION,synthetic,WCDS-0.1
FAC-LENDER_B-00000690,LENDER_B,LENDER_B-100690,,TERM_LOAN,INVOICE_120D,NGN,10000000,10000000,10000000,2026-01-23,2026-01-23,2026-05-23,120,0.216854,FIXED,MONTHLY,2678236.3,WORKING_CAPITAL,MANUFACTURING,EQUITY_AND_WAREHOUSE,False,ACTIVE,2026-08-21,583333.33,593730.45,35,DPD_31_60,False,,False,False,0,0,PTY-LENDER_B-00000690,ANON-LENDER_B-00000690,ORGANISATION,synthetic,WCDS-0.1
FAC-LENDER_B-00000691,LENDER_B,LENDER_B-100691,,TERM_LOAN,MERCHANT_90D,NGN,750000,750000,750000,2026-06-21,2026-06-21,2026-09-19,90,0.276457,FIXED,MONTHLY,267041.88,WORKING_CAPITAL,MANUFACTURING,EQUITY_AND_WAREHOUSE,False,ACTIVE,2026-08-21,241666.67,241666.67,0,CURRENT,False,,False,False,0,0,PTY-LENDER_B-00000691,ANON-LENDER_B-00000691,ORGANISATION,synthetic,WCDS-0.1
FAC-LENDER_B-00000692,LENDER_B,LENDER_B-100692,,TERM_LOAN,MERCHANT_90D,NGN,5000000,5000000,5000000,2026-02-02,2026-02-02,2026-05-03,90,0.292525,FIXED,MONTHLY,1786882.58,WORKING_CAPITAL,AGRICULTURE,EQUITY_AND_WAREHOUSE,False,CLOSED,2026-08-21,0,0.0,0,CURRENT,False,,False,False,0,0,PTY-LENDER_B-00000692,ANON-LENDER_B-00000692,ORGANISATION,synthetic,WCDS-0.1
FAC-LENDER_B-00000693,LENDER_B,LENDER_B-100693,,TERM_LOAN,MERCHANT_90D,NGN,15000000,15000000,15000000,2026-02-12,2026-02-12,2026-05-13,90,0.27116,FIXED,MONTHLY,5334306.65,WORKING_CAPITAL,RETAIL,EQUITY_AND_WAREHOUSE,False,CLOSED,2026-08-21,0,0.0,0,CURRENT,False,,False,False,0,0,PTY-LENDER_B-00000693,ANON-LENDER_B-00000693,ORGANISATION,synthetic,WCDS-0.1
FAC-LENDER_B-00000694,LENDER_B,LENDER_B-100694,,TERM_LOAN,MERCHANT_90D,NGN,1500000,1500000,1500000,2026-06-04,2026-06-04,2026-09-02,90,0.287025,FIXED,MONTHLY,535386.62,WORKING_CAPITAL,MANUFACTURING,EQUITY_AND_WAREHOUSE,False,ACTIVE,2026-08-21,217500.0,218697.25,7,DPD_1_30,False,,False,False,0,0,PTY-LENDER_B-00000694,ANON-LENDER_B-00000694,ORGANISATION,synthetic,WCDS-0.1
FAC-LENDER_B-00000695,LENDER_B,LENDER_B-100695,,TERM_LOAN,SME_WC_180D,NGN,10000000,10000000,10000000,2026-03-08,2026-03-08,2026-09-04,180,0.298314,FIXED,MONTHLY,1911856.55,WORKING_CAPITAL,AGRICULTURE,EQUITY_AND_WAREHOUSE,False,ACTIVE,2026-08-21,777777.78,777777.78,0,CURRENT,False,,False,False,0,0,PTY-LENDER_B-00000695,ANON-LENDER_B-00000695,ORGANISATION,synthetic,WCDS-0.1
FAC-LENDER_B-00000696,LENDER_B,LENDER_B-100696,,TERM_LOAN,MERCHANT_90D,NGN,2000000,2000000,2000000,2025-03-17,2025-03-17,2025-06-15,90,0.258681,FIXED,MONTHLY,709189.52,WORKING_CAPITAL,MANUFACTURING,EQUITY_AND_WAREHOUSE,False,CLOSED,2026-08-21,0,0.0,0,CURRENT,False,,False,False,0,0,PTY-LENDER_B-00000696,ANON-LENDER_B-00000696,ORGANISATION,synthetic,WCDS-0.1
FAC-LENDER_B-00000697,LENDER_B,LENDER_B-100697,,TERM_LOAN,MERCHANT_90D,NGN,1000000,1000000,1000000,2025-07-31,2025-07-31,2025-10-29,90,0.245685,FIXED,MONTHLY,353526.62,WORKING_CAPITAL,LOGISTICS,EQUITY_AND_WAREHOUSE,False,CLOSED,2026-08-21,0,0.0,0,CURRENT,False,,False,False,0,0,PTY-LENDER_B-00000697,ANON-LENDER_B-00000697,ORGANISATION,synthetic,WCDS-0.1
FAC-LENDER_B-00000698,LENDER_B,LENDER_B-100698,,TERM_LOAN,MERCHANT_90D,NGN,1500000,1500000,1500000,2026-06-29,2026-06-29,2026-09-27,90,0.267928,FIXED,MONTHLY,533032.18,WORKING_CAPITAL,LOGISTICS,EQUITY_AND_WAREHOUSE,False,ACTIVE,2026-08-21,616666.67,616666.67,0,CURRENT,False,,False,False,0,0,PTY-LENDER_B-00000698,ANON-LENDER_B-00000698,ORGANISATION,synthetic,WCDS-0.1
FAC-LENDER_B-00000699,LENDER_B,LENDER_B-100699,,TERM_LOAN,SME_WC_180D,NGN,5000000,5000000,5000000,2025-06-24,2025-06-24,2025-12-21,180,0.220057,FIXED,MONTHLY,923767.86,WORKING_CAPITAL,MANUFACTURING,EQUITY_AND_WAREHOUSE,False,ACTIVE,2026-08-21,291666.67,296942.01,35,DPD_31_60,False,,False,False,0,0,PTY-LENDER_B-00000699,ANON-LENDER_B-00000699,ORGANISATION,synthetic,WCDS-0.1
FAC-LENDER_B-00000700,LENDER_B,LENDER_B-100700,,TERM_LOAN,INVOICE_120D,NGN,5000000,5000000,5000000,2025-06-20,2025-06-20,2025-10-18,120,0.278638,FIXED,MONTHLY,1364508.96,WORKING_CAPITAL,AGRICULTURE,EQUITY_AND_WAREHOUSE,False,CLOSED,2026-08-21,0,0.0,0,CURRENT,False,,False,False,0,0,PTY-LENDER_B-00000700,ANON-LENDER_B-00000700,ORGANISATION,synthetic,WCDS-0.1
FAC-LENDER_B-00000701,LENDER_B,LENDER_B-100701,,TERM_LOAN,MERCHANT_90D,NGN,15000000,15000000,15000000,2026-04-15,2026-04-15,2026-07-14,90,0.325793,FIXED,MONTHLY,5401662.21,WORKING_CAPITAL,AGRICULTURE,EQUITY_AND_WAREHOUSE,False,CLOSED,2026-08-21,0,0.0,0,CURRENT,False,,False,False,0,0,PTY-LENDER_B-00000701,ANON-LENDER_B-00000701,ORGANISATION,synthetic,WCDS-0.1
FAC-LENDER_B-00000702,LENDER_B,LENDER_B-100702,,TERM_LOAN,SME_WC_180D,NGN,7500000,7500000,7500000,2026-01-03,2026-01-03,2026-07-02,180,0.257594,FIXED,MONTHLY,1408791.08,WORKING_CAPITAL,LOGISTICS,EQUITY_AND_WAREHOUSE,False,CLOSED,2026-08-21,0,0.0,0,CURRENT,False,,False,False,0,0,PTY-LENDER_B-00000702,ANON-LENDER_B-00000702,ORGANISATION,synthetic,WCDS-0.1
FAC-LENDER_B-00000703,LENDER_B,LENDER_B-100703,,TERM_LOAN,INVOICE_120D,NGN,1000000,1000000,1000000,2025-07-02,2025-07-02,2025-10-30,120,0.28652,FIXED,MONTHLY,273549.57,WORKING_CAPITAL,HOSPITALITY,EQUITY_AND_WAREHOUSE,False,CLOSED,2026-08-21,0,0.0,0,CURRENT,False,,False,False,0,0,PTY-LENDER_B-00000703,ANON-LENDER_B-00000703,ORGANISATION,synthetic,WCDS-0.1
FAC-LENDER_B-00000704,LENDER_B,LENDER_B-100704,,TERM_LOAN,SME_WC_180D,NGN,5000000,5000000,5000000,2025-07-27,2025-07-27,2026-01-23,180,0.242707,FIXED,MONTHLY,933076.0,WORKING_CAPITAL,SERVICES,EQUITY_AND_WAREHOUSE,False,ACTIVE,2026-08-21,291666.67,297484.99,35,DPD_31_60,False,,False,False,0,0,PTY-LENDER_B-00000704,ANON-LENDER_B-00000704,ORGANISATION,synthetic,WCDS-0.1
FAC-LENDER_B-00000705,LENDER_B,LENDER_B-100705,,TERM_LOAN,INVOICE_120D,NGN,750000,750000,750000,2025-08-18,2025-08-18,2025-12-16,120,0.294773,FIXED,MONTHLY,205670.91,WORKING_CAPITAL,AGRICULTURE,EQUITY_AND_WAREHOUSE,True,CLOSED,2026-08-21,0,0.0,0,CURRENT,False,,False,False,0,0,PTY-LENDER_B-00000705,ANON-LENDER_B-00000705,ORGANISATION,synthetic,WCDS-0.1
FAC-LENDER_B-00000706,LENDER_B,LENDER_B-100706,,TERM_LOAN,INVOICE_120D,NGN,2000000,2000000,2000000,2025-01-24,2025-01-24,2025-05-24,120,0.243338,FIXED,MONTHLY,540000.81,WORKING_CAPITAL,AGRICULTURE,EQUITY_AND_WAREHOUSE,False,CLOSED,2026-08-21,0,0.0,0,CURRENT,False,,False,False,0,0,PTY-LENDER_B-00000706,ANON-LENDER_B-00000706,ORGANISATION,synthetic,WCDS-0.1
FAC-LENDER_B-00000707,LENDER_B,LENDER_B-100707,,TERM_LOAN,SME_WC_180D,NGN,3000000,3000000,3000000,2025-03-11,2025-03-11,2025-09-07,180,0.306863,FIXED,MONTHLY,575664.83,WORKING_CAPITAL,LOGISTICS,EQUITY_AND_WAREHOUSE,True,CLOSED,2026-08-21,0,0.0,0,CURRENT,False,,False,False,0,0,PTY-LENDER_B-00000707,ANON-LENDER_B-00000707,ORGANISATION,synthetic,WCDS-0.1
FAC-LENDER_B-00000708,LENDER_B,LENDER_B-100708,,TERM_LOAN,SME_WC_180D,NGN,500000,500000,500000,2025-02-24,2025-02-24,2025-08-23,180,0.234594,FIXED,MONTHLY,92974.18,WORKING_CAPITAL,RETAIL,EQUITY_AND_WAREHOUSE,False,CLOSED,2026-08-21,0,0.0,0,CURRENT,False,,False,False,0,0,PTY-LENDER_B-00000708,ANON-LENDER_B-00000708,ORGANISATION,synthetic,WCDS-0.1
FAC-LENDER_B-00000709,LENDER_B,LENDER_B-100709,,TERM_LOAN,SME_WC_180D,NGN,15000000,15000000,15000000,2026-06-20,2026-06-20,2026-12-17,180,0.253404,FIXED,MONTHLY,2812416.01,WORKING_CAPITAL,AGRICULTURE,EQUITY_AND_WAREHOUSE,True,ACTIVE,2026-08-21,10208333.33,10314641.56,15,DPD_1_30,False,,False,False,0,0,PTY-LENDER_B-00000709,ANON-LENDER_B-00000709,ORGANISATION,synthetic,WCDS-0.1
FAC-LENDER_B-00000710,LENDER_B,LENDER_B-100710,,TERM_LOAN,SME_WC_180D,NGN,10000000,10000000,10000000,2025-01-27,2025-01-27,2025-07-26,180,0.308353,FIXED,MONTHLY,1920107.74,WORKING_CAPITAL,RETAIL,EQUITY_AND_WAREHOUSE,False,ACTIVE,2026-08-21,116666.67,117356.59,7,DPD_1_30,False,,False,False,0,0,PTY-LENDER_B-00000710,ANON-LENDER_B-00000710,ORGANISATION,synthetic,WCDS-0.1
FAC-LENDER_B-00000711,LENDER_B,LENDER_B-100711,,TERM_LOAN,SME_WC_180D,NGN,3000000,3000000,3000000,2025-11-11,2025-11-11,2026-05-10,180,0.226729,FIXED,MONTHLY,555905.76,WORKING_CAPITAL,HOSPITALITY,EQUITY_AND_WAREHOUSE,False,CLOSED,2026-08-21,0,0.0,0,CURRENT,False,,False,False,0,0,PTY-LENDER_B-00000711,ANON-LENDER_B-00000711,ORGANISATION,synthetic,WCDS-0.1
FAC-LENDER_B-00000712,LENDER_B,LENDER_B-100712,,TERM_LOAN,SME_WC_180D,NGN,5000000,5000000,5000000,2025-10-05,2025-10-05,2026-04-03,180,0.239633,FIXED,MONTHLY,931812.82,WORKING_CAPITAL,LOGISTICS,EQUITY_AND_WAREHOUSE,True,CLOSED,2026-08-21,0,0.0,0,CURRENT,False,,False,False,0,0,PTY-LENDER_B-00000712,ANON-LENDER_B-00000712,ORGANISATION,synthetic,WCDS-0.1
FAC-LENDER_B-00000713,LENDER_B,LENDER_B-100713,,TERM_LOAN,MERCHANT_90D,NGN,5000000,5000000,5000000,2026-01-08,2026-01-08,2026-04-08,90,0.253294,FIXED,MONTHLY,1770760.17,WORKING_CAPITAL,MANUFACTURING,EQUITY_AND_WAREHOUSE,False,CLOSED,2026-08-21,0,0.0,0,CURRENT,False,,False,False,0,0,PTY-LENDER_B-00000713,ANON-LENDER_B-00000713,ORGANISATION,synthetic,WCDS-0.1
FAC-LENDER_B-00000714,LENDER_B,LENDER_B-100714,,TERM_LOAN,SME_WC_180D,NGN,750000,750000,750000,2026-02-23,2026-02-23,2026-08-22,180,0.305884,FIXED,MONTHLY,143855.87,WORKING_CAPITAL,LOGISTICS,EQUITY_AND_WAREHOUSE,False,ACTIVE,2026-08-21,85416.67,87564.14,65,DPD_61_90,False,,False,False,0,0,PTY-LENDER_B-00000714,ANON-LENDER_B-00000714,ORGANISATION,synthetic,WCDS-0.1
FAC-LENDER_B-00000715,LENDER_B,LENDER_B-100715,,TERM_LOAN,INVOICE_120D,NGN,3000000,3000000,3000000,2025-11-20,2025-11-20,2026-03-20,120,0.289941,FIXED,MONTHLY,821492.19,WORKING_CAPITAL,SERVICES,EQUITY_AND_WAREHOUSE,False,CLOSED,2026-08-21,0,0.0,0,CURRENT,False,,False,False,0,0,PTY-LENDER_B-00000715,ANON-LENDER_B-00000715,ORGANISATION,synthetic,WCDS-0.1
FAC-LENDER_B-00000716,LENDER_B,LENDER_B-100716,,TERM_LOAN,INVOICE_120D,NGN,3000000,3000000,3000000,2024-12-16,2024-12-16,2025-04-15,120,0.274211,FIXED,MONTHLY,817613.7,WORKING_CAPITAL,MANUFACTURING,EQUITY_AND_WAREHOUSE,True,CLOSED,2026-08-21,0,0.0,0,CURRENT,False,,False,False,0,0,PTY-LENDER_B-00000716,ANON-LENDER_B-00000716,ORGANISATION,synthetic,WCDS-0.1
FAC-LENDER_B-00000717,LENDER_B,LENDER_B-100717,,TERM_LOAN,MERCHANT_90D,NGN,500000,500000,500000,2025-09-09,2025-09-09,2025-12-08,90,0.267896,FIXED,MONTHLY,177676.11,WORKING_CAPITAL,SERVICES,EQUITY_AND_WAREHOUSE,False,DEFAULTED,2026-08-21,75000.0,76651.42,95,DPD_90_PLUS,True,2026-08-16,False,False,0,0,PTY-LENDER_B-00000717,ANON-LENDER_B-00000717,ORGANISATION,synthetic,WCDS-0.1
FAC-LENDER_B-00000718,LENDER_B,LENDER_B-100718,,TERM_LOAN,INVOICE_120D,NGN,2000000,2000000,2000000,2026-03-13,2026-03-13,2026-07-11,120,0.205129,FIXED,MONTHLY,533719.78,WORKING_CAPITAL,AGRICULTURE,EQUITY_AND_WAREHOUSE,True,CLOSED,2026-08-21,0,0.0,0,CURRENT,False,,False,False,0,0,PTY-LENDER_B-00000718,ANON-LENDER_B-00000718,ORGANISATION,synthetic,WCDS-0.1
FAC-LENDER_B-00000719,LENDER_B,LENDER_B-100719,,TERM_LOAN,SME_WC_180D,NGN,1000000,1000000,1000000,2025-03-12,2025-03-12,2025-09-08,180,0.241895,FIXED,MONTHLY,186548.47,WORKING_CAPITAL,RETAIL,EQUITY_AND_WAREHOUSE,False,CLOSED,2026-08-21,0,0.0,0,CURRENT,False,,False,False,0,0,PTY-LENDER_B-00000719,ANON-LENDER_B-00000719,ORGANISATION,synthetic,WCDS-0.1
FAC-LENDER_B-00000720,LENDER_B,LENDER_B-100720,,TERM_LOAN,MERCHANT_90D,NGN,1500000,1500000,1500000,2026-06-05,2026-06-05,2026-09-03,90,0.314252,FIXED,MONTHLY,538743.44,WORKING_CAPITAL,LOGISTICS,EQUITY_AND_WAREHOUSE,False,ACTIVE,2026-08-21,234166.67,235577.93,7,DPD_1_30,False,,False,False,0,0,PTY-LENDER_B-00000720,ANON-LENDER_B-00000720,ORGANISATION,synthetic,WCDS-0.1
FAC-LENDER_B-00000721,LENDER_B,LENDER_B-100721,,TERM_LOAN,SME_WC_180D,NGN,1000000,1000000,1000000,2026-07-11,2026-07-11,2027-01-07,180,0.22569,FIXED,MONTHLY,185216.55,WORKING_CAPITAL,SERVICES,EQUITY_AND_WAREHOUSE,False,ACTIVE,2026-08-21,772222.22,772222.22,0,CURRENT,False,,False,False,0,0,PTY-LENDER_B-00000721,ANON-LENDER_B-00000721,ORGANISATION,synthetic,WCDS-0.1
FAC-LENDER_B-00000722,LENDER_B,LENDER_B-100722,,TERM_LOAN,SME_WC_180D,NGN,5000000,5000000,5000000,2025-05-28,2025-05-28,2025-11-24,180,0.250801,FIXED,MONTHLY,936402.13,WORKING_CAPITAL,MANUFACTURING,EQUITY_AND_WAREHOUSE,True,ACTIVE,2026-08-21,291666.67,297679.01,35,DPD_31_60,False,,False,False,0,0,PTY-LENDER_B-00000722,ANON-LENDER_B-00000722,ORGANISATION,synthetic,WCDS-0.1
FAC-LENDER_B-00000723,LENDER_B,LENDER_B-100723,,TERM_LOAN,SME_WC_180D,NGN,15000000,15000000,15000000,2026-04-30,2026-04-30,2026-10-27,180,0.236489,FIXED,MONTHLY,2791562.33,WORKING_CAPITAL,SERVICES,EQUITY_AND_WAREHOUSE,False,ACTIVE,2026-08-21,5583333.33,5583333.33,0,CURRENT,False,,False,False,0,0,PTY-LENDER_B-00000723,ANON-LENDER_B-00000723,ORGANISATION,synthetic,WCDS-0.1
FAC-LENDER_B-00000724,LENDER_B,LENDER_B-100724,,TERM_LOAN,SME_WC_180D,NGN,750000,750000,750000,2026-06-20,2026-06-20,2026-12-17,180,0.220849,FIXED,MONTHLY,138613.98,WORKING_CAPITAL,HOSPITALITY,EQUITY_AND_WAREHOUSE,False,ACTIVE,2026-08-21,491666.67,491666.67,0,CURRENT,False,,False,False,0,0,PTY-LENDER_B-00000724,ANON-LENDER_B-00000724,ORGANISATION,synthetic,WCDS-0.1
FAC-LENDER_B-00000725,LENDER_B,LENDER_B-100725,,TERM_LOAN,SME_WC_180D,NGN,3000000,3000000,3000000,2026-07-01,2026-07-01,2026-12-28,180,0.233348,FIXED,MONTHLY,557537.94,WORKING_CAPITAL,HOSPITALITY,EQUITY_AND_WAREHOUSE,False,ACTIVE,2026-08-21,2150000.0,2150000.0,0,CURRENT,False,,False,False,0,0,PTY-LENDER_B-00000725,ANON-LENDER_B-00000725,ORGANISATION,synthetic,WCDS-0.1
FAC-LENDER_B-00000726,LENDER_B,LENDER_B-100726,,TERM_LOAN,MERCHANT_90D,NGN,500000,500000,500000,2026-01-27,2026-01-27,2026-04-27,90,0.270977,FIXED,MONTHLY,177802.7,WORKING_CAPITAL,MANUFACTURING,EQUITY_AND_WAREHOUSE,True,ACTIVE,2026-08-21,12500.0,12639.2,15,DPD_1_30,False,,False,False,0,0,PTY-LENDER_B-00000726,ANON-LENDER_B-00000726,ORGANISATION,synthetic,WCDS-0.1
FAC-LENDER_B-00000727,LENDER_B,LENDER_B-100727,,TERM_LOAN,SME_WC_180D,NGN,15000000,15000000,15000000,2025-02-19,2025-02-19,2025-08-18,180,0.302419,FIXED,MONTHLY,2872845.46,WORKING_CAPITAL,AGRICULTURE,EQUITY_AND_WAREHOUSE,False,CLOSED,2026-08-21,0,0.0,0,CURRENT,False,,False,False,0,0,PTY-LENDER_B-00000727,ANON-LENDER_B-00000727,ORGANISATION,synthetic,WCDS-0.1
FAC-LENDER_B-00000728,LENDER_B,LENDER_B-100728,,TERM_LOAN,SME_WC_180D,NGN,1000000,1000000,1000000,2025-03-02,2025-03-02,2025-08-29,180,0.233862,FIXED,MONTHLY,185888.17,WORKING_CAPITAL,HOSPITALITY,EQUITY_AND_WAREHOUSE,False,CLOSED,2026-08-21,0,0.0,0,CURRENT,False,,False,False,0,0,PTY-LENDER_B-00000728,ANON-LENDER_B-00000728,ORGANISATION,synthetic,WCDS-0.1
FAC-LENDER_B-00000729,LENDER_B,LENDER_B-100729,,TERM_LOAN,SME_WC_180D,NGN,1000000,1000000,1000000,2025-05-05,2025-05-05,2025-11-01,180,0.288903,FIXED,MONTHLY,190412.14,WORKING_CAPITAL,HOSPITALITY,EQUITY_AND_WAREHOUSE,False,CLOSED,2026-08-21,0,0.0,0,CURRENT,False,,False,False,0,0,PTY-LENDER_B-00000729,ANON-LENDER_B-00000729,ORGANISATION,synthetic,WCDS-0.1
FAC-LENDER_B-00000730,LENDER_B,LENDER_B-100730,,TERM_LOAN,SME_WC_180D,NGN,5000000,5000000,5000000,2025-09-29,2025-09-29,2026-03-28,180,0.249365,FIXED,MONTHLY,935812.23,WORKING_CAPITAL,LOGISTICS,EQUITY_AND_WAREHOUSE,False,CLOSED,2026-08-21,0,0.0,0,CURRENT,False,,False,False,0,0,PTY-LENDER_B-00000730,ANON-LENDER_B-00000730,ORGANISATION,synthetic,WCDS-0.1
FAC-LENDER_B-00000731,LENDER_B,LENDER_B-100731,,TERM_LOAN,MERCHANT_90D,NGN,750000,750000,750000,2026-04-13,2026-04-13,2026-07-12,90,0.261055,FIXED,MONTHLY,266092.41,WORKING_CAPITAL,RETAIL,EQUITY_AND_WAREHOUSE,False,CLOSED,2026-08-21,0,0.0,0,CURRENT,False,,False,False,0,0,PTY-LENDER_B-00000731,ANON-LENDER_B-00000731,ORGANISATION,synthetic,WCDS-0.1
FAC-LENDER_B-00000732,LENDER_B,LENDER_B-100732,,TERM_LOAN,SME_WC_180D,NGN,3000000,3000000,3000000,2025-12-10,2025-12-10,2026-06-08,180,0.232611,FIXED,MONTHLY,557356.13,WORKING_CAPITAL,HOSPITALITY,EQUITY_AND_WAREHOUSE,True,ACTIVE,2026-08-21,35000.0,35156.14,7,DPD_1_30,False,,False,False,0,0,PTY-LENDER_B-00000732,ANON-LENDER_B-00000732,ORGANISATION,synthetic,WCDS-0.1
FAC-LENDER_B-00000733,LENDER_B,LENDER_B-100733,,TERM_LOAN,INVOICE_120D,NGN,10000000,10000000,10000000,2026-01-09,2026-01-09,2026-05-09,120,0.264431,FIXED,MONTHLY,2717340.63,WORKING_CAPITAL,HOSPITALITY,EQUITY_AND_WAREHOUSE,False,ACTIVE,2026-08-21,1083333.33,1106878.57,65,DPD_61_90,False,,False,False,0,0,PTY-LENDER_B-00000733,ANON-LENDER_B-00000733,ORGANISATION,synthetic,WCDS-0.1
FAC-LENDER_B-00000734,LENDER_B,LENDER_B-100734,,TERM_LOAN,MERCHANT_90D,NGN,500000,500000,500000,2025-03-20,2025-03-20,2025-06-18,90,0.276421,FIXED,MONTHLY,178026.43,WORKING_CAPITAL,AGRICULTURE,EQUITY_AND_WAREHOUSE,True,CLOSED,2026-08-21,0,0.0,0,CURRENT,False,,False,False,0,0,PTY-LENDER_B-00000734,ANON-LENDER_B-00000734,ORGANISATION,synthetic,WCDS-0.1
FAC-LENDER_B-00000735,LENDER_B,LENDER_B-100735,,TERM_LOAN,SME_WC_180D,NGN,1000000,1000000,1000000,2025-06-05,2025-06-05,2025-12-02,180,0.298372,FIXED,MONTHLY,191190.43,WORKING_CAPITAL,AGRICULTURE,EQUITY_AND_WAREHOUSE,False,CLOSED,2026-08-21,0,0.0,0,CURRENT,False,,False,False,0,0,PTY-LENDER_B-00000735,ANON-LENDER_B-00000735,ORGANISATION,synthetic,WCDS-0.1
FAC-LENDER_B-00000736,LENDER_B,LENDER_B-100736,,TERM_LOAN,MERCHANT_90D,NGN,500000,500000,500000,2025-06-12,2025-06-12,2025-09-10,90,0.335807,FIXED,MONTHLY,180466.93,WORKING_CAPITAL,LOGISTICS,EQUITY_AND_WAREHOUSE,False,CLOSED,2026-08-21,0,0.0,0,CURRENT,False,,False,False,0,0,PTY-LENDER_B-00000736,ANON-LENDER_B-00000736,ORGANISATION,synthetic,WCDS-0.1
FAC-LENDER_B-00000737,LENDER_B,LENDER_B-100737,,TERM_LOAN,MERCHANT_90D,NGN,1500000,1500000,1500000,2025-10-31,2025-10-31,2026-01-29,90,0.327552,FIXED,MONTHLY,540383.14,WORKING_CAPITAL,MANUFACTURING,EQUITY_AND_WAREHOUSE,False,ACTIVE,2026-08-21,162500.0,166874.84,65,DPD_61_90,False,,False,False,0,0,PTY-LENDER_B-00000737,ANON-LENDER_B-00000737,ORGANISATION,synthetic,WCDS-0.1
FAC-LENDER_B-00000738,LENDER_B,LENDER_B-100738,,TERM_LOAN,INVOICE_120D,NGN,3000000,3000000,3000000,2026-08-09,2026-08-09,2026-12-07,120,0.263154,FIXED,MONTHLY,814887.24,WORKING_CAPITAL,MANUFACTURING,EQUITY_AND_WAREHOUSE,True,ACTIVE,2026-08-21,2700000.0,2700000.0,0,CURRENT,False,,False,False,0,0,PTY-LENDER_B-00000738,ANON-LENDER_B-00000738,ORGANISATION,synthetic,WCDS-0.1
FAC-LENDER_B-00000739,LENDER_B,LENDER_B-100739,,TERM_LOAN,MERCHANT_90D,NGN,3000000,3000000,3000000,2025-03-12,2025-03-12,2025-06-10,90,0.317157,FIXED,MONTHLY,1078203.05,WORKING_CAPITAL,HOSPITALITY,EQUITY_AND_WAREHOUSE,False,CLOSED,2026-08-21,0,0.0,0,CURRENT,False,,False,False,0,0,PTY-LENDER_B-00000739,ANON-LENDER_B-00000739,ORGANISATION,synthetic,WCDS-0.1
FAC-LENDER_B-00000740,LENDER_B,LENDER_B-100740,,TERM_LOAN,INVOICE_120D,NGN,1500000,1500000,1500000,2026-07-02,2026-07-02,2026-10-30,120,0.259049,FIXED,MONTHLY,406937.52,WORKING_CAPITAL,SERVICES,EQUITY_AND_WAREHOUSE,False,ACTIVE,2026-08-21,875000.0,875000.0,0,CURRENT,False,,False,False,0,0,PTY-LENDER_B-00000740,ANON-LENDER_B-00000740,ORGANISATION,synthetic,WCDS-0.1
FAC-LENDER_B-00000741,LENDER_B,LENDER_B-100741,,TERM_LOAN,SME_WC_180D,NGN,500000,500000,500000,2025-06-20,2025-06-20,2025-12-17,180,0.274712,FIXED,MONTHLY,94622.88,WORKING_CAPITAL,AGRICULTURE,EQUITY_AND_WAREHOUSE,True,CLOSED,2026-08-21,0,0.0,0,CURRENT,False,,False,False,0,0,PTY-LENDER_B-00000741,ANON-LENDER_B-00000741,ORGANISATION,synthetic,WCDS-0.1
FAC-LENDER_B-00000742,LENDER_B,LENDER_B-100742,,TERM_LOAN,SME_WC_180D,NGN,7500000,7500000,7500000,2025-09-23,2025-09-23,2026-03-22,180,0.22628,FIXED,MONTHLY,1389487.58,WORKING_CAPITAL,MANUFACTURING,EQUITY_AND_WAREHOUSE,False,ACTIVE,2026-08-21,187500.0,189243.59,15,DPD_1_30,False,,False,False,0,0,PTY-LENDER_B-00000742,ANON-LENDER_B-00000742,ORGANISATION,synthetic,WCDS-0.1
FAC-LENDER_B-00000743,LENDER_B,LENDER_B-100743,,TERM_LOAN,MERCHANT_90D,NGN,1500000,1500000,1500000,2025-11-24,2025-11-24,2026-02-22,90,0.26229,FIXED,MONTHLY,532337.12,WORKING_CAPITAL,HOSPITALITY,EQUITY_AND_WAREHOUSE,False,CLOSED,2026-08-21,0,0.0,0,CURRENT,False,,False,False,0,0,PTY-LENDER_B-00000743,ANON-LENDER_B-00000743,ORGANISATION,synthetic,WCDS-0.1
FAC-LENDER_B-00000744,LENDER_B,LENDER_B-100744,,TERM_LOAN,SME_WC_180D,NGN,1500000,1500000,1500000,2026-06-24,2026-06-24,2026-12-21,180,0.242922,FIXED,MONTHLY,279949.3,WORKING_CAPITAL,SERVICES,EQUITY_AND_WAREHOUSE,True,DEFAULTED,2026-08-21,1241666.67,1266458.03,95,DPD_90_PLUS,True,2026-08-16,False,False,0,0,PTY-LENDER_B-00000744,ANON-LENDER_B-00000744,ORGANISATION,synthetic,WCDS-0.1
FAC-LENDER_B-00000745,LENDER_B,LENDER_B-100745,,TERM_LOAN,SME_WC_180D,NGN,500000,500000,500000,2025-10-02,2025-10-02,2026-03-31,180,0.301442,FIXED,MONTHLY,95721.38,WORKING_CAPITAL,MANUFACTURING,EQUITY_AND_WAREHOUSE,False,ACTIVE,2026-08-21,5833.33,5867.06,7,DPD_1_30,False,,False,False,0,0,PTY-LENDER_B-00000745,ANON-LENDER_B-00000745,ORGANISATION,synthetic,WCDS-0.1
FAC-LENDER_B-00000746,LENDER_B,LENDER_B-100746,,TERM_LOAN,INVOICE_120D,NGN,10000000,10000000,10000000,2025-12-14,2025-12-14,2026-04-13,120,0.258018,FIXED,MONTHLY,2712069.28,WORKING_CAPITAL,AGRICULTURE,EQUITY_AND_WAREHOUSE,False,ACTIVE,2026-08-21,1083333.33,1106307.51,65,DPD_61_90,False,,False,False,0,0,PTY-LENDER_B-00000746,ANON-LENDER_B-00000746,ORGANISATION,synthetic,WCDS-0.1
FAC-LENDER_B-00000747,LENDER_B,LENDER_B-100747,,TERM_LOAN,MERCHANT_90D,NGN,5000000,5000000,5000000,2025-12-03,2025-12-03,2026-03-03,90,0.312572,FIXED,MONTHLY,1795120.96,WORKING_CAPITAL,RETAIL,EQUITY_AND_WAREHOUSE,True,DEFAULTED,2026-08-21,750000.0,769268.14,95,DPD_90_PLUS,True,2026-08-16,True,False,0,0,PTY-LENDER_B-00000747,ANON-LENDER_B-00000747,ORGANISATION,synthetic,WCDS-0.1
FAC-LENDER_B-00000748,LENDER_B,LENDER_B-100748,,TERM_LOAN,INVOICE_120D,NGN,2000000,2000000,2000000,2026-02-27,2026-02-27,2026-06-27,120,0.225819,FIXED,MONTHLY,537120.98,WORKING_CAPITAL,HOSPITALITY,EQUITY_AND_WAREHOUSE,True,ACTIVE,2026-08-21,216666.67,220688.11,65,DPD_61_90,False,,False,False,0,0,PTY-LENDER_B-00000748,ANON-LENDER_B-00000748,ORGANISATION,synthetic,WCDS-0.1
FAC-LENDER_B-00000749,LENDER_B,LENDER_B-100749,,TERM_LOAN,SME_WC_180D,NGN,10000000,10000000,10000000,2026-06-02,2026-06-02,2026-11-29,180,0.22976,FIXED,MONTHLY,1855510.86,WORKING_CAPITAL,HOSPITALITY,EQUITY_AND_WAREHOUSE,False,ACTIVE,2026-08-21,5555555.56,5555555.56,0,CURRENT,False,,False,False,0,0,PTY-LENDER_B-00000749,ANON-LENDER_B-00000749,ORGANISATION,synthetic,WCDS-0.1
FAC-LENDER_B-00000750,LENDER_B,LENDER_B-100750,,TERM_LOAN,MERCHANT_90D,NGN,750000,750000,750000,2026-04-17,2026-04-17,2026-07-16,90,0.255557,FIXED,MONTHLY,265753.51,WORKING_CAPITAL,AGRICULTURE,EQUITY_AND_WAREHOUSE,False,ACTIVE,2026-08-21,8750.0,8792.88,7,DPD_1_30,False,,False,False,0,0,PTY-LENDER_B-00000750,ANON-LENDER_B-00000750,ORGANISATION,synthetic,WCDS-0.1
FAC-LENDER_B-00000751,LENDER_B,LENDER_B-100751,,TERM_LOAN,INVOICE_120D,NGN,7500000,7500000,7500000,2025-10-31,2025-10-31,2026-02-28,120,0.283519,FIXED,MONTHLY,2049772.07,WORKING_CAPITAL,MANUFACTURING,EQUITY_AND_WAREHOUSE,True,ACTIVE,2026-08-21,187500.0,189684.65,15,DPD_1_30,False,,False,False,0,0,PTY-LENDER_B-00000751,ANON-LENDER_B-00000751,ORGANISATION,synthetic,WCDS-0.1
FAC-LENDER_B-00000752,LENDER_B,LENDER_B-100752,,TERM_LOAN,MERCHANT_90D,NGN,10000000,10000000,10000000,2026-05-15,2026-05-15,2026-08-13,90,0.275626,FIXED,MONTHLY,3559875.17,WORKING_CAPITAL,AGRICULTURE,EQUITY_AND_WAREHOUSE,False,WRITTEN_OFF,2026-08-21,78313.01,80087.12,180,DPD_90_PLUS,True,2026-05-23,False,True,1500000.0,258573.68,PTY-LENDER_B-00000752,ANON-LENDER_B-00000752,ORGANISATION,synthetic,WCDS-0.1
FAC-LENDER_B-00000753,LENDER_B,LENDER_B-100753,,TERM_LOAN,SME_WC_180D,NGN,500000,500000,500000,2025-05-26,2025-05-26,2025-11-22,180,0.319111,FIXED,MONTHLY,96447.5,WORKING_CAPITAL,AGRICULTURE,EQUITY_AND_WAREHOUSE,False,CLOSED,2026-08-21,0,0.0,0,CURRENT,False,,False,False,0,0,PTY-LENDER_B-00000753,ANON-LENDER_B-00000753,ORGANISATION,synthetic,WCDS-0.1
FAC-LENDER_B-00000754,LENDER_B,LENDER_B-100754,,TERM_LOAN,MERCHANT_90D,NGN,15000000,15000000,15000000,2024-12-19,2024-12-19,2025-03-19,90,0.291242,FIXED,MONTHLY,5359065.45,WORKING_CAPITAL,HOSPITALITY,EQUITY_AND_WAREHOUSE,False,ACTIVE,2026-08-21,175000.0,175977.46,7,DPD_1_30,False,,False,False,0,0,PTY-LENDER_B-00000754,ANON-LENDER_B-00000754,ORGANISATION,synthetic,WCDS-0.1
FAC-LENDER_B-00000755,LENDER_B,LENDER_B-100755,,TERM_LOAN,INVOICE_120D,NGN,7500000,7500000,7500000,2025-07-11,2025-07-11,2025-11-08,120,0.222675,FIXED,MONTHLY,2012265.48,WORKING_CAPITAL,MANUFACTURING,EQUITY_AND_WAREHOUSE,False,CLOSED,2026-08-21,0,0.0,0,CURRENT,False,,False,False,0,0,PTY-LENDER_B-00000755,ANON-LENDER_B-00000755,ORGANISATION,synthetic,WCDS-0.1
FAC-LENDER_B-00000756,LENDER_B,LENDER_B-100756,,TERM_LOAN,MERCHANT_90D,NGN,500000,500000,500000,2025-07-26,2025-07-26,2025-10-24,90,0.276887,FIXED,MONTHLY,178045.59,WORKING_CAPITAL,MANUFACTURING,EQUITY_AND_WAREHOUSE,True,CLOSED,2026-08-21,0,0.0,0,CURRENT,False,,False,False,0,0,PTY-LENDER_B-00000756,ANON-LENDER_B-00000756,ORGANISATION,synthetic,WCDS-0.1
FAC-LENDER_B-00000757,LENDER_B,LENDER_B-100757,,TERM_LOAN,SME_WC_180D,NGN,750000,750000,750000,2024-12-11,2024-12-11,2025-06-09,180,0.303752,FIXED,MONTHLY,143724.43,WORKING_CAPITAL,LOGISTICS,EQUITY_AND_WAREHOUSE,False,CLOSED,2026-08-21,0,0.0,0,CURRENT,False,,False,False,0,0,PTY-LENDER_B-00000757,ANON-LENDER_B-00000757,ORGANISATION,synthetic,WCDS-0.1
FAC-LENDER_B-00000758,LENDER_B,LENDER_B-100758,,TERM_LOAN,INVOICE_120D,NGN,10000000,10000000,10000000,2026-04-11,2026-04-11,2026-08-09,120,0.247343,FIXED,MONTHLY,2703295.6,WORKING_CAPITAL,HOSPITALITY,EQUITY_AND_WAREHOUSE,False,CLOSED,2026-08-21,0,0.0,0,CURRENT,False,,False,False,0,0,PTY-LENDER_B-00000758,ANON-LENDER_B-00000758,ORGANISATION,synthetic,WCDS-0.1
FAC-LENDER_B-00000759,LENDER_B,LENDER_B-100759,,TERM_LOAN,SME_WC_180D,NGN,10000000,10000000,10000000,2026-04-24,2026-04-24,2026-10-21,180,0.303523,FIXED,MONTHLY,1916137.36,WORKING_CAPITAL,SERVICES,EQUITY_AND_WAREHOUSE,True,ACTIVE,2026-08-21,3388888.89,3388888.89,0,CURRENT,False,,False,False,0,0,PTY-LENDER_B-00000759,ANON-LENDER_B-00000759,ORGANISATION,synthetic,WCDS-0.1
FAC-LENDER_B-00000760,LENDER_B,LENDER_B-100760,,TERM_LOAN,SME_WC_180D,NGN,5000000,5000000,5000000,2025-06-16,2025-06-16,2025-12-13,180,0.316408,FIXED,MONTHLY,963363.94,WORKING_CAPITAL,LOGISTICS,EQUITY_AND_WAREHOUSE,True,DEFAULTED,2026-08-21,750000.0,769504.59,180,DPD_90_PLUS,True,2026-05-23,False,False,0,0,PTY-LENDER_B-00000760,ANON-LENDER_B-00000760,ORGANISATION,synthetic,WCDS-0.1
FAC-LENDER_B-00000761,LENDER_B,LENDER_B-100761,,TERM_LOAN,MERCHANT_90D,NGN,2000000,2000000,2000000,2026-05-08,2026-05-08,2026-08-06,90,0.289829,FIXED,MONTHLY,714309.74,WORKING_CAPITAL,AGRICULTURE,EQUITY_AND_WAREHOUSE,True,ACTIVE,2026-08-21,116666.67,119445.85,35,DPD_31_60,False,,False,False,0,0,PTY-LENDER_B-00000761,ANON-LENDER_B-00000761,ORGANISATION,synthetic,WCDS-0.1
FAC-LENDER_B-00000762,LENDER_B,LENDER_B-100762,,TERM_LOAN,MERCHANT_90D,NGN,2000000,2000000,2000000,2026-04-07,2026-04-07,2026-07-06,90,0.300291,FIXED,MONTHLY,716029.51,WORKING_CAPITAL,AGRICULTURE,EQUITY_AND_WAREHOUSE,True,CLOSED,2026-08-21,0,0.0,0,CURRENT,False,,False,False,0,0,PTY-LENDER_B-00000762,ANON-LENDER_B-00000762,ORGANISATION,synthetic,WCDS-0.1
FAC-LENDER_B-00000763,LENDER_B,LENDER_B-100763,,TERM_LOAN,SME_WC_180D,NGN,2000000,2000000,2000000,2026-05-22,2026-05-22,2026-11-18,180,0.300037,FIXED,MONTHLY,382654.51,WORKING_CAPITAL,MANUFACTURING,EQUITY_AND_WAREHOUSE,False,ACTIVE,2026-08-21,1038888.89,1051698.69,15,DPD_1_30,False,,False,False,0,0,PTY-LENDER_B-00000763,ANON-LENDER_B-00000763,ORGANISATION,synthetic,WCDS-0.1
FAC-LENDER_B-00000764,LENDER_B,LENDER_B-100764,,TERM_LOAN,SME_WC_180D,NGN,10000000,10000000,10000000,2025-06-24,2025-06-24,2025-12-21,180,0.277736,FIXED,MONTHLY,1894942.99,WORKING_CAPITAL,HOSPITALITY,EQUITY_AND_WAREHOUSE,True,ACTIVE,2026-08-21,116666.67,117288.09,7,DPD_1_30,False,,False,False,0,0,PTY-LENDER_B-00000764,ANON-LENDER_B-00000764,ORGANISATION,synthetic,WCDS-0.1
FAC-LENDER_B-00000765,LENDER_B,LENDER_B-100765,,TERM_LOAN,INVOICE_120D,NGN,3000000,3000000,3000000,2026-03-24,2026-03-24,2026-07-22,120,0.242017,FIXED,MONTHLY,809675.45,WORKING_CAPITAL,AGRICULTURE,EQUITY_AND_WAREHOUSE,False,CLOSED,2026-08-21,0,0.0,0,CURRENT,False,,False,False,0,0,PTY-LENDER_B-00000765,ANON-LENDER_B-00000765,ORGANISATION,synthetic,WCDS-0.1
FAC-LENDER_B-00000766,LENDER_B,LENDER_B-100766,,TERM_LOAN,SME_WC_180D,NGN,500000,500000,500000,2025-06-22,2025-06-22,2025-12-19,180,0.27883,FIXED,MONTHLY,94792.12,WORKING_CAPITAL,SERVICES,EQUITY_AND_WAREHOUSE,False,CLOSED,2026-08-21,0,0.0,0,CURRENT,False,,False,False,0,0,PTY-LENDER_B-00000766,ANON-LENDER_B-00000766,ORGANISATION,synthetic,WCDS-0.1
FAC-LENDER_B-00000767,LENDER_B,LENDER_B-100767,,TERM_LOAN,MERCHANT_90D,NGN,750000,750000,750000,2025-01-06,2025-01-06,2025-04-06,90,0.266428,FIXED,MONTHLY,266423.66,WORKING_CAPITAL,AGRICULTURE,EQUITY_AND_WAREHOUSE,True,ACTIVE,2026-08-21,8750.0,8794.71,7,DPD_1_30,False,,False,False,0,0,PTY-LENDER_B-00000767,ANON-LENDER_B-00000767,ORGANISATION,synthetic,WCDS-0.1
FAC-LENDER_B-00000768,LENDER_B,LENDER_B-100768,,TERM_LOAN,INVOICE_120D,NGN,1000000,1000000,1000000,2025-03-08,2025-03-08,2025-07-06,120,0.247032,FIXED,MONTHLY,270303.96,WORKING_CAPITAL,LOGISTICS,EQUITY_AND_WAREHOUSE,False,CLOSED,2026-08-21,0,0.0,0,CURRENT,False,,False,False,0,0,PTY-LENDER_B-00000768,ANON-LENDER_B-00000768,ORGANISATION,synthetic,WCDS-0.1
FAC-LENDER_B-00000769,LENDER_B,LENDER_B-100769,,TERM_LOAN,INVOICE_120D,NGN,1500000,1500000,1500000,2026-06-12,2026-06-12,2026-10-10,120,0.287507,FIXED,MONTHLY,410446.1,WORKING_CAPITAL,SERVICES,EQUITY_AND_WAREHOUSE,False,ACTIVE,2026-08-21,625000.0,625000.0,0,CURRENT,False,,False,False,0,0,PTY-LENDER_B-00000769,ANON-LENDER_B-00000769,ORGANISATION,synthetic,WCDS-0.1
FAC-LENDER_B-00000770,LENDER_B,LENDER_B-100770,,TERM_LOAN,SME_WC_180D,NGN,3000000,3000000,3000000,2024-12-15,2024-12-15,2025-06-13,180,0.258844,FIXED,MONTHLY,563824.58,WORKING_CAPITAL,LOGISTICS,EQUITY_AND_WAREHOUSE,True,CLOSED,2026-08-21,0,0.0,0,CURRENT,False,,False,False,0,0,PTY-LENDER_B-00000770,ANON-LENDER_B-00000770,ORGANISATION,synthetic,WCDS-0.1
FAC-LENDER_B-00000771,LENDER_B,LENDER_B-100771,,TERM_LOAN,MERCHANT_90D,NGN,5000000,5000000,5000000,2025-03-20,2025-03-20,2025-06-18,90,0.297833,FIXED,MONTHLY,1789063.86,WORKING_CAPITAL,AGRICULTURE,EQUITY_AND_WAREHOUSE,False,CLOSED,2026-08-21,0,0.0,0,CURRENT,False,,False,False,0,0,PTY-LENDER_B-00000771,ANON-LENDER_B-00000771,ORGANISATION,synthetic,WCDS-0.1
FAC-LENDER_B-00000772,LENDER_B,LENDER_B-100772,,TERM_LOAN,INVOICE_120D,NGN,1000000,1000000,1000000,2024-12-25,2024-12-25,2025-04-24,120,0.274679,FIXED,MONTHLY,272576.32,WORKING_CAPITAL,MANUFACTURING,EQUITY_AND_WAREHOUSE,True,CLOSED,2026-08-21,0,0.0,0,CURRENT,False,,False,False,0,0,PTY-LENDER_B-00000772,ANON-LENDER_B-00000772,ORGANISATION,synthetic,WCDS-0.1
FAC-LENDER_B-00000773,LENDER_B,LENDER_B-100773,,TERM_LOAN,MERCHANT_90D,NGN,500000,500000,500000,2025-07-03,2025-07-03,2025-10-01,90,0.307102,FIXED,MONTHLY,179287.31,WORKING_CAPITAL,HOSPITALITY,EQUITY_AND_WAREHOUSE,True,CLOSED,2026-08-21,0,0.0,0,CURRENT,False,,False,False,0,0,PTY-LENDER_B-00000773,ANON-LENDER_B-00000773,ORGANISATION,synthetic,WCDS-0.1
FAC-LENDER_B-00000774,LENDER_B,LENDER_B-100774,,TERM_LOAN,INVOICE_120D,NGN,1500000,1500000,1500000,2026-07-28,2026-07-28,2026-11-25,120,0.257457,FIXED,MONTHLY,406741.33,WORKING_CAPITAL,HOSPITALITY,EQUITY_AND_WAREHOUSE,True,ACTIVE,2026-08-21,1200000.0,1200000.0,0,CURRENT,False,,False,False,0,0,PTY-LENDER_B-00000774,ANON-LENDER_B-00000774,ORGANISATION,synthetic,WCDS-0.1
FAC-LENDER_B-00000775,LENDER_B,LENDER_B-100775,,TERM_LOAN,INVOICE_120D,NGN,750000,750000,750000,2025-06-17,2025-06-17,2025-10-15,120,0.214699,FIXED,MONTHLY,200734.85,WORKING_CAPITAL,AGRICULTURE,EQUITY_AND_WAREHOUSE,True,CLOSED,2026-08-21,0,0.0,0,CURRENT,False,,False,False,0,0,PTY-LENDER_B-00000775,ANON-LENDER_B-00000775,ORGANISATION,synthetic,WCDS-0.1
FAC-LENDER_B-00000776,LENDER_B,LENDER_B-100776,,TERM_LOAN,INVOICE_120D,NGN,1000000,1000000,1000000,2026-01-31,2026-01-31,2026-05-31,120,0.266312,FIXED,MONTHLY,271888.66,WORKING_CAPITAL,LOGISTICS,EQUITY_AND_WAREHOUSE,True,ACTIVE,2026-08-21,58333.33,59610.17,35,DPD_31_60,False,,False,False,0,0,PTY-LENDER_B-00000776,ANON-LENDER_B-00000776,ORGANISATION,synthetic,WCDS-0.1
FAC-LENDER_B-00000777,LENDER_B,LENDER_B-100777,,TERM_LOAN,SME_WC_180D,NGN,500000,500000,500000,2025-04-24,2025-04-24,2025-10-21,180,0.268991,FIXED,MONTHLY,94387.77,WORKING_CAPITAL,AGRICULTURE,EQUITY_AND_WAREHOUSE,True,CLOSED,2026-08-21,0,0.0,0,CURRENT,False,,False,False,0,0,PTY-LENDER_B-00000777,ANON-LENDER_B-00000777,ORGANISATION,synthetic,WCDS-0.1
FAC-LENDER_B-00000778,LENDER_B,LENDER_B-100778,,TERM_LOAN,INVOICE_120D,NGN,2000000,2000000,2000000,2025-10-21,2025-10-21,2026-02-18,120,0.274832,FIXED,MONTHLY,545177.93,WORKING_CAPITAL,LOGISTICS,EQUITY_AND_WAREHOUSE,True,CLOSED,2026-08-21,0,0.0,0,CURRENT,False,,False,False,0,0,PTY-LENDER_B-00000778,ANON-LENDER_B-00000778,ORGANISATION,synthetic,WCDS-0.1
FAC-LENDER_B-00000779,LENDER_B,LENDER_B-100779,,TERM_LOAN,INVOICE_120D,NGN,750000,750000,750000,2025-10-05,2025-10-05,2026-02-02,120,0.201377,FIXED,MONTHLY,199913.64,WORKING_CAPITAL,MANUFACTURING,EQUITY_AND_WAREHOUSE,False,CLOSED,2026-08-21,0,0.0,0,CURRENT,False,,False,False,0,0,PTY-LENDER_B-00000779,ANON-LENDER_B-00000779,ORGANISATION,synthetic,WCDS-0.1
FAC-LENDER_B-00000780,LENDER_B,LENDER_B-100780,,TERM_LOAN,SME_WC_180D,NGN,5000000,5000000,5000000,2025-12-29,2025-12-29,2026-06-27,180,0.288843,FIXED,MONTHLY,952035.97,WORKING_CAPITAL,AGRICULTURE,EQUITY_AND_WAREHOUSE,True,CLOSED,2026-08-21,0,0.0,0,CURRENT,False,,False,False,0,0,PTY-LENDER_B-00000780,ANON-LENDER_B-00000780,ORGANISATION,synthetic,WCDS-0.1
FAC-LENDER_B-00000781,LENDER_B,LENDER_B-100781,,TERM_LOAN,SME_WC_180D,NGN,1500000,1500000,1500000,2026-03-16,2026-03-16,2026-09-12,180,0.298101,FIXED,MONTHLY,286752.15,WORKING_CAPITAL,MANUFACTURING,EQUITY_AND_WAREHOUSE,False,ACTIVE,2026-08-21,183333.33,183333.33,0,CURRENT,False,,False,False,0,0,PTY-LENDER_B-00000781,ANON-LENDER_B-00000781,ORGANISATION,synthetic,WCDS-0.1
FAC-LENDER_B-00000782,LENDER_B,LENDER_B-100782,,TERM_LOAN,SME_WC_180D,NGN,10000000,10000000,10000000,2026-07-22,2026-07-22,2027-01-18,180,0.272203,FIXED,MONTHLY,1890395.01,WORKING_CAPITAL,AGRICULTURE,EQUITY_AND_WAREHOUSE,False,ACTIVE,2026-08-21,8333333.33,8333333.33,0,CURRENT,False,,False,False,0,0,PTY-LENDER_B-00000782,ANON-LENDER_B-00000782,ORGANISATION,synthetic,WCDS-0.1
FAC-LENDER_B-00000783,LENDER_B,LENDER_B-100783,,TERM_LOAN,SME_WC_180D,NGN,1500000,1500000,1500000,2024-12-31,2024-12-31,2025-06-29,180,0.230712,FIXED,MONTHLY,278443.93,WORKING_CAPITAL,HOSPITALITY,EQUITY_AND_WAREHOUSE,False,ACTIVE,2026-08-21,37500.0,37855.55,15,DPD_1_30,False,,False,False,0,0,PTY-LENDER_B-00000783,ANON-LENDER_B-00000783,ORGANISATION,synthetic,WCDS-0.1
FAC-LENDER_B-00000784,LENDER_B,LENDER_B-100784,,TERM_LOAN,INVOICE_120D,NGN,500000,500000,500000,2025-09-10,2025-09-10,2026-01-08,120,0.249704,FIXED,MONTHLY,135261.79,WORKING_CAPITAL,LOGISTICS,EQUITY_AND_WAREHOUSE,False,ACTIVE,2026-08-21,5833.33,5861.27,7,DPD_1_30,False,,False,False,0,0,PTY-LENDER_B-00000784,ANON-LENDER_B-00000784,ORGANISATION,synthetic,WCDS-0.1
FAC-LENDER_B-00000785,LENDER_B,LENDER_B-100785,,TERM_LOAN,SME_WC_180D,NGN,1500000,1500000,1500000,2025-10-02,2025-10-02,2026-03-31,180,0.261973,FIXED,MONTHLY,282297.99,WORKING_CAPITAL,LOGISTICS,EQUITY_AND_WAREHOUSE,True,ACTIVE,2026-08-21,17500.0,17587.92,7,DPD_1_30,False,,False,False,0,0,PTY-LENDER_B-00000785,ANON-LENDER_B-00000785,ORGANISATION,synthetic,WCDS-0.1
FAC-LENDER_B-00000786,LENDER_B,LENDER_B-100786,,TERM_LOAN,MERCHANT_90D,NGN,5000000,5000000,5000000,2025-01-10,2025-01-10,2025-04-10,90,0.282485,FIXED,MONTHLY,1782756.34,WORKING_CAPITAL,HOSPITALITY,EQUITY_AND_WAREHOUSE,False,CLOSED,2026-08-21,0,0.0,0,CURRENT,False,,False,False,0,0,PTY-LENDER_B-00000786,ANON-LENDER_B-00000786,ORGANISATION,synthetic,WCDS-0.1
FAC-LENDER_B-00000787,LENDER_B,LENDER_B-100787,,TERM_LOAN,MERCHANT_90D,NGN,3000000,3000000,3000000,2025-08-11,2025-08-11,2025-11-09,90,0.249609,FIXED,MONTHLY,1061547.42,WORKING_CAPITAL,RETAIL,EQUITY_AND_WAREHOUSE,False,CLOSED,2026-08-21,0,0.0,0,CURRENT,False,,False,False,0,0,PTY-LENDER_B-00000787,ANON-LENDER_B-00000787,ORGANISATION,synthetic,WCDS-0.1
FAC-LENDER_B-00000788,LENDER_B,LENDER_B-100788,,TERM_LOAN,INVOICE_120D,NGN,500000,500000,500000,2025-01-10,2025-01-10,2025-05-10,120,0.222758,FIXED,MONTHLY,134154.43,WORKING_CAPITAL,HOSPITALITY,EQUITY_AND_WAREHOUSE,True,ACTIVE,2026-08-21,54166.67,55158.4,65,DPD_61_90,False,,False,False,0,0,PTY-LENDER_B-00000788,ANON-LENDER_B-00000788,ORGANISATION,synthetic,WCDS-0.1
FAC-LENDER_B-00000789,LENDER_B,LENDER_B-100789,,TERM_LOAN,INVOICE_120D,NGN,750000,750000,750000,2025-01-27,2025-01-27,2025-05-27,120,0.241236,FIXED,MONTHLY,202370.71,WORKING_CAPITAL,RETAIL,EQUITY_AND_WAREHOUSE,False,CLOSED,2026-08-21,0,0.0,0,CURRENT,False,,False,False,0,0,PTY-LENDER_B-00000789,ANON-LENDER_B-00000789,ORGANISATION,synthetic,WCDS-0.1
FAC-LENDER_B-00000790,LENDER_B,LENDER_B-100790,,TERM_LOAN,MERCHANT_90D,NGN,500000,500000,500000,2024-12-18,2024-12-18,2025-03-18,90,0.253572,FIXED,MONTHLY,177087.44,WORKING_CAPITAL,AGRICULTURE,EQUITY_AND_WAREHOUSE,True,CLOSED,2026-08-21,0,0.0,0,CURRENT,False,,False,False,0,0,PTY-LENDER_B-00000790,ANON-LENDER_B-00000790,ORGANISATION,synthetic,WCDS-0.1
FAC-LENDER_B-00000791,LENDER_B,LENDER_B-100791,,TERM_LOAN,MERCHANT_90D,NGN,750000,750000,750000,2026-04-12,2026-04-12,2026-07-11,90,0.339132,FIXED,MONTHLY,270905.37,WORKING_CAPITAL,AGRICULTURE,EQUITY_AND_WAREHOUSE,False,CLOSED,2026-08-21,0,0.0,0,CURRENT,False,,False,False,0,0,PTY-LENDER_B-00000791,ANON-LENDER_B-00000791,ORGANISATION,synthetic,WCDS-0.1
FAC-LENDER_B-00000792,LENDER_B,LENDER_B-100792,,TERM_LOAN,MERCHANT_90D,NGN,500000,500000,500000,2025-02-03,2025-02-03,2025-05-04,90,0.265032,FIXED,MONTHLY,177558.38,WORKING_CAPITAL,SERVICES,EQUITY_AND_WAREHOUSE,False,CLOSED,2026-08-21,0,0.0,0,CURRENT,False,,False,False,0,0,PTY-LENDER_B-00000792,ANON-LENDER_B-00000792,ORGANISATION,synthetic,WCDS-0.1
FAC-LENDER_B-00000793,LENDER_B,LENDER_B-100793,,TERM_LOAN,SME_WC_180D,NGN,1500000,1500000,1500000,2026-05-01,2026-05-01,2026-10-28,180,0.292866,FIXED,MONTHLY,286106.82,WORKING_CAPITAL,SERVICES,EQUITY_AND_WAREHOUSE,False,ACTIVE,2026-08-21,566666.67,566666.67,0,CURRENT,False,,False,False,0,0,PTY-LENDER_B-00000793,ANON-LENDER_B-00000793,ORGANISATION,synthetic,WCDS-0.1
FAC-LENDER_B-00000794,LENDER_B,LENDER_B-100794,,TERM_LOAN,SME_WC_180D,NGN,3000000,3000000,3000000,2025-01-19,2025-01-19,2025-07-18,180,0.312481,FIXED,MONTHLY,577050.14,WORKING_CAPITAL,AGRICULTURE,EQUITY_AND_WAREHOUSE,False,CLOSED,2026-08-21,0,0.0,0,CURRENT,False,,False,False,0,0,PTY-LENDER_B-00000794,ANON-LENDER_B-00000794,ORGANISATION,synthetic,WCDS-0.1
FAC-LENDER_B-00000795,LENDER_B,LENDER_B-100795,,TERM_LOAN,MERCHANT_90D,NGN,2000000,2000000,2000000,2026-03-04,2026-03-04,2026-06-02,90,0.24269,FIXED,MONTHLY,706560.9,WORKING_CAPITAL,LOGISTICS,EQUITY_AND_WAREHOUSE,True,CLOSED,2026-08-21,0,0.0,0,CURRENT,False,,False,False,0,0,PTY-LENDER_B-00000795,ANON-LENDER_B-00000795,ORGANISATION,synthetic,WCDS-0.1
FAC-LENDER_B-00000796,LENDER_B,LENDER_B-100796,,TERM_LOAN,MERCHANT_90D,NGN,1000000,1000000,1000000,2025-05-08,2025-05-08,2025-08-06,90,0.24452,FIXED,MONTHLY,353430.9,WORKING_CAPITAL,AGRICULTURE,EQUITY_AND_WAREHOUSE,False,CLOSED,2026-08-21,0,0.0,0,CURRENT,False,,False,False,0,0,PTY-LENDER_B-00000796,ANON-LENDER_B-00000796,ORGANISATION,synthetic,WCDS-0.1
FAC-LENDER_B-00000797,LENDER_B,LENDER_B-100797,,TERM_LOAN,MERCHANT_90D,NGN,3000000,3000000,3000000,2025-10-09,2025-10-09,2026-01-07,90,0.253452,FIXED,MONTHLY,1062494.89,WORKING_CAPITAL,HOSPITALITY,EQUITY_AND_WAREHOUSE,False,ACTIVE,2026-08-21,75000.0,75781.19,15,DPD_1_30,False,,False,False,0,0,PTY-LENDER_B-00000797,ANON-LENDER_B-00000797,ORGANISATION,synthetic,WCDS-0.1
FAC-LENDER_B-00000798,LENDER_B,LENDER_B-100798,,TERM_LOAN,MERCHANT_90D,NGN,7500000,7500000,7500000,2025-07-24,2025-07-24,2025-10-22,90,0.283182,FIXED,MONTHLY,2674564.4,WORKING_CAPITAL,SERVICES,EQUITY_AND_WAREHOUSE,True,CLOSED,2026-08-21,0,0.0,0,CURRENT,False,,False,False,0,0,PTY-LENDER_B-00000798,ANON-LENDER_B-00000798,ORGANISATION,synthetic,WCDS-0.1
FAC-LENDER_B-00000799,LENDER_B,LENDER_B-100799,,TERM_LOAN,MERCHANT_90D,NGN,1000000,1000000,1000000,2025-06-12,2025-06-12,2025-09-10,90,0.25751,FIXED,MONTHLY,354498.5,WORKING_CAPITAL,LOGISTICS,EQUITY_AND_WAREHOUSE,True,CLOSED,2026-08-21,0,0.0,0,CURRENT,False,,False,False,0,0,PTY-LENDER_B-00000799,ANON-LENDER_B-00000799,ORGANISATION,synthetic,WCDS-0.1
FAC-LENDER_B-00000800,LENDER_B,LENDER_B-100800,,TERM_LOAN,INVOICE_120D,NGN,10000000,10000000,10000000,2024-12-14,2024-12-14,2025-04-13,120,0.226614,FIXED,MONTHLY,2686258.09,WORKING_CAPITAL,HOSPITALITY,EQUITY_AND_WAREHOUSE,False,ACTIVE,2026-08-21,1083333.33,1103511.29,65,DPD_61_90,False,,False,False,0,0,PTY-LENDER_B-00000800,ANON-LENDER_B-00000800,ORGANISATION,synthetic,WCDS-0.1
FAC-LENDER_B-00000801,LENDER_B,LENDER_B-100801,,TERM_LOAN,INVOICE_120D,NGN,10000000,10000000,10000000,2025-05-09,2025-05-09,2025-09-06,120,0.21574,FIXED,MONTHLY,2677320.31,WORKING_CAPITAL,HOSPITALITY,EQUITY_AND_WAREHOUSE,False,CLOSED,2026-08-21,0,0.0,0,CURRENT,False,,False,False,0,0,PTY-LENDER_B-00000801,ANON-LENDER_B-00000801,ORGANISATION,synthetic,WCDS-0.1
FAC-LENDER_B-00000802,LENDER_B,LENDER_B-100802,,TERM_LOAN,SME_WC_180D,NGN,15000000,15000000,15000000,2026-07-22,2026-07-22,2027-01-18,180,0.299472,FIXED,MONTHLY,2869211.63,WORKING_CAPITAL,LOGISTICS,EQUITY_AND_WAREHOUSE,False,ACTIVE,2026-08-21,12500000.0,12500000.0,0,CURRENT,False,,False,False,0,0,PTY-LENDER_B-00000802,ANON-LENDER_B-00000802,ORGANISATION,synthetic,WCDS-0.1
FAC-LENDER_B-00000803,LENDER_B,LENDER_B-100803,,TERM_LOAN,MERCHANT_90D,NGN,15000000,15000000,15000000,2026-04-04,2026-04-04,2026-07-03,90,0.269553,FIXED,MONTHLY,5332326.14,WORKING_CAPITAL,RETAIL,EQUITY_AND_WAREHOUSE,False,ACTIVE,2026-08-21,1625000.0,1661002.0,65,DPD_61_90,False,,False,False,0,0,PTY-LENDER_B-00000803,ANON-LENDER_B-00000803,ORGANISATION,synthetic,WCDS-0.1
FAC-LENDER_B-00000804,LENDER_B,LENDER_B-100804,,TERM_LOAN,SME_WC_180D,NGN,5000000,5000000,5000000,2026-03-26,2026-03-26,2026-09-22,180,0.314956,FIXED,MONTHLY,962767.41,WORKING_CAPITAL,HOSPITALITY,EQUITY_AND_WAREHOUSE,False,ACTIVE,2026-08-21,888888.89,888888.89,0,CURRENT,False,,False,False,0,0,PTY-LENDER_B-00000804,ANON-LENDER_B-00000804,ORGANISATION,synthetic,WCDS-0.1
FAC-LENDER_B-00000805,LENDER_B,LENDER_B-100805,,TERM_LOAN,MERCHANT_90D,NGN,500000,500000,500000,2025-02-01,2025-02-01,2025-05-02,90,0.257979,FIXED,MONTHLY,177268.55,WORKING_CAPITAL,MANUFACTURING,EQUITY_AND_WAREHOUSE,False,ACTIVE,2026-08-21,29166.67,29785.11,35,DPD_31_60,False,,False,False,0,0,PTY-LENDER_B-00000805,ANON-LENDER_B-00000805,ORGANISATION,synthetic,WCDS-0.1
FAC-LENDER_B-00000806,LENDER_B,LENDER_B-100806,,TERM_LOAN,SME_WC_180D,NGN,2000000,2000000,2000000,2026-02-10,2026-02-10,2026-08-09,180,0.253911,FIXED,MONTHLY,375072.16,WORKING_CAPITAL,AGRICULTURE,EQUITY_AND_WAREHOUSE,False,CLOSED,2026-08-21,0,0.0,0,CURRENT,False,,False,False,0,0,PTY-LENDER_B-00000806,ANON-LENDER_B-00000806,ORGANISATION,synthetic,WCDS-0.1
FAC-LENDER_B-00000807,LENDER_B,LENDER_B-100807,,TERM_LOAN,MERCHANT_90D,NGN,750000,750000,750000,2025-05-16,2025-05-16,2025-08-14,90,0.289051,FIXED,MONTHLY,267818.2,WORKING_CAPITAL,MANUFACTURING,EQUITY_AND_WAREHOUSE,True,CLOSED,2026-08-21,0,0.0,0,CURRENT,False,,False,False,0,0,PTY-LENDER_B-00000807,ANON-LENDER_B-00000807,ORGANISATION,synthetic,WCDS-0.1
FAC-LENDER_B-00000808,LENDER_B,LENDER_B-100808,,TERM_LOAN,SME_WC_180D,NGN,7500000,7500000,7500000,2025-08-31,2025-08-31,2026-02-27,180,0.274673,FIXED,MONTHLY,1419318.74,WORKING_CAPITAL,LOGISTICS,EQUITY_AND_WAREHOUSE,False,CLOSED,2026-08-21,0,0.0,0,CURRENT,False,,False,False,0,0,PTY-LENDER_B-00000808,ANON-LENDER_B-00000808,ORGANISATION,synthetic,WCDS-0.1
FAC-LENDER_B-00000809,LENDER_B,LENDER_B-100809,,TERM_LOAN,INVOICE_120D,NGN,500000,500000,500000,2025-09-15,2025-09-15,2026-01-13,120,0.27753,FIXED,MONTHLY,136405.36,WORKING_CAPITAL,HOSPITALITY,EQUITY_AND_WAREHOUSE,True,CLOSED,2026-08-21,0,0.0,0,CURRENT,False,,False,False,0,0,PTY-LENDER_B-00000809,ANON-LENDER_B-00000809,ORGANISATION,synthetic,WCDS-0.1
FAC-LENDER_B-00000810,LENDER_B,LENDER_B-100810,,TERM_LOAN,INVOICE_120D,NGN,1500000,1500000,1500000,2026-05-03,2026-05-03,2026-08-31,120,0.208106,FIXED,MONTHLY,400656.94,WORKING_CAPITAL,SERVICES,EQUITY_AND_WAREHOUSE,False,ACTIVE,2026-08-21,125000.0,125000.0,0,CURRENT,False,,False,False,0,0,PTY-LENDER_B-00000810,ANON-LENDER_B-00000810,ORGANISATION,synthetic,WCDS-0.1
FAC-LENDER_B-00000811,LENDER_B,LENDER_B-100811,,TERM_LOAN,INVOICE_120D,NGN,15000000,15000000,15000000,2025-08-15,2025-08-15,2025-12-13,120,0.205725,FIXED,MONTHLY,4003633.26,WORKING_CAPITAL,RETAIL,EQUITY_AND_WAREHOUSE,False,CLOSED,2026-08-21,0,0.0,0,CURRENT,False,,False,False,0,0,PTY-LENDER_B-00000811,ANON-LENDER_B-00000811,ORGANISATION,synthetic,WCDS-0.1
FAC-LENDER_B-00000812,LENDER_B,LENDER_B-100812,,TERM_LOAN,SME_WC_180D,NGN,2000000,2000000,2000000,2025-01-30,2025-01-30,2025-07-29,180,0.299469,FIXED,MONTHLY,382561.11,WORKING_CAPITAL,AGRICULTURE,EQUITY_AND_WAREHOUSE,True,ACTIVE,2026-08-21,50000.0,50615.35,15,DPD_1_30,False,,False,False,0,0,PTY-LENDER_B-00000812,ANON-LENDER_B-00000812,ORGANISATION,synthetic,WCDS-0.1
FAC-LENDER_B-00000813,LENDER_B,LENDER_B-100813,,TERM_LOAN,SME_WC_180D,NGN,10000000,10000000,10000000,2025-10-20,2025-10-20,2026-04-18,180,0.277639,FIXED,MONTHLY,1894862.69,WORKING_CAPITAL,RETAIL,EQUITY_AND_WAREHOUSE,True,CLOSED,2026-08-21,0,0.0,0,CURRENT,False,,False,False,0,0,PTY-LENDER_B-00000813,ANON-LENDER_B-00000813,ORGANISATION,synthetic,WCDS-0.1
FAC-LENDER_B-00000814,LENDER_B,LENDER_B-100814,,TERM_LOAN,INVOICE_120D,NGN,5000000,5000000,5000000,2026-06-22,2026-06-22,2026-10-20,120,0.246887,FIXED,MONTHLY,1351460.59,WORKING_CAPITAL,SERVICES,EQUITY_AND_WAREHOUSE,True,ACTIVE,2026-08-21,2500000.0,2500000.0,0,CURRENT,False,,False,False,0,0,PTY-LENDER_B-00000814,ANON-LENDER_B-00000814,ORGANISATION,synthetic,WCDS-0.1
FAC-LENDER_B-00000815,LENDER_B,LENDER_B-100815,,TERM_LOAN,SME_WC_180D,NGN,750000,750000,750000,2025-11-03,2025-11-03,2026-05-02,180,0.244561,FIXED,MONTHLY,140075.7,WORKING_CAPITAL,AGRICULTURE,EQUITY_AND_WAREHOUSE,False,CLOSED,2026-08-21,0,0.0,0,CURRENT,False,,False,False,0,0,PTY-LENDER_B-00000815,ANON-LENDER_B-00000815,ORGANISATION,synthetic,WCDS-0.1
FAC-LENDER_B-00000816,LENDER_B,LENDER_B-100816,,TERM_LOAN,MERCHANT_90D,NGN,2000000,2000000,2000000,2025-09-16,2025-09-16,2025-12-15,90,0.280518,FIXED,MONTHLY,712779.27,WORKING_CAPITAL,MANUFACTURING,EQUITY_AND_WAREHOUSE,True,CLOSED,2026-08-21,0,0.0,0,CURRENT,False,,False,False,0,0,PTY-LENDER_B-00000816,ANON-LENDER_B-00000816,ORGANISATION,synthetic,WCDS-0.1
FAC-LENDER_B-00000817,LENDER_B,LENDER_B-100817,,TERM_LOAN,INVOICE_120D,NGN,5000000,5000000,5000000,2026-07-02,2026-07-02,2026-10-30,120,0.217024,FIXED,MONTHLY,1339187.77,WORKING_CAPITAL,HOSPITALITY,EQUITY_AND_WAREHOUSE,True,ACTIVE,2026-08-21,2916666.67,2916666.67,0,CURRENT,False,,False,False,0,0,PTY-LENDER_B-00000817,ANON-LENDER_B-00000817,ORGANISATION,synthetic,WCDS-0.1
FAC-LENDER_B-00000818,LENDER_B,LENDER_B-100818,,TERM_LOAN,INVOICE_120D,NGN,10000000,10000000,10000000,2026-07-25,2026-07-25,2026-11-22,120,0.241018,FIXED,MONTHLY,2698097.27,WORKING_CAPITAL,SERVICES,EQUITY_AND_WAREHOUSE,False,ACTIVE,2026-08-21,7866666.67,7903028.52,7,DPD_1_30,False,,False,False,0,0,PTY-LENDER_B-00000818,ANON-LENDER_B-00000818,ORGANISATION,synthetic,WCDS-0.1
FAC-LENDER_B-00000819,LENDER_B,LENDER_B-100819,,TERM_LOAN,INVOICE_120D,NGN,1000000,1000000,1000000,2025-11-10,2025-11-10,2026-03-10,120,0.285616,FIXED,MONTHLY,273475.26,WORKING_CAPITAL,LOGISTICS,EQUITY_AND_WAREHOUSE,True,ACTIVE,2026-08-21,25000.0,25293.44,15,DPD_1_30,False,,False,False,0,0,PTY-LENDER_B-00000819,ANON-LENDER_B-00000819,ORGANISATION,synthetic,WCDS-0.1
FAC-LENDER_B-00000820,LENDER_B,LENDER_B-100820,,TERM_LOAN,INVOICE_120D,NGN,750000,750000,750000,2026-08-06,2026-08-06,2026-12-04,120,0.225282,FIXED,MONTHLY,201387.22,WORKING_CAPITAL,MANUFACTURING,EQUITY_AND_WAREHOUSE,False,ACTIVE,2026-08-21,656250.0,656250.0,0,CURRENT,False,,False,False,0,0,PTY-LENDER_B-00000820,ANON-LENDER_B-00000820,ORGANISATION,synthetic,WCDS-0.1
FAC-LENDER_B-00000821,LENDER_B,LENDER_B-100821,,TERM_LOAN,INVOICE_120D,NGN,7500000,7500000,7500000,2025-11-30,2025-11-30,2026-03-30,120,0.264378,FIXED,MONTHLY,2037972.58,WORKING_CAPITAL,SERVICES,EQUITY_AND_WAREHOUSE,False,CLOSED,2026-08-21,0,0.0,0,CURRENT,False,,False,False,0,0,PTY-LENDER_B-00000821,ANON-LENDER_B-00000821,ORGANISATION,synthetic,WCDS-0.1
FAC-LENDER_B-00000822,LENDER_B,LENDER_B-100822,,TERM_LOAN,MERCHANT_90D,NGN,5000000,5000000,5000000,2026-06-05,2026-06-05,2026-09-03,90,0.277809,FIXED,MONTHLY,1780834.66,WORKING_CAPITAL,AGRICULTURE,EQUITY_AND_WAREHOUSE,True,ACTIVE,2026-08-21,722222.22,722222.22,0,CURRENT,False,,False,False,0,0,PTY-LENDER_B-00000822,ANON-LENDER_B-00000822,ORGANISATION,synthetic,WCDS-0.1
FAC-LENDER_B-00000823,LENDER_B,LENDER_B-100823,,TERM_LOAN,INVOICE_120D,NGN,15000000,15000000,15000000,2025-10-01,2025-10-01,2026-01-29,120,0.272599,FIXED,MONTHLY,4086080.91,WORKING_CAPITAL,HOSPITALITY,EQUITY_AND_WAREHOUSE,False,CLOSED,2026-08-21,0,0.0,0,CURRENT,False,,False,False,0,0,PTY-LENDER_B-00000823,ANON-LENDER_B-00000823,ORGANISATION,synthetic,WCDS-0.1
FAC-LENDER_B-00000824,LENDER_B,LENDER_B-100824,,TERM_LOAN,INVOICE_120D,NGN,1000000,1000000,1000000,2025-02-16,2025-02-16,2025-06-16,120,0.24198,FIXED,MONTHLY,269888.76,WORKING_CAPITAL,AGRICULTURE,EQUITY_AND_WAREHOUSE,False,CLOSED,2026-08-21,0,0.0,0,CURRENT,False,,False,False,0,0,PTY-LENDER_B-00000824,ANON-LENDER_B-00000824,ORGANISATION,synthetic,WCDS-0.1
FAC-LENDER_B-00000825,LENDER_B,LENDER_B-100825,,TERM_LOAN,SME_WC_180D,NGN,500000,500000,500000,2025-07-08,2025-07-08,2026-01-04,180,0.316077,FIXED,MONTHLY,96322.81,WORKING_CAPITAL,SERVICES,EQUITY_AND_WAREHOUSE,True,CLOSED,2026-08-21,0,0.0,0,CURRENT,False,,False,False,0,0,PTY-LENDER_B-00000825,ANON-LENDER_B-00000825,ORGANISATION,synthetic,WCDS-0.1
FAC-LENDER_B-00000826,LENDER_B,LENDER_B-100826,,TERM_LOAN,MERCHANT_90D,NGN,1000000,1000000,1000000,2025-07-30,2025-07-30,2025-10-28,90,0.334614,FIXED,MONTHLY,360835.87,WORKING_CAPITAL,SERVICES,EQUITY_AND_WAREHOUSE,False,CLOSED,2026-08-21,0,0.0,0,CURRENT,False,,False,False,0,0,PTY-LENDER_B-00000826,ANON-LENDER_B-00000826,ORGANISATION,synthetic,WCDS-0.1
FAC-LENDER_B-00000827,LENDER_B,LENDER_B-100827,,TERM_LOAN,INVOICE_120D,NGN,500000,500000,500000,2025-07-21,2025-07-21,2025-11-18,120,0.295922,FIXED,MONTHLY,137161.17,WORKING_CAPITAL,HOSPITALITY,EQUITY_AND_WAREHOUSE,True,CLOSED,2026-08-21,0,0.0,0,CURRENT,False,,False,False,0,0,PTY-LENDER_B-00000827,ANON-LENDER_B-00000827,ORGANISATION,synthetic,WCDS-0.1
FAC-LENDER_B-00000828,LENDER_B,LENDER_B-100828,,TERM_LOAN,INVOICE_120D,NGN,10000000,10000000,10000000,2026-04-22,2026-04-22,2026-08-20,120,0.251298,FIXED,MONTHLY,2706546.31,WORKING_CAPITAL,RETAIL,EQUITY_AND_WAREHOUSE,False,CLOSED,2026-08-21,0,0.0,0,CURRENT,False,,False,False,0,0,PTY-LENDER_B-00000828,ANON-LENDER_B-00000828,ORGANISATION,synthetic,WCDS-0.1
FAC-LENDER_B-00000829,LENDER_B,LENDER_B-100829,,TERM_LOAN,SME_WC_180D,NGN,3000000,3000000,3000000,2025-04-22,2025-04-22,2025-10-19,180,0.270097,FIXED,MONTHLY,566599.26,WORKING_CAPITAL,HOSPITALITY,EQUITY_AND_WAREHOUSE,False,CLOSED,2026-08-21,0,0.0,0,CURRENT,False,,False,False,0,0,PTY-LENDER_B-00000829,ANON-LENDER_B-00000829,ORGANISATION,synthetic,WCDS-0.1
FAC-LENDER_B-00000830,LENDER_B,LENDER_B-100830,,TERM_LOAN,SME_WC_180D,NGN,500000,500000,500000,2026-01-02,2026-01-02,2026-07-01,180,0.287368,FIXED,MONTHLY,95142.97,WORKING_CAPITAL,AGRICULTURE,EQUITY_AND_WAREHOUSE,True,CLOSED,2026-08-21,0,0.0,0,CURRENT,False,,False,False,0,0,PTY-LENDER_B-00000830,ANON-LENDER_B-00000830,ORGANISATION,synthetic,WCDS-0.1
FAC-LENDER_B-00000831,LENDER_B,LENDER_B-100831,,TERM_LOAN,SME_WC_180D,NGN,15000000,15000000,15000000,2026-04-08,2026-04-08,2026-10-05,180,0.255506,FIXED,MONTHLY,2815007.82,WORKING_CAPITAL,AGRICULTURE,EQUITY_AND_WAREHOUSE,False,ACTIVE,2026-08-21,3750000.0,3750000.0,0,CURRENT,False,,False,False,0,0,PTY-LENDER_B-00000831,ANON-LENDER_B-00000831,ORGANISATION,synthetic,WCDS-0.1
FAC-LENDER_B-00000832,LENDER_B,LENDER_B-100832,,TERM_LOAN,MERCHANT_90D,NGN,15000000,15000000,15000000,2026-04-07,2026-04-07,2026-07-06,90,0.262188,FIXED,MONTHLY,5323245.33,WORKING_CAPITAL,SERVICES,EQUITY_AND_WAREHOUSE,False,CLOSED,2026-08-21,0,0.0,0,CURRENT,False,,False,False,0,0,PTY-LENDER_B-00000832,ANON-LENDER_B-00000832,ORGANISATION,synthetic,WCDS-0.1
FAC-LENDER_B-00000833,LENDER_B,LENDER_B-100833,,TERM_LOAN,INVOICE_120D,NGN,1500000,1500000,1500000,2025-06-23,2025-06-23,2025-10-21,120,0.259332,FIXED,MONTHLY,406972.41,WORKING_CAPITAL,SERVICES,EQUITY_AND_WAREHOUSE,True,CLOSED,2026-08-21,0,0.0,0,CURRENT,False,,False,False,0,0,PTY-LENDER_B-00000833,ANON-LENDER_B-00000833,ORGANISATION,synthetic,WCDS-0.1
FAC-LENDER_B-00000834,LENDER_B,LENDER_B-100834,,TERM_LOAN,MERCHANT_90D,NGN,750000,750000,750000,2025-03-12,2025-03-12,2025-06-10,90,0.339944,FIXED,MONTHLY,270955.47,WORKING_CAPITAL,RETAIL,EQUITY_AND_WAREHOUSE,False,CLOSED,2026-08-21,0,0.0,0,CURRENT,False,,False,False,0,0,PTY-LENDER_B-00000834,ANON-LENDER_B-00000834,ORGANISATION,synthetic,WCDS-0.1
FAC-LENDER_B-00000835,LENDER_B,LENDER_B-100835,,TERM_LOAN,INVOICE_120D,NGN,5000000,5000000,5000000,2025-02-20,2025-02-20,2025-06-20,120,0.209531,FIXED,MONTHLY,1336108.54,WORKING_CAPITAL,MANUFACTURING,EQUITY_AND_WAREHOUSE,False,ACTIVE,2026-08-21,541666.67,550995.09,65,DPD_61_90,False,,True,False,0,0,PTY-LENDER_B-00000835,ANON-LENDER_B-00000835,ORGANISATION,synthetic,WCDS-0.1
FAC-LENDER_B-00000836,LENDER_B,LENDER_B-100836,,TERM_LOAN,MERCHANT_90D,NGN,15000000,15000000,15000000,2025-06-13,2025-06-13,2025-09-11,90,0.258483,FIXED,MONTHLY,5318677.52,WORKING_CAPITAL,RETAIL,EQUITY_AND_WAREHOUSE,True,CLOSED,2026-08-21,0,0.0,0,CURRENT,False,,False,False,0,0,PTY-LENDER_B-00000836,ANON-LENDER_B-00000836,ORGANISATION,synthetic,WCDS-0.1
FAC-LENDER_B-00000837,LENDER_B,LENDER_B-100837,,TERM_LOAN,MERCHANT_90D,NGN,5000000,5000000,5000000,2025-03-20,2025-03-20,2025-06-18,90,0.252791,FIXED,MONTHLY,1770553.26,WORKING_CAPITAL,AGRICULTURE,EQUITY_AND_WAREHOUSE,False,CLOSED,2026-08-21,0,0.0,0,CURRENT,False,,False,False,0,0,PTY-LENDER_B-00000837,ANON-LENDER_B-00000837,ORGANISATION,synthetic,WCDS-0.1
FAC-LENDER_B-00000838,LENDER_B,LENDER_B-100838,,TERM_LOAN,INVOICE_120D,NGN,5000000,5000000,5000000,2026-01-05,2026-01-05,2026-05-05,120,0.21197,FIXED,MONTHLY,1337111.0,WORKING_CAPITAL,RETAIL,EQUITY_AND_WAREHOUSE,False,CLOSED,2026-08-21,0,0.0,0,CURRENT,False,,False,False,0,0,PTY-LENDER_B-00000838,ANON-LENDER_B-00000838,ORGANISATION,synthetic,WCDS-0.1
FAC-LENDER_B-00000839,LENDER_B,LENDER_B-100839,,TERM_LOAN,MERCHANT_90D,NGN,2000000,2000000,2000000,2026-04-07,2026-04-07,2026-07-06,90,0.300974,FIXED,MONTHLY,716141.89,WORKING_CAPITAL,MANUFACTURING,EQUITY_AND_WAREHOUSE,True,ACTIVE,2026-08-21,116666.67,119552.72,35,DPD_31_60,False,,False,False,0,0,PTY-LENDER_B-00000839,ANON-LENDER_B-00000839,ORGANISATION,synthetic,WCDS-0.1
FAC-LENDER_B-00000840,LENDER_B,LENDER_B-100840,,TERM_LOAN,MERCHANT_90D,NGN,5000000,5000000,5000000,2026-07-15,2026-07-15,2026-10-13,90,0.297503,FIXED,MONTHLY,1788928.1,WORKING_CAPITAL,MANUFACTURING,EQUITY_AND_WAREHOUSE,False,ACTIVE,2026-08-21,2944444.44,2944444.44,0,CURRENT,False,,False,False,0,0,PTY-LENDER_B-00000840,ANON-LENDER_B-00000840,ORGANISATION,synthetic,WCDS-0.1
FAC-LENDER_B-00000841,LENDER_B,LENDER_B-100841,,TERM_LOAN,INVOICE_120D,NGN,1000000,1000000,1000000,2025-03-12,2025-03-12,2025-07-10,120,0.21706,FIXED,MONTHLY,267840.55,WORKING_CAPITAL,LOGISTICS,EQUITY_AND_WAREHOUSE,False,CLOSED,2026-08-21,0,0.0,0,CURRENT,False,,False,False,0,0,PTY-LENDER_B-00000841,ANON-LENDER_B-00000841,ORGANISATION,synthetic,WCDS-0.1
FAC-LENDER_B-00000842,LENDER_B,LENDER_B-100842,,TERM_LOAN,MERCHANT_90D,NGN,750000,750000,750000,2025-10-14,2025-10-14,2026-01-12,90,0.264014,FIXED,MONTHLY,266274.85,WORKING_CAPITAL,AGRICULTURE,EQUITY_AND_WAREHOUSE,False,CLOSED,2026-08-21,0,0.0,0,CURRENT,False,,False,False,0,0,PTY-LENDER_B-00000842,ANON-LENDER_B-00000842,ORGANISATION,synthetic,WCDS-0.1
FAC-LENDER_B-00000843,LENDER_B,LENDER_B-100843,,TERM_LOAN,SME_WC_180D,NGN,500000,500000,500000,2025-07-03,2025-07-03,2025-12-30,180,0.314067,FIXED,MONTHLY,96240.19,WORKING_CAPITAL,AGRICULTURE,EQUITY_AND_WAREHOUSE,True,CLOSED,2026-08-21,0,0.0,0,CURRENT,False,,False,False,0,0,PTY-LENDER_B-00000843,ANON-LENDER_B-00000843,ORGANISATION,synthetic,WCDS-0.1
FAC-LENDER_B-00000844,LENDER_B,LENDER_B-100844,,TERM_LOAN,MERCHANT_90D,NGN,750000,750000,750000,2026-07-24,2026-07-24,2026-10-22,90,0.336629,FIXED,MONTHLY,270751.09,WORKING_CAPITAL,HOSPITALITY,EQUITY_AND_WAREHOUSE,True,DEFAULTED,2026-08-21,629166.67,646574.53,95,DPD_90_PLUS,True,2026-08-16,False,False,0,0,PTY-LENDER_B-00000844,ANON-LENDER_B-00000844,ORGANISATION,synthetic,WCDS-0.1
FAC-LENDER_B-00000845,LENDER_B,LENDER_B-100845,,TERM_LOAN,SME_WC_180D,NGN,5000000,5000000,5000000,2026-05-13,2026-05-13,2026-11-09,180,0.225539,FIXED,MONTHLY,926020.49,WORKING_CAPITAL,SERVICES,EQUITY_AND_WAREHOUSE,False,ACTIVE,2026-08-21,2347222.22,2368977.96,15,DPD_1_30,False,,False,False,0,0,PTY-LENDER_B-00000845,ANON-LENDER_B-00000845,ORGANISATION,synthetic,WCDS-0.1
FAC-LENDER_B-00000846,LENDER_B,LENDER_B-100846,,TERM_LOAN,MERCHANT_90D,NGN,3000000,3000000,3000000,2026-02-13,2026-02-13,2026-05-14,90,0.316274,FIXED,MONTHLY,1077985.28,WORKING_CAPITAL,HOSPITALITY,EQUITY_AND_WAREHOUSE,True,ACTIVE,2026-08-21,35000.0,35212.29,7,DPD_1_30,False,,False,False,0,0,PTY-LENDER_B-00000846,ANON-LENDER_B-00000846,ORGANISATION,synthetic,WCDS-0.1
FAC-LENDER_B-00000847,LENDER_B,LENDER_B-100847,,TERM_LOAN,SME_WC_180D,NGN,10000000,10000000,10000000,2025-01-03,2025-01-03,2025-07-02,180,0.254053,FIXED,MONTHLY,1875477.63,WORKING_CAPITAL,MANUFACTURING,EQUITY_AND_WAREHOUSE,True,CLOSED,2026-08-21,0,0.0,0,CURRENT,False,,False,False,0,0,PTY-LENDER_B-00000847,ANON-LENDER_B-00000847,ORGANISATION,synthetic,WCDS-0.1
FAC-LENDER_B-00000848,LENDER_B,LENDER_B-100848,,TERM_LOAN,INVOICE_120D,NGN,1000000,1000000,1000000,2025-02-20,2025-02-20,2025-06-20,120,0.276305,FIXED,MONTHLY,272710.02,WORKING_CAPITAL,MANUFACTURING,EQUITY_AND_WAREHOUSE,True,ACTIVE,2026-08-21,25000.0,25283.88,15,DPD_1_30,False,,False,False,0,0,PTY-LENDER_B-00000848,ANON-LENDER_B-00000848,ORGANISATION,synthetic,WCDS-0.1
FAC-LENDER_B-00000849,LENDER_B,LENDER_B-100849,,TERM_LOAN,SME_WC_180D,NGN,10000000,10000000,10000000,2025-05-10,2025-05-10,2025-11-06,180,0.316313,FIXED,MONTHLY,1926649.88,WORKING_CAPITAL,RETAIL,EQUITY_AND_WAREHOUSE,False,ACTIVE,2026-08-21,250000.0,253249.79,15,DPD_1_30,False,,False,False,0,0,PTY-LENDER_B-00000849,ANON-LENDER_B-00000849,ORGANISATION,synthetic,WCDS-0.1
FAC-LENDER_B-00000850,LENDER_B,LENDER_B-100850,,TERM_LOAN,INVOICE_120D,NGN,10000000,10000000,10000000,2026-01-06,2026-01-06,2026-05-06,120,0.286283,FIXED,MONTHLY,2735301.4,WORKING_CAPITAL,LOGISTICS,EQUITY_AND_WAREHOUSE,True,CLOSED,2026-08-21,0,0.0,0,CURRENT,False,,False,False,0,0,PTY-LENDER_B-00000850,ANON-LENDER_B-00000850,ORGANISATION,synthetic,WCDS-0.1
